uid,Id,Capacity,day,simulated_fill_level
0,O5AHDP,1.100L,0,51.0
0,O5AHDP,1.100L,-1,41.83401934754017
0,O5AHDP,1.100L,-2,35.688394543229435
0,O5AHDP,1.100L,-3,29.874622032856845
0,O5AHDP,1.100L,-4,22.558104648882452
0,O5AHDP,1.100L,-5,15.604449470663967
0,O5AHDP,1.100L,-6,8.08307672048301
0,O5AHDP,1.100L,-7,0.0
0,O5AHDP,1.100L,-8,0.0
0,O5AHDP,1.100L,-9,0.0
0,O5AHDP,1.100L,-10,0.0
0,O5AHDP,1.100L,-11,0.0
0,O5AHDP,1.100L,-12,0.0
0,O5AHDP,1.100L,-13,0.0
0,O5AHDP,1.100L,-14,0.0
0,O5AHDP,1.100L,-15,0.0
0,O5AHDP,1.100L,-16,0.0
0,O5AHDP,1.100L,-17,0.0
0,O5AHDP,1.100L,-18,0.0
0,O5AHDP,1.100L,-19,0.0
0,O5AHDP,1.100L,-20,0.0
0,O5AHDP,1.100L,-21,0.0
0,O5AHDP,1.100L,-22,0.0
0,O5AHDP,1.100L,-23,0.0
0,O5AHDP,1.100L,-24,0.0
0,O5AHDP,1.100L,-25,0.0
0,O5AHDP,1.100L,-26,0.0
0,O5AHDP,1.100L,-27,0.0
0,O5AHDP,1.100L,-28,0.0
0,O5AHDP,1.100L,-29,0.0
1,O5AHDP,1.100L,0,92.0
1,O5AHDP,1.100L,-1,84.41559401722608
1,O5AHDP,1.100L,-2,75.01976379532545
1,O5AHDP,1.100L,-3,67.62107146474747
1,O5AHDP,1.100L,-4,55.906427826923874
1,O5AHDP,1.100L,-5,51.301664889457015
1,O5AHDP,1.100L,-6,45.82731011964542
1,O5AHDP,1.100L,-7,35.929768325041046
1,O5AHDP,1.100L,-8,24.824172539962518
1,O5AHDP,1.100L,-9,15.85748777352826
1,O5AHDP,1.100L,-10,9.057498958385882
1,O5AHDP,1.100L,-11,1.5895884509182983
1,O5AHDP,1.100L,-12,0.0
1,O5AHDP,1.100L,-13,0.0
1,O5AHDP,1.100L,-14,0.0
1,O5AHDP,1.100L,-15,0.0
1,O5AHDP,1.100L,-16,0.0
1,O5AHDP,1.100L,-17,0.0
1,O5AHDP,1.100L,-18,0.0
1,O5AHDP,1.100L,-19,0.0
1,O5AHDP,1.100L,-20,0.0
1,O5AHDP,1.100L,-21,0.0
1,O5AHDP,1.100L,-22,0.0
1,O5AHDP,1.100L,-23,0.0
1,O5AHDP,1.100L,-24,0.0
1,O5AHDP,1.100L,-25,0.0
1,O5AHDP,1.100L,-26,0.0
1,O5AHDP,1.100L,-27,0.0
1,O5AHDP,1.100L,-28,0.0
1,O5AHDP,1.100L,-29,0.0
2,NH7XHL,1.100L,0,14.0
2,NH7XHL,1.100L,-1,4.510252300325641
2,NH7XHL,1.100L,-2,0.0
2,NH7XHL,1.100L,-3,0.0
2,NH7XHL,1.100L,-4,0.0
2,NH7XHL,1.100L,-5,0.0
2,NH7XHL,1.100L,-6,0.0
2,NH7XHL,1.100L,-7,0.0
2,NH7XHL,1.100L,-8,0.0
2,NH7XHL,1.100L,-9,0.0
2,NH7XHL,1.100L,-10,0.0
2,NH7XHL,1.100L,-11,0.0
2,NH7XHL,1.100L,-12,0.0
2,NH7XHL,1.100L,-13,0.0
2,NH7XHL,1.100L,-14,0.0
2,NH7XHL,1.100L,-15,0.0
2,NH7XHL,1.100L,-16,0.0
2,NH7XHL,1.100L,-17,0.0
2,NH7XHL,1.100L,-18,0.0
2,NH7XHL,1.100L,-19,0.0
2,NH7XHL,1.100L,-20,0.0
2,NH7XHL,1.100L,-21,0.0
2,NH7XHL,1.100L,-22,0.0
2,NH7XHL,1.100L,-23,0.0
2,NH7XHL,1.100L,-24,0.0
2,NH7XHL,1.100L,-25,0.0
2,NH7XHL,1.100L,-26,0.0
2,NH7XHL,1.100L,-27,0.0
2,NH7XHL,1.100L,-28,0.0
2,NH7XHL,1.100L,-29,0.0
3,HPDZUE,1.100L,0,71.0
3,HPDZUE,1.100L,-1,66.48904633548997
3,HPDZUE,1.100L,-2,60.181963883359835
3,HPDZUE,1.100L,-3,55.41627782575827
3,HPDZUE,1.100L,-4,49.27264117228135
3,HPDZUE,1.100L,-5,38.67977804297172
3,HPDZUE,1.100L,-6,31.173684602281384
3,HPDZUE,1.100L,-7,22.79294235935205
3,HPDZUE,1.100L,-8,16.64630960661117
3,HPDZUE,1.100L,-9,9.15200024824031
3,HPDZUE,1.100L,-10,0.0
3,HPDZUE,1.100L,-11,0.0
3,HPDZUE,1.100L,-12,0.0
3,HPDZUE,1.100L,-13,0.0
3,HPDZUE,1.100L,-14,0.0
3,HPDZUE,1.100L,-15,0.0
3,HPDZUE,1.100L,-16,0.0
3,HPDZUE,1.100L,-17,0.0
3,HPDZUE,1.100L,-18,0.0
3,HPDZUE,1.100L,-19,0.0
3,HPDZUE,1.100L,-20,0.0
3,HPDZUE,1.100L,-21,0.0
3,HPDZUE,1.100L,-22,0.0
3,HPDZUE,1.100L,-23,0.0
3,HPDZUE,1.100L,-24,0.0
3,HPDZUE,1.100L,-25,0.0
3,HPDZUE,1.100L,-26,0.0
3,HPDZUE,1.100L,-27,0.0
3,HPDZUE,1.100L,-28,0.0
3,HPDZUE,1.100L,-29,0.0
4,BNY3U5,120L,0,60.0
4,BNY3U5,120L,-1,55.02859021337074
4,BNY3U5,120L,-2,49.67467979217149
4,BNY3U5,120L,-3,47.296687088088966
4,BNY3U5,120L,-4,42.35775485486662
4,BNY3U5,120L,-5,37.60029846035812
4,BNY3U5,120L,-6,33.85058437288199
4,BNY3U5,120L,-7,29.971369712126165
4,BNY3U5,120L,-8,25.579649513991885
4,BNY3U5,120L,-9,18.500110702123763
4,BNY3U5,120L,-10,14.26356773332168
4,BNY3U5,120L,-11,9.832386573060697
4,BNY3U5,120L,-12,4.763430921804183
4,BNY3U5,120L,-13,0.27781478010235117
4,BNY3U5,120L,-14,0.0
4,BNY3U5,120L,-15,0.4285087725828709
4,BNY3U5,120L,-16,0.0
4,BNY3U5,120L,-17,0.0
4,BNY3U5,120L,-18,0.0
4,BNY3U5,120L,-19,0.0
4,BNY3U5,120L,-20,0.0
4,BNY3U5,120L,-21,0.0
4,BNY3U5,120L,-22,0.0
4,BNY3U5,120L,-23,0.0
4,BNY3U5,120L,-24,0.0
4,BNY3U5,120L,-25,0.0
4,BNY3U5,120L,-26,0.0
4,BNY3U5,120L,-27,0.0
4,BNY3U5,120L,-28,0.0
4,BNY3U5,120L,-29,0.0
5,J4LA,120L,0,20.0
5,J4LA,120L,-1,19.51450603875545
5,J4LA,120L,-2,13.097244701685163
5,J4LA,120L,-3,8.638011996851624
5,J4LA,120L,-4,6.75709927144813
5,J4LA,120L,-5,5.606082952858851
5,J4LA,120L,-6,1.570008462439704
5,J4LA,120L,-7,0.0
5,J4LA,120L,-8,0.0
5,J4LA,120L,-9,0.0
5,J4LA,120L,-10,0.0
5,J4LA,120L,-11,0.0
5,J4LA,120L,-12,0.0
5,J4LA,120L,-13,0.0
5,J4LA,120L,-14,0.0
5,J4LA,120L,-15,0.0
5,J4LA,120L,-16,0.0
5,J4LA,120L,-17,0.0
5,J4LA,120L,-18,0.0
5,J4LA,120L,-19,0.0
5,J4LA,120L,-20,0.0
5,J4LA,120L,-21,0.0
5,J4LA,120L,-22,0.0
5,J4LA,120L,-23,0.0
5,J4LA,120L,-24,0.0
5,J4LA,120L,-25,0.0
5,J4LA,120L,-26,0.0
5,J4LA,120L,-27,0.0
5,J4LA,120L,-28,0.0
5,J4LA,120L,-29,0.0
6,HLQKX5,1.100L,0,82.0
6,HLQKX5,1.100L,-1,71.97191140089014
6,HLQKX5,1.100L,-2,61.25202150832435
6,HLQKX5,1.100L,-3,54.31806938033407
6,HLQKX5,1.100L,-4,48.12212791624117
6,HLQKX5,1.100L,-5,42.756669212116776
6,HLQKX5,1.100L,-6,31.95218039054577
6,HLQKX5,1.100L,-7,21.7371443485045
6,HLQKX5,1.100L,-8,13.525803249840848
6,HLQKX5,1.100L,-9,5.296042480551957
6,HLQKX5,1.100L,-10,0.03349399190592095
6,HLQKX5,1.100L,-11,0.0
6,HLQKX5,1.100L,-12,0.0
6,HLQKX5,1.100L,-13,0.0
6,HLQKX5,1.100L,-14,0.0
6,HLQKX5,1.100L,-15,0.0
6,HLQKX5,1.100L,-16,0.0
6,HLQKX5,1.100L,-17,0.0
6,HLQKX5,1.100L,-18,0.0
6,HLQKX5,1.100L,-19,0.0
6,HLQKX5,1.100L,-20,0.0
6,HLQKX5,1.100L,-21,0.0
6,HLQKX5,1.100L,-22,0.0
6,HLQKX5,1.100L,-23,0.0
6,HLQKX5,1.100L,-24,0.0
6,HLQKX5,1.100L,-25,0.0
6,HLQKX5,1.100L,-26,0.0
6,HLQKX5,1.100L,-27,0.0
6,HLQKX5,1.100L,-28,0.0
6,HLQKX5,1.100L,-29,0.0
7,MO25A3,1.100L,0,86.0
7,MO25A3,1.100L,-1,77.98913449022726
7,MO25A3,1.100L,-2,68.82362663527364
7,MO25A3,1.100L,-3,63.10334482466778
7,MO25A3,1.100L,-4,54.59968967353112
7,MO25A3,1.100L,-5,47.583622972046626
7,MO25A3,1.100L,-6,40.23751230274094
7,MO25A3,1.100L,-7,30.79151645735983
7,MO25A3,1.100L,-8,19.587832234360015
7,MO25A3,1.100L,-9,10.876366843740172
7,MO25A3,1.100L,-10,3.2503866783188524
7,MO25A3,1.100L,-11,0.0
7,MO25A3,1.100L,-12,0.0
7,MO25A3,1.100L,-13,0.0
7,MO25A3,1.100L,-14,0.0
7,MO25A3,1.100L,-15,0.0
7,MO25A3,1.100L,-16,0.0
7,MO25A3,1.100L,-17,0.0
7,MO25A3,1.100L,-18,0.0
7,MO25A3,1.100L,-19,0.0
7,MO25A3,1.100L,-20,0.0
7,MO25A3,1.100L,-21,0.0
7,MO25A3,1.100L,-22,0.0
7,MO25A3,1.100L,-23,0.0
7,MO25A3,1.100L,-24,0.0
7,MO25A3,1.100L,-25,0.0
7,MO25A3,1.100L,-26,0.0
7,MO25A3,1.100L,-27,0.0
7,MO25A3,1.100L,-28,0.0
7,MO25A3,1.100L,-29,0.0
8,OVR7LU,1.100L,0,74.0
8,OVR7LU,1.100L,-1,67.33224241473017
8,OVR7LU,1.100L,-2,59.967443148642815
8,OVR7LU,1.100L,-3,55.664949995666966
8,OVR7LU,1.100L,-4,50.129831102351496
8,OVR7LU,1.100L,-5,40.988035544356066
8,OVR7LU,1.100L,-6,35.40464404423387
8,OVR7LU,1.100L,-7,26.08821089501901
8,OVR7LU,1.100L,-8,13.697300101858826
8,OVR7LU,1.100L,-9,7.583450037668866
8,OVR7LU,1.100L,-10,0.0
8,OVR7LU,1.100L,-11,0.0
8,OVR7LU,1.100L,-12,0.0
8,OVR7LU,1.100L,-13,0.0
8,OVR7LU,1.100L,-14,0.0
8,OVR7LU,1.100L,-15,0.0
8,OVR7LU,1.100L,-16,0.0
8,OVR7LU,1.100L,-17,0.0
8,OVR7LU,1.100L,-18,0.0
8,OVR7LU,1.100L,-19,0.0
8,OVR7LU,1.100L,-20,0.0
8,OVR7LU,1.100L,-21,0.0
8,OVR7LU,1.100L,-22,0.0
8,OVR7LU,1.100L,-23,0.0
8,OVR7LU,1.100L,-24,0.0
8,OVR7LU,1.100L,-25,0.0
8,OVR7LU,1.100L,-26,0.0
8,OVR7LU,1.100L,-27,0.0
8,OVR7LU,1.100L,-28,0.0
8,OVR7LU,1.100L,-29,0.0
9,M4FF,240L,0,74.0
9,M4FF,240L,-1,66.7043500157415
9,M4FF,240L,-2,59.90979942711779
9,M4FF,240L,-3,50.37919152835355
9,M4FF,240L,-4,47.54624505825
9,M4FF,240L,-5,39.37872077649359
9,M4FF,240L,-6,32.38528562856048
9,M4FF,240L,-7,27.162272205816425
9,M4FF,240L,-8,20.348661635982527
9,M4FF,240L,-9,13.859996320988053
9,M4FF,240L,-10,8.207888778234988
9,M4FF,240L,-11,2.2438367025317207
9,M4FF,240L,-12,0.0
9,M4FF,240L,-13,0.0
9,M4FF,240L,-14,0.0
9,M4FF,240L,-15,0.0
9,M4FF,240L,-16,0.0
9,M4FF,240L,-17,0.0
9,M4FF,240L,-18,0.0
9,M4FF,240L,-19,0.0
9,M4FF,240L,-20,0.0
9,M4FF,240L,-21,0.0
9,M4FF,240L,-22,0.0
9,M4FF,240L,-23,0.0
9,M4FF,240L,-24,0.0
9,M4FF,240L,-25,0.0
9,M4FF,240L,-26,0.0
9,M4FF,240L,-27,0.0
9,M4FF,240L,-28,0.0
9,M4FF,240L,-29,0.0
10,MNQ5,120L,0,87.0
10,MNQ5,120L,-1,80.4627810922457
10,MNQ5,120L,-2,74.65798097914181
10,MNQ5,120L,-3,71.93483374628251
10,MNQ5,120L,-4,70.52431469845763
10,MNQ5,120L,-5,64.36900039397746
10,MNQ5,120L,-6,58.58962099268511
10,MNQ5,120L,-7,53.378860941217255
10,MNQ5,120L,-8,48.086926214909624
10,MNQ5,120L,-9,42.512321962304036
10,MNQ5,120L,-10,38.47051565529448
10,MNQ5,120L,-11,33.64992025012914
10,MNQ5,120L,-12,29.635486012859324
10,MNQ5,120L,-13,25.542408083096447
10,MNQ5,120L,-14,21.638276558377697
10,MNQ5,120L,-15,15.272584355031787
10,MNQ5,120L,-16,14.687833730193606
10,MNQ5,120L,-17,10.895822857150181
10,MNQ5,120L,-18,7.486214537371675
10,MNQ5,120L,-19,5.018791854339466
10,MNQ5,120L,-20,1.863506666677452
10,MNQ5,120L,-21,0.0
10,MNQ5,120L,-22,0.0
10,MNQ5,120L,-23,0.0
10,MNQ5,120L,-24,0.0
10,MNQ5,120L,-25,0.0
10,MNQ5,120L,-26,0.0
10,MNQ5,120L,-27,0.0
10,MNQ5,120L,-28,0.0
10,MNQ5,120L,-29,0.0
11,R2LY,120L,0,99.0
11,R2LY,120L,-1,93.3253564081422
11,R2LY,120L,-2,90.51229897374537
11,R2LY,120L,-3,85.78301565483748
11,R2LY,120L,-4,82.68011310289326
11,R2LY,120L,-5,79.52880127062647
11,R2LY,120L,-6,76.87505222714047
11,R2LY,120L,-7,74.14565953405909
11,R2LY,120L,-8,67.73288924902451
11,R2LY,120L,-9,64.40345388365682
11,R2LY,120L,-10,62.92264343290286
11,R2LY,120L,-11,57.895398242687996
11,R2LY,120L,-12,55.79961544231466
11,R2LY,120L,-13,51.68290682289988
11,R2LY,120L,-14,49.440928115275
11,R2LY,120L,-15,45.97782138789929
11,R2LY,120L,-16,38.44764893535522
11,R2LY,120L,-17,34.83200743622076
11,R2LY,120L,-18,31.543105591187782
11,R2LY,120L,-19,28.59389943842172
11,R2LY,120L,-20,24.478678290197465
11,R2LY,120L,-21,23.609672958991347
11,R2LY,120L,-22,23.228587835332945
11,R2LY,120L,-23,18.346501620393738
11,R2LY,120L,-24,13.600151616314015
11,R2LY,120L,-25,7.070374834930388
11,R2LY,120L,-26,3.0738078488809664
11,R2LY,120L,-27,0.0
11,R2LY,120L,-28,0.0
11,R2LY,120L,-29,0.0
12,AGGC,120L,0,23.0
12,AGGC,120L,-1,21.442209784341788
12,AGGC,120L,-2,17.554112813208484
12,AGGC,120L,-3,14.831985031680453
12,AGGC,120L,-4,5.591312121474976
12,AGGC,120L,-5,3.457462458240666
12,AGGC,120L,-6,0.0
12,AGGC,120L,-7,0.0
12,AGGC,120L,-8,0.0
12,AGGC,120L,-9,0.0
12,AGGC,120L,-10,0.0
12,AGGC,120L,-11,0.0
12,AGGC,120L,-12,0.0
12,AGGC,120L,-13,0.0
12,AGGC,120L,-14,0.0
12,AGGC,120L,-15,0.0
12,AGGC,120L,-16,0.0
12,AGGC,120L,-17,0.0
12,AGGC,120L,-18,0.0
12,AGGC,120L,-19,0.7452412559912163
12,AGGC,120L,-20,0.0
12,AGGC,120L,-21,0.0
12,AGGC,120L,-22,0.0
12,AGGC,120L,-23,0.0
12,AGGC,120L,-24,0.0
12,AGGC,120L,-25,0.0
12,AGGC,120L,-26,0.0
12,AGGC,120L,-27,0.0
12,AGGC,120L,-28,0.0
12,AGGC,120L,-29,0.0
13,3WT5,1.100L,0,2.0
13,3WT5,1.100L,-1,0.0
13,3WT5,1.100L,-2,0.0
13,3WT5,1.100L,-3,0.0
13,3WT5,1.100L,-4,0.0
13,3WT5,1.100L,-5,0.0
13,3WT5,1.100L,-6,0.0
13,3WT5,1.100L,-7,0.0
13,3WT5,1.100L,-8,0.0
13,3WT5,1.100L,-9,0.0
13,3WT5,1.100L,-10,0.0
13,3WT5,1.100L,-11,0.0
13,3WT5,1.100L,-12,0.0
13,3WT5,1.100L,-13,0.0
13,3WT5,1.100L,-14,0.0
13,3WT5,1.100L,-15,0.0
13,3WT5,1.100L,-16,0.0
13,3WT5,1.100L,-17,0.0
13,3WT5,1.100L,-18,0.0
13,3WT5,1.100L,-19,0.0
13,3WT5,1.100L,-20,0.0
13,3WT5,1.100L,-21,0.0
13,3WT5,1.100L,-22,0.0
13,3WT5,1.100L,-23,0.0
13,3WT5,1.100L,-24,0.0
13,3WT5,1.100L,-25,0.0
13,3WT5,1.100L,-26,0.0
13,3WT5,1.100L,-27,0.0
13,3WT5,1.100L,-28,0.0
13,3WT5,1.100L,-29,0.0
14,EXDE,1.100L,0,21.0
14,EXDE,1.100L,-1,14.061362650400902
14,EXDE,1.100L,-2,7.738698409273442
14,EXDE,1.100L,-3,0.0
14,EXDE,1.100L,-4,0.0
14,EXDE,1.100L,-5,0.0
14,EXDE,1.100L,-6,0.0
14,EXDE,1.100L,-7,0.0
14,EXDE,1.100L,-8,0.0
14,EXDE,1.100L,-9,0.0
14,EXDE,1.100L,-10,0.0
14,EXDE,1.100L,-11,0.0
14,EXDE,1.100L,-12,0.0
14,EXDE,1.100L,-13,0.0
14,EXDE,1.100L,-14,0.0
14,EXDE,1.100L,-15,0.0
14,EXDE,1.100L,-16,0.0
14,EXDE,1.100L,-17,0.0
14,EXDE,1.100L,-18,0.0
14,EXDE,1.100L,-19,0.0
14,EXDE,1.100L,-20,0.0
14,EXDE,1.100L,-21,0.0
14,EXDE,1.100L,-22,0.0
14,EXDE,1.100L,-23,0.0
14,EXDE,1.100L,-24,0.0
14,EXDE,1.100L,-25,0.0
14,EXDE,1.100L,-26,0.0
14,EXDE,1.100L,-27,0.0
14,EXDE,1.100L,-28,0.0
14,EXDE,1.100L,-29,0.0
15,RSUZ,120L,0,52.0
15,RSUZ,120L,-1,45.766916700555214
15,RSUZ,120L,-2,41.627721389517625
15,RSUZ,120L,-3,35.973449533348926
15,RSUZ,120L,-4,29.90840823007247
15,RSUZ,120L,-5,27.29825758801665
15,RSUZ,120L,-6,22.503670671788313
15,RSUZ,120L,-7,19.246260601059276
15,RSUZ,120L,-8,16.669047173628634
15,RSUZ,120L,-9,8.402350784640507
15,RSUZ,120L,-10,5.747740812100631
15,RSUZ,120L,-11,1.3246995556465417
15,RSUZ,120L,-12,0.0
15,RSUZ,120L,-13,0.0
15,RSUZ,120L,-14,0.0
15,RSUZ,120L,-15,0.0
15,RSUZ,120L,-16,0.0
15,RSUZ,120L,-17,0.0
15,RSUZ,120L,-18,0.0
15,RSUZ,120L,-19,0.0
15,RSUZ,120L,-20,0.0
15,RSUZ,120L,-21,0.0
15,RSUZ,120L,-22,0.0
15,RSUZ,120L,-23,0.0
15,RSUZ,120L,-24,0.0
15,RSUZ,120L,-25,0.0
15,RSUZ,120L,-26,0.0
15,RSUZ,120L,-27,0.0
15,RSUZ,120L,-28,0.0
15,RSUZ,120L,-29,0.0
16,ICLYI5,120L,0,1.0
16,ICLYI5,120L,-1,0.0
16,ICLYI5,120L,-2,0.0
16,ICLYI5,120L,-3,0.0
16,ICLYI5,120L,-4,0.0
16,ICLYI5,120L,-5,0.0
16,ICLYI5,120L,-6,0.0
16,ICLYI5,120L,-7,0.0
16,ICLYI5,120L,-8,0.0
16,ICLYI5,120L,-9,0.0
16,ICLYI5,120L,-10,0.0
16,ICLYI5,120L,-11,0.0
16,ICLYI5,120L,-12,0.0
16,ICLYI5,120L,-13,0.0
16,ICLYI5,120L,-14,0.0
16,ICLYI5,120L,-15,0.0
16,ICLYI5,120L,-16,0.0
16,ICLYI5,120L,-17,0.0
16,ICLYI5,120L,-18,0.0
16,ICLYI5,120L,-19,0.0
16,ICLYI5,120L,-20,0.0
16,ICLYI5,120L,-21,0.0
16,ICLYI5,120L,-22,0.0
16,ICLYI5,120L,-23,0.0
16,ICLYI5,120L,-24,0.0
16,ICLYI5,120L,-25,0.0
16,ICLYI5,120L,-26,0.0
16,ICLYI5,120L,-27,0.0
16,ICLYI5,120L,-28,0.0
16,ICLYI5,120L,-29,0.0
17,FZRC,120L,0,87.0
17,FZRC,120L,-1,80.51913675020627
17,FZRC,120L,-2,77.66423589424035
17,FZRC,120L,-3,73.74245073681548
17,FZRC,120L,-4,71.94992216547905
17,FZRC,120L,-5,63.77227404192282
17,FZRC,120L,-6,60.00678986448929
17,FZRC,120L,-7,53.36146110742749
17,FZRC,120L,-8,48.42179574201646
17,FZRC,120L,-9,43.195926369989785
17,FZRC,120L,-10,39.120423274572495
17,FZRC,120L,-11,31.162097585947024
17,FZRC,120L,-12,28.117887146810748
17,FZRC,120L,-13,25.52714449206137
17,FZRC,120L,-14,21.079817872767862
17,FZRC,120L,-15,16.595265396290785
17,FZRC,120L,-16,11.837418423888138
17,FZRC,120L,-17,6.414512051481183
17,FZRC,120L,-18,1.044698544131093
17,FZRC,120L,-19,0.0
17,FZRC,120L,-20,0.0
17,FZRC,120L,-21,0.0
17,FZRC,120L,-22,0.0
17,FZRC,120L,-23,0.0
17,FZRC,120L,-24,0.0
17,FZRC,120L,-25,0.0
17,FZRC,120L,-26,0.0
17,FZRC,120L,-27,0.0
17,FZRC,120L,-28,0.0
17,FZRC,120L,-29,0.0
18,QO42KH,120L,0,29.0
18,QO42KH,120L,-1,22.899928377840347
18,QO42KH,120L,-2,21.5674882009667
18,QO42KH,120L,-3,16.962388065227728
18,QO42KH,120L,-4,12.962673494907476
18,QO42KH,120L,-5,9.43466870353246
18,QO42KH,120L,-6,4.9849857682656475
18,QO42KH,120L,-7,0.1501637346639737
18,QO42KH,120L,-8,0.0
18,QO42KH,120L,-9,0.0
18,QO42KH,120L,-10,0.0
18,QO42KH,120L,-11,0.0
18,QO42KH,120L,-12,0.0
18,QO42KH,120L,-13,0.0
18,QO42KH,120L,-14,0.0
18,QO42KH,120L,-15,0.0
18,QO42KH,120L,-16,0.0
18,QO42KH,120L,-17,0.0
18,QO42KH,120L,-18,0.0
18,QO42KH,120L,-19,0.0
18,QO42KH,120L,-20,0.0
18,QO42KH,120L,-21,0.0
18,QO42KH,120L,-22,0.0
18,QO42KH,120L,-23,0.0
18,QO42KH,120L,-24,0.0
18,QO42KH,120L,-25,0.0
18,QO42KH,120L,-26,0.0
18,QO42KH,120L,-27,0.0
18,QO42KH,120L,-28,0.0
18,QO42KH,120L,-29,0.0
19,L5FA,120L,0,37.0
19,L5FA,120L,-1,33.004609556124365
19,L5FA,120L,-2,29.636482279074038
19,L5FA,120L,-3,25.14051938849953
19,L5FA,120L,-4,21.921220949678386
19,L5FA,120L,-5,19.25573492692586
19,L5FA,120L,-6,16.16655302367103
19,L5FA,120L,-7,9.849307870801054
19,L5FA,120L,-8,9.472519622526434
19,L5FA,120L,-9,4.39650084432583
19,L5FA,120L,-10,0.0
19,L5FA,120L,-11,0.0
19,L5FA,120L,-12,0.0
19,L5FA,120L,-13,0.0
19,L5FA,120L,-14,0.0
19,L5FA,120L,-15,0.0
19,L5FA,120L,-16,0.0
19,L5FA,120L,-17,0.0
19,L5FA,120L,-18,0.0
19,L5FA,120L,-19,0.0
19,L5FA,120L,-20,0.0
19,L5FA,120L,-21,0.0
19,L5FA,120L,-22,0.0
19,L5FA,120L,-23,0.0
19,L5FA,120L,-24,0.0
19,L5FA,120L,-25,0.0
19,L5FA,120L,-26,0.0
19,L5FA,120L,-27,0.0
19,L5FA,120L,-28,0.0
19,L5FA,120L,-29,0.0
20,YMH42D,120L,0,1.0
20,YMH42D,120L,-1,0.0
20,YMH42D,120L,-2,0.0
20,YMH42D,120L,-3,0.0
20,YMH42D,120L,-4,0.0
20,YMH42D,120L,-5,0.0
20,YMH42D,120L,-6,0.0
20,YMH42D,120L,-7,0.0
20,YMH42D,120L,-8,0.0
20,YMH42D,120L,-9,0.0
20,YMH42D,120L,-10,0.0
20,YMH42D,120L,-11,0.0
20,YMH42D,120L,-12,0.0
20,YMH42D,120L,-13,0.0
20,YMH42D,120L,-14,0.0
20,YMH42D,120L,-15,0.0
20,YMH42D,120L,-16,0.0
20,YMH42D,120L,-17,0.0
20,YMH42D,120L,-18,0.0
20,YMH42D,120L,-19,0.0
20,YMH42D,120L,-20,0.0
20,YMH42D,120L,-21,0.0
20,YMH42D,120L,-22,0.0
20,YMH42D,120L,-23,0.0
20,YMH42D,120L,-24,0.0
20,YMH42D,120L,-25,0.0
20,YMH42D,120L,-26,0.0
20,YMH42D,120L,-27,0.0
20,YMH42D,120L,-28,0.0
20,YMH42D,120L,-29,0.0
21,DVRI,120L,0,63.0
21,DVRI,120L,-1,58.07504745417194
21,DVRI,120L,-2,50.55944959509249
21,DVRI,120L,-3,49.96548609320583
21,DVRI,120L,-4,45.13883046362812
21,DVRI,120L,-5,41.08493540291732
21,DVRI,120L,-6,35.590052993487895
21,DVRI,120L,-7,30.28273202955655
21,DVRI,120L,-8,25.499129173509537
21,DVRI,120L,-9,18.60904359677115
21,DVRI,120L,-10,12.728869484991712
21,DVRI,120L,-11,10.880438665161227
21,DVRI,120L,-12,4.600342470310379
21,DVRI,120L,-13,0.0
21,DVRI,120L,-14,0.0
21,DVRI,120L,-15,0.0
21,DVRI,120L,-16,0.0
21,DVRI,120L,-17,0.0
21,DVRI,120L,-18,0.0
21,DVRI,120L,-19,0.0
21,DVRI,120L,-20,0.0
21,DVRI,120L,-21,0.0
21,DVRI,120L,-22,0.0
21,DVRI,120L,-23,0.0
21,DVRI,120L,-24,0.0
21,DVRI,120L,-25,0.0
21,DVRI,120L,-26,0.0
21,DVRI,120L,-27,0.0
21,DVRI,120L,-28,0.0
21,DVRI,120L,-29,0.0
22,Y3UO,120L,0,59.0
22,Y3UO,120L,-1,55.572731806738574
22,Y3UO,120L,-2,49.517919601266016
22,Y3UO,120L,-3,41.28580497115326
22,Y3UO,120L,-4,34.6713155269111
22,Y3UO,120L,-5,29.432703758772554
22,Y3UO,120L,-6,25.37905718302537
22,Y3UO,120L,-7,23.4065473610422
22,Y3UO,120L,-8,16.06963491002216
22,Y3UO,120L,-9,12.26587924491696
22,Y3UO,120L,-10,7.974713017479122
22,Y3UO,120L,-11,1.7291133976128719
22,Y3UO,120L,-12,0.0
22,Y3UO,120L,-13,0.0
22,Y3UO,120L,-14,0.0
22,Y3UO,120L,-15,0.0
22,Y3UO,120L,-16,0.0
22,Y3UO,120L,-17,0.0
22,Y3UO,120L,-18,0.0
22,Y3UO,120L,-19,0.0
22,Y3UO,120L,-20,0.0
22,Y3UO,120L,-21,0.0
22,Y3UO,120L,-22,0.0
22,Y3UO,120L,-23,0.0
22,Y3UO,120L,-24,0.0
22,Y3UO,120L,-25,0.0
22,Y3UO,120L,-26,0.0
22,Y3UO,120L,-27,0.0
22,Y3UO,120L,-28,0.0
22,Y3UO,120L,-29,0.0
23,OBFG,120L,0,20.0
23,OBFG,120L,-1,16.965653804765655
23,OBFG,120L,-2,13.856840430608251
23,OBFG,120L,-3,7.70541503137218
23,OBFG,120L,-4,4.765898729853397
23,OBFG,120L,-5,0.0
23,OBFG,120L,-6,0.0
23,OBFG,120L,-7,0.0
23,OBFG,120L,-8,0.0
23,OBFG,120L,-9,0.0
23,OBFG,120L,-10,0.0
23,OBFG,120L,-11,0.0
23,OBFG,120L,-12,0.0
23,OBFG,120L,-13,0.0
23,OBFG,120L,-14,0.0
23,OBFG,120L,-15,0.0
23,OBFG,120L,-16,0.0
23,OBFG,120L,-17,0.0
23,OBFG,120L,-18,0.0
23,OBFG,120L,-19,0.0
23,OBFG,120L,-20,0.0
23,OBFG,120L,-21,0.0
23,OBFG,120L,-22,0.0
23,OBFG,120L,-23,0.0
23,OBFG,120L,-24,0.0
23,OBFG,120L,-25,0.0
23,OBFG,120L,-26,0.0
23,OBFG,120L,-27,0.0
23,OBFG,120L,-28,0.0
23,OBFG,120L,-29,0.0
24,XYIKBN,120L,0,32.0
24,XYIKBN,120L,-1,27.060078767501807
24,XYIKBN,120L,-2,24.787941493056216
24,XYIKBN,120L,-3,20.536975234395296
24,XYIKBN,120L,-4,13.642768457820534
24,XYIKBN,120L,-5,8.630821047791
24,XYIKBN,120L,-6,4.967458371701937
24,XYIKBN,120L,-7,4.052626560837919
24,XYIKBN,120L,-8,0.0
24,XYIKBN,120L,-9,0.0
24,XYIKBN,120L,-10,0.0
24,XYIKBN,120L,-11,0.0
24,XYIKBN,120L,-12,0.0
24,XYIKBN,120L,-13,0.0
24,XYIKBN,120L,-14,0.0
24,XYIKBN,120L,-15,0.0
24,XYIKBN,120L,-16,0.0
24,XYIKBN,120L,-17,0.0
24,XYIKBN,120L,-18,0.0
24,XYIKBN,120L,-19,0.0
24,XYIKBN,120L,-20,0.0
24,XYIKBN,120L,-21,0.0
24,XYIKBN,120L,-22,0.0
24,XYIKBN,120L,-23,0.0
24,XYIKBN,120L,-24,0.0
24,XYIKBN,120L,-25,0.0
24,XYIKBN,120L,-26,0.0
24,XYIKBN,120L,-27,0.0
24,XYIKBN,120L,-28,0.0
24,XYIKBN,120L,-29,0.0
25,PKH6XW,120L,0,75.0
25,PKH6XW,120L,-1,69.38562264820428
25,PKH6XW,120L,-2,65.42312719198192
25,PKH6XW,120L,-3,60.211431353639476
25,PKH6XW,120L,-4,60.511173789200456
25,PKH6XW,120L,-5,54.76653395990273
25,PKH6XW,120L,-6,47.453440127717755
25,PKH6XW,120L,-7,44.110253331597406
25,PKH6XW,120L,-8,40.76928657019006
25,PKH6XW,120L,-9,36.552775562868355
25,PKH6XW,120L,-10,28.28492035582349
25,PKH6XW,120L,-11,25.407830274238517
25,PKH6XW,120L,-12,21.295520397692588
25,PKH6XW,120L,-13,14.421169188815844
25,PKH6XW,120L,-14,9.932094496985485
25,PKH6XW,120L,-15,3.8535101111725165
25,PKH6XW,120L,-16,0.0
25,PKH6XW,120L,-17,0.0
25,PKH6XW,120L,-18,0.0
25,PKH6XW,120L,-19,0.0
25,PKH6XW,120L,-20,0.0
25,PKH6XW,120L,-21,0.0
25,PKH6XW,120L,-22,0.0
25,PKH6XW,120L,-23,0.0
25,PKH6XW,120L,-24,0.0
25,PKH6XW,120L,-25,0.0
25,PKH6XW,120L,-26,0.0
25,PKH6XW,120L,-27,0.0
25,PKH6XW,120L,-28,0.0
25,PKH6XW,120L,-29,0.0
26,RW46BK,120L,0,57.0
26,RW46BK,120L,-1,51.882398975947275
26,RW46BK,120L,-2,46.558846217597356
26,RW46BK,120L,-3,42.03132454410239
26,RW46BK,120L,-4,37.34103758144787
26,RW46BK,120L,-5,31.188315645402636
26,RW46BK,120L,-6,27.154155095747626
26,RW46BK,120L,-7,18.488038379267152
26,RW46BK,120L,-8,13.637190903370039
26,RW46BK,120L,-9,9.686185437010378
26,RW46BK,120L,-10,4.13082217084802
26,RW46BK,120L,-11,0.48360169388966323
26,RW46BK,120L,-12,0.0
26,RW46BK,120L,-13,0.0
26,RW46BK,120L,-14,0.0
26,RW46BK,120L,-15,0.0
26,RW46BK,120L,-16,0.0
26,RW46BK,120L,-17,0.0
26,RW46BK,120L,-18,0.0
26,RW46BK,120L,-19,0.0
26,RW46BK,120L,-20,0.0
26,RW46BK,120L,-21,0.0
26,RW46BK,120L,-22,0.0
26,RW46BK,120L,-23,0.0
26,RW46BK,120L,-24,0.0
26,RW46BK,120L,-25,0.0
26,RW46BK,120L,-26,0.0
26,RW46BK,120L,-27,0.0
26,RW46BK,120L,-28,0.0
26,RW46BK,120L,-29,0.0
27,FX3V,120L,0,21.0
27,FX3V,120L,-1,14.287667383425086
27,FX3V,120L,-2,8.480917664460671
27,FX3V,120L,-3,2.63333924201807
27,FX3V,120L,-4,0.0
27,FX3V,120L,-5,0.0
27,FX3V,120L,-6,0.0
27,FX3V,120L,-7,0.0
27,FX3V,120L,-8,0.0
27,FX3V,120L,-9,0.0
27,FX3V,120L,-10,0.0
27,FX3V,120L,-11,0.0
27,FX3V,120L,-12,0.0
27,FX3V,120L,-13,0.0
27,FX3V,120L,-14,0.0
27,FX3V,120L,-15,0.0
27,FX3V,120L,-16,0.0
27,FX3V,120L,-17,0.0
27,FX3V,120L,-18,0.0
27,FX3V,120L,-19,0.0
27,FX3V,120L,-20,0.0
27,FX3V,120L,-21,0.0
27,FX3V,120L,-22,0.0
27,FX3V,120L,-23,0.0
27,FX3V,120L,-24,0.0
27,FX3V,120L,-25,0.0
27,FX3V,120L,-26,0.0
27,FX3V,120L,-27,0.0
27,FX3V,120L,-28,0.0
27,FX3V,120L,-29,0.0
28,LTVP5I,120L,0,88.0
28,LTVP5I,120L,-1,82.15755864557605
28,LTVP5I,120L,-2,78.49002121725786
28,LTVP5I,120L,-3,76.70470813131924
28,LTVP5I,120L,-4,69.33920862353288
28,LTVP5I,120L,-5,67.97364803547414
28,LTVP5I,120L,-6,63.72732318995913
28,LTVP5I,120L,-7,60.14182427835936
28,LTVP5I,120L,-8,58.747505978432976
28,LTVP5I,120L,-9,55.098326869489824
28,LTVP5I,120L,-10,54.2648539963487
28,LTVP5I,120L,-11,46.80709686804306
28,LTVP5I,120L,-12,41.70097044520321
28,LTVP5I,120L,-13,36.55837959881907
28,LTVP5I,120L,-14,28.250985842715195
28,LTVP5I,120L,-15,20.0441247016145
28,LTVP5I,120L,-16,17.992052819003
28,LTVP5I,120L,-17,14.655021265978089
28,LTVP5I,120L,-18,10.516552639022272
28,LTVP5I,120L,-19,9.073323123370514
28,LTVP5I,120L,-20,5.434736498926762
28,LTVP5I,120L,-21,3.48675853249696
28,LTVP5I,120L,-22,1.5062175018417108
28,LTVP5I,120L,-23,0.0
28,LTVP5I,120L,-24,0.0
28,LTVP5I,120L,-25,0.0
28,LTVP5I,120L,-26,0.0
28,LTVP5I,120L,-27,0.0
28,LTVP5I,120L,-28,0.0
28,LTVP5I,120L,-29,0.0
29,H2JM,120L,0,48.0
29,H2JM,120L,-1,44.135299798418316
29,H2JM,120L,-2,39.6253956705458
29,H2JM,120L,-3,36.22678860995319
29,H2JM,120L,-4,30.793838235661784
29,H2JM,120L,-5,26.95661802561764
29,H2JM,120L,-6,23.235173226697366
29,H2JM,120L,-7,15.565821669396083
29,H2JM,120L,-8,9.896156162863353
29,H2JM,120L,-9,5.055860247117082
29,H2JM,120L,-10,1.1916196590741075
29,H2JM,120L,-11,0.0
29,H2JM,120L,-12,0.0
29,H2JM,120L,-13,0.0
29,H2JM,120L,-14,0.0
29,H2JM,120L,-15,0.0
29,H2JM,120L,-16,0.0
29,H2JM,120L,-17,0.0
29,H2JM,120L,-18,0.0
29,H2JM,120L,-19,0.0
29,H2JM,120L,-20,0.0
29,H2JM,120L,-21,0.0
29,H2JM,120L,-22,0.0
29,H2JM,120L,-23,0.0
29,H2JM,120L,-24,0.0
29,H2JM,120L,-25,0.0
29,H2JM,120L,-26,0.0
29,H2JM,120L,-27,0.0
29,H2JM,120L,-28,0.0
29,H2JM,120L,-29,0.0
30,XJTO,120L,0,90.0
30,XJTO,120L,-1,86.32858608793293
30,XJTO,120L,-2,81.77907812442052
30,XJTO,120L,-3,75.80428680111744
30,XJTO,120L,-4,71.1177950158436
30,XJTO,120L,-5,64.25973284495737
30,XJTO,120L,-6,60.41432535732469
30,XJTO,120L,-7,56.1425179680984
30,XJTO,120L,-8,52.61585802632527
30,XJTO,120L,-9,48.63343499633794
30,XJTO,120L,-10,44.067782530814085
30,XJTO,120L,-11,40.042186200916944
30,XJTO,120L,-12,40.69265311048903
30,XJTO,120L,-13,34.66892217022091
30,XJTO,120L,-14,29.77389014889654
30,XJTO,120L,-15,25.01930381931132
30,XJTO,120L,-16,19.321689578433638
30,XJTO,120L,-17,15.151795629362988
30,XJTO,120L,-18,13.931512938559464
30,XJTO,120L,-19,7.912452381782834
30,XJTO,120L,-20,3.4855995973021674
30,XJTO,120L,-21,0.0
30,XJTO,120L,-22,0.0
30,XJTO,120L,-23,0.0
30,XJTO,120L,-24,0.0
30,XJTO,120L,-25,0.0
30,XJTO,120L,-26,0.0
30,XJTO,120L,-27,0.0
30,XJTO,120L,-28,0.0
30,XJTO,120L,-29,0.0
31,BLI4,120L,0,58.0
31,BLI4,120L,-1,51.16855170843107
31,BLI4,120L,-2,45.09227620247371
31,BLI4,120L,-3,40.11383982375853
31,BLI4,120L,-4,36.61173968648392
31,BLI4,120L,-5,29.866096230029985
31,BLI4,120L,-6,23.50864418005462
31,BLI4,120L,-7,18.431058628886632
31,BLI4,120L,-8,15.480497133303636
31,BLI4,120L,-9,12.097701149834963
31,BLI4,120L,-10,4.523759027635009
31,BLI4,120L,-11,0.0
31,BLI4,120L,-12,0.0
31,BLI4,120L,-13,0.0
31,BLI4,120L,-14,0.0
31,BLI4,120L,-15,0.0
31,BLI4,120L,-16,0.0
31,BLI4,120L,-17,0.0
31,BLI4,120L,-18,0.0
31,BLI4,120L,-19,0.0
31,BLI4,120L,-20,0.0
31,BLI4,120L,-21,0.0
31,BLI4,120L,-22,0.0
31,BLI4,120L,-23,0.0
31,BLI4,120L,-24,0.0
31,BLI4,120L,-25,0.0
31,BLI4,120L,-26,0.0
31,BLI4,120L,-27,0.0
31,BLI4,120L,-28,0.0
31,BLI4,120L,-29,0.0
32,GVTV,120L,0,41.0
32,GVTV,120L,-1,36.33839777598629
32,GVTV,120L,-2,34.223957856000744
32,GVTV,120L,-3,28.99377692596117
32,GVTV,120L,-4,26.961524954923128
32,GVTV,120L,-5,20.977555729332163
32,GVTV,120L,-6,16.31766850593204
32,GVTV,120L,-7,13.112002220145586
32,GVTV,120L,-8,10.13480645274393
32,GVTV,120L,-9,5.923146810819143
32,GVTV,120L,-10,1.8235305190254913
32,GVTV,120L,-11,0.0
32,GVTV,120L,-12,0.0
32,GVTV,120L,-13,0.0
32,GVTV,120L,-14,0.0
32,GVTV,120L,-15,0.0
32,GVTV,120L,-16,0.0
32,GVTV,120L,-17,0.0
32,GVTV,120L,-18,0.0
32,GVTV,120L,-19,0.0
32,GVTV,120L,-20,0.0
32,GVTV,120L,-21,0.0
32,GVTV,120L,-22,0.0
32,GVTV,120L,-23,0.0
32,GVTV,120L,-24,0.0
32,GVTV,120L,-25,0.0
32,GVTV,120L,-26,0.0
32,GVTV,120L,-27,0.0
32,GVTV,120L,-28,0.0
32,GVTV,120L,-29,0.0
33,2F2D,120L,0,91.0
33,2F2D,120L,-1,86.0607487961358
33,2F2D,120L,-2,84.33972325966087
33,2F2D,120L,-3,79.70502651543359
33,2F2D,120L,-4,74.59603672246345
33,2F2D,120L,-5,69.00528426657387
33,2F2D,120L,-6,62.887880777955864
33,2F2D,120L,-7,57.64840715979927
33,2F2D,120L,-8,55.33185963083679
33,2F2D,120L,-9,50.89150429077052
33,2F2D,120L,-10,45.8252887489048
33,2F2D,120L,-11,42.39432760911389
33,2F2D,120L,-12,37.81887712803718
33,2F2D,120L,-13,33.74086935997714
33,2F2D,120L,-14,27.891766894048626
33,2F2D,120L,-15,22.451741438095937
33,2F2D,120L,-16,18.052539204512634
33,2F2D,120L,-17,13.527574609004695
33,2F2D,120L,-18,8.8705626680322
33,2F2D,120L,-19,8.610581985614669
33,2F2D,120L,-20,6.870826300973431
33,2F2D,120L,-21,1.5370363956478252
33,2F2D,120L,-22,0.0
33,2F2D,120L,-23,0.0
33,2F2D,120L,-24,0.0
33,2F2D,120L,-25,0.0
33,2F2D,120L,-26,0.0
33,2F2D,120L,-27,0.0
33,2F2D,120L,-28,0.0
33,2F2D,120L,-29,0.0
34,IRA5,120L,0,59.0
34,IRA5,120L,-1,53.93939282786754
34,IRA5,120L,-2,49.57729857217648
34,IRA5,120L,-3,44.82952656664501
34,IRA5,120L,-4,38.13945133877584
34,IRA5,120L,-5,31.96561219091591
34,IRA5,120L,-6,26.411779013329145
34,IRA5,120L,-7,25.02198099045749
34,IRA5,120L,-8,19.439539920088254
34,IRA5,120L,-9,15.467562796363849
34,IRA5,120L,-10,11.005782989254822
34,IRA5,120L,-11,6.4151741734534
34,IRA5,120L,-12,2.782496885073982
34,IRA5,120L,-13,0.0
34,IRA5,120L,-14,0.0
34,IRA5,120L,-15,0.0
34,IRA5,120L,-16,0.0
34,IRA5,120L,-17,0.0
34,IRA5,120L,-18,0.0
34,IRA5,120L,-19,0.0
34,IRA5,120L,-20,0.0
34,IRA5,120L,-21,0.0
34,IRA5,120L,-22,0.0
34,IRA5,120L,-23,0.0
34,IRA5,120L,-24,0.0
34,IRA5,120L,-25,0.0
34,IRA5,120L,-26,0.0
34,IRA5,120L,-27,0.0
34,IRA5,120L,-28,0.0
34,IRA5,120L,-29,0.0
35,WKDH,120L,0,79.0
35,WKDH,120L,-1,73.36863115379074
35,WKDH,120L,-2,68.77042908542961
35,WKDH,120L,-3,64.2877412052135
35,WKDH,120L,-4,59.20334854524344
35,WKDH,120L,-5,54.65976086377328
35,WKDH,120L,-6,49.07899495410119
35,WKDH,120L,-7,43.65263932973566
35,WKDH,120L,-8,35.981954330395894
35,WKDH,120L,-9,31.893407908841173
35,WKDH,120L,-10,27.643000718625522
35,WKDH,120L,-11,24.621609758155504
35,WKDH,120L,-12,18.18693383283663
35,WKDH,120L,-13,11.178098543744856
35,WKDH,120L,-14,7.630942546159462
35,WKDH,120L,-15,2.7912934622394374
35,WKDH,120L,-16,0.0
35,WKDH,120L,-17,0.0
35,WKDH,120L,-18,0.0
35,WKDH,120L,-19,0.0
35,WKDH,120L,-20,0.0
35,WKDH,120L,-21,0.0
35,WKDH,120L,-22,0.0
35,WKDH,120L,-23,0.0
35,WKDH,120L,-24,0.0
35,WKDH,120L,-25,0.0
35,WKDH,120L,-26,0.0
35,WKDH,120L,-27,0.0
35,WKDH,120L,-28,0.0
35,WKDH,120L,-29,0.0
36,ZYZM,120L,0,14.0
36,ZYZM,120L,-1,9.551469726386898
36,ZYZM,120L,-2,2.945859609436996
36,ZYZM,120L,-3,0.0
36,ZYZM,120L,-4,0.0
36,ZYZM,120L,-5,0.0
36,ZYZM,120L,-6,0.0
36,ZYZM,120L,-7,0.0
36,ZYZM,120L,-8,0.0
36,ZYZM,120L,-9,0.0
36,ZYZM,120L,-10,0.0
36,ZYZM,120L,-11,0.0
36,ZYZM,120L,-12,0.0
36,ZYZM,120L,-13,0.0
36,ZYZM,120L,-14,0.0
36,ZYZM,120L,-15,0.0
36,ZYZM,120L,-16,0.0
36,ZYZM,120L,-17,0.0
36,ZYZM,120L,-18,0.0
36,ZYZM,120L,-19,0.0
36,ZYZM,120L,-20,0.0
36,ZYZM,120L,-21,0.0
36,ZYZM,120L,-22,0.0
36,ZYZM,120L,-23,0.0
36,ZYZM,120L,-24,0.0
36,ZYZM,120L,-25,0.0
36,ZYZM,120L,-26,0.0
36,ZYZM,120L,-27,0.0
36,ZYZM,120L,-28,0.0
36,ZYZM,120L,-29,0.0
37,ZMUL,120L,0,61.0
37,ZMUL,120L,-1,56.037550095805955
37,ZMUL,120L,-2,52.02332069676669
37,ZMUL,120L,-3,44.32147114899952
37,ZMUL,120L,-4,40.254158922200425
37,ZMUL,120L,-5,37.697014271685426
37,ZMUL,120L,-6,34.79934460280112
37,ZMUL,120L,-7,29.55181961539043
37,ZMUL,120L,-8,29.0919130872575
37,ZMUL,120L,-9,23.09060385304784
37,ZMUL,120L,-10,18.939320212279966
37,ZMUL,120L,-11,13.140390089940578
37,ZMUL,120L,-12,10.168512264386438
37,ZMUL,120L,-13,4.182559179272356
37,ZMUL,120L,-14,0.7923049103246034
37,ZMUL,120L,-15,0.0
37,ZMUL,120L,-16,0.0
37,ZMUL,120L,-17,0.0
37,ZMUL,120L,-18,0.0
37,ZMUL,120L,-19,0.0
37,ZMUL,120L,-20,0.0
37,ZMUL,120L,-21,0.0
37,ZMUL,120L,-22,0.0
37,ZMUL,120L,-23,0.0
37,ZMUL,120L,-24,0.0
37,ZMUL,120L,-25,0.0
37,ZMUL,120L,-26,0.0
37,ZMUL,120L,-27,0.0
37,ZMUL,120L,-28,0.0
37,ZMUL,120L,-29,0.0
38,5FWEQY,120L,0,61.0
38,5FWEQY,120L,-1,55.30665203714721
38,5FWEQY,120L,-2,49.65978490023834
38,5FWEQY,120L,-3,45.77350408854116
38,5FWEQY,120L,-4,39.728287141975066
38,5FWEQY,120L,-5,36.556623897016486
38,5FWEQY,120L,-6,33.57083802668998
38,5FWEQY,120L,-7,32.522783635006235
38,5FWEQY,120L,-8,27.40615039344368
38,5FWEQY,120L,-9,24.013425799537462
38,5FWEQY,120L,-10,19.063195877963793
38,5FWEQY,120L,-11,16.67542168895183
38,5FWEQY,120L,-12,9.942879645978648
38,5FWEQY,120L,-13,5.309984806179481
38,5FWEQY,120L,-14,1.8307158194135857
38,5FWEQY,120L,-15,0.0
38,5FWEQY,120L,-16,0.0
38,5FWEQY,120L,-17,0.0
38,5FWEQY,120L,-18,0.0
38,5FWEQY,120L,-19,0.0
38,5FWEQY,120L,-20,0.0
38,5FWEQY,120L,-21,0.0
38,5FWEQY,120L,-22,0.0
38,5FWEQY,120L,-23,0.0
38,5FWEQY,120L,-24,0.0
38,5FWEQY,120L,-25,0.0
38,5FWEQY,120L,-26,0.0
38,5FWEQY,120L,-27,0.0
38,5FWEQY,120L,-28,0.0
38,5FWEQY,120L,-29,0.0
39,4UZG,120L,0,46.0
39,4UZG,120L,-1,42.194559798595456
39,4UZG,120L,-2,35.78595542566627
39,4UZG,120L,-3,34.16865991802875
39,4UZG,120L,-4,31.180985357452844
39,4UZG,120L,-5,26.508646108849046
39,4UZG,120L,-6,20.90245685078353
39,4UZG,120L,-7,16.590084917303454
39,4UZG,120L,-8,12.359809345242368
39,4UZG,120L,-9,11.169400638475471
39,4UZG,120L,-10,7.054630524101683
39,4UZG,120L,-11,0.8308683042155016
39,4UZG,120L,-12,0.0
39,4UZG,120L,-13,0.0
39,4UZG,120L,-14,0.0
39,4UZG,120L,-15,0.0
39,4UZG,120L,-16,0.0
39,4UZG,120L,-17,0.0
39,4UZG,120L,-18,0.0
39,4UZG,120L,-19,0.0
39,4UZG,120L,-20,0.0
39,4UZG,120L,-21,0.0
39,4UZG,120L,-22,0.0
39,4UZG,120L,-23,0.0
39,4UZG,120L,-24,0.0
39,4UZG,120L,-25,0.0
39,4UZG,120L,-26,0.0
39,4UZG,120L,-27,0.0
39,4UZG,120L,-28,0.0
39,4UZG,120L,-29,0.0
40,B6P3GH,120L,0,61.0
40,B6P3GH,120L,-1,54.01163073726937
40,B6P3GH,120L,-2,48.71855123589681
40,B6P3GH,120L,-3,42.76824242398363
40,B6P3GH,120L,-4,37.440329355838
40,B6P3GH,120L,-5,32.10827055452295
40,B6P3GH,120L,-6,27.349564269139826
40,B6P3GH,120L,-7,23.649405254840968
40,B6P3GH,120L,-8,15.47832326268651
40,B6P3GH,120L,-9,10.76945164045107
40,B6P3GH,120L,-10,6.399695001981993
40,B6P3GH,120L,-11,3.536059225069086
40,B6P3GH,120L,-12,0.0
40,B6P3GH,120L,-13,0.0
40,B6P3GH,120L,-14,0.0
40,B6P3GH,120L,-15,0.0
40,B6P3GH,120L,-16,0.0
40,B6P3GH,120L,-17,0.0
40,B6P3GH,120L,-18,0.0
40,B6P3GH,120L,-19,0.0
40,B6P3GH,120L,-20,0.0
40,B6P3GH,120L,-21,0.0
40,B6P3GH,120L,-22,0.0
40,B6P3GH,120L,-23,0.0
40,B6P3GH,120L,-24,0.0
40,B6P3GH,120L,-25,0.0
40,B6P3GH,120L,-26,0.0
40,B6P3GH,120L,-27,0.0
40,B6P3GH,120L,-28,0.0
40,B6P3GH,120L,-29,0.0
41,KGBR,120L,0,50.0
41,KGBR,120L,-1,45.68087857359394
41,KGBR,120L,-2,41.40354148410128
41,KGBR,120L,-3,40.0821454887769
41,KGBR,120L,-4,32.701583851394545
41,KGBR,120L,-5,30.04635317665363
41,KGBR,120L,-6,27.224415029816857
41,KGBR,120L,-7,22.997748608356506
41,KGBR,120L,-8,19.08288130510163
41,KGBR,120L,-9,16.826161125201228
41,KGBR,120L,-10,11.750631818142608
41,KGBR,120L,-11,5.643097243478643
41,KGBR,120L,-12,1.0598226858265642
41,KGBR,120L,-13,0.0
41,KGBR,120L,-14,0.0
41,KGBR,120L,-15,0.0
41,KGBR,120L,-16,0.0
41,KGBR,120L,-17,0.0
41,KGBR,120L,-18,0.0
41,KGBR,120L,-19,0.0
41,KGBR,120L,-20,0.0
41,KGBR,120L,-21,0.0
41,KGBR,120L,-22,0.0
41,KGBR,120L,-23,0.0
41,KGBR,120L,-24,0.0
41,KGBR,120L,-25,0.0
41,KGBR,120L,-26,0.0
41,KGBR,120L,-27,0.0
41,KGBR,120L,-28,0.0
41,KGBR,120L,-29,0.0
42,WAP3,120L,0,54.0
42,WAP3,120L,-1,52.34668729695661
42,WAP3,120L,-2,50.62151272726698
42,WAP3,120L,-3,45.91672945474941
42,WAP3,120L,-4,45.22380280234672
42,WAP3,120L,-5,43.12441996579355
42,WAP3,120L,-6,39.127173342956915
42,WAP3,120L,-7,33.180575209569554
42,WAP3,120L,-8,26.010161854231615
42,WAP3,120L,-9,20.592838486624228
42,WAP3,120L,-10,16.195934680579082
42,WAP3,120L,-11,10.559008183729437
42,WAP3,120L,-12,7.200843894965811
42,WAP3,120L,-13,0.9911623129145597
42,WAP3,120L,-14,0.0
42,WAP3,120L,-15,0.0
42,WAP3,120L,-16,0.0
42,WAP3,120L,-17,0.0
42,WAP3,120L,-18,0.0
42,WAP3,120L,-19,0.0
42,WAP3,120L,-20,0.0
42,WAP3,120L,-21,0.0
42,WAP3,120L,-22,0.0
42,WAP3,120L,-23,0.0
42,WAP3,120L,-24,0.0
42,WAP3,120L,-25,0.0
42,WAP3,120L,-26,0.0
42,WAP3,120L,-27,0.0
42,WAP3,120L,-28,0.0
42,WAP3,120L,-29,0.0
43,ISKIQT,120L,0,63.0
43,ISKIQT,120L,-1,57.96287778867604
43,ISKIQT,120L,-2,54.083800312851686
43,ISKIQT,120L,-3,48.53712775206803
43,ISKIQT,120L,-4,43.993086345889054
43,ISKIQT,120L,-5,41.44543183569491
43,ISKIQT,120L,-6,38.2551214024296
43,ISKIQT,120L,-7,35.091347122737254
43,ISKIQT,120L,-8,28.940860516689327
43,ISKIQT,120L,-9,25.296597824760955
43,ISKIQT,120L,-10,18.55496116709627
43,ISKIQT,120L,-11,13.561294514797504
43,ISKIQT,120L,-12,8.084702722282856
43,ISKIQT,120L,-13,2.4720740143612594
43,ISKIQT,120L,-14,0.12382881126441525
43,ISKIQT,120L,-15,0.0
43,ISKIQT,120L,-16,0.0
43,ISKIQT,120L,-17,0.0
43,ISKIQT,120L,-18,0.0
43,ISKIQT,120L,-19,0.0
43,ISKIQT,120L,-20,0.0
43,ISKIQT,120L,-21,0.0
43,ISKIQT,120L,-22,0.0
43,ISKIQT,120L,-23,0.0
43,ISKIQT,120L,-24,0.0
43,ISKIQT,120L,-25,0.0
43,ISKIQT,120L,-26,0.0
43,ISKIQT,120L,-27,0.0
43,ISKIQT,120L,-28,0.0
43,ISKIQT,120L,-29,0.0
44,H5JO,120L,0,2.0
44,H5JO,120L,-1,0.0
44,H5JO,120L,-2,0.0
44,H5JO,120L,-3,0.0
44,H5JO,120L,-4,0.0
44,H5JO,120L,-5,0.0
44,H5JO,120L,-6,0.0
44,H5JO,120L,-7,0.0
44,H5JO,120L,-8,0.0
44,H5JO,120L,-9,0.0
44,H5JO,120L,-10,0.0
44,H5JO,120L,-11,0.0
44,H5JO,120L,-12,0.0
44,H5JO,120L,-13,0.0
44,H5JO,120L,-14,0.0
44,H5JO,120L,-15,0.0
44,H5JO,120L,-16,0.0
44,H5JO,120L,-17,0.0
44,H5JO,120L,-18,0.0
44,H5JO,120L,-19,0.0
44,H5JO,120L,-20,0.0
44,H5JO,120L,-21,0.0
44,H5JO,120L,-22,0.0
44,H5JO,120L,-23,0.0
44,H5JO,120L,-24,0.0
44,H5JO,120L,-25,0.0
44,H5JO,120L,-26,0.0
44,H5JO,120L,-27,0.0
44,H5JO,120L,-28,0.0
44,H5JO,120L,-29,0.0
45,RSVP,120L,0,100.0
45,RSVP,120L,-1,95.17745502170277
45,RSVP,120L,-2,93.13179627524175
45,RSVP,120L,-3,86.85700336380198
45,RSVP,120L,-4,80.63109691524203
45,RSVP,120L,-5,75.05248420527474
45,RSVP,120L,-6,73.91522515947078
45,RSVP,120L,-7,68.93170845169493
45,RSVP,120L,-8,66.57353662849374
45,RSVP,120L,-9,61.41810701816428
45,RSVP,120L,-10,54.62547604177001
45,RSVP,120L,-11,51.15192669782541
45,RSVP,120L,-12,45.45770999504512
45,RSVP,120L,-13,40.83669717286813
45,RSVP,120L,-14,34.548167962887035
45,RSVP,120L,-15,28.75234890476365
45,RSVP,120L,-16,27.682835352560424
45,RSVP,120L,-17,21.649130849700665
45,RSVP,120L,-18,15.718558746294887
45,RSVP,120L,-19,9.433865212759336
45,RSVP,120L,-20,3.1966867695963392
45,RSVP,120L,-21,0.0
45,RSVP,120L,-22,0.0
45,RSVP,120L,-23,0.0
45,RSVP,120L,-24,0.0
45,RSVP,120L,-25,0.0
45,RSVP,120L,-26,0.0
45,RSVP,120L,-27,0.0
45,RSVP,120L,-28,0.0
45,RSVP,120L,-29,0.0
46,PBLT,120L,0,50.0
46,PBLT,120L,-1,47.04467995868332
46,PBLT,120L,-2,39.141607635432564
46,PBLT,120L,-3,32.97904091593726
46,PBLT,120L,-4,28.631473476596987
46,PBLT,120L,-5,22.231206102427112
46,PBLT,120L,-6,21.728104115031133
46,PBLT,120L,-7,16.488648649735126
46,PBLT,120L,-8,8.180572747448974
46,PBLT,120L,-9,3.4053918032338464
46,PBLT,120L,-10,0.0
46,PBLT,120L,-11,0.0
46,PBLT,120L,-12,0.0
46,PBLT,120L,-13,0.0
46,PBLT,120L,-14,0.0
46,PBLT,120L,-15,0.0
46,PBLT,120L,-16,0.0
46,PBLT,120L,-17,0.0
46,PBLT,120L,-18,0.0
46,PBLT,120L,-19,0.0
46,PBLT,120L,-20,0.0
46,PBLT,120L,-21,0.0
46,PBLT,120L,-22,0.0
46,PBLT,120L,-23,0.0
46,PBLT,120L,-24,0.0
46,PBLT,120L,-25,0.0
46,PBLT,120L,-26,0.0
46,PBLT,120L,-27,0.0
46,PBLT,120L,-28,0.0
46,PBLT,120L,-29,0.0
47,BGLZ,120L,0,6.0
47,BGLZ,120L,-1,5.362529635724811
47,BGLZ,120L,-2,1.4799386945518131
47,BGLZ,120L,-3,0.0
47,BGLZ,120L,-4,0.0
47,BGLZ,120L,-5,0.0
47,BGLZ,120L,-6,0.0
47,BGLZ,120L,-7,0.0
47,BGLZ,120L,-8,0.0
47,BGLZ,120L,-9,0.0
47,BGLZ,120L,-10,0.0
47,BGLZ,120L,-11,0.0
47,BGLZ,120L,-12,0.0
47,BGLZ,120L,-13,0.0
47,BGLZ,120L,-14,0.0
47,BGLZ,120L,-15,0.0
47,BGLZ,120L,-16,0.0
47,BGLZ,120L,-17,0.0
47,BGLZ,120L,-18,0.0
47,BGLZ,120L,-19,0.0
47,BGLZ,120L,-20,0.0
47,BGLZ,120L,-21,0.0
47,BGLZ,120L,-22,0.0
47,BGLZ,120L,-23,0.0
47,BGLZ,120L,-24,0.0
47,BGLZ,120L,-25,0.0
47,BGLZ,120L,-26,0.0
47,BGLZ,120L,-27,0.0
47,BGLZ,120L,-28,0.0
47,BGLZ,120L,-29,0.0
48,PKMB,120L,0,20.0
48,PKMB,120L,-1,17.044921343915
48,PKMB,120L,-2,12.801691850893777
48,PKMB,120L,-3,6.641296698300062
48,PKMB,120L,-4,4.196013790610565
48,PKMB,120L,-5,0.0
48,PKMB,120L,-6,0.0
48,PKMB,120L,-7,0.0
48,PKMB,120L,-8,0.0
48,PKMB,120L,-9,0.0
48,PKMB,120L,-10,0.0
48,PKMB,120L,-11,0.0
48,PKMB,120L,-12,0.0
48,PKMB,120L,-13,0.0
48,PKMB,120L,-14,0.0
48,PKMB,120L,-15,0.0
48,PKMB,120L,-16,0.0
48,PKMB,120L,-17,0.0
48,PKMB,120L,-18,0.0
48,PKMB,120L,-19,0.0
48,PKMB,120L,-20,0.0
48,PKMB,120L,-21,0.0
48,PKMB,120L,-22,0.0
48,PKMB,120L,-23,0.0
48,PKMB,120L,-24,0.0
48,PKMB,120L,-25,0.0
48,PKMB,120L,-26,0.0
48,PKMB,120L,-27,0.0
48,PKMB,120L,-28,0.0
48,PKMB,120L,-29,0.0
49,WUKQ,120L,0,72.0
49,WUKQ,120L,-1,66.17047719204896
49,WUKQ,120L,-2,59.640594092978105
49,WUKQ,120L,-3,57.86801308235947
49,WUKQ,120L,-4,54.56442920932632
49,WUKQ,120L,-5,49.29829550455057
49,WUKQ,120L,-6,40.63959321280199
49,WUKQ,120L,-7,34.98461420975228
49,WUKQ,120L,-8,31.131323666007326
49,WUKQ,120L,-9,25.03722759251524
49,WUKQ,120L,-10,20.361421329226758
49,WUKQ,120L,-11,13.903515051201534
49,WUKQ,120L,-12,7.784639676181548
49,WUKQ,120L,-13,4.570400999112882
49,WUKQ,120L,-14,0.0
49,WUKQ,120L,-15,0.0
49,WUKQ,120L,-16,0.0
49,WUKQ,120L,-17,0.0
49,WUKQ,120L,-18,0.0
49,WUKQ,120L,-19,0.0
49,WUKQ,120L,-20,0.0
49,WUKQ,120L,-21,0.0
49,WUKQ,120L,-22,0.0
49,WUKQ,120L,-23,0.0
49,WUKQ,120L,-24,0.0
49,WUKQ,120L,-25,0.1492629461233963
49,WUKQ,120L,-26,0.0
49,WUKQ,120L,-27,0.0
49,WUKQ,120L,-28,0.0
49,WUKQ,120L,-29,0.0
50,QLZATW,120L,0,38.0
50,QLZATW,120L,-1,30.87460163703893
50,QLZATW,120L,-2,25.947064748579386
50,QLZATW,120L,-3,20.00468388567555
50,QLZATW,120L,-4,17.213005238694215
50,QLZATW,120L,-5,12.07578063087377
50,QLZATW,120L,-6,7.126630783381213
50,QLZATW,120L,-7,3.511356251707358
50,QLZATW,120L,-8,0.0
50,QLZATW,120L,-9,0.0
50,QLZATW,120L,-10,0.0
50,QLZATW,120L,-11,0.0
50,QLZATW,120L,-12,0.0
50,QLZATW,120L,-13,0.0
50,QLZATW,120L,-14,0.0
50,QLZATW,120L,-15,0.0
50,QLZATW,120L,-16,0.0
50,QLZATW,120L,-17,0.0
50,QLZATW,120L,-18,0.0
50,QLZATW,120L,-19,0.0
50,QLZATW,120L,-20,0.0
50,QLZATW,120L,-21,0.0
50,QLZATW,120L,-22,0.0
50,QLZATW,120L,-23,0.0
50,QLZATW,120L,-24,0.0
50,QLZATW,120L,-25,0.0
50,QLZATW,120L,-26,0.0
50,QLZATW,120L,-27,0.0
50,QLZATW,120L,-28,0.0
50,QLZATW,120L,-29,0.0
51,75RA,120L,0,17.0
51,75RA,120L,-1,13.06530167259694
51,75RA,120L,-2,8.095347984894541
51,75RA,120L,-3,4.148588236773901
51,75RA,120L,-4,0.0
51,75RA,120L,-5,0.0
51,75RA,120L,-6,0.0
51,75RA,120L,-7,0.0
51,75RA,120L,-8,0.0
51,75RA,120L,-9,0.0
51,75RA,120L,-10,0.0
51,75RA,120L,-11,0.0
51,75RA,120L,-12,0.0
51,75RA,120L,-13,0.0
51,75RA,120L,-14,0.0
51,75RA,120L,-15,0.0
51,75RA,120L,-16,0.0
51,75RA,120L,-17,0.0
51,75RA,120L,-18,0.0
51,75RA,120L,-19,0.0
51,75RA,120L,-20,0.0
51,75RA,120L,-21,0.0
51,75RA,120L,-22,0.0
51,75RA,120L,-23,0.0
51,75RA,120L,-24,0.0
51,75RA,120L,-25,0.0
51,75RA,120L,-26,0.0
51,75RA,120L,-27,0.0
51,75RA,120L,-28,0.0
51,75RA,120L,-29,0.0
52,75RA,120L,0,3.0
52,75RA,120L,-1,0.0
52,75RA,120L,-2,0.0
52,75RA,120L,-3,0.0
52,75RA,120L,-4,0.0
52,75RA,120L,-5,0.0
52,75RA,120L,-6,0.0
52,75RA,120L,-7,0.0
52,75RA,120L,-8,0.0
52,75RA,120L,-9,0.0
52,75RA,120L,-10,0.0
52,75RA,120L,-11,0.0
52,75RA,120L,-12,0.0
52,75RA,120L,-13,0.0
52,75RA,120L,-14,0.3872588484371384
52,75RA,120L,-15,0.0
52,75RA,120L,-16,0.0
52,75RA,120L,-17,0.0
52,75RA,120L,-18,0.0
52,75RA,120L,-19,0.0
52,75RA,120L,-20,0.0
52,75RA,120L,-21,0.0
52,75RA,120L,-22,0.0
52,75RA,120L,-23,0.0
52,75RA,120L,-24,0.0
52,75RA,120L,-25,0.0
52,75RA,120L,-26,0.0
52,75RA,120L,-27,0.0
52,75RA,120L,-28,0.0
52,75RA,120L,-29,0.0
53,6OIV,120L,0,88.0
53,6OIV,120L,-1,82.6487794681956
53,6OIV,120L,-2,78.39404270907137
53,6OIV,120L,-3,74.49512243875118
53,6OIV,120L,-4,68.2121783600479
53,6OIV,120L,-5,64.56287865907228
53,6OIV,120L,-6,58.50708549266994
53,6OIV,120L,-7,52.417982371533114
53,6OIV,120L,-8,46.916818407945215
53,6OIV,120L,-9,42.3860018960508
53,6OIV,120L,-10,40.67049490913331
53,6OIV,120L,-11,35.774949322900525
53,6OIV,120L,-12,31.574321755425732
53,6OIV,120L,-13,28.044484189604777
53,6OIV,120L,-14,19.57335802327467
53,6OIV,120L,-15,14.657976597444849
53,6OIV,120L,-16,9.601188719534322
53,6OIV,120L,-17,3.490135450999236
53,6OIV,120L,-18,0.0
53,6OIV,120L,-19,0.0
53,6OIV,120L,-20,0.0
53,6OIV,120L,-21,0.0
53,6OIV,120L,-22,0.0
53,6OIV,120L,-23,0.0
53,6OIV,120L,-24,0.0
53,6OIV,120L,-25,0.0
53,6OIV,120L,-26,0.0
53,6OIV,120L,-27,0.0
53,6OIV,120L,-28,0.0
53,6OIV,120L,-29,0.0
54,5KON,120L,0,59.0
54,5KON,120L,-1,48.78794206462523
54,5KON,120L,-2,41.06986560587453
54,5KON,120L,-3,36.57597074006261
54,5KON,120L,-4,34.172918905487485
54,5KON,120L,-5,29.073607433991263
54,5KON,120L,-6,26.00176728869464
54,5KON,120L,-7,20.540358335717336
54,5KON,120L,-8,13.91975331184657
54,5KON,120L,-9,7.600976686250521
54,5KON,120L,-10,3.9340749746159
54,5KON,120L,-11,0.0
54,5KON,120L,-12,0.0
54,5KON,120L,-13,0.0
54,5KON,120L,-14,0.0
54,5KON,120L,-15,0.0
54,5KON,120L,-16,0.0
54,5KON,120L,-17,0.0
54,5KON,120L,-18,0.0
54,5KON,120L,-19,0.0
54,5KON,120L,-20,0.0
54,5KON,120L,-21,0.0
54,5KON,120L,-22,0.0
54,5KON,120L,-23,0.0
54,5KON,120L,-24,0.0
54,5KON,120L,-25,0.0
54,5KON,120L,-26,0.0
54,5KON,120L,-27,0.0
54,5KON,120L,-28,0.0
54,5KON,120L,-29,0.0
55,L7GY,120L,0,13.0
55,L7GY,120L,-1,9.838824741688777
55,L7GY,120L,-2,4.980148068874731
55,L7GY,120L,-3,0.0
55,L7GY,120L,-4,0.0
55,L7GY,120L,-5,0.0
55,L7GY,120L,-6,0.0
55,L7GY,120L,-7,0.0
55,L7GY,120L,-8,0.0
55,L7GY,120L,-9,0.0
55,L7GY,120L,-10,0.0
55,L7GY,120L,-11,0.0
55,L7GY,120L,-12,0.0
55,L7GY,120L,-13,0.0
55,L7GY,120L,-14,0.0
55,L7GY,120L,-15,0.0
55,L7GY,120L,-16,0.0
55,L7GY,120L,-17,0.0
55,L7GY,120L,-18,0.0
55,L7GY,120L,-19,0.0
55,L7GY,120L,-20,0.0
55,L7GY,120L,-21,0.0
55,L7GY,120L,-22,0.0
55,L7GY,120L,-23,0.0
55,L7GY,120L,-24,0.0
55,L7GY,120L,-25,0.0
55,L7GY,120L,-26,0.0
55,L7GY,120L,-27,0.0
55,L7GY,120L,-28,0.0
55,L7GY,120L,-29,0.0
56,A4FK,120L,0,8.0
56,A4FK,120L,-1,1.4072184869857676
56,A4FK,120L,-2,0.0
56,A4FK,120L,-3,0.0
56,A4FK,120L,-4,0.0
56,A4FK,120L,-5,0.0
56,A4FK,120L,-6,0.0
56,A4FK,120L,-7,0.0
56,A4FK,120L,-8,0.0
56,A4FK,120L,-9,0.0
56,A4FK,120L,-10,0.0
56,A4FK,120L,-11,0.0
56,A4FK,120L,-12,0.0
56,A4FK,120L,-13,0.0
56,A4FK,120L,-14,0.0
56,A4FK,120L,-15,0.0
56,A4FK,120L,-16,0.0
56,A4FK,120L,-17,0.0
56,A4FK,120L,-18,0.0
56,A4FK,120L,-19,0.0
56,A4FK,120L,-20,0.0
56,A4FK,120L,-21,0.0
56,A4FK,120L,-22,0.0
56,A4FK,120L,-23,0.0
56,A4FK,120L,-24,0.0
56,A4FK,120L,-25,0.0
56,A4FK,120L,-26,0.0
56,A4FK,120L,-27,0.0
56,A4FK,120L,-28,0.0
56,A4FK,120L,-29,0.0
57,AJ2FQV,120L,0,89.0
57,AJ2FQV,120L,-1,82.26127124627978
57,AJ2FQV,120L,-2,78.95231981685345
57,AJ2FQV,120L,-3,71.7320847152449
57,AJ2FQV,120L,-4,68.97847998278387
57,AJ2FQV,120L,-5,65.06099987257682
57,AJ2FQV,120L,-6,62.462184799119626
57,AJ2FQV,120L,-7,57.981859381859195
57,AJ2FQV,120L,-8,54.48337737910616
57,AJ2FQV,120L,-9,51.92956429109509
57,AJ2FQV,120L,-10,45.6568475359641
57,AJ2FQV,120L,-11,39.56946555316921
57,AJ2FQV,120L,-12,36.148743004548706
57,AJ2FQV,120L,-13,29.91298158875204
57,AJ2FQV,120L,-14,27.450664173523343
57,AJ2FQV,120L,-15,27.26201800295698
57,AJ2FQV,120L,-16,21.12795029320051
57,AJ2FQV,120L,-17,16.1863698235922
57,AJ2FQV,120L,-18,10.631187203803835
57,AJ2FQV,120L,-19,7.264614150864553
57,AJ2FQV,120L,-20,4.307816246468642
57,AJ2FQV,120L,-21,0.0
57,AJ2FQV,120L,-22,0.0
57,AJ2FQV,120L,-23,0.0
57,AJ2FQV,120L,-24,0.0
57,AJ2FQV,120L,-25,0.0
57,AJ2FQV,120L,-26,0.0
57,AJ2FQV,120L,-27,0.0
57,AJ2FQV,120L,-28,0.0
57,AJ2FQV,120L,-29,0.0
58,YJTH,120L,0,52.0
58,YJTH,120L,-1,45.64391984686939
58,YJTH,120L,-2,38.26668733993495
58,YJTH,120L,-3,31.60750314841099
58,YJTH,120L,-4,24.343151933391926
58,YJTH,120L,-5,19.049594050022495
58,YJTH,120L,-6,18.887378668128466
58,YJTH,120L,-7,12.73960714118993
58,YJTH,120L,-8,7.301745643445386
58,YJTH,120L,-9,3.9734909314411837
58,YJTH,120L,-10,1.5167679219420476
58,YJTH,120L,-11,0.0
58,YJTH,120L,-12,0.0
58,YJTH,120L,-13,0.0
58,YJTH,120L,-14,0.0
58,YJTH,120L,-15,0.0
58,YJTH,120L,-16,0.0
58,YJTH,120L,-17,0.0
58,YJTH,120L,-18,0.0
58,YJTH,120L,-19,0.0
58,YJTH,120L,-20,0.0
58,YJTH,120L,-21,0.0
58,YJTH,120L,-22,0.0
58,YJTH,120L,-23,0.0
58,YJTH,120L,-24,0.0
58,YJTH,120L,-25,0.0
58,YJTH,120L,-26,0.0
58,YJTH,120L,-27,0.0
58,YJTH,120L,-28,0.0
58,YJTH,120L,-29,0.0
59,A4NQ,120L,0,1.0
59,A4NQ,120L,-1,0.0
59,A4NQ,120L,-2,0.0
59,A4NQ,120L,-3,0.0
59,A4NQ,120L,-4,0.0
59,A4NQ,120L,-5,0.0
59,A4NQ,120L,-6,0.0
59,A4NQ,120L,-7,0.0
59,A4NQ,120L,-8,0.0
59,A4NQ,120L,-9,0.0
59,A4NQ,120L,-10,0.0
59,A4NQ,120L,-11,0.0
59,A4NQ,120L,-12,0.0
59,A4NQ,120L,-13,0.0
59,A4NQ,120L,-14,0.0
59,A4NQ,120L,-15,0.0
59,A4NQ,120L,-16,0.0
59,A4NQ,120L,-17,0.0
59,A4NQ,120L,-18,0.0
59,A4NQ,120L,-19,0.0
59,A4NQ,120L,-20,0.0
59,A4NQ,120L,-21,0.0
59,A4NQ,120L,-22,0.0
59,A4NQ,120L,-23,0.0
59,A4NQ,120L,-24,0.0
59,A4NQ,120L,-25,0.0
59,A4NQ,120L,-26,0.0
59,A4NQ,120L,-27,0.0
59,A4NQ,120L,-28,0.0
59,A4NQ,120L,-29,0.0
60,A4NQ,120L,0,83.0
60,A4NQ,120L,-1,76.32975384810099
60,A4NQ,120L,-2,73.05224610625952
60,A4NQ,120L,-3,67.79224760390977
60,A4NQ,120L,-4,62.92020618674308
60,A4NQ,120L,-5,58.87129237210399
60,A4NQ,120L,-6,57.257407726766026
60,A4NQ,120L,-7,53.00892738988436
60,A4NQ,120L,-8,48.264778504145184
60,A4NQ,120L,-9,42.909801657457876
60,A4NQ,120L,-10,38.598713458082145
60,A4NQ,120L,-11,33.529219716763606
60,A4NQ,120L,-12,29.355749903617873
60,A4NQ,120L,-13,22.972433636531182
60,A4NQ,120L,-14,20.276757344172175
60,A4NQ,120L,-15,11.84664987690582
60,A4NQ,120L,-16,5.319550044285967
60,A4NQ,120L,-17,3.0850145827755435
60,A4NQ,120L,-18,0.0
60,A4NQ,120L,-19,0.0
60,A4NQ,120L,-20,0.0
60,A4NQ,120L,-21,0.0
60,A4NQ,120L,-22,0.0
60,A4NQ,120L,-23,0.0
60,A4NQ,120L,-24,0.0
60,A4NQ,120L,-25,0.0
60,A4NQ,120L,-26,0.0
60,A4NQ,120L,-27,0.0
60,A4NQ,120L,-28,0.0
60,A4NQ,120L,-29,0.0
61,AC4W,120L,0,91.0
61,AC4W,120L,-1,84.82454913147046
61,AC4W,120L,-2,80.22897547100783
61,AC4W,120L,-3,74.36515797229973
61,AC4W,120L,-4,70.12278236902148
61,AC4W,120L,-5,66.10922584527293
61,AC4W,120L,-6,62.64092492044243
61,AC4W,120L,-7,57.51570927480061
61,AC4W,120L,-8,51.936846154257864
61,AC4W,120L,-9,45.64962856236558
61,AC4W,120L,-10,43.088859590101166
61,AC4W,120L,-11,40.02858838541962
61,AC4W,120L,-12,34.00988009259076
61,AC4W,120L,-13,26.412733822049812
61,AC4W,120L,-14,19.425054413187528
61,AC4W,120L,-15,13.555622998270755
61,AC4W,120L,-16,9.395967020733945
61,AC4W,120L,-17,5.541637469749925
61,AC4W,120L,-18,1.1982589592050013
61,AC4W,120L,-19,0.0
61,AC4W,120L,-20,0.0
61,AC4W,120L,-21,0.0
61,AC4W,120L,-22,0.0
61,AC4W,120L,-23,0.0
61,AC4W,120L,-24,0.0
61,AC4W,120L,-25,0.0
61,AC4W,120L,-26,0.0
61,AC4W,120L,-27,0.0
61,AC4W,120L,-28,0.0
61,AC4W,120L,-29,0.0
62,PCNHOZ,120L,0,59.0
62,PCNHOZ,120L,-1,53.36829326784311
62,PCNHOZ,120L,-2,44.40941517578092
62,PCNHOZ,120L,-3,39.93835300266991
62,PCNHOZ,120L,-4,36.65968993101377
62,PCNHOZ,120L,-5,32.99773124254914
62,PCNHOZ,120L,-6,28.309494298915585
62,PCNHOZ,120L,-7,22.846294811774904
62,PCNHOZ,120L,-8,16.549437051940888
62,PCNHOZ,120L,-9,13.086818533373831
62,PCNHOZ,120L,-10,11.512696000197241
62,PCNHOZ,120L,-11,8.598970367871225
62,PCNHOZ,120L,-12,3.3793740310585454
62,PCNHOZ,120L,-13,0.0
62,PCNHOZ,120L,-14,0.0
62,PCNHOZ,120L,-15,0.0
62,PCNHOZ,120L,-16,0.0
62,PCNHOZ,120L,-17,0.0
62,PCNHOZ,120L,-18,0.0
62,PCNHOZ,120L,-19,0.0
62,PCNHOZ,120L,-20,0.0
62,PCNHOZ,120L,-21,0.0
62,PCNHOZ,120L,-22,0.0
62,PCNHOZ,120L,-23,0.0
62,PCNHOZ,120L,-24,0.0
62,PCNHOZ,120L,-25,0.0
62,PCNHOZ,120L,-26,0.0
62,PCNHOZ,120L,-27,0.0
62,PCNHOZ,120L,-28,0.0
62,PCNHOZ,120L,-29,0.0
63,A2DB,120L,0,70.0
63,A2DB,120L,-1,70.89380026519117
63,A2DB,120L,-2,68.37454239269972
63,A2DB,120L,-3,61.825135636089755
63,A2DB,120L,-4,57.67990818495921
63,A2DB,120L,-5,53.46136457732014
63,A2DB,120L,-6,49.883405238213655
63,A2DB,120L,-7,45.69990279281813
63,A2DB,120L,-8,39.23612783506383
63,A2DB,120L,-9,36.84086404238108
63,A2DB,120L,-10,34.44168690625421
63,A2DB,120L,-11,32.20874846952231
63,A2DB,120L,-12,27.43372737911753
63,A2DB,120L,-13,23.188186180777244
63,A2DB,120L,-14,19.661506760482865
63,A2DB,120L,-15,15.27252099332239
63,A2DB,120L,-16,11.890189861797225
63,A2DB,120L,-17,10.489438615133881
63,A2DB,120L,-18,6.723046268783023
63,A2DB,120L,-19,0.0
63,A2DB,120L,-20,0.0
63,A2DB,120L,-21,0.0
63,A2DB,120L,-22,0.507895810723952
63,A2DB,120L,-23,0.0
63,A2DB,120L,-24,0.0
63,A2DB,120L,-25,0.0
63,A2DB,120L,-26,0.0
63,A2DB,120L,-27,0.0
63,A2DB,120L,-28,0.0
63,A2DB,120L,-29,0.0
64,7YUI,120L,0,43.0
64,7YUI,120L,-1,37.04737745543679
64,7YUI,120L,-2,34.173712813550985
64,7YUI,120L,-3,30.673276564158023
64,7YUI,120L,-4,24.62352485744699
64,7YUI,120L,-5,19.98638969760094
64,7YUI,120L,-6,14.453459207153307
64,7YUI,120L,-7,11.182702355815865
64,7YUI,120L,-8,5.232628714653611
64,7YUI,120L,-9,0.0
64,7YUI,120L,-10,0.0
64,7YUI,120L,-11,0.0
64,7YUI,120L,-12,0.0
64,7YUI,120L,-13,0.0
64,7YUI,120L,-14,0.0
64,7YUI,120L,-15,0.0
64,7YUI,120L,-16,0.0
64,7YUI,120L,-17,0.0
64,7YUI,120L,-18,0.0
64,7YUI,120L,-19,0.0
64,7YUI,120L,-20,0.0
64,7YUI,120L,-21,0.0
64,7YUI,120L,-22,0.0
64,7YUI,120L,-23,0.2125771857638692
64,7YUI,120L,-24,0.0
64,7YUI,120L,-25,0.0
64,7YUI,120L,-26,0.0
64,7YUI,120L,-27,0.0
64,7YUI,120L,-28,0.0
64,7YUI,120L,-29,0.0
65,PNDB,120L,0,7.0
65,PNDB,120L,-1,2.6515502887588527
65,PNDB,120L,-2,0.0
65,PNDB,120L,-3,0.0
65,PNDB,120L,-4,0.0
65,PNDB,120L,-5,0.0
65,PNDB,120L,-6,0.0
65,PNDB,120L,-7,0.0
65,PNDB,120L,-8,0.0
65,PNDB,120L,-9,0.0
65,PNDB,120L,-10,0.0
65,PNDB,120L,-11,0.0
65,PNDB,120L,-12,0.0
65,PNDB,120L,-13,0.0
65,PNDB,120L,-14,0.0
65,PNDB,120L,-15,0.0
65,PNDB,120L,-16,0.0
65,PNDB,120L,-17,0.0
65,PNDB,120L,-18,0.0
65,PNDB,120L,-19,0.0
65,PNDB,120L,-20,0.0
65,PNDB,120L,-21,0.0
65,PNDB,120L,-22,0.0
65,PNDB,120L,-23,0.0
65,PNDB,120L,-24,0.0
65,PNDB,120L,-25,0.0
65,PNDB,120L,-26,0.0
65,PNDB,120L,-27,0.0
65,PNDB,120L,-28,0.0
65,PNDB,120L,-29,0.0
66,O6TE,120L,0,46.0
66,O6TE,120L,-1,39.3605915826557
66,O6TE,120L,-2,35.24162896449097
66,O6TE,120L,-3,32.62740570823507
66,O6TE,120L,-4,28.888538651388103
66,O6TE,120L,-5,24.31945642760977
66,O6TE,120L,-6,20.346422125428276
66,O6TE,120L,-7,16.08054722452391
66,O6TE,120L,-8,11.098176519438109
66,O6TE,120L,-9,8.374018041148949
66,O6TE,120L,-10,0.17639480444279698
66,O6TE,120L,-11,0.0
66,O6TE,120L,-12,0.0
66,O6TE,120L,-13,0.0
66,O6TE,120L,-14,0.0
66,O6TE,120L,-15,0.0
66,O6TE,120L,-16,0.0
66,O6TE,120L,-17,0.0
66,O6TE,120L,-18,0.0
66,O6TE,120L,-19,0.0
66,O6TE,120L,-20,0.0
66,O6TE,120L,-21,0.0
66,O6TE,120L,-22,0.0
66,O6TE,120L,-23,0.0
66,O6TE,120L,-24,0.0
66,O6TE,120L,-25,0.0
66,O6TE,120L,-26,0.0
66,O6TE,120L,-27,0.0
66,O6TE,120L,-28,0.0
66,O6TE,120L,-29,0.0
67,RQJH,120L,0,34.0
67,RQJH,120L,-1,29.57516253904013
67,RQJH,120L,-2,23.53832474352239
67,RQJH,120L,-3,19.398234847714765
67,RQJH,120L,-4,16.79226126830915
67,RQJH,120L,-5,13.711757487541849
67,RQJH,120L,-6,7.940250524190731
67,RQJH,120L,-7,0.624699371260693
67,RQJH,120L,-8,0.0
67,RQJH,120L,-9,0.0
67,RQJH,120L,-10,0.0
67,RQJH,120L,-11,0.0
67,RQJH,120L,-12,0.0
67,RQJH,120L,-13,0.0
67,RQJH,120L,-14,0.0
67,RQJH,120L,-15,0.0
67,RQJH,120L,-16,0.0
67,RQJH,120L,-17,0.0
67,RQJH,120L,-18,0.0
67,RQJH,120L,-19,0.0
67,RQJH,120L,-20,0.0
67,RQJH,120L,-21,0.0
67,RQJH,120L,-22,0.0
67,RQJH,120L,-23,0.0
67,RQJH,120L,-24,0.0
67,RQJH,120L,-25,0.0
67,RQJH,120L,-26,0.370487051020282
67,RQJH,120L,-27,0.0
67,RQJH,120L,-28,0.0
67,RQJH,120L,-29,0.0
68,BUAP,120L,0,77.0
68,BUAP,120L,-1,74.13877479842188
68,BUAP,120L,-2,71.41802665986009
68,BUAP,120L,-3,65.81973338548876
68,BUAP,120L,-4,66.08244352174039
68,BUAP,120L,-5,65.01271684586214
68,BUAP,120L,-6,58.26023736187311
68,BUAP,120L,-7,54.39307899908098
68,BUAP,120L,-8,50.19436906106826
68,BUAP,120L,-9,45.08679484737366
68,BUAP,120L,-10,38.722213205898186
68,BUAP,120L,-11,33.86215765440356
68,BUAP,120L,-12,28.892351791678475
68,BUAP,120L,-13,25.10988522423825
68,BUAP,120L,-14,15.653908746729044
68,BUAP,120L,-15,13.469339354165768
68,BUAP,120L,-16,8.95571913766086
68,BUAP,120L,-17,5.863432972028587
68,BUAP,120L,-18,0.0
68,BUAP,120L,-19,0.0
68,BUAP,120L,-20,0.0
68,BUAP,120L,-21,0.0
68,BUAP,120L,-22,0.0
68,BUAP,120L,-23,0.0
68,BUAP,120L,-24,0.0
68,BUAP,120L,-25,0.0
68,BUAP,120L,-26,0.0
68,BUAP,120L,-27,0.0
68,BUAP,120L,-28,0.0
68,BUAP,120L,-29,0.0
69,IRWG,120L,0,80.0
69,IRWG,120L,-1,76.80535663221649
69,IRWG,120L,-2,72.535794630312
69,IRWG,120L,-3,66.84337092280195
69,IRWG,120L,-4,62.65714458729799
69,IRWG,120L,-5,58.96360275344125
69,IRWG,120L,-6,54.85540639107559
69,IRWG,120L,-7,51.86979027502912
69,IRWG,120L,-8,48.45569439256084
69,IRWG,120L,-9,45.15692610928798
69,IRWG,120L,-10,42.62742157626809
69,IRWG,120L,-11,39.86834551548841
69,IRWG,120L,-12,36.47584832507469
69,IRWG,120L,-13,32.84699987080824
69,IRWG,120L,-14,28.641504696202112
69,IRWG,120L,-15,24.32620593873083
69,IRWG,120L,-16,20.718489616698026
69,IRWG,120L,-17,14.298355921721932
69,IRWG,120L,-18,9.606480103159443
69,IRWG,120L,-19,3.478523485474569
69,IRWG,120L,-20,1.1315155945435982
69,IRWG,120L,-21,0.0
69,IRWG,120L,-22,0.0
69,IRWG,120L,-23,0.0
69,IRWG,120L,-24,0.0
69,IRWG,120L,-25,0.0
69,IRWG,120L,-26,0.0
69,IRWG,120L,-27,0.0
69,IRWG,120L,-28,0.0
69,IRWG,120L,-29,0.0
70,AD3R,120L,0,35.0
70,AD3R,120L,-1,29.007507914103233
70,AD3R,120L,-2,24.507338922107678
70,AD3R,120L,-3,18.088173243450193
70,AD3R,120L,-4,13.652023264433534
70,AD3R,120L,-5,6.115356496632093
70,AD3R,120L,-6,3.4582798811225044
70,AD3R,120L,-7,0.0
70,AD3R,120L,-8,0.0
70,AD3R,120L,-9,0.0
70,AD3R,120L,-10,0.0
70,AD3R,120L,-11,0.0
70,AD3R,120L,-12,0.0
70,AD3R,120L,-13,0.0
70,AD3R,120L,-14,0.0
70,AD3R,120L,-15,0.0
70,AD3R,120L,-16,0.0
70,AD3R,120L,-17,0.0
70,AD3R,120L,-18,0.0
70,AD3R,120L,-19,0.0
70,AD3R,120L,-20,0.0
70,AD3R,120L,-21,0.0
70,AD3R,120L,-22,0.0
70,AD3R,120L,-23,0.0
70,AD3R,120L,-24,0.0
70,AD3R,120L,-25,0.0
70,AD3R,120L,-26,0.0
70,AD3R,120L,-27,0.0
70,AD3R,120L,-28,0.0
70,AD3R,120L,-29,0.0
71,BQ6Y,120L,0,49.0
71,BQ6Y,120L,-1,43.72613766964707
71,BQ6Y,120L,-2,40.34421810277241
71,BQ6Y,120L,-3,34.02062513225261
71,BQ6Y,120L,-4,27.860813142736554
71,BQ6Y,120L,-5,21.41923818986708
71,BQ6Y,120L,-6,17.120084070520374
71,BQ6Y,120L,-7,14.168587253152403
71,BQ6Y,120L,-8,11.075712228165635
71,BQ6Y,120L,-9,5.446939375449995
71,BQ6Y,120L,-10,3.300427425376834
71,BQ6Y,120L,-11,0.0
71,BQ6Y,120L,-12,0.0
71,BQ6Y,120L,-13,0.0
71,BQ6Y,120L,-14,0.0
71,BQ6Y,120L,-15,0.0
71,BQ6Y,120L,-16,0.0
71,BQ6Y,120L,-17,0.0
71,BQ6Y,120L,-18,0.0
71,BQ6Y,120L,-19,0.0
71,BQ6Y,120L,-20,0.0
71,BQ6Y,120L,-21,0.0
71,BQ6Y,120L,-22,0.0
71,BQ6Y,120L,-23,0.0
71,BQ6Y,120L,-24,0.0
71,BQ6Y,120L,-25,0.0
71,BQ6Y,120L,-26,0.0
71,BQ6Y,120L,-27,0.0
71,BQ6Y,120L,-28,0.0
71,BQ6Y,120L,-29,0.0
72,MNUD,120L,0,3.0
72,MNUD,120L,-1,1.8329169129889498
72,MNUD,120L,-2,0.0
72,MNUD,120L,-3,0.0
72,MNUD,120L,-4,0.0
72,MNUD,120L,-5,0.0
72,MNUD,120L,-6,0.0
72,MNUD,120L,-7,0.0
72,MNUD,120L,-8,0.0
72,MNUD,120L,-9,0.0
72,MNUD,120L,-10,0.0
72,MNUD,120L,-11,0.0
72,MNUD,120L,-12,0.0
72,MNUD,120L,-13,0.0
72,MNUD,120L,-14,0.0
72,MNUD,120L,-15,0.0
72,MNUD,120L,-16,0.0
72,MNUD,120L,-17,0.0
72,MNUD,120L,-18,0.0
72,MNUD,120L,-19,0.0
72,MNUD,120L,-20,0.0
72,MNUD,120L,-21,0.0
72,MNUD,120L,-22,0.0
72,MNUD,120L,-23,0.0
72,MNUD,120L,-24,0.0
72,MNUD,120L,-25,0.0
72,MNUD,120L,-26,0.0
72,MNUD,120L,-27,0.0
72,MNUD,120L,-28,0.0
72,MNUD,120L,-29,0.0
73,VWTU,240L,0,1.0
73,VWTU,240L,-1,0.0
73,VWTU,240L,-2,0.0
73,VWTU,240L,-3,0.0
73,VWTU,240L,-4,0.0
73,VWTU,240L,-5,0.0
73,VWTU,240L,-6,0.0
73,VWTU,240L,-7,0.0
73,VWTU,240L,-8,0.0
73,VWTU,240L,-9,0.0
73,VWTU,240L,-10,0.0
73,VWTU,240L,-11,0.0
73,VWTU,240L,-12,0.0
73,VWTU,240L,-13,0.0
73,VWTU,240L,-14,0.0
73,VWTU,240L,-15,0.0
73,VWTU,240L,-16,0.0
73,VWTU,240L,-17,0.0
73,VWTU,240L,-18,0.0
73,VWTU,240L,-19,0.0
73,VWTU,240L,-20,0.0
73,VWTU,240L,-21,0.0
73,VWTU,240L,-22,0.0
73,VWTU,240L,-23,0.0
73,VWTU,240L,-24,0.0
73,VWTU,240L,-25,0.0
73,VWTU,240L,-26,0.0
73,VWTU,240L,-27,0.0
73,VWTU,240L,-28,0.0
73,VWTU,240L,-29,0.0
74,YVXSD6,120L,0,5.0
74,YVXSD6,120L,-1,0.0
74,YVXSD6,120L,-2,0.0
74,YVXSD6,120L,-3,0.0
74,YVXSD6,120L,-4,0.0
74,YVXSD6,120L,-5,0.0
74,YVXSD6,120L,-6,0.0
74,YVXSD6,120L,-7,0.0
74,YVXSD6,120L,-8,0.0
74,YVXSD6,120L,-9,0.0
74,YVXSD6,120L,-10,0.0
74,YVXSD6,120L,-11,0.0
74,YVXSD6,120L,-12,0.0
74,YVXSD6,120L,-13,0.0
74,YVXSD6,120L,-14,0.03495196725289951
74,YVXSD6,120L,-15,0.0
74,YVXSD6,120L,-16,0.0
74,YVXSD6,120L,-17,0.0
74,YVXSD6,120L,-18,0.0
74,YVXSD6,120L,-19,0.0
74,YVXSD6,120L,-20,0.0
74,YVXSD6,120L,-21,0.0
74,YVXSD6,120L,-22,0.0
74,YVXSD6,120L,-23,0.0
74,YVXSD6,120L,-24,0.0
74,YVXSD6,120L,-25,0.0
74,YVXSD6,120L,-26,0.0
74,YVXSD6,120L,-27,0.0
74,YVXSD6,120L,-28,0.0
74,YVXSD6,120L,-29,0.0
75,WFCE,120L,0,53.0
75,WFCE,120L,-1,48.632230719222505
75,WFCE,120L,-2,42.71795301225434
75,WFCE,120L,-3,41.204709095763505
75,WFCE,120L,-4,36.16757333108329
75,WFCE,120L,-5,33.8306664657166
75,WFCE,120L,-6,28.056519133595348
75,WFCE,120L,-7,23.540268991271756
75,WFCE,120L,-8,17.921578242079907
75,WFCE,120L,-9,11.279755789393828
75,WFCE,120L,-10,5.505714362493614
75,WFCE,120L,-11,0.0
75,WFCE,120L,-12,0.0
75,WFCE,120L,-13,0.0
75,WFCE,120L,-14,0.0
75,WFCE,120L,-15,0.0
75,WFCE,120L,-16,0.0
75,WFCE,120L,-17,0.0
75,WFCE,120L,-18,0.0
75,WFCE,120L,-19,0.0
75,WFCE,120L,-20,0.0
75,WFCE,120L,-21,0.0
75,WFCE,120L,-22,0.0
75,WFCE,120L,-23,0.0
75,WFCE,120L,-24,0.0
75,WFCE,120L,-25,0.0
75,WFCE,120L,-26,0.0
75,WFCE,120L,-27,0.0
75,WFCE,120L,-28,0.0
75,WFCE,120L,-29,0.0
76,GZKP,120L,0,3.0
76,GZKP,120L,-1,0.8207311881120729
76,GZKP,120L,-2,0.0
76,GZKP,120L,-3,0.0
76,GZKP,120L,-4,0.0
76,GZKP,120L,-5,0.0
76,GZKP,120L,-6,0.0
76,GZKP,120L,-7,0.0
76,GZKP,120L,-8,0.0
76,GZKP,120L,-9,0.0
76,GZKP,120L,-10,0.0
76,GZKP,120L,-11,0.0
76,GZKP,120L,-12,0.0
76,GZKP,120L,-13,0.0
76,GZKP,120L,-14,0.0
76,GZKP,120L,-15,0.0
76,GZKP,120L,-16,0.0
76,GZKP,120L,-17,0.0
76,GZKP,120L,-18,0.0
76,GZKP,120L,-19,0.0
76,GZKP,120L,-20,0.0
76,GZKP,120L,-21,0.0
76,GZKP,120L,-22,0.0
76,GZKP,120L,-23,0.0
76,GZKP,120L,-24,0.0
76,GZKP,120L,-25,0.0
76,GZKP,120L,-26,0.0
76,GZKP,120L,-27,0.0
76,GZKP,120L,-28,0.0
76,GZKP,120L,-29,0.0
77,DUYR,120L,0,53.0
77,DUYR,120L,-1,49.85580879249119
77,DUYR,120L,-2,44.26468723745372
77,DUYR,120L,-3,40.75610212313246
77,DUYR,120L,-4,34.171089733319995
77,DUYR,120L,-5,28.74150423526169
77,DUYR,120L,-6,23.612580828277057
77,DUYR,120L,-7,19.243663659247996
77,DUYR,120L,-8,17.90059759392552
77,DUYR,120L,-9,13.794504522474764
77,DUYR,120L,-10,9.437713799269966
77,DUYR,120L,-11,3.8767875546924624
77,DUYR,120L,-12,0.0
77,DUYR,120L,-13,0.0
77,DUYR,120L,-14,0.0
77,DUYR,120L,-15,0.0
77,DUYR,120L,-16,0.0
77,DUYR,120L,-17,0.0
77,DUYR,120L,-18,0.0
77,DUYR,120L,-19,0.0
77,DUYR,120L,-20,0.0
77,DUYR,120L,-21,0.0
77,DUYR,120L,-22,0.0
77,DUYR,120L,-23,0.0
77,DUYR,120L,-24,0.0
77,DUYR,120L,-25,0.0
77,DUYR,120L,-26,0.0
77,DUYR,120L,-27,0.0
77,DUYR,120L,-28,0.0
77,DUYR,120L,-29,0.0
78,CAHMA5,120L,0,92.0
78,CAHMA5,120L,-1,87.13689202928782
78,CAHMA5,120L,-2,84.82322249803711
78,CAHMA5,120L,-3,79.32618870826646
78,CAHMA5,120L,-4,75.82656493492875
78,CAHMA5,120L,-5,71.25595904013122
78,CAHMA5,120L,-6,69.07576922647964
78,CAHMA5,120L,-7,66.29224066693614
78,CAHMA5,120L,-8,64.08040272370961
78,CAHMA5,120L,-9,60.28342876521261
78,CAHMA5,120L,-10,59.035797016234696
78,CAHMA5,120L,-11,54.04645689435462
78,CAHMA5,120L,-12,49.27196777695556
78,CAHMA5,120L,-13,45.39303661521779
78,CAHMA5,120L,-14,39.543404430312876
78,CAHMA5,120L,-15,34.72133277834657
78,CAHMA5,120L,-16,31.692545437077026
78,CAHMA5,120L,-17,27.474325886147522
78,CAHMA5,120L,-18,24.312232077507247
78,CAHMA5,120L,-19,19.387956010325215
78,CAHMA5,120L,-20,15.039741329064896
78,CAHMA5,120L,-21,11.88920986695612
78,CAHMA5,120L,-22,8.425090767058716
78,CAHMA5,120L,-23,1.2435442948464044
78,CAHMA5,120L,-24,0.0
78,CAHMA5,120L,-25,0.0
78,CAHMA5,120L,-26,0.0
78,CAHMA5,120L,-27,0.0
78,CAHMA5,120L,-28,0.0
78,CAHMA5,120L,-29,0.0
79,CXDWRY,120L,0,62.0
79,CXDWRY,120L,-1,56.95668982645529
79,CXDWRY,120L,-2,50.33372699864671
79,CXDWRY,120L,-3,43.42360310000115
79,CXDWRY,120L,-4,37.61602255563521
79,CXDWRY,120L,-5,35.564032976585345
79,CXDWRY,120L,-6,31.66116227809703
79,CXDWRY,120L,-7,26.75739690970246
79,CXDWRY,120L,-8,21.51590775857542
79,CXDWRY,120L,-9,15.82136657785944
79,CXDWRY,120L,-10,13.597967607494297
79,CXDWRY,120L,-11,10.839996138875664
79,CXDWRY,120L,-12,5.9409099869797855
79,CXDWRY,120L,-13,0.0
79,CXDWRY,120L,-14,0.0
79,CXDWRY,120L,-15,0.0
79,CXDWRY,120L,-16,0.0
79,CXDWRY,120L,-17,0.0
79,CXDWRY,120L,-18,0.0
79,CXDWRY,120L,-19,0.0
79,CXDWRY,120L,-20,0.0
79,CXDWRY,120L,-21,0.0
79,CXDWRY,120L,-22,0.0
79,CXDWRY,120L,-23,0.0
79,CXDWRY,120L,-24,0.0
79,CXDWRY,120L,-25,0.0
79,CXDWRY,120L,-26,0.0
79,CXDWRY,120L,-27,0.0
79,CXDWRY,120L,-28,0.0
79,CXDWRY,120L,-29,0.0
80,4BX3,120L,0,17.0
80,4BX3,120L,-1,12.877205129228328
80,4BX3,120L,-2,11.45713142292521
80,4BX3,120L,-3,8.648247300171432
80,4BX3,120L,-4,4.356936616455545
80,4BX3,120L,-5,0.0
80,4BX3,120L,-6,0.0
80,4BX3,120L,-7,0.0
80,4BX3,120L,-8,0.0
80,4BX3,120L,-9,0.0
80,4BX3,120L,-10,0.0
80,4BX3,120L,-11,0.0
80,4BX3,120L,-12,0.0
80,4BX3,120L,-13,0.0
80,4BX3,120L,-14,0.0
80,4BX3,120L,-15,0.0
80,4BX3,120L,-16,0.0
80,4BX3,120L,-17,0.0
80,4BX3,120L,-18,0.0
80,4BX3,120L,-19,0.0
80,4BX3,120L,-20,0.0
80,4BX3,120L,-21,0.0
80,4BX3,120L,-22,0.0
80,4BX3,120L,-23,0.0
80,4BX3,120L,-24,0.0
80,4BX3,120L,-25,0.0
80,4BX3,120L,-26,0.0
80,4BX3,120L,-27,0.0
80,4BX3,120L,-28,0.0
80,4BX3,120L,-29,0.0
81,D5Y7,120L,0,89.0
81,D5Y7,120L,-1,84.36889375495534
81,D5Y7,120L,-2,83.48886114717496
81,D5Y7,120L,-3,82.69267432854966
81,D5Y7,120L,-4,82.95249804232762
81,D5Y7,120L,-5,79.20988895827527
81,D5Y7,120L,-6,74.80396069446519
81,D5Y7,120L,-7,71.731015744849
81,D5Y7,120L,-8,68.82692949126111
81,D5Y7,120L,-9,64.40056502423838
81,D5Y7,120L,-10,58.970272872745014
81,D5Y7,120L,-11,50.75961550177913
81,D5Y7,120L,-12,46.840244291429535
81,D5Y7,120L,-13,44.86339447240547
81,D5Y7,120L,-14,38.294198249245376
81,D5Y7,120L,-15,32.69891264180369
81,D5Y7,120L,-16,24.559668309051787
81,D5Y7,120L,-17,19.545886029126418
81,D5Y7,120L,-18,16.41781290165988
81,D5Y7,120L,-19,11.966687512328466
81,D5Y7,120L,-20,5.676954707723386
81,D5Y7,120L,-21,0.9466872591233535
81,D5Y7,120L,-22,0.0
81,D5Y7,120L,-23,0.0
81,D5Y7,120L,-24,0.0
81,D5Y7,120L,-25,0.0
81,D5Y7,120L,-26,0.0
81,D5Y7,120L,-27,0.0
81,D5Y7,120L,-28,0.0
81,D5Y7,120L,-29,0.0
82,B3ZB,120L,0,43.0
82,B3ZB,120L,-1,37.49194188155342
82,B3ZB,120L,-2,31.713426039319863
82,B3ZB,120L,-3,25.730481126698475
82,B3ZB,120L,-4,20.922531450475734
82,B3ZB,120L,-5,13.016430672950076
82,B3ZB,120L,-6,5.101271177109412
82,B3ZB,120L,-7,0.31979367331192643
82,B3ZB,120L,-8,0.0
82,B3ZB,120L,-9,0.0
82,B3ZB,120L,-10,0.0
82,B3ZB,120L,-11,0.0
82,B3ZB,120L,-12,0.0
82,B3ZB,120L,-13,0.0
82,B3ZB,120L,-14,0.0
82,B3ZB,120L,-15,0.0
82,B3ZB,120L,-16,0.0
82,B3ZB,120L,-17,0.0
82,B3ZB,120L,-18,0.0
82,B3ZB,120L,-19,0.0
82,B3ZB,120L,-20,0.0
82,B3ZB,120L,-21,0.0
82,B3ZB,120L,-22,0.0
82,B3ZB,120L,-23,0.0
82,B3ZB,120L,-24,0.0
82,B3ZB,120L,-25,0.0
82,B3ZB,120L,-26,0.0
82,B3ZB,120L,-27,0.0
82,B3ZB,120L,-28,0.0
82,B3ZB,120L,-29,0.0
83,PVRAIY,120L,0,33.0
83,PVRAIY,120L,-1,26.545655109571427
83,PVRAIY,120L,-2,22.652519003943336
83,PVRAIY,120L,-3,17.887133388631433
83,PVRAIY,120L,-4,14.946056122146214
83,PVRAIY,120L,-5,10.628929108358758
83,PVRAIY,120L,-6,8.579327485514375
83,PVRAIY,120L,-7,5.240169002260144
83,PVRAIY,120L,-8,2.4042454675603775
83,PVRAIY,120L,-9,0.9155706130166998
83,PVRAIY,120L,-10,0.0
83,PVRAIY,120L,-11,0.0
83,PVRAIY,120L,-12,0.0
83,PVRAIY,120L,-13,0.2638680865369851
83,PVRAIY,120L,-14,0.0
83,PVRAIY,120L,-15,0.0
83,PVRAIY,120L,-16,0.0
83,PVRAIY,120L,-17,0.0
83,PVRAIY,120L,-18,0.0
83,PVRAIY,120L,-19,0.0
83,PVRAIY,120L,-20,0.0
83,PVRAIY,120L,-21,0.0
83,PVRAIY,120L,-22,0.0
83,PVRAIY,120L,-23,0.0
83,PVRAIY,120L,-24,0.0
83,PVRAIY,120L,-25,0.0
83,PVRAIY,120L,-26,0.0
83,PVRAIY,120L,-27,0.0
83,PVRAIY,120L,-28,0.0
83,PVRAIY,120L,-29,0.0
84,PVRAIY,120L,0,73.0
84,PVRAIY,120L,-1,69.68162014343741
84,PVRAIY,120L,-2,66.86071852252459
84,PVRAIY,120L,-3,64.87374274073426
84,PVRAIY,120L,-4,59.930984748391
84,PVRAIY,120L,-5,54.4434569481443
84,PVRAIY,120L,-6,49.363036465304006
84,PVRAIY,120L,-7,45.21739346463717
84,PVRAIY,120L,-8,40.64099911817276
84,PVRAIY,120L,-9,35.949440230259064
84,PVRAIY,120L,-10,32.45250939181053
84,PVRAIY,120L,-11,28.91093823765843
84,PVRAIY,120L,-12,25.59016356931545
84,PVRAIY,120L,-13,21.645097832096674
84,PVRAIY,120L,-14,16.488769866424782
84,PVRAIY,120L,-15,12.557536637441917
84,PVRAIY,120L,-16,11.154079465128033
84,PVRAIY,120L,-17,5.391254465121712
84,PVRAIY,120L,-18,1.196903666403625
84,PVRAIY,120L,-19,0.0
84,PVRAIY,120L,-20,0.0
84,PVRAIY,120L,-21,0.0
84,PVRAIY,120L,-22,0.0
84,PVRAIY,120L,-23,0.0
84,PVRAIY,120L,-24,0.0
84,PVRAIY,120L,-25,0.0
84,PVRAIY,120L,-26,0.0
84,PVRAIY,120L,-27,0.0
84,PVRAIY,120L,-28,0.0
84,PVRAIY,120L,-29,0.0
85,SGIW,120L,0,61.0
85,SGIW,120L,-1,56.370158557987736
85,SGIW,120L,-2,50.57187326294707
85,SGIW,120L,-3,47.644929047865176
85,SGIW,120L,-4,45.907693341407416
85,SGIW,120L,-5,42.96768749527914
85,SGIW,120L,-6,39.170072136571264
85,SGIW,120L,-7,33.2245798818093
85,SGIW,120L,-8,29.600191542353883
85,SGIW,120L,-9,27.341428771321304
85,SGIW,120L,-10,23.00267694475565
85,SGIW,120L,-11,17.776616842186872
85,SGIW,120L,-12,13.47923977838128
85,SGIW,120L,-13,9.57993155776623
85,SGIW,120L,-14,4.960139960451021
85,SGIW,120L,-15,0.0
85,SGIW,120L,-16,0.0
85,SGIW,120L,-17,0.0
85,SGIW,120L,-18,0.0
85,SGIW,120L,-19,0.0
85,SGIW,120L,-20,0.0
85,SGIW,120L,-21,0.0
85,SGIW,120L,-22,0.0
85,SGIW,120L,-23,0.0
85,SGIW,120L,-24,0.0
85,SGIW,120L,-25,0.0
85,SGIW,120L,-26,0.0
85,SGIW,120L,-27,0.0
85,SGIW,120L,-28,0.0
85,SGIW,120L,-29,0.0
86,2L6I,120L,0,99.0
86,2L6I,120L,-1,94.37788612718462
86,2L6I,120L,-2,91.15619310051234
86,2L6I,120L,-3,87.19754633617481
86,2L6I,120L,-4,82.44298347138741
86,2L6I,120L,-5,80.03275364159714
86,2L6I,120L,-6,76.38002527033943
86,2L6I,120L,-7,72.95312613200574
86,2L6I,120L,-8,69.6510331731652
86,2L6I,120L,-9,64.35640899716567
86,2L6I,120L,-10,61.899392707730435
86,2L6I,120L,-11,59.04941439749065
86,2L6I,120L,-12,55.92994734447312
86,2L6I,120L,-13,51.929752627075224
86,2L6I,120L,-14,47.98588737972309
86,2L6I,120L,-15,45.404200465362045
86,2L6I,120L,-16,38.71368987158932
86,2L6I,120L,-17,33.71355229298165
86,2L6I,120L,-18,29.9616695872516
86,2L6I,120L,-19,24.91817410579259
86,2L6I,120L,-20,19.81465459769563
86,2L6I,120L,-21,13.392312517628017
86,2L6I,120L,-22,8.595095536125442
86,2L6I,120L,-23,7.353917612764159
86,2L6I,120L,-24,3.3984988168115864
86,2L6I,120L,-25,0.0
86,2L6I,120L,-26,0.0
86,2L6I,120L,-27,0.0
86,2L6I,120L,-28,0.0
86,2L6I,120L,-29,0.0
87,VIUB,120L,0,13.0
87,VIUB,120L,-1,11.402303346953047
87,VIUB,120L,-2,9.744210548726207
87,VIUB,120L,-3,4.869915377658955
87,VIUB,120L,-4,1.0084693399146918
87,VIUB,120L,-5,0.0
87,VIUB,120L,-6,0.0
87,VIUB,120L,-7,0.0
87,VIUB,120L,-8,0.0
87,VIUB,120L,-9,0.0
87,VIUB,120L,-10,0.0
87,VIUB,120L,-11,0.0
87,VIUB,120L,-12,0.0
87,VIUB,120L,-13,0.0
87,VIUB,120L,-14,0.0
87,VIUB,120L,-15,0.0
87,VIUB,120L,-16,0.0
87,VIUB,120L,-17,0.0
87,VIUB,120L,-18,0.0
87,VIUB,120L,-19,0.0
87,VIUB,120L,-20,0.0
87,VIUB,120L,-21,0.0
87,VIUB,120L,-22,0.0
87,VIUB,120L,-23,0.0
87,VIUB,120L,-24,0.0
87,VIUB,120L,-25,0.0
87,VIUB,120L,-26,0.0
87,VIUB,120L,-27,0.0
87,VIUB,120L,-28,0.0
87,VIUB,120L,-29,0.0
88,LIEV,120L,0,94.0
88,LIEV,120L,-1,89.5116415015613
88,LIEV,120L,-2,87.99444172682426
88,LIEV,120L,-3,84.00988331355953
88,LIEV,120L,-4,79.91774238303367
88,LIEV,120L,-5,75.91010035639395
88,LIEV,120L,-6,72.48200727369857
88,LIEV,120L,-7,70.20916538473895
88,LIEV,120L,-8,65.92394290746532
88,LIEV,120L,-9,63.05923738066682
88,LIEV,120L,-10,57.17245664820984
88,LIEV,120L,-11,55.69668843669734
88,LIEV,120L,-12,50.416393655266404
88,LIEV,120L,-13,46.54604961146565
88,LIEV,120L,-14,42.137475808847434
88,LIEV,120L,-15,38.75148168595981
88,LIEV,120L,-16,33.49258677707145
88,LIEV,120L,-17,30.427628550589425
88,LIEV,120L,-18,23.3220502145113
88,LIEV,120L,-19,17.970003748880348
88,LIEV,120L,-20,11.757192510488359
88,LIEV,120L,-21,5.916957751388497
88,LIEV,120L,-22,0.07139620541908129
88,LIEV,120L,-23,0.0
88,LIEV,120L,-24,0.0
88,LIEV,120L,-25,0.0
88,LIEV,120L,-26,0.0
88,LIEV,120L,-27,0.0
88,LIEV,120L,-28,0.0
88,LIEV,120L,-29,0.0
89,7KUU,120L,0,47.0
89,7KUU,120L,-1,41.375683818400695
89,7KUU,120L,-2,38.703249621586274
89,7KUU,120L,-3,31.23960222845958
89,7KUU,120L,-4,27.892897308567033
89,7KUU,120L,-5,22.29226993063845
89,7KUU,120L,-6,15.777615364084934
89,7KUU,120L,-7,10.808409612277499
89,7KUU,120L,-8,6.721496662336328
89,7KUU,120L,-9,2.5311009709216408
89,7KUU,120L,-10,0.4564094797774261
89,7KUU,120L,-11,0.0
89,7KUU,120L,-12,0.0
89,7KUU,120L,-13,0.0
89,7KUU,120L,-14,0.0
89,7KUU,120L,-15,0.0
89,7KUU,120L,-16,0.0
89,7KUU,120L,-17,0.0
89,7KUU,120L,-18,0.0
89,7KUU,120L,-19,0.0
89,7KUU,120L,-20,0.0
89,7KUU,120L,-21,0.0
89,7KUU,120L,-22,0.0
89,7KUU,120L,-23,0.0
89,7KUU,120L,-24,0.0
89,7KUU,120L,-25,0.0
89,7KUU,120L,-26,0.0
89,7KUU,120L,-27,0.0
89,7KUU,120L,-28,0.0
89,7KUU,120L,-29,0.0
90,YUUH,120L,0,14.0
90,YUUH,120L,-1,9.003008669617262
90,YUUH,120L,-2,1.8559588866939538
90,YUUH,120L,-3,0.0
90,YUUH,120L,-4,0.0
90,YUUH,120L,-5,0.0
90,YUUH,120L,-6,0.0
90,YUUH,120L,-7,0.0
90,YUUH,120L,-8,0.0
90,YUUH,120L,-9,0.0
90,YUUH,120L,-10,0.0
90,YUUH,120L,-11,0.0
90,YUUH,120L,-12,0.0
90,YUUH,120L,-13,0.0
90,YUUH,120L,-14,0.0
90,YUUH,120L,-15,0.0
90,YUUH,120L,-16,0.0
90,YUUH,120L,-17,0.0
90,YUUH,120L,-18,0.0
90,YUUH,120L,-19,0.0
90,YUUH,120L,-20,0.0
90,YUUH,120L,-21,0.0
90,YUUH,120L,-22,0.0
90,YUUH,120L,-23,0.0
90,YUUH,120L,-24,0.0
90,YUUH,120L,-25,0.0
90,YUUH,120L,-26,0.0
90,YUUH,120L,-27,0.0
90,YUUH,120L,-28,0.0
90,YUUH,120L,-29,0.0
91,MX3D,120L,0,71.0
91,MX3D,120L,-1,66.04001362037557
91,MX3D,120L,-2,58.796724202954785
91,MX3D,120L,-3,53.44629418471953
91,MX3D,120L,-4,49.18122696411103
91,MX3D,120L,-5,44.444975897551494
91,MX3D,120L,-6,34.38438975774468
91,MX3D,120L,-7,29.316942363336562
91,MX3D,120L,-8,28.917837998220357
91,MX3D,120L,-9,28.691028169511284
91,MX3D,120L,-10,25.31410083586743
91,MX3D,120L,-11,21.372054692847403
91,MX3D,120L,-12,16.588102908999193
91,MX3D,120L,-13,11.301939783201544
91,MX3D,120L,-14,6.926851697906396
91,MX3D,120L,-15,1.3226531694004626
91,MX3D,120L,-16,0.0
91,MX3D,120L,-17,0.0
91,MX3D,120L,-18,0.0
91,MX3D,120L,-19,0.0
91,MX3D,120L,-20,0.0
91,MX3D,120L,-21,0.0
91,MX3D,120L,-22,0.0
91,MX3D,120L,-23,0.0
91,MX3D,120L,-24,0.0
91,MX3D,120L,-25,0.0
91,MX3D,120L,-26,0.0
91,MX3D,120L,-27,0.0
91,MX3D,120L,-28,0.0
91,MX3D,120L,-29,0.0
92,TQZ2,120L,0,77.0
92,TQZ2,120L,-1,71.44064867709646
92,TQZ2,120L,-2,67.25986205287994
92,TQZ2,120L,-3,60.08526392802195
92,TQZ2,120L,-4,54.9223542865363
92,TQZ2,120L,-5,50.9232877608007
92,TQZ2,120L,-6,46.08646562528377
92,TQZ2,120L,-7,40.30497930278224
92,TQZ2,120L,-8,31.34252050609905
92,TQZ2,120L,-9,25.919748964333863
92,TQZ2,120L,-10,20.329991675332877
92,TQZ2,120L,-11,16.044806507725653
92,TQZ2,120L,-12,11.585898490895737
92,TQZ2,120L,-13,6.316039698738966
92,TQZ2,120L,-14,3.3577790116853072
92,TQZ2,120L,-15,0.0
92,TQZ2,120L,-16,0.0
92,TQZ2,120L,-17,0.0
92,TQZ2,120L,-18,0.0
92,TQZ2,120L,-19,0.0
92,TQZ2,120L,-20,0.0
92,TQZ2,120L,-21,0.0
92,TQZ2,120L,-22,0.0
92,TQZ2,120L,-23,0.0
92,TQZ2,120L,-24,0.0
92,TQZ2,120L,-25,0.0
92,TQZ2,120L,-26,0.0
92,TQZ2,120L,-27,0.0
92,TQZ2,120L,-28,0.0
92,TQZ2,120L,-29,0.0
93,4OBW,120L,0,86.0
93,4OBW,120L,-1,78.55734392438978
93,4OBW,120L,-2,73.64063186990774
93,4OBW,120L,-3,66.51820818644599
93,4OBW,120L,-4,61.37145603666347
93,4OBW,120L,-5,59.39176078500961
93,4OBW,120L,-6,56.51054152412418
93,4OBW,120L,-7,53.595632860257744
93,4OBW,120L,-8,52.56586827493846
93,4OBW,120L,-9,46.37335272039553
93,4OBW,120L,-10,40.6792803511338
93,4OBW,120L,-11,37.57594755438589
93,4OBW,120L,-12,32.99812182392559
93,4OBW,120L,-13,28.113211233751088
93,4OBW,120L,-14,23.07904710948435
93,4OBW,120L,-15,17.718751162755897
93,4OBW,120L,-16,10.0944734995388
93,4OBW,120L,-17,3.6741147186690806
93,4OBW,120L,-18,0.0
93,4OBW,120L,-19,0.0
93,4OBW,120L,-20,0.0
93,4OBW,120L,-21,0.0
93,4OBW,120L,-22,0.0
93,4OBW,120L,-23,0.0
93,4OBW,120L,-24,0.0
93,4OBW,120L,-25,0.0
93,4OBW,120L,-26,0.0
93,4OBW,120L,-27,0.0
93,4OBW,120L,-28,0.0
93,4OBW,120L,-29,0.0
94,42E3,120L,0,61.0
94,42E3,120L,-1,56.63258882549568
94,42E3,120L,-2,54.164971913022015
94,42E3,120L,-3,50.179504365856744
94,42E3,120L,-4,44.967819519071526
94,42E3,120L,-5,40.177018318262284
94,42E3,120L,-6,34.49250980414579
94,42E3,120L,-7,29.6217320084492
94,42E3,120L,-8,24.119503267256274
94,42E3,120L,-9,18.15298394972055
94,42E3,120L,-10,14.620155288957722
94,42E3,120L,-11,11.071525059402346
94,42E3,120L,-12,5.282418628702822
94,42E3,120L,-13,0.4933907811497287
94,42E3,120L,-14,0.0
94,42E3,120L,-15,0.0
94,42E3,120L,-16,0.0
94,42E3,120L,-17,0.0
94,42E3,120L,-18,0.0
94,42E3,120L,-19,0.0
94,42E3,120L,-20,0.0
94,42E3,120L,-21,0.0
94,42E3,120L,-22,0.0
94,42E3,120L,-23,0.0
94,42E3,120L,-24,0.0
94,42E3,120L,-25,0.0
94,42E3,120L,-26,0.0
94,42E3,120L,-27,0.0
94,42E3,120L,-28,0.0
94,42E3,120L,-29,0.0
95,EHNR,120L,0,39.0
95,EHNR,120L,-1,36.0606400144144
95,EHNR,120L,-2,32.423390597374066
95,EHNR,120L,-3,26.78146026241718
95,EHNR,120L,-4,21.83760028955644
95,EHNR,120L,-5,18.54653304375321
95,EHNR,120L,-6,12.548362623553025
95,EHNR,120L,-7,8.688313715180627
95,EHNR,120L,-8,8.799729803045295
95,EHNR,120L,-9,5.640550603106
95,EHNR,120L,-10,3.4092163855417814
95,EHNR,120L,-11,0.0
95,EHNR,120L,-12,0.0
95,EHNR,120L,-13,0.0
95,EHNR,120L,-14,0.0
95,EHNR,120L,-15,0.0
95,EHNR,120L,-16,0.0
95,EHNR,120L,-17,0.0
95,EHNR,120L,-18,0.0
95,EHNR,120L,-19,0.0
95,EHNR,120L,-20,0.0
95,EHNR,120L,-21,0.0
95,EHNR,120L,-22,0.0
95,EHNR,120L,-23,0.0
95,EHNR,120L,-24,0.0
95,EHNR,120L,-25,0.0
95,EHNR,120L,-26,0.0
95,EHNR,120L,-27,0.0
95,EHNR,120L,-28,0.0
95,EHNR,120L,-29,0.0
96,6HTD,120L,0,84.0
96,6HTD,120L,-1,81.6162894200941
96,6HTD,120L,-2,79.98459836958966
96,6HTD,120L,-3,79.65235703685788
96,6HTD,120L,-4,76.51397775635928
96,6HTD,120L,-5,71.9533739532158
96,6HTD,120L,-6,65.1884202948799
96,6HTD,120L,-7,62.54469809305894
96,6HTD,120L,-8,60.692261465246105
96,6HTD,120L,-9,55.9025307052717
96,6HTD,120L,-10,53.11498026264342
96,6HTD,120L,-11,47.26118817767399
96,6HTD,120L,-12,41.08002444603769
96,6HTD,120L,-13,35.66008737971301
96,6HTD,120L,-14,34.28253725681158
96,6HTD,120L,-15,30.547214862873968
96,6HTD,120L,-16,25.84524152640636
96,6HTD,120L,-17,21.990000848232615
96,6HTD,120L,-18,17.315108825231604
96,6HTD,120L,-19,11.616970629509858
96,6HTD,120L,-20,7.983626535174403
96,6HTD,120L,-21,1.4373036668116974
96,6HTD,120L,-22,0.0
96,6HTD,120L,-23,0.0
96,6HTD,120L,-24,0.0
96,6HTD,120L,-25,0.0
96,6HTD,120L,-26,0.0
96,6HTD,120L,-27,0.0
96,6HTD,120L,-28,0.0
96,6HTD,120L,-29,0.0
97,6IME,120L,0,79.0
97,6IME,120L,-1,75.76208778207696
97,6IME,120L,-2,72.29277506137954
97,6IME,120L,-3,64.9871395821501
97,6IME,120L,-4,59.00469215033309
97,6IME,120L,-5,55.753854679705114
97,6IME,120L,-6,54.75144636021741
97,6IME,120L,-7,48.89058532184211
97,6IME,120L,-8,42.896627488737764
97,6IME,120L,-9,36.20578175265366
97,6IME,120L,-10,32.52773959028863
97,6IME,120L,-11,28.127872354673254
97,6IME,120L,-12,24.028743346801924
97,6IME,120L,-13,21.19579849537138
97,6IME,120L,-14,18.06950399241462
97,6IME,120L,-15,13.29702636823349
97,6IME,120L,-16,6.846451202622632
97,6IME,120L,-17,0.0
97,6IME,120L,-18,0.0
97,6IME,120L,-19,0.0
97,6IME,120L,-20,0.0
97,6IME,120L,-21,0.0
97,6IME,120L,-22,0.0
97,6IME,120L,-23,0.0
97,6IME,120L,-24,0.0
97,6IME,120L,-25,0.0
97,6IME,120L,-26,0.0
97,6IME,120L,-27,0.0
97,6IME,120L,-28,0.0
97,6IME,120L,-29,0.0
98,A2MK,240L,0,81.0
98,A2MK,240L,-1,72.99038254767852
98,A2MK,240L,-2,67.29541098670366
98,A2MK,240L,-3,61.71255459723955
98,A2MK,240L,-4,56.723248559592555
98,A2MK,240L,-5,50.127381065364084
98,A2MK,240L,-6,44.9315127295981
98,A2MK,240L,-7,40.60549481495091
98,A2MK,240L,-8,35.996101127247044
98,A2MK,240L,-9,29.648106648799864
98,A2MK,240L,-10,24.428655341344438
98,A2MK,240L,-11,18.68574919161651
98,A2MK,240L,-12,14.000179220780387
98,A2MK,240L,-13,8.106369628401689
98,A2MK,240L,-14,4.9635671419488645
98,A2MK,240L,-15,0.0
98,A2MK,240L,-16,0.0
98,A2MK,240L,-17,0.0
98,A2MK,240L,-18,0.0
98,A2MK,240L,-19,0.0
98,A2MK,240L,-20,0.0
98,A2MK,240L,-21,0.0
98,A2MK,240L,-22,0.0
98,A2MK,240L,-23,0.0
98,A2MK,240L,-24,0.0
98,A2MK,240L,-25,0.0
98,A2MK,240L,-26,0.0
98,A2MK,240L,-27,0.0
98,A2MK,240L,-28,0.0
98,A2MK,240L,-29,0.0
99,74ZLG3,120L,0,52.0
99,74ZLG3,120L,-1,50.4501736613895
99,74ZLG3,120L,-2,44.24718013277496
99,74ZLG3,120L,-3,39.77465615792544
99,74ZLG3,120L,-4,33.75968822125722
99,74ZLG3,120L,-5,29.821875424157497
99,74ZLG3,120L,-6,26.355103760552574
99,74ZLG3,120L,-7,18.92527942741296
99,74ZLG3,120L,-8,12.712189475804553
99,74ZLG3,120L,-9,7.926855204697512
99,74ZLG3,120L,-10,1.966016160088987
99,74ZLG3,120L,-11,0.0
99,74ZLG3,120L,-12,0.0
99,74ZLG3,120L,-13,0.0
99,74ZLG3,120L,-14,0.0
99,74ZLG3,120L,-15,0.0
99,74ZLG3,120L,-16,0.0
99,74ZLG3,120L,-17,0.0
99,74ZLG3,120L,-18,0.0
99,74ZLG3,120L,-19,0.0
99,74ZLG3,120L,-20,0.0
99,74ZLG3,120L,-21,0.0
99,74ZLG3,120L,-22,0.0
99,74ZLG3,120L,-23,0.0
99,74ZLG3,120L,-24,0.0
99,74ZLG3,120L,-25,0.0
99,74ZLG3,120L,-26,0.0
99,74ZLG3,120L,-27,0.0
99,74ZLG3,120L,-28,0.0
99,74ZLG3,120L,-29,0.0
100,B3FI,120L,0,23.0
100,B3FI,120L,-1,18.2458549568495
100,B3FI,120L,-2,16.499107801137384
100,B3FI,120L,-3,13.000547428928012
100,B3FI,120L,-4,10.113721235054268
100,B3FI,120L,-5,7.157070390245286
100,B3FI,120L,-6,2.17897967375203
100,B3FI,120L,-7,0.0
100,B3FI,120L,-8,0.0
100,B3FI,120L,-9,0.0
100,B3FI,120L,-10,0.0
100,B3FI,120L,-11,0.0
100,B3FI,120L,-12,0.0
100,B3FI,120L,-13,0.0
100,B3FI,120L,-14,0.0
100,B3FI,120L,-15,0.0
100,B3FI,120L,-16,0.0
100,B3FI,120L,-17,0.0
100,B3FI,120L,-18,0.0
100,B3FI,120L,-19,0.0
100,B3FI,120L,-20,0.0
100,B3FI,120L,-21,0.0
100,B3FI,120L,-22,0.0
100,B3FI,120L,-23,0.0
100,B3FI,120L,-24,0.0
100,B3FI,120L,-25,0.0
100,B3FI,120L,-26,0.0
100,B3FI,120L,-27,0.0
100,B3FI,120L,-28,0.0
100,B3FI,120L,-29,0.0
101,FDSTRJ,120L,0,25.0
101,FDSTRJ,120L,-1,20.4147125251551
101,FDSTRJ,120L,-2,16.547019933970212
101,FDSTRJ,120L,-3,14.235673144170551
101,FDSTRJ,120L,-4,8.227002043913727
101,FDSTRJ,120L,-5,3.5101057700126415
101,FDSTRJ,120L,-6,1.0231592596694474
101,FDSTRJ,120L,-7,0.0
101,FDSTRJ,120L,-8,0.0
101,FDSTRJ,120L,-9,0.0
101,FDSTRJ,120L,-10,0.0
101,FDSTRJ,120L,-11,0.0
101,FDSTRJ,120L,-12,0.0
101,FDSTRJ,120L,-13,0.0
101,FDSTRJ,120L,-14,0.0
101,FDSTRJ,120L,-15,0.0
101,FDSTRJ,120L,-16,0.0
101,FDSTRJ,120L,-17,0.0
101,FDSTRJ,120L,-18,0.0
101,FDSTRJ,120L,-19,0.0
101,FDSTRJ,120L,-20,0.0
101,FDSTRJ,120L,-21,0.0
101,FDSTRJ,120L,-22,0.0
101,FDSTRJ,120L,-23,0.0
101,FDSTRJ,120L,-24,0.0
101,FDSTRJ,120L,-25,0.0
101,FDSTRJ,120L,-26,0.0
101,FDSTRJ,120L,-27,0.0
101,FDSTRJ,120L,-28,0.0
101,FDSTRJ,120L,-29,0.0
102,H7MM,120L,0,88.0
102,H7MM,120L,-1,85.23078308656004
102,H7MM,120L,-2,80.36433764459788
102,H7MM,120L,-3,78.21541442081774
102,H7MM,120L,-4,71.273476732698
102,H7MM,120L,-5,64.47016236277075
102,H7MM,120L,-6,59.902088402587154
102,H7MM,120L,-7,57.67065401785572
102,H7MM,120L,-8,53.323800371289934
102,H7MM,120L,-9,50.70200347348765
102,H7MM,120L,-10,45.278909510978025
102,H7MM,120L,-11,40.99656102884688
102,H7MM,120L,-12,39.382965557087246
102,H7MM,120L,-13,32.10591699664154
102,H7MM,120L,-14,26.73951803488538
102,H7MM,120L,-15,21.170958097814434
102,H7MM,120L,-16,14.137512118530609
102,H7MM,120L,-17,7.291901190827361
102,H7MM,120L,-18,1.5722999140451628
102,H7MM,120L,-19,0.0
102,H7MM,120L,-20,0.0
102,H7MM,120L,-21,0.0
102,H7MM,120L,-22,0.0
102,H7MM,120L,-23,0.0
102,H7MM,120L,-24,0.0
102,H7MM,120L,-25,0.0
102,H7MM,120L,-26,0.0
102,H7MM,120L,-27,0.0
102,H7MM,120L,-28,0.0
102,H7MM,120L,-29,0.0
103,EUZU,120L,0,59.0
103,EUZU,120L,-1,53.292497233399025
103,EUZU,120L,-2,47.08680225956054
103,EUZU,120L,-3,41.910637307948605
103,EUZU,120L,-4,39.1059424062542
103,EUZU,120L,-5,32.11293952419622
103,EUZU,120L,-6,26.908716982888603
103,EUZU,120L,-7,22.78961950793101
103,EUZU,120L,-8,16.0682910576995
103,EUZU,120L,-9,9.710419534377413
103,EUZU,120L,-10,4.365528968567504
103,EUZU,120L,-11,0.0
103,EUZU,120L,-12,0.0
103,EUZU,120L,-13,0.0
103,EUZU,120L,-14,0.0
103,EUZU,120L,-15,0.0
103,EUZU,120L,-16,0.0
103,EUZU,120L,-17,0.0
103,EUZU,120L,-18,0.0
103,EUZU,120L,-19,0.0
103,EUZU,120L,-20,0.0
103,EUZU,120L,-21,0.0
103,EUZU,120L,-22,0.0
103,EUZU,120L,-23,0.0
103,EUZU,120L,-24,0.0
103,EUZU,120L,-25,0.0
103,EUZU,120L,-26,0.0
103,EUZU,120L,-27,0.0
103,EUZU,120L,-28,0.0
103,EUZU,120L,-29,0.0
104,LQS7,120L,0,40.0
104,LQS7,120L,-1,36.8411213088883
104,LQS7,120L,-2,30.800855211135172
104,LQS7,120L,-3,24.12851002893623
104,LQS7,120L,-4,18.69660674807768
104,LQS7,120L,-5,12.916696558043013
104,LQS7,120L,-6,7.787905935877434
104,LQS7,120L,-7,4.067735282968803
104,LQS7,120L,-8,0.0
104,LQS7,120L,-9,0.0
104,LQS7,120L,-10,0.0
104,LQS7,120L,-11,0.0
104,LQS7,120L,-12,0.0
104,LQS7,120L,-13,0.0
104,LQS7,120L,-14,0.0
104,LQS7,120L,-15,0.0
104,LQS7,120L,-16,0.0
104,LQS7,120L,-17,0.0
104,LQS7,120L,-18,0.0
104,LQS7,120L,-19,0.0
104,LQS7,120L,-20,0.0
104,LQS7,120L,-21,0.0
104,LQS7,120L,-22,0.0
104,LQS7,120L,-23,0.0
104,LQS7,120L,-24,0.0
104,LQS7,120L,-25,0.0
104,LQS7,120L,-26,0.0
104,LQS7,120L,-27,0.0
104,LQS7,120L,-28,0.0
104,LQS7,120L,-29,0.0
105,QOH2,120L,0,28.0
105,QOH2,120L,-1,24.913987385669866
105,QOH2,120L,-2,22.109614546456474
105,QOH2,120L,-3,20.700904698519402
105,QOH2,120L,-4,18.498829168970886
105,QOH2,120L,-5,15.095780485566177
105,QOH2,120L,-6,10.90253051039751
105,QOH2,120L,-7,6.2248999024033065
105,QOH2,120L,-8,0.0
105,QOH2,120L,-9,0.0
105,QOH2,120L,-10,0.0
105,QOH2,120L,-11,0.0
105,QOH2,120L,-12,0.0
105,QOH2,120L,-13,0.0
105,QOH2,120L,-14,0.0
105,QOH2,120L,-15,0.0
105,QOH2,120L,-16,0.0
105,QOH2,120L,-17,0.0
105,QOH2,120L,-18,0.0
105,QOH2,120L,-19,0.0
105,QOH2,120L,-20,0.0
105,QOH2,120L,-21,0.0
105,QOH2,120L,-22,0.0
105,QOH2,120L,-23,0.0
105,QOH2,120L,-24,0.0
105,QOH2,120L,-25,0.0
105,QOH2,120L,-26,0.0
105,QOH2,120L,-27,0.0
105,QOH2,120L,-28,0.0
105,QOH2,120L,-29,0.0
106,7WIN,240L,0,14.0
106,7WIN,240L,-1,8.789282509197161
106,7WIN,240L,-2,2.377274340085806
106,7WIN,240L,-3,0.0
106,7WIN,240L,-4,0.0
106,7WIN,240L,-5,0.0
106,7WIN,240L,-6,0.0
106,7WIN,240L,-7,0.0
106,7WIN,240L,-8,0.0
106,7WIN,240L,-9,0.0
106,7WIN,240L,-10,0.0
106,7WIN,240L,-11,0.0
106,7WIN,240L,-12,0.0
106,7WIN,240L,-13,0.0
106,7WIN,240L,-14,0.0
106,7WIN,240L,-15,0.0
106,7WIN,240L,-16,0.0
106,7WIN,240L,-17,0.0
106,7WIN,240L,-18,0.0
106,7WIN,240L,-19,0.0
106,7WIN,240L,-20,0.0
106,7WIN,240L,-21,0.0
106,7WIN,240L,-22,0.0
106,7WIN,240L,-23,0.0
106,7WIN,240L,-24,0.0
106,7WIN,240L,-25,0.0
106,7WIN,240L,-26,0.0
106,7WIN,240L,-27,0.0
106,7WIN,240L,-28,0.0
106,7WIN,240L,-29,0.0
107,LUKAU6,240L,0,44.0
107,LUKAU6,240L,-1,38.82985510694943
107,LUKAU6,240L,-2,35.796460399649995
107,LUKAU6,240L,-3,30.160663396166303
107,LUKAU6,240L,-4,20.611949573004573
107,LUKAU6,240L,-5,11.571893173087282
107,LUKAU6,240L,-6,5.761255867761064
107,LUKAU6,240L,-7,0.0
107,LUKAU6,240L,-8,0.0
107,LUKAU6,240L,-9,0.0
107,LUKAU6,240L,-10,0.0
107,LUKAU6,240L,-11,0.0
107,LUKAU6,240L,-12,0.0
107,LUKAU6,240L,-13,0.0
107,LUKAU6,240L,-14,0.0
107,LUKAU6,240L,-15,0.0
107,LUKAU6,240L,-16,0.0
107,LUKAU6,240L,-17,0.0
107,LUKAU6,240L,-18,0.0
107,LUKAU6,240L,-19,0.0
107,LUKAU6,240L,-20,0.0
107,LUKAU6,240L,-21,0.0
107,LUKAU6,240L,-22,0.0
107,LUKAU6,240L,-23,0.0
107,LUKAU6,240L,-24,0.0
107,LUKAU6,240L,-25,0.0
107,LUKAU6,240L,-26,0.0
107,LUKAU6,240L,-27,0.0
107,LUKAU6,240L,-28,0.0
107,LUKAU6,240L,-29,0.0
108,7VCQ,240L,0,64.0
108,7VCQ,240L,-1,57.58552014526976
108,7VCQ,240L,-2,54.16466016410987
108,7VCQ,240L,-3,48.889005431029254
108,7VCQ,240L,-4,42.55172817570454
108,7VCQ,240L,-5,35.97110012623635
108,7VCQ,240L,-6,27.760335300122097
108,7VCQ,240L,-7,21.365459423084815
108,7VCQ,240L,-8,16.482203167106512
108,7VCQ,240L,-9,11.38139465211564
108,7VCQ,240L,-10,6.259490193622691
108,7VCQ,240L,-11,0.17032302147902775
108,7VCQ,240L,-12,0.0
108,7VCQ,240L,-13,0.0
108,7VCQ,240L,-14,0.0
108,7VCQ,240L,-15,0.0
108,7VCQ,240L,-16,0.0
108,7VCQ,240L,-17,0.0
108,7VCQ,240L,-18,0.0
108,7VCQ,240L,-19,0.0
108,7VCQ,240L,-20,0.0
108,7VCQ,240L,-21,0.0
108,7VCQ,240L,-22,0.0
108,7VCQ,240L,-23,0.0
108,7VCQ,240L,-24,0.0
108,7VCQ,240L,-25,0.0
108,7VCQ,240L,-26,0.0
108,7VCQ,240L,-27,0.0
108,7VCQ,240L,-28,0.0
108,7VCQ,240L,-29,0.0
109,FOY2RW,240L,0,88.0
109,FOY2RW,240L,-1,83.06059747081727
109,FOY2RW,240L,-2,79.1441967019471
109,FOY2RW,240L,-3,72.81466817686194
109,FOY2RW,240L,-4,65.80253206925113
109,FOY2RW,240L,-5,60.58673149522588
109,FOY2RW,240L,-6,53.15549759176756
109,FOY2RW,240L,-7,47.477101845466045
109,FOY2RW,240L,-8,41.75714502571447
109,FOY2RW,240L,-9,32.35949258927447
109,FOY2RW,240L,-10,28.60588250399154
109,FOY2RW,240L,-11,18.76836018510324
109,FOY2RW,240L,-12,10.70379584177164
109,FOY2RW,240L,-13,4.589422779480715
109,FOY2RW,240L,-14,0.0
109,FOY2RW,240L,-15,0.0
109,FOY2RW,240L,-16,0.0
109,FOY2RW,240L,-17,0.0
109,FOY2RW,240L,-18,0.0
109,FOY2RW,240L,-19,0.0
109,FOY2RW,240L,-20,0.0
109,FOY2RW,240L,-21,0.0
109,FOY2RW,240L,-22,0.0
109,FOY2RW,240L,-23,0.0
109,FOY2RW,240L,-24,0.0
109,FOY2RW,240L,-25,0.0
109,FOY2RW,240L,-26,0.0
109,FOY2RW,240L,-27,0.0
109,FOY2RW,240L,-28,0.0
109,FOY2RW,240L,-29,0.0
110,7T6P,120L,0,70.0
110,7T6P,120L,-1,65.72124463527315
110,7T6P,120L,-2,62.69646251020789
110,7T6P,120L,-3,54.53320306866372
110,7T6P,120L,-4,51.79286740130602
110,7T6P,120L,-5,46.58695913163755
110,7T6P,120L,-6,41.36523882629245
110,7T6P,120L,-7,35.47852313642993
110,7T6P,120L,-8,30.34308219333919
110,7T6P,120L,-9,25.439929675915142
110,7T6P,120L,-10,22.417873699033255
110,7T6P,120L,-11,14.821146187660801
110,7T6P,120L,-12,10.69503999540035
110,7T6P,120L,-13,5.205028808297571
110,7T6P,120L,-14,0.0
110,7T6P,120L,-15,0.0
110,7T6P,120L,-16,0.0
110,7T6P,120L,-17,0.0
110,7T6P,120L,-18,0.0
110,7T6P,120L,-19,0.0
110,7T6P,120L,-20,0.0
110,7T6P,120L,-21,0.0
110,7T6P,120L,-22,0.0
110,7T6P,120L,-23,0.0
110,7T6P,120L,-24,0.0
110,7T6P,120L,-25,0.0
110,7T6P,120L,-26,0.0
110,7T6P,120L,-27,0.0
110,7T6P,120L,-28,0.0
110,7T6P,120L,-29,0.0
111,DL7T,120L,0,8.0
111,DL7T,120L,-1,1.5682694602962937
111,DL7T,120L,-2,0.0
111,DL7T,120L,-3,0.0
111,DL7T,120L,-4,0.0
111,DL7T,120L,-5,0.0
111,DL7T,120L,-6,0.0
111,DL7T,120L,-7,0.0
111,DL7T,120L,-8,0.0
111,DL7T,120L,-9,0.0
111,DL7T,120L,-10,0.0
111,DL7T,120L,-11,0.0
111,DL7T,120L,-12,0.0
111,DL7T,120L,-13,0.0
111,DL7T,120L,-14,0.0
111,DL7T,120L,-15,0.0
111,DL7T,120L,-16,0.0
111,DL7T,120L,-17,0.0
111,DL7T,120L,-18,0.0
111,DL7T,120L,-19,0.0
111,DL7T,120L,-20,0.0
111,DL7T,120L,-21,0.0
111,DL7T,120L,-22,0.0
111,DL7T,120L,-23,0.0
111,DL7T,120L,-24,0.0
111,DL7T,120L,-25,0.0
111,DL7T,120L,-26,0.0
111,DL7T,120L,-27,0.0
111,DL7T,120L,-28,0.0
111,DL7T,120L,-29,0.0
112,L4APOF,120L,0,87.0
112,L4APOF,120L,-1,80.58369815864717
112,L4APOF,120L,-2,75.37382974236218
112,L4APOF,120L,-3,69.17975548055105
112,L4APOF,120L,-4,64.75705851841222
112,L4APOF,120L,-5,61.47399482735205
112,L4APOF,120L,-6,56.03434819496821
112,L4APOF,120L,-7,51.05548590998375
112,L4APOF,120L,-8,46.26676741836181
112,L4APOF,120L,-9,43.05677021437387
112,L4APOF,120L,-10,39.978112383756674
112,L4APOF,120L,-11,39.48578170038944
112,L4APOF,120L,-12,34.99227635973605
112,L4APOF,120L,-13,26.914826709838355
112,L4APOF,120L,-14,24.166513047656668
112,L4APOF,120L,-15,21.149478352345074
112,L4APOF,120L,-16,18.398825047519196
112,L4APOF,120L,-17,16.210961393992037
112,L4APOF,120L,-18,14.653461296718032
112,L4APOF,120L,-19,11.555931950067123
112,L4APOF,120L,-20,3.985489614113851
112,L4APOF,120L,-21,0.0
112,L4APOF,120L,-22,0.0
112,L4APOF,120L,-23,0.0
112,L4APOF,120L,-24,0.0
112,L4APOF,120L,-25,0.0
112,L4APOF,120L,-26,0.0
112,L4APOF,120L,-27,0.0
112,L4APOF,120L,-28,0.0
112,L4APOF,120L,-29,0.0
113,7QZLCR,1.100L,0,0.0
113,7QZLCR,1.100L,-1,0.0
113,7QZLCR,1.100L,-2,0.0
113,7QZLCR,1.100L,-3,0.0
113,7QZLCR,1.100L,-4,0.0
113,7QZLCR,1.100L,-5,0.0
113,7QZLCR,1.100L,-6,0.0
113,7QZLCR,1.100L,-7,0.0
113,7QZLCR,1.100L,-8,0.0
113,7QZLCR,1.100L,-9,0.0
113,7QZLCR,1.100L,-10,0.0
113,7QZLCR,1.100L,-11,0.0
113,7QZLCR,1.100L,-12,0.0
113,7QZLCR,1.100L,-13,0.0
113,7QZLCR,1.100L,-14,0.0
113,7QZLCR,1.100L,-15,0.0
113,7QZLCR,1.100L,-16,0.0
113,7QZLCR,1.100L,-17,0.0
113,7QZLCR,1.100L,-18,0.0
113,7QZLCR,1.100L,-19,0.0
113,7QZLCR,1.100L,-20,0.0
113,7QZLCR,1.100L,-21,0.0
113,7QZLCR,1.100L,-22,0.0
113,7QZLCR,1.100L,-23,0.0
113,7QZLCR,1.100L,-24,0.0
113,7QZLCR,1.100L,-25,0.0
113,7QZLCR,1.100L,-26,0.0
113,7QZLCR,1.100L,-27,0.0
113,7QZLCR,1.100L,-28,0.0
113,7QZLCR,1.100L,-29,0.0
114,CUGP,120L,0,7.0
114,CUGP,120L,-1,1.193483358128348
114,CUGP,120L,-2,0.0
114,CUGP,120L,-3,0.0
114,CUGP,120L,-4,0.0
114,CUGP,120L,-5,0.0
114,CUGP,120L,-6,0.0
114,CUGP,120L,-7,0.0
114,CUGP,120L,-8,0.0
114,CUGP,120L,-9,0.0
114,CUGP,120L,-10,0.0
114,CUGP,120L,-11,0.0
114,CUGP,120L,-12,0.0
114,CUGP,120L,-13,0.22940654218739542
114,CUGP,120L,-14,0.0
114,CUGP,120L,-15,0.0
114,CUGP,120L,-16,0.0
114,CUGP,120L,-17,0.0
114,CUGP,120L,-18,0.0
114,CUGP,120L,-19,0.0
114,CUGP,120L,-20,0.0
114,CUGP,120L,-21,0.0
114,CUGP,120L,-22,0.0
114,CUGP,120L,-23,0.0
114,CUGP,120L,-24,0.0
114,CUGP,120L,-25,0.0
114,CUGP,120L,-26,0.0
114,CUGP,120L,-27,0.0
114,CUGP,120L,-28,0.0
114,CUGP,120L,-29,0.0
115,AWBU,120L,0,87.0
115,AWBU,120L,-1,82.15093526635005
115,AWBU,120L,-2,78.4696288171996
115,AWBU,120L,-3,74.67103423783755
115,AWBU,120L,-4,71.33462640165551
115,AWBU,120L,-5,68.36592791630365
115,AWBU,120L,-6,62.44328353903204
115,AWBU,120L,-7,57.24896879530269
115,AWBU,120L,-8,54.24409414969956
115,AWBU,120L,-9,47.298549181376906
115,AWBU,120L,-10,43.06878851312081
115,AWBU,120L,-11,40.70431725092167
115,AWBU,120L,-12,37.84188291476268
115,AWBU,120L,-13,31.261945931031274
115,AWBU,120L,-14,27.25783516902573
115,AWBU,120L,-15,26.65453725156938
115,AWBU,120L,-16,23.826395726396377
115,AWBU,120L,-17,19.272713221126565
115,AWBU,120L,-18,17.328126898120995
115,AWBU,120L,-19,11.963371733977944
115,AWBU,120L,-20,6.795317615564322
115,AWBU,120L,-21,2.7448101416158197
115,AWBU,120L,-22,0.0
115,AWBU,120L,-23,0.0
115,AWBU,120L,-24,0.0
115,AWBU,120L,-25,0.0
115,AWBU,120L,-26,0.0
115,AWBU,120L,-27,0.0
115,AWBU,120L,-28,0.0
115,AWBU,120L,-29,0.0
116,LDNFET,240L,0,62.0
116,LDNFET,240L,-1,56.688537584824324
116,LDNFET,240L,-2,50.234958939709266
116,LDNFET,240L,-3,42.31577562185094
116,LDNFET,240L,-4,36.816901992346025
116,LDNFET,240L,-5,30.648661289663174
116,LDNFET,240L,-6,24.341483856505974
116,LDNFET,240L,-7,20.107189823351256
116,LDNFET,240L,-8,14.487065704182793
116,LDNFET,240L,-9,8.08646426355579
116,LDNFET,240L,-10,1.2505914732233192
116,LDNFET,240L,-11,0.0
116,LDNFET,240L,-12,0.0
116,LDNFET,240L,-13,0.0
116,LDNFET,240L,-14,0.0
116,LDNFET,240L,-15,0.0
116,LDNFET,240L,-16,0.0
116,LDNFET,240L,-17,0.0
116,LDNFET,240L,-18,0.0
116,LDNFET,240L,-19,0.0
116,LDNFET,240L,-20,0.0
116,LDNFET,240L,-21,0.0
116,LDNFET,240L,-22,0.0
116,LDNFET,240L,-23,0.0
116,LDNFET,240L,-24,0.0
116,LDNFET,240L,-25,0.0
116,LDNFET,240L,-26,0.0
116,LDNFET,240L,-27,0.0
116,LDNFET,240L,-28,0.0
116,LDNFET,240L,-29,0.0
117,5CNOGA,120L,0,10.0
117,5CNOGA,120L,-1,6.022861176917804
117,5CNOGA,120L,-2,0.0
117,5CNOGA,120L,-3,0.0
117,5CNOGA,120L,-4,0.0
117,5CNOGA,120L,-5,0.0
117,5CNOGA,120L,-6,0.0
117,5CNOGA,120L,-7,0.0
117,5CNOGA,120L,-8,0.0
117,5CNOGA,120L,-9,0.0
117,5CNOGA,120L,-10,0.0
117,5CNOGA,120L,-11,0.0
117,5CNOGA,120L,-12,0.0
117,5CNOGA,120L,-13,0.0
117,5CNOGA,120L,-14,0.0
117,5CNOGA,120L,-15,0.0
117,5CNOGA,120L,-16,0.0
117,5CNOGA,120L,-17,0.0
117,5CNOGA,120L,-18,0.0
117,5CNOGA,120L,-19,0.0
117,5CNOGA,120L,-20,0.0
117,5CNOGA,120L,-21,0.0
117,5CNOGA,120L,-22,0.0
117,5CNOGA,120L,-23,0.0
117,5CNOGA,120L,-24,0.0
117,5CNOGA,120L,-25,0.0
117,5CNOGA,120L,-26,0.0
117,5CNOGA,120L,-27,0.0
117,5CNOGA,120L,-28,0.0
117,5CNOGA,120L,-29,0.0
118,CMJT,120L,0,80.0
118,CMJT,120L,-1,77.25077449199793
118,CMJT,120L,-2,74.28395870525901
118,CMJT,120L,-3,69.20139201038512
118,CMJT,120L,-4,63.664948390005335
118,CMJT,120L,-5,57.647507409085186
118,CMJT,120L,-6,54.92631730714494
118,CMJT,120L,-7,50.96636646799333
118,CMJT,120L,-8,46.444305757570135
118,CMJT,120L,-9,38.86912948526619
118,CMJT,120L,-10,32.87756802656826
118,CMJT,120L,-11,31.79581822464593
118,CMJT,120L,-12,31.451632971044802
118,CMJT,120L,-13,29.100793015646108
118,CMJT,120L,-14,27.39637726470676
118,CMJT,120L,-15,20.852328540066004
118,CMJT,120L,-16,16.13830201567065
118,CMJT,120L,-17,11.948753360525396
118,CMJT,120L,-18,8.110899773399575
118,CMJT,120L,-19,2.293149457046299
118,CMJT,120L,-20,0.19233944915645784
118,CMJT,120L,-21,0.0
118,CMJT,120L,-22,0.0
118,CMJT,120L,-23,0.0
118,CMJT,120L,-24,0.0
118,CMJT,120L,-25,0.0
118,CMJT,120L,-26,0.0
118,CMJT,120L,-27,0.0
118,CMJT,120L,-28,0.0
118,CMJT,120L,-29,0.0
119,VRJU,120L,0,7.0
119,VRJU,120L,-1,0.7769179677652862
119,VRJU,120L,-2,0.6595889422442842
119,VRJU,120L,-3,0.0
119,VRJU,120L,-4,0.0
119,VRJU,120L,-5,0.0
119,VRJU,120L,-6,0.0
119,VRJU,120L,-7,0.0
119,VRJU,120L,-8,0.0
119,VRJU,120L,-9,0.0
119,VRJU,120L,-10,0.0
119,VRJU,120L,-11,0.0
119,VRJU,120L,-12,0.0
119,VRJU,120L,-13,0.0
119,VRJU,120L,-14,0.0
119,VRJU,120L,-15,0.0
119,VRJU,120L,-16,0.0
119,VRJU,120L,-17,0.0
119,VRJU,120L,-18,0.0
119,VRJU,120L,-19,0.0
119,VRJU,120L,-20,0.0
119,VRJU,120L,-21,0.0
119,VRJU,120L,-22,0.07746600894231959
119,VRJU,120L,-23,0.0
119,VRJU,120L,-24,0.0
119,VRJU,120L,-25,0.0
119,VRJU,120L,-26,0.0
119,VRJU,120L,-27,0.0
119,VRJU,120L,-28,0.0
119,VRJU,120L,-29,0.0
120,4YA6,120L,0,34.0
120,4YA6,120L,-1,26.33179600437059
120,4YA6,120L,-2,20.576557224251907
120,4YA6,120L,-3,14.758343331812021
120,4YA6,120L,-4,8.035903523376088
120,4YA6,120L,-5,4.21872088941118
120,4YA6,120L,-6,1.6687279187148554
120,4YA6,120L,-7,0.0
120,4YA6,120L,-8,0.0
120,4YA6,120L,-9,0.0
120,4YA6,120L,-10,0.0
120,4YA6,120L,-11,0.0
120,4YA6,120L,-12,0.0
120,4YA6,120L,-13,0.0
120,4YA6,120L,-14,0.0
120,4YA6,120L,-15,0.0
120,4YA6,120L,-16,0.0
120,4YA6,120L,-17,0.0
120,4YA6,120L,-18,0.0
120,4YA6,120L,-19,0.0
120,4YA6,120L,-20,0.0
120,4YA6,120L,-21,0.0
120,4YA6,120L,-22,0.0
120,4YA6,120L,-23,0.0
120,4YA6,120L,-24,0.0
120,4YA6,120L,-25,0.0
120,4YA6,120L,-26,0.0
120,4YA6,120L,-27,0.0
120,4YA6,120L,-28,0.0
120,4YA6,120L,-29,0.0
121,MPB5UZ,120L,0,34.0
121,MPB5UZ,120L,-1,29.01515954102188
121,MPB5UZ,120L,-2,24.103582263537202
121,MPB5UZ,120L,-3,17.73412490171382
121,MPB5UZ,120L,-4,10.226716752995943
121,MPB5UZ,120L,-5,5.1407960683277345
121,MPB5UZ,120L,-6,1.807919479222561
121,MPB5UZ,120L,-7,0.0
121,MPB5UZ,120L,-8,0.0
121,MPB5UZ,120L,-9,0.0
121,MPB5UZ,120L,-10,0.0
121,MPB5UZ,120L,-11,0.0
121,MPB5UZ,120L,-12,0.0
121,MPB5UZ,120L,-13,0.0
121,MPB5UZ,120L,-14,0.0
121,MPB5UZ,120L,-15,0.0
121,MPB5UZ,120L,-16,0.0
121,MPB5UZ,120L,-17,0.0
121,MPB5UZ,120L,-18,0.0
121,MPB5UZ,120L,-19,0.0
121,MPB5UZ,120L,-20,0.0
121,MPB5UZ,120L,-21,0.0
121,MPB5UZ,120L,-22,0.0
121,MPB5UZ,120L,-23,0.0
121,MPB5UZ,120L,-24,0.0
121,MPB5UZ,120L,-25,0.0
121,MPB5UZ,120L,-26,0.0
121,MPB5UZ,120L,-27,0.0
121,MPB5UZ,120L,-28,0.0
121,MPB5UZ,120L,-29,0.0
122,UJED,240L,0,32.0
122,UJED,240L,-1,25.729595996751062
122,UJED,240L,-2,16.99017256031509
122,UJED,240L,-3,10.005795987039544
122,UJED,240L,-4,6.75357620642931
122,UJED,240L,-5,0.0
122,UJED,240L,-6,0.0
122,UJED,240L,-7,0.0
122,UJED,240L,-8,0.0
122,UJED,240L,-9,0.0
122,UJED,240L,-10,0.0
122,UJED,240L,-11,0.0
122,UJED,240L,-12,0.0
122,UJED,240L,-13,0.0
122,UJED,240L,-14,0.0
122,UJED,240L,-15,0.0
122,UJED,240L,-16,0.0
122,UJED,240L,-17,0.0
122,UJED,240L,-18,0.0
122,UJED,240L,-19,0.0
122,UJED,240L,-20,0.0
122,UJED,240L,-21,0.0
122,UJED,240L,-22,0.0
122,UJED,240L,-23,0.0
122,UJED,240L,-24,0.0
122,UJED,240L,-25,0.0
122,UJED,240L,-26,0.0
122,UJED,240L,-27,0.0
122,UJED,240L,-28,0.0
122,UJED,240L,-29,0.0
123,7GNE,120L,0,4.0
123,7GNE,120L,-1,0.17351657397312958
123,7GNE,120L,-2,0.0
123,7GNE,120L,-3,0.0
123,7GNE,120L,-4,0.0
123,7GNE,120L,-5,0.0
123,7GNE,120L,-6,0.0
123,7GNE,120L,-7,0.0
123,7GNE,120L,-8,0.0
123,7GNE,120L,-9,0.0
123,7GNE,120L,-10,0.0
123,7GNE,120L,-11,0.0
123,7GNE,120L,-12,0.0
123,7GNE,120L,-13,0.0
123,7GNE,120L,-14,0.0
123,7GNE,120L,-15,0.0
123,7GNE,120L,-16,0.0
123,7GNE,120L,-17,0.0
123,7GNE,120L,-18,0.0
123,7GNE,120L,-19,0.0
123,7GNE,120L,-20,0.0
123,7GNE,120L,-21,0.0
123,7GNE,120L,-22,0.0
123,7GNE,120L,-23,0.0
123,7GNE,120L,-24,0.0
123,7GNE,120L,-25,0.0
123,7GNE,120L,-26,0.0
123,7GNE,120L,-27,0.0
123,7GNE,120L,-28,0.0
123,7GNE,120L,-29,0.0
124,7EKJ,120L,0,40.0
124,7EKJ,120L,-1,35.632426282625154
124,7EKJ,120L,-2,28.930914763690687
124,7EKJ,120L,-3,25.72442452869123
124,7EKJ,120L,-4,21.049257702695197
124,7EKJ,120L,-5,16.264569808377065
124,7EKJ,120L,-6,10.44696505144925
124,7EKJ,120L,-7,6.340647740657633
124,7EKJ,120L,-8,0.6201507130279076
124,7EKJ,120L,-9,0.0
124,7EKJ,120L,-10,0.0
124,7EKJ,120L,-11,0.0
124,7EKJ,120L,-12,0.0
124,7EKJ,120L,-13,0.0
124,7EKJ,120L,-14,0.0
124,7EKJ,120L,-15,0.0
124,7EKJ,120L,-16,0.0
124,7EKJ,120L,-17,0.0
124,7EKJ,120L,-18,0.0
124,7EKJ,120L,-19,0.0
124,7EKJ,120L,-20,0.0
124,7EKJ,120L,-21,0.0
124,7EKJ,120L,-22,0.0
124,7EKJ,120L,-23,0.0
124,7EKJ,120L,-24,0.0
124,7EKJ,120L,-25,0.0
124,7EKJ,120L,-26,0.0
124,7EKJ,120L,-27,0.0
124,7EKJ,120L,-28,0.0
124,7EKJ,120L,-29,0.0
125,7AS6,120L,0,27.0
125,7AS6,120L,-1,20.609284127571676
125,7AS6,120L,-2,18.15839876766258
125,7AS6,120L,-3,13.028349743609988
125,7AS6,120L,-4,5.360938569695637
125,7AS6,120L,-5,2.4612706345803166
125,7AS6,120L,-6,0.0
125,7AS6,120L,-7,0.0
125,7AS6,120L,-8,0.0
125,7AS6,120L,-9,0.0
125,7AS6,120L,-10,0.0
125,7AS6,120L,-11,0.0
125,7AS6,120L,-12,0.0
125,7AS6,120L,-13,0.0
125,7AS6,120L,-14,0.0
125,7AS6,120L,-15,0.0
125,7AS6,120L,-16,0.0
125,7AS6,120L,-17,0.0
125,7AS6,120L,-18,0.0
125,7AS6,120L,-19,0.0
125,7AS6,120L,-20,0.0
125,7AS6,120L,-21,0.0
125,7AS6,120L,-22,0.0
125,7AS6,120L,-23,0.0
125,7AS6,120L,-24,0.0
125,7AS6,120L,-25,0.0
125,7AS6,120L,-26,0.0
125,7AS6,120L,-27,0.0
125,7AS6,120L,-28,0.0
125,7AS6,120L,-29,0.0
126,CQS7,120L,0,6.0
126,CQS7,120L,-1,0.5816484876064627
126,CQS7,120L,-2,0.0
126,CQS7,120L,-3,0.0
126,CQS7,120L,-4,0.0
126,CQS7,120L,-5,0.0
126,CQS7,120L,-6,0.0
126,CQS7,120L,-7,0.0
126,CQS7,120L,-8,0.0
126,CQS7,120L,-9,0.0
126,CQS7,120L,-10,0.0
126,CQS7,120L,-11,0.0
126,CQS7,120L,-12,0.0
126,CQS7,120L,-13,0.0
126,CQS7,120L,-14,0.0
126,CQS7,120L,-15,0.0
126,CQS7,120L,-16,0.0
126,CQS7,120L,-17,0.0
126,CQS7,120L,-18,0.0
126,CQS7,120L,-19,0.0
126,CQS7,120L,-20,0.0
126,CQS7,120L,-21,0.0
126,CQS7,120L,-22,0.0
126,CQS7,120L,-23,0.0
126,CQS7,120L,-24,0.0
126,CQS7,120L,-25,0.0
126,CQS7,120L,-26,0.0
126,CQS7,120L,-27,0.0
126,CQS7,120L,-28,0.0
126,CQS7,120L,-29,0.0
127,OTAV,120L,0,72.0
127,OTAV,120L,-1,64.90599334388443
127,OTAV,120L,-2,58.451927599225286
127,OTAV,120L,-3,54.189773618189015
127,OTAV,120L,-4,50.245807452153315
127,OTAV,120L,-5,42.72024817269226
127,OTAV,120L,-6,37.06013362988394
127,OTAV,120L,-7,33.563416874293914
127,OTAV,120L,-8,29.090395714684234
127,OTAV,120L,-9,23.269544595155267
127,OTAV,120L,-10,19.82854679073692
127,OTAV,120L,-11,15.746834312876187
127,OTAV,120L,-12,12.667168503299255
127,OTAV,120L,-13,6.560529500009949
127,OTAV,120L,-14,2.267682993419449
127,OTAV,120L,-15,0.0
127,OTAV,120L,-16,0.0
127,OTAV,120L,-17,0.0
127,OTAV,120L,-18,0.0
127,OTAV,120L,-19,0.0
127,OTAV,120L,-20,0.0
127,OTAV,120L,-21,0.0
127,OTAV,120L,-22,0.0
127,OTAV,120L,-23,0.0
127,OTAV,120L,-24,0.0
127,OTAV,120L,-25,0.0
127,OTAV,120L,-26,0.0
127,OTAV,120L,-27,0.0
127,OTAV,120L,-28,0.0
127,OTAV,120L,-29,0.0
128,SBEF,120L,0,71.0
128,SBEF,120L,-1,63.708428146985575
128,SBEF,120L,-2,59.20096464509094
128,SBEF,120L,-3,52.37562680752192
128,SBEF,120L,-4,46.820974130073836
128,SBEF,120L,-5,43.11416031324428
128,SBEF,120L,-6,41.39636911299415
128,SBEF,120L,-7,37.28947353827436
128,SBEF,120L,-8,33.73622741302847
128,SBEF,120L,-9,29.50739594184097
128,SBEF,120L,-10,25.336708960821294
128,SBEF,120L,-11,19.034346559333372
128,SBEF,120L,-12,14.350757398281702
128,SBEF,120L,-13,7.754808099533838
128,SBEF,120L,-14,0.8112336942671741
128,SBEF,120L,-15,0.0
128,SBEF,120L,-16,0.0
128,SBEF,120L,-17,0.0
128,SBEF,120L,-18,0.0
128,SBEF,120L,-19,0.0
128,SBEF,120L,-20,0.0
128,SBEF,120L,-21,0.0
128,SBEF,120L,-22,0.0
128,SBEF,120L,-23,0.0
128,SBEF,120L,-24,0.0
128,SBEF,120L,-25,0.0
128,SBEF,120L,-26,0.0
128,SBEF,120L,-27,0.0
128,SBEF,120L,-28,0.0
128,SBEF,120L,-29,0.0
129,XAI5V2,120L,0,11.0
129,XAI5V2,120L,-1,7.404868734773044
129,XAI5V2,120L,-2,5.8164174331607255
129,XAI5V2,120L,-3,2.156479529100208
129,XAI5V2,120L,-4,0.0
129,XAI5V2,120L,-5,0.0
129,XAI5V2,120L,-6,0.0
129,XAI5V2,120L,-7,0.0
129,XAI5V2,120L,-8,0.0
129,XAI5V2,120L,-9,0.0
129,XAI5V2,120L,-10,0.0
129,XAI5V2,120L,-11,0.0
129,XAI5V2,120L,-12,0.0
129,XAI5V2,120L,-13,0.0
129,XAI5V2,120L,-14,0.0
129,XAI5V2,120L,-15,0.0
129,XAI5V2,120L,-16,0.0
129,XAI5V2,120L,-17,0.0
129,XAI5V2,120L,-18,0.0
129,XAI5V2,120L,-19,0.0
129,XAI5V2,120L,-20,0.0
129,XAI5V2,120L,-21,0.0
129,XAI5V2,120L,-22,0.0
129,XAI5V2,120L,-23,0.0
129,XAI5V2,120L,-24,0.0
129,XAI5V2,120L,-25,0.0
129,XAI5V2,120L,-26,0.0
129,XAI5V2,120L,-27,0.0
129,XAI5V2,120L,-28,0.0
129,XAI5V2,120L,-29,0.0
130,F6QH,120L,0,33.0
130,F6QH,120L,-1,26.552041708781214
130,F6QH,120L,-2,21.55174118314805
130,F6QH,120L,-3,16.27532637792573
130,F6QH,120L,-4,12.013922117234769
130,F6QH,120L,-5,7.842560998929047
130,F6QH,120L,-6,2.2745521819088848
130,F6QH,120L,-7,0.0
130,F6QH,120L,-8,0.0
130,F6QH,120L,-9,0.0
130,F6QH,120L,-10,0.0
130,F6QH,120L,-11,0.0
130,F6QH,120L,-12,0.0
130,F6QH,120L,-13,0.0
130,F6QH,120L,-14,0.0
130,F6QH,120L,-15,0.0
130,F6QH,120L,-16,0.0
130,F6QH,120L,-17,0.0
130,F6QH,120L,-18,0.0
130,F6QH,120L,-19,0.0
130,F6QH,120L,-20,0.0
130,F6QH,120L,-21,0.0
130,F6QH,120L,-22,0.0
130,F6QH,120L,-23,0.0
130,F6QH,120L,-24,0.0
130,F6QH,120L,-25,0.0
130,F6QH,120L,-26,0.0
130,F6QH,120L,-27,0.0
130,F6QH,120L,-28,0.0
130,F6QH,120L,-29,0.0
131,IYZ6,120L,0,32.0
131,IYZ6,120L,-1,25.52632281877803
131,IYZ6,120L,-2,23.499386629706432
131,IYZ6,120L,-3,17.325187781896034
131,IYZ6,120L,-4,9.38335953661796
131,IYZ6,120L,-5,4.766531927106425
131,IYZ6,120L,-6,0.0
131,IYZ6,120L,-7,0.0
131,IYZ6,120L,-8,0.0
131,IYZ6,120L,-9,0.0
131,IYZ6,120L,-10,0.0
131,IYZ6,120L,-11,0.0
131,IYZ6,120L,-12,0.0
131,IYZ6,120L,-13,0.0
131,IYZ6,120L,-14,0.0
131,IYZ6,120L,-15,0.0
131,IYZ6,120L,-16,0.0
131,IYZ6,120L,-17,0.0
131,IYZ6,120L,-18,0.0
131,IYZ6,120L,-19,0.0
131,IYZ6,120L,-20,0.0
131,IYZ6,120L,-21,0.0
131,IYZ6,120L,-22,0.0
131,IYZ6,120L,-23,0.0
131,IYZ6,120L,-24,0.0
131,IYZ6,120L,-25,0.0
131,IYZ6,120L,-26,0.0
131,IYZ6,120L,-27,0.0
131,IYZ6,120L,-28,0.0
131,IYZ6,120L,-29,0.0
132,UNYVJN,120L,0,47.0
132,UNYVJN,120L,-1,39.92199119308475
132,UNYVJN,120L,-2,38.89328065415551
132,UNYVJN,120L,-3,32.339161811248516
132,UNYVJN,120L,-4,30.05653825406839
132,UNYVJN,120L,-5,28.80862587058074
132,UNYVJN,120L,-6,24.344981013137918
132,UNYVJN,120L,-7,22.416871656426146
132,UNYVJN,120L,-8,19.480259741999777
132,UNYVJN,120L,-9,15.911606266661991
132,UNYVJN,120L,-10,10.107341428103052
132,UNYVJN,120L,-11,6.585133943081059
132,UNYVJN,120L,-12,2.6245616342782503
132,UNYVJN,120L,-13,0.0
132,UNYVJN,120L,-14,0.0
132,UNYVJN,120L,-15,0.0
132,UNYVJN,120L,-16,0.0
132,UNYVJN,120L,-17,0.0
132,UNYVJN,120L,-18,0.0
132,UNYVJN,120L,-19,0.0
132,UNYVJN,120L,-20,0.0
132,UNYVJN,120L,-21,0.0
132,UNYVJN,120L,-22,0.0
132,UNYVJN,120L,-23,0.0
132,UNYVJN,120L,-24,0.0
132,UNYVJN,120L,-25,0.0
132,UNYVJN,120L,-26,0.0
132,UNYVJN,120L,-27,0.0
132,UNYVJN,120L,-28,0.0
132,UNYVJN,120L,-29,0.0
133,R6JV,120L,0,22.0
133,R6JV,120L,-1,16.975767365576903
133,R6JV,120L,-2,13.264481492536563
133,R6JV,120L,-3,10.776834945444651
133,R6JV,120L,-4,5.788836250737596
133,R6JV,120L,-5,0.9335989909236253
133,R6JV,120L,-6,0.0
133,R6JV,120L,-7,0.0
133,R6JV,120L,-8,0.0
133,R6JV,120L,-9,0.0
133,R6JV,120L,-10,0.0
133,R6JV,120L,-11,0.0
133,R6JV,120L,-12,0.0
133,R6JV,120L,-13,0.0
133,R6JV,120L,-14,0.0
133,R6JV,120L,-15,0.0
133,R6JV,120L,-16,0.0
133,R6JV,120L,-17,0.0
133,R6JV,120L,-18,0.0
133,R6JV,120L,-19,0.0
133,R6JV,120L,-20,0.0
133,R6JV,120L,-21,0.0
133,R6JV,120L,-22,0.0
133,R6JV,120L,-23,0.0
133,R6JV,120L,-24,0.0
133,R6JV,120L,-25,0.0
133,R6JV,120L,-26,0.0
133,R6JV,120L,-27,0.0
133,R6JV,120L,-28,0.0
133,R6JV,120L,-29,0.0
134,63NT,120L,0,61.0
134,63NT,120L,-1,59.26331202940458
134,63NT,120L,-2,53.27886766610073
134,63NT,120L,-3,47.865804478585595
134,63NT,120L,-4,41.7562932913675
134,63NT,120L,-5,37.631433022285485
134,63NT,120L,-6,34.53274610159746
134,63NT,120L,-7,31.178574864397437
134,63NT,120L,-8,28.262615642496662
134,63NT,120L,-9,22.897452998461485
134,63NT,120L,-10,18.15194262925281
134,63NT,120L,-11,15.439895818748187
134,63NT,120L,-12,10.653511305590811
134,63NT,120L,-13,5.616863464312733
134,63NT,120L,-14,0.5020212577383165
134,63NT,120L,-15,0.0
134,63NT,120L,-16,0.0
134,63NT,120L,-17,0.0
134,63NT,120L,-18,0.0
134,63NT,120L,-19,0.0
134,63NT,120L,-20,0.0
134,63NT,120L,-21,0.0
134,63NT,120L,-22,0.0
134,63NT,120L,-23,0.0
134,63NT,120L,-24,0.0
134,63NT,120L,-25,0.0
134,63NT,120L,-26,0.0
134,63NT,120L,-27,0.0
134,63NT,120L,-28,0.0
134,63NT,120L,-29,0.0
135,HQHV6X,120L,0,87.0
135,HQHV6X,120L,-1,80.75621741385564
135,HQHV6X,120L,-2,74.39577510738644
135,HQHV6X,120L,-3,70.97038208084574
135,HQHV6X,120L,-4,65.87725696435494
135,HQHV6X,120L,-5,60.25559928278132
135,HQHV6X,120L,-6,56.23889260873301
135,HQHV6X,120L,-7,51.0881017851619
135,HQHV6X,120L,-8,48.45647656825304
135,HQHV6X,120L,-9,45.58092203734761
135,HQHV6X,120L,-10,41.576472992517886
135,HQHV6X,120L,-11,38.417872427323445
135,HQHV6X,120L,-12,38.532341863292835
135,HQHV6X,120L,-13,28.955843248293867
135,HQHV6X,120L,-14,26.094886939529385
135,HQHV6X,120L,-15,26.828755950510654
135,HQHV6X,120L,-16,21.48498414070862
135,HQHV6X,120L,-17,17.179091183220702
135,HQHV6X,120L,-18,12.314237542130952
135,HQHV6X,120L,-19,9.011485085977052
135,HQHV6X,120L,-20,7.066897272769685
135,HQHV6X,120L,-21,4.539557986904946
135,HQHV6X,120L,-22,0.9109228202517768
135,HQHV6X,120L,-23,0.0
135,HQHV6X,120L,-24,0.0
135,HQHV6X,120L,-25,0.0
135,HQHV6X,120L,-26,0.0
135,HQHV6X,120L,-27,0.0
135,HQHV6X,120L,-28,0.0
135,HQHV6X,120L,-29,0.0
136,73TR,120L,0,36.0
136,73TR,120L,-1,30.120442902760107
136,73TR,120L,-2,27.30673949719816
136,73TR,120L,-3,22.86467001147573
136,73TR,120L,-4,18.89091976995721
136,73TR,120L,-5,10.919019625225602
136,73TR,120L,-6,9.531379104081429
136,73TR,120L,-7,6.3370048540159285
136,73TR,120L,-8,3.7220996712516303
136,73TR,120L,-9,0.0
136,73TR,120L,-10,0.0
136,73TR,120L,-11,0.0
136,73TR,120L,-12,0.0
136,73TR,120L,-13,0.0
136,73TR,120L,-14,0.0
136,73TR,120L,-15,0.0
136,73TR,120L,-16,0.0
136,73TR,120L,-17,0.0
136,73TR,120L,-18,0.0
136,73TR,120L,-19,0.0
136,73TR,120L,-20,0.0
136,73TR,120L,-21,0.0
136,73TR,120L,-22,0.0
136,73TR,120L,-23,0.0
136,73TR,120L,-24,0.0
136,73TR,120L,-25,0.0
136,73TR,120L,-26,0.0
136,73TR,120L,-27,0.0
136,73TR,120L,-28,0.0
136,73TR,120L,-29,0.0
137,C2ANBH,120L,0,98.0
137,C2ANBH,120L,-1,90.95668997709888
137,C2ANBH,120L,-2,83.45893275871477
137,C2ANBH,120L,-3,76.95249919356853
137,C2ANBH,120L,-4,72.60406639395698
137,C2ANBH,120L,-5,69.31646909212267
137,C2ANBH,120L,-6,66.70517291006531
137,C2ANBH,120L,-7,64.11412070029499
137,C2ANBH,120L,-8,60.231066802158864
137,C2ANBH,120L,-9,54.66238753956165
137,C2ANBH,120L,-10,51.340814291979285
137,C2ANBH,120L,-11,46.92755791374859
137,C2ANBH,120L,-12,40.62692739088513
137,C2ANBH,120L,-13,36.76844839856449
137,C2ANBH,120L,-14,30.96892709684479
137,C2ANBH,120L,-15,26.32414309167506
137,C2ANBH,120L,-16,21.1731317070838
137,C2ANBH,120L,-17,17.785856173949043
137,C2ANBH,120L,-18,10.794836786265062
137,C2ANBH,120L,-19,5.921354915633079
137,C2ANBH,120L,-20,2.1257680284216023
137,C2ANBH,120L,-21,0.0
137,C2ANBH,120L,-22,0.0
137,C2ANBH,120L,-23,0.0
137,C2ANBH,120L,-24,0.0
137,C2ANBH,120L,-25,0.0
137,C2ANBH,120L,-26,0.0
137,C2ANBH,120L,-27,0.0
137,C2ANBH,120L,-28,0.0
137,C2ANBH,120L,-29,0.0
138,TDTR,120L,0,43.0
138,TDTR,120L,-1,38.72243289366386
138,TDTR,120L,-2,35.95144843667172
138,TDTR,120L,-3,33.864328942694456
138,TDTR,120L,-4,25.65118372652901
138,TDTR,120L,-5,20.629287576248508
138,TDTR,120L,-6,17.37734443353292
138,TDTR,120L,-7,13.0921668167127
138,TDTR,120L,-8,8.894961381040817
138,TDTR,120L,-9,6.82630904609211
138,TDTR,120L,-10,5.052754452478773
138,TDTR,120L,-11,4.714779534208333
138,TDTR,120L,-12,0.0
138,TDTR,120L,-13,0.0
138,TDTR,120L,-14,0.0
138,TDTR,120L,-15,0.0
138,TDTR,120L,-16,0.0
138,TDTR,120L,-17,0.0
138,TDTR,120L,-18,0.0
138,TDTR,120L,-19,0.0
138,TDTR,120L,-20,0.0
138,TDTR,120L,-21,0.0
138,TDTR,120L,-22,0.0
138,TDTR,120L,-23,0.0
138,TDTR,120L,-24,0.0
138,TDTR,120L,-25,0.0
138,TDTR,120L,-26,0.0
138,TDTR,120L,-27,0.0
138,TDTR,120L,-28,0.0
138,TDTR,120L,-29,0.0
139,E5AO,120L,0,85.0
139,E5AO,120L,-1,82.41269756520444
139,E5AO,120L,-2,78.57870556345439
139,E5AO,120L,-3,75.44302127624626
139,E5AO,120L,-4,70.04054504306089
139,E5AO,120L,-5,66.95633960758761
139,E5AO,120L,-6,61.64808954347836
139,E5AO,120L,-7,54.68257038947511
139,E5AO,120L,-8,51.304761690531755
139,E5AO,120L,-9,47.17611541809005
139,E5AO,120L,-10,43.91835661561598
139,E5AO,120L,-11,42.96745580249853
139,E5AO,120L,-12,37.27715746631589
139,E5AO,120L,-13,31.914127382825455
139,E5AO,120L,-14,28.259796434098483
139,E5AO,120L,-15,26.663441197131355
139,E5AO,120L,-16,21.456777618938442
139,E5AO,120L,-17,18.778726209997032
139,E5AO,120L,-18,13.687941221164502
139,E5AO,120L,-19,9.299656532849482
139,E5AO,120L,-20,6.620509571061119
139,E5AO,120L,-21,0.37677639499115223
139,E5AO,120L,-22,0.0
139,E5AO,120L,-23,0.0
139,E5AO,120L,-24,0.0
139,E5AO,120L,-25,0.0
139,E5AO,120L,-26,0.0
139,E5AO,120L,-27,0.0
139,E5AO,120L,-28,0.0
139,E5AO,120L,-29,0.0
140,NL5N,120L,0,90.0
140,NL5N,120L,-1,84.05978786431959
140,NL5N,120L,-2,79.45019371938028
140,NL5N,120L,-3,75.037135960896
140,NL5N,120L,-4,74.24066169131095
140,NL5N,120L,-5,70.98675329163316
140,NL5N,120L,-6,66.38997734642787
140,NL5N,120L,-7,63.31988522205355
140,NL5N,120L,-8,56.82884858308345
140,NL5N,120L,-9,54.45932312465186
140,NL5N,120L,-10,50.95629647393427
140,NL5N,120L,-11,46.44502744686089
140,NL5N,120L,-12,43.388546127220586
140,NL5N,120L,-13,39.55667208682798
140,NL5N,120L,-14,34.55783489894705
140,NL5N,120L,-15,32.35514313412084
140,NL5N,120L,-16,27.2576905009521
140,NL5N,120L,-17,24.274350828622946
140,NL5N,120L,-18,19.990327022290337
140,NL5N,120L,-19,18.59799534979147
140,NL5N,120L,-20,13.80794284503666
140,NL5N,120L,-21,8.312960743753534
140,NL5N,120L,-22,4.332064900093478
140,NL5N,120L,-23,0.0
140,NL5N,120L,-24,0.0
140,NL5N,120L,-25,0.0
140,NL5N,120L,-26,0.0
140,NL5N,120L,-27,0.0
140,NL5N,120L,-28,0.0
140,NL5N,120L,-29,0.0
141,ZJKN,120L,0,34.0
141,ZJKN,120L,-1,30.99869947830825
141,ZJKN,120L,-2,26.513160081292998
141,ZJKN,120L,-3,23.25792965398427
141,ZJKN,120L,-4,19.14450650089738
141,ZJKN,120L,-5,12.207002752990284
141,ZJKN,120L,-6,8.520668354037875
141,ZJKN,120L,-7,2.948608931377879
141,ZJKN,120L,-8,0.0
141,ZJKN,120L,-9,0.0
141,ZJKN,120L,-10,0.0
141,ZJKN,120L,-11,0.0
141,ZJKN,120L,-12,0.0
141,ZJKN,120L,-13,0.0
141,ZJKN,120L,-14,0.0
141,ZJKN,120L,-15,0.0
141,ZJKN,120L,-16,0.0
141,ZJKN,120L,-17,0.0
141,ZJKN,120L,-18,0.0
141,ZJKN,120L,-19,0.0
141,ZJKN,120L,-20,0.0
141,ZJKN,120L,-21,0.0
141,ZJKN,120L,-22,0.0
141,ZJKN,120L,-23,0.0
141,ZJKN,120L,-24,0.0
141,ZJKN,120L,-25,0.0
141,ZJKN,120L,-26,0.0
141,ZJKN,120L,-27,0.0
141,ZJKN,120L,-28,0.0
141,ZJKN,120L,-29,0.0
142,X2CB,120L,0,64.0
142,X2CB,120L,-1,61.931627851917376
142,X2CB,120L,-2,57.81344237343151
142,X2CB,120L,-3,55.37621447159934
142,X2CB,120L,-4,52.57315759007739
142,X2CB,120L,-5,47.32746689152062
142,X2CB,120L,-6,44.78802743247026
142,X2CB,120L,-7,39.60082504863866
142,X2CB,120L,-8,33.76336100027461
142,X2CB,120L,-9,30.0206388141895
142,X2CB,120L,-10,26.16938080032708
142,X2CB,120L,-11,22.05135715906644
142,X2CB,120L,-12,16.23516092879973
142,X2CB,120L,-13,11.613832742341012
142,X2CB,120L,-14,4.913337684089089
142,X2CB,120L,-15,0.0
142,X2CB,120L,-16,0.0
142,X2CB,120L,-17,0.0
142,X2CB,120L,-18,0.0
142,X2CB,120L,-19,0.0
142,X2CB,120L,-20,0.0
142,X2CB,120L,-21,0.0
142,X2CB,120L,-22,0.0
142,X2CB,120L,-23,0.0
142,X2CB,120L,-24,0.0
142,X2CB,120L,-25,0.0
142,X2CB,120L,-26,0.0
142,X2CB,120L,-27,0.0
142,X2CB,120L,-28,0.0
142,X2CB,120L,-29,0.0
143,JICQOG,120L,0,98.0
143,JICQOG,120L,-1,90.87468914566763
143,JICQOG,120L,-2,88.41440112709999
143,JICQOG,120L,-3,86.16853394257095
143,JICQOG,120L,-4,79.22688858746999
143,JICQOG,120L,-5,75.1078737726925
143,JICQOG,120L,-6,71.41191943774015
143,JICQOG,120L,-7,68.45730456832624
143,JICQOG,120L,-8,61.82067680836507
143,JICQOG,120L,-9,56.34656840517849
143,JICQOG,120L,-10,49.938124100205634
143,JICQOG,120L,-11,47.43095260474185
143,JICQOG,120L,-12,43.01857178971928
143,JICQOG,120L,-13,36.39641415081937
143,JICQOG,120L,-14,29.03437186399126
143,JICQOG,120L,-15,26.850624797458202
143,JICQOG,120L,-16,20.993005791050088
143,JICQOG,120L,-17,17.965997296887725
143,JICQOG,120L,-18,11.353887477759523
143,JICQOG,120L,-19,3.6367779462751066
143,JICQOG,120L,-20,0.5806544611534061
143,JICQOG,120L,-21,0.0
143,JICQOG,120L,-22,0.0
143,JICQOG,120L,-23,0.0
143,JICQOG,120L,-24,0.0
143,JICQOG,120L,-25,0.0
143,JICQOG,120L,-26,0.0
143,JICQOG,120L,-27,0.0
143,JICQOG,120L,-28,0.0
143,JICQOG,120L,-29,0.0
144,GPHC,120L,0,100.0
144,GPHC,120L,-1,97.90369197472302
144,GPHC,120L,-2,90.22272152833914
144,GPHC,120L,-3,84.55874006899103
144,GPHC,120L,-4,78.01220462298173
144,GPHC,120L,-5,74.70463422173562
144,GPHC,120L,-6,68.70223426932671
144,GPHC,120L,-7,65.05253706007574
144,GPHC,120L,-8,61.27573180951993
144,GPHC,120L,-9,57.32283229226782
144,GPHC,120L,-10,54.01489419038876
144,GPHC,120L,-11,48.57505758877608
144,GPHC,120L,-12,43.632775970549716
144,GPHC,120L,-13,40.0079009309535
144,GPHC,120L,-14,33.582040562074674
144,GPHC,120L,-15,31.740223162348794
144,GPHC,120L,-16,30.39246211938708
144,GPHC,120L,-17,26.341855243410638
144,GPHC,120L,-18,24.832711613408453
144,GPHC,120L,-19,21.782142755535588
144,GPHC,120L,-20,16.997306936984387
144,GPHC,120L,-21,15.239387028856914
144,GPHC,120L,-22,11.808495238164905
144,GPHC,120L,-23,5.562856560314131
144,GPHC,120L,-24,0.9122653139751188
144,GPHC,120L,-25,0.0
144,GPHC,120L,-26,0.0
144,GPHC,120L,-27,0.0
144,GPHC,120L,-28,0.0
144,GPHC,120L,-29,0.0
145,2CB5UZ,1.100L,0,46.0
145,2CB5UZ,1.100L,-1,38.99717715483952
145,2CB5UZ,1.100L,-2,32.36517674649684
145,2CB5UZ,1.100L,-3,21.77134148337154
145,2CB5UZ,1.100L,-4,17.39414036407733
145,2CB5UZ,1.100L,-5,10.061060671061378
145,2CB5UZ,1.100L,-6,6.526647159574727
145,2CB5UZ,1.100L,-7,0.0
145,2CB5UZ,1.100L,-8,0.0
145,2CB5UZ,1.100L,-9,0.0
145,2CB5UZ,1.100L,-10,0.0
145,2CB5UZ,1.100L,-11,0.0
145,2CB5UZ,1.100L,-12,0.0
145,2CB5UZ,1.100L,-13,0.0
145,2CB5UZ,1.100L,-14,0.0
145,2CB5UZ,1.100L,-15,0.0
145,2CB5UZ,1.100L,-16,0.0
145,2CB5UZ,1.100L,-17,0.0
145,2CB5UZ,1.100L,-18,0.0
145,2CB5UZ,1.100L,-19,0.0
145,2CB5UZ,1.100L,-20,0.0
145,2CB5UZ,1.100L,-21,0.0
145,2CB5UZ,1.100L,-22,0.0
145,2CB5UZ,1.100L,-23,0.0
145,2CB5UZ,1.100L,-24,0.0
145,2CB5UZ,1.100L,-25,0.0
145,2CB5UZ,1.100L,-26,0.0
145,2CB5UZ,1.100L,-27,0.0
145,2CB5UZ,1.100L,-28,0.0
145,2CB5UZ,1.100L,-29,0.0
146,SQK2,120L,0,77.0
146,SQK2,120L,-1,74.71928624313085
146,SQK2,120L,-2,72.5667079597746
146,SQK2,120L,-3,67.48846438353488
146,SQK2,120L,-4,62.883874865633054
146,SQK2,120L,-5,57.342236629158954
146,SQK2,120L,-6,52.122549754538525
146,SQK2,120L,-7,46.94269542117962
146,SQK2,120L,-8,45.10256462851545
146,SQK2,120L,-9,38.68917929657
146,SQK2,120L,-10,33.05777347754554
146,SQK2,120L,-11,27.875222179541332
146,SQK2,120L,-12,25.71626968027758
146,SQK2,120L,-13,19.841203689389886
146,SQK2,120L,-14,16.265554644937737
146,SQK2,120L,-15,8.768811644535594
146,SQK2,120L,-16,5.390215283117738
146,SQK2,120L,-17,2.9071974170391837
146,SQK2,120L,-18,0.0
146,SQK2,120L,-19,0.0
146,SQK2,120L,-20,0.0
146,SQK2,120L,-21,0.0
146,SQK2,120L,-22,0.0
146,SQK2,120L,-23,0.0
146,SQK2,120L,-24,0.0
146,SQK2,120L,-25,0.0
146,SQK2,120L,-26,0.0
146,SQK2,120L,-27,0.0
146,SQK2,120L,-28,0.0
146,SQK2,120L,-29,0.0
147,5IM6RQ,120L,0,2.0
147,5IM6RQ,120L,-1,0.836923413239016
147,5IM6RQ,120L,-2,0.0
147,5IM6RQ,120L,-3,0.0
147,5IM6RQ,120L,-4,0.0
147,5IM6RQ,120L,-5,0.0
147,5IM6RQ,120L,-6,0.0
147,5IM6RQ,120L,-7,0.0
147,5IM6RQ,120L,-8,0.0
147,5IM6RQ,120L,-9,0.0
147,5IM6RQ,120L,-10,0.0
147,5IM6RQ,120L,-11,0.0
147,5IM6RQ,120L,-12,0.0
147,5IM6RQ,120L,-13,0.0
147,5IM6RQ,120L,-14,0.0
147,5IM6RQ,120L,-15,0.0
147,5IM6RQ,120L,-16,0.0
147,5IM6RQ,120L,-17,0.0
147,5IM6RQ,120L,-18,0.0
147,5IM6RQ,120L,-19,0.0
147,5IM6RQ,120L,-20,0.0
147,5IM6RQ,120L,-21,0.0
147,5IM6RQ,120L,-22,0.0
147,5IM6RQ,120L,-23,0.0
147,5IM6RQ,120L,-24,0.0
147,5IM6RQ,120L,-25,0.0
147,5IM6RQ,120L,-26,0.0
147,5IM6RQ,120L,-27,0.0
147,5IM6RQ,120L,-28,0.0
147,5IM6RQ,120L,-29,0.0
148,EFXC,120L,0,0.0
148,EFXC,120L,-1,0.0
148,EFXC,120L,-2,0.0
148,EFXC,120L,-3,0.0
148,EFXC,120L,-4,0.0
148,EFXC,120L,-5,0.0
148,EFXC,120L,-6,0.0
148,EFXC,120L,-7,0.0
148,EFXC,120L,-8,0.0
148,EFXC,120L,-9,0.0
148,EFXC,120L,-10,0.0
148,EFXC,120L,-11,0.0
148,EFXC,120L,-12,0.0
148,EFXC,120L,-13,0.0
148,EFXC,120L,-14,0.0
148,EFXC,120L,-15,0.0
148,EFXC,120L,-16,0.0
148,EFXC,120L,-17,0.0
148,EFXC,120L,-18,0.0
148,EFXC,120L,-19,0.0
148,EFXC,120L,-20,0.0
148,EFXC,120L,-21,0.0
148,EFXC,120L,-22,0.0
148,EFXC,120L,-23,0.0
148,EFXC,120L,-24,0.0
148,EFXC,120L,-25,0.0
148,EFXC,120L,-26,0.0
148,EFXC,120L,-27,0.0
148,EFXC,120L,-28,0.0
148,EFXC,120L,-29,0.0
149,H7KEWX,120L,0,4.0
149,H7KEWX,120L,-1,0.0
149,H7KEWX,120L,-2,0.0
149,H7KEWX,120L,-3,0.0
149,H7KEWX,120L,-4,0.0
149,H7KEWX,120L,-5,0.0
149,H7KEWX,120L,-6,0.0
149,H7KEWX,120L,-7,0.0
149,H7KEWX,120L,-8,0.0
149,H7KEWX,120L,-9,0.0
149,H7KEWX,120L,-10,0.0
149,H7KEWX,120L,-11,0.0
149,H7KEWX,120L,-12,0.0
149,H7KEWX,120L,-13,0.0
149,H7KEWX,120L,-14,0.0
149,H7KEWX,120L,-15,0.0
149,H7KEWX,120L,-16,0.0
149,H7KEWX,120L,-17,0.0
149,H7KEWX,120L,-18,0.0
149,H7KEWX,120L,-19,0.0
149,H7KEWX,120L,-20,0.0
149,H7KEWX,120L,-21,0.0
149,H7KEWX,120L,-22,0.0
149,H7KEWX,120L,-23,0.0
149,H7KEWX,120L,-24,0.0
149,H7KEWX,120L,-25,0.0
149,H7KEWX,120L,-26,0.0
149,H7KEWX,120L,-27,0.0
149,H7KEWX,120L,-28,0.0
149,H7KEWX,120L,-29,0.0
150,AP3D,120L,0,89.0
150,AP3D,120L,-1,87.95606649587975
150,AP3D,120L,-2,82.05814301402881
150,AP3D,120L,-3,74.82999110865123
150,AP3D,120L,-4,70.46782026243002
150,AP3D,120L,-5,68.38478487101149
150,AP3D,120L,-6,63.45246189663555
150,AP3D,120L,-7,61.47306610272803
150,AP3D,120L,-8,56.74153868047253
150,AP3D,120L,-9,52.770514090444
150,AP3D,120L,-10,50.86610174754709
150,AP3D,120L,-11,47.11600616037157
150,AP3D,120L,-12,44.75368772584594
150,AP3D,120L,-13,40.160416225650714
150,AP3D,120L,-14,34.93422907978768
150,AP3D,120L,-15,30.811156716935418
150,AP3D,120L,-16,27.297964049909226
150,AP3D,120L,-17,22.292577181159523
150,AP3D,120L,-18,19.76757646747719
150,AP3D,120L,-19,13.878676415746174
150,AP3D,120L,-20,7.519199217972716
150,AP3D,120L,-21,3.674050831192842
150,AP3D,120L,-22,3.8653883269195575
150,AP3D,120L,-23,0.0
150,AP3D,120L,-24,0.0
150,AP3D,120L,-25,0.0
150,AP3D,120L,-26,0.0
150,AP3D,120L,-27,0.0
150,AP3D,120L,-28,0.0
150,AP3D,120L,-29,0.0
151,AFE3,120L,0,13.0
151,AFE3,120L,-1,6.0427894842286385
151,AFE3,120L,-2,0.0
151,AFE3,120L,-3,0.0
151,AFE3,120L,-4,0.0
151,AFE3,120L,-5,0.0
151,AFE3,120L,-6,0.0
151,AFE3,120L,-7,0.0
151,AFE3,120L,-8,0.0
151,AFE3,120L,-9,0.0
151,AFE3,120L,-10,0.0
151,AFE3,120L,-11,0.0
151,AFE3,120L,-12,0.0
151,AFE3,120L,-13,0.0
151,AFE3,120L,-14,0.0
151,AFE3,120L,-15,0.0
151,AFE3,120L,-16,0.0
151,AFE3,120L,-17,0.0
151,AFE3,120L,-18,0.0
151,AFE3,120L,-19,0.0
151,AFE3,120L,-20,0.0
151,AFE3,120L,-21,0.0
151,AFE3,120L,-22,0.0
151,AFE3,120L,-23,0.0
151,AFE3,120L,-24,0.0
151,AFE3,120L,-25,0.0
151,AFE3,120L,-26,0.0
151,AFE3,120L,-27,0.0
151,AFE3,120L,-28,0.0
151,AFE3,120L,-29,0.0
152,IJBU,120L,0,26.0
152,IJBU,120L,-1,20.93668084013663
152,IJBU,120L,-2,16.795595528607002
152,IJBU,120L,-3,13.715589170793002
152,IJBU,120L,-4,9.850271836816127
152,IJBU,120L,-5,7.283109103784723
152,IJBU,120L,-6,4.3624146757915465
152,IJBU,120L,-7,0.0
152,IJBU,120L,-8,0.0
152,IJBU,120L,-9,0.0
152,IJBU,120L,-10,0.0
152,IJBU,120L,-11,0.0
152,IJBU,120L,-12,0.0
152,IJBU,120L,-13,0.0
152,IJBU,120L,-14,0.0
152,IJBU,120L,-15,0.0
152,IJBU,120L,-16,0.0
152,IJBU,120L,-17,0.0
152,IJBU,120L,-18,0.0
152,IJBU,120L,-19,0.0
152,IJBU,120L,-20,0.0
152,IJBU,120L,-21,0.0
152,IJBU,120L,-22,0.0
152,IJBU,120L,-23,0.0
152,IJBU,120L,-24,0.0
152,IJBU,120L,-25,0.0
152,IJBU,120L,-26,0.0
152,IJBU,120L,-27,0.0
152,IJBU,120L,-28,0.0
152,IJBU,120L,-29,0.0
153,5HUB,120L,0,8.0
153,5HUB,120L,-1,3.1581545648950744
153,5HUB,120L,-2,0.24730617916187247
153,5HUB,120L,-3,0.0
153,5HUB,120L,-4,0.0
153,5HUB,120L,-5,0.0
153,5HUB,120L,-6,0.0
153,5HUB,120L,-7,0.0
153,5HUB,120L,-8,0.0
153,5HUB,120L,-9,0.0
153,5HUB,120L,-10,0.0
153,5HUB,120L,-11,0.0
153,5HUB,120L,-12,0.0
153,5HUB,120L,-13,0.0
153,5HUB,120L,-14,0.0
153,5HUB,120L,-15,0.0
153,5HUB,120L,-16,0.0
153,5HUB,120L,-17,0.0
153,5HUB,120L,-18,0.0
153,5HUB,120L,-19,0.0
153,5HUB,120L,-20,0.0
153,5HUB,120L,-21,0.0
153,5HUB,120L,-22,0.0
153,5HUB,120L,-23,0.0
153,5HUB,120L,-24,0.0
153,5HUB,120L,-25,0.0
153,5HUB,120L,-26,0.0
153,5HUB,120L,-27,0.0
153,5HUB,120L,-28,0.0
153,5HUB,120L,-29,0.0
154,P7QA,120L,0,78.0
154,P7QA,120L,-1,73.76342599140175
154,P7QA,120L,-2,69.66903562285576
154,P7QA,120L,-3,63.666283120820914
154,P7QA,120L,-4,59.308874100698894
154,P7QA,120L,-5,53.901623426971526
154,P7QA,120L,-6,50.90560955180387
154,P7QA,120L,-7,47.61549733863885
154,P7QA,120L,-8,43.9432706442151
154,P7QA,120L,-9,39.64935482773576
154,P7QA,120L,-10,32.03406500424243
154,P7QA,120L,-11,27.54002286934096
154,P7QA,120L,-12,22.096782925694267
154,P7QA,120L,-13,21.43222806992261
154,P7QA,120L,-14,14.594571981802869
154,P7QA,120L,-15,6.048979685497561
154,P7QA,120L,-16,0.9980708064334187
154,P7QA,120L,-17,0.0
154,P7QA,120L,-18,0.0
154,P7QA,120L,-19,0.0
154,P7QA,120L,-20,0.0
154,P7QA,120L,-21,0.0
154,P7QA,120L,-22,0.0
154,P7QA,120L,-23,0.0
154,P7QA,120L,-24,0.0
154,P7QA,120L,-25,0.0
154,P7QA,120L,-26,0.0
154,P7QA,120L,-27,0.0
154,P7QA,120L,-28,0.0
154,P7QA,120L,-29,0.0
155,G4QPXW,120L,0,14.0
155,G4QPXW,120L,-1,10.098102407907009
155,G4QPXW,120L,-2,8.039409133266622
155,G4QPXW,120L,-3,2.911933254192813
155,G4QPXW,120L,-4,0.0
155,G4QPXW,120L,-5,0.0
155,G4QPXW,120L,-6,0.0
155,G4QPXW,120L,-7,0.0
155,G4QPXW,120L,-8,0.0
155,G4QPXW,120L,-9,0.0
155,G4QPXW,120L,-10,0.0
155,G4QPXW,120L,-11,0.0
155,G4QPXW,120L,-12,0.0
155,G4QPXW,120L,-13,0.0
155,G4QPXW,120L,-14,0.0
155,G4QPXW,120L,-15,0.0
155,G4QPXW,120L,-16,0.0
155,G4QPXW,120L,-17,0.0
155,G4QPXW,120L,-18,0.0
155,G4QPXW,120L,-19,0.0
155,G4QPXW,120L,-20,0.0
155,G4QPXW,120L,-21,0.0
155,G4QPXW,120L,-22,0.0
155,G4QPXW,120L,-23,0.0
155,G4QPXW,120L,-24,0.0
155,G4QPXW,120L,-25,0.0
155,G4QPXW,120L,-26,0.0
155,G4QPXW,120L,-27,0.0
155,G4QPXW,120L,-28,0.0
155,G4QPXW,120L,-29,0.0
156,WZLA,120L,0,89.0
156,WZLA,120L,-1,82.96466798346313
156,WZLA,120L,-2,78.26296911651322
156,WZLA,120L,-3,73.5148048237457
156,WZLA,120L,-4,68.7554196399547
156,WZLA,120L,-5,64.53203511364292
156,WZLA,120L,-6,61.63453006638972
156,WZLA,120L,-7,55.374814993584806
156,WZLA,120L,-8,49.64029881095208
156,WZLA,120L,-9,43.60281138380444
156,WZLA,120L,-10,37.8708630930843
156,WZLA,120L,-11,34.797338397952366
156,WZLA,120L,-12,31.47613368097502
156,WZLA,120L,-13,25.90179260070438
156,WZLA,120L,-14,20.984526055412044
156,WZLA,120L,-15,17.643153948364677
156,WZLA,120L,-16,12.601746666098931
156,WZLA,120L,-17,7.201918954400569
156,WZLA,120L,-18,1.280745417101715
156,WZLA,120L,-19,0.0
156,WZLA,120L,-20,0.0
156,WZLA,120L,-21,0.0
156,WZLA,120L,-22,0.0
156,WZLA,120L,-23,0.0
156,WZLA,120L,-24,0.0
156,WZLA,120L,-25,0.0
156,WZLA,120L,-26,0.0
156,WZLA,120L,-27,0.0
156,WZLA,120L,-28,0.0
156,WZLA,120L,-29,0.0
157,I6E5,120L,0,41.0
157,I6E5,120L,-1,35.295717959845156
157,I6E5,120L,-2,31.590830169751893
157,I6E5,120L,-3,30.28684475095425
157,I6E5,120L,-4,23.716013755987404
157,I6E5,120L,-5,18.44140505887111
157,I6E5,120L,-6,14.542822506207226
157,I6E5,120L,-7,9.789214411067304
157,I6E5,120L,-8,2.5488609247195826
157,I6E5,120L,-9,0.0
157,I6E5,120L,-10,0.0
157,I6E5,120L,-11,0.0
157,I6E5,120L,-12,0.0
157,I6E5,120L,-13,0.0
157,I6E5,120L,-14,0.0
157,I6E5,120L,-15,0.0
157,I6E5,120L,-16,0.0
157,I6E5,120L,-17,0.0
157,I6E5,120L,-18,0.0
157,I6E5,120L,-19,0.0
157,I6E5,120L,-20,0.0
157,I6E5,120L,-21,0.0
157,I6E5,120L,-22,0.0
157,I6E5,120L,-23,0.0
157,I6E5,120L,-24,0.0
157,I6E5,120L,-25,0.0
157,I6E5,120L,-26,0.0
157,I6E5,120L,-27,0.0
157,I6E5,120L,-28,0.0
157,I6E5,120L,-29,0.0
158,MCE7DG,120L,0,76.0
158,MCE7DG,120L,-1,70.67554885577196
158,MCE7DG,120L,-2,64.81665437050937
158,MCE7DG,120L,-3,64.50528946625752
158,MCE7DG,120L,-4,58.857164520984455
158,MCE7DG,120L,-5,52.803282760263365
158,MCE7DG,120L,-6,48.65969651696274
158,MCE7DG,120L,-7,44.966079583660395
158,MCE7DG,120L,-8,42.089687820866935
158,MCE7DG,120L,-9,38.5070079414242
158,MCE7DG,120L,-10,34.32506707230246
158,MCE7DG,120L,-11,25.788631010799737
158,MCE7DG,120L,-12,21.83333492041014
158,MCE7DG,120L,-13,17.630418411822898
158,MCE7DG,120L,-14,12.357699673784731
158,MCE7DG,120L,-15,7.4299148090059575
158,MCE7DG,120L,-16,4.703470127629888
158,MCE7DG,120L,-17,0.0
158,MCE7DG,120L,-18,0.0
158,MCE7DG,120L,-19,0.0
158,MCE7DG,120L,-20,0.521439582002885
158,MCE7DG,120L,-21,0.0
158,MCE7DG,120L,-22,0.0
158,MCE7DG,120L,-23,0.0
158,MCE7DG,120L,-24,0.0
158,MCE7DG,120L,-25,0.0
158,MCE7DG,120L,-26,0.0
158,MCE7DG,120L,-27,0.0
158,MCE7DG,120L,-28,0.0
158,MCE7DG,120L,-29,0.0
159,ORMMLR,120L,0,50.0
159,ORMMLR,120L,-1,47.387925119502945
159,ORMMLR,120L,-2,44.49669750332016
159,ORMMLR,120L,-3,41.41180448716665
159,ORMMLR,120L,-4,38.13889337000373
159,ORMMLR,120L,-5,33.13249335782309
159,ORMMLR,120L,-6,26.072184451062807
159,ORMMLR,120L,-7,24.071107738073966
159,ORMMLR,120L,-8,22.499914874498018
159,ORMMLR,120L,-9,17.258484912108308
159,ORMMLR,120L,-10,15.662490833920062
159,ORMMLR,120L,-11,12.00906851668838
159,ORMMLR,120L,-12,5.774308092864405
159,ORMMLR,120L,-13,2.3766818625096398
159,ORMMLR,120L,-14,1.0110272924680221
159,ORMMLR,120L,-15,0.0
159,ORMMLR,120L,-16,0.0
159,ORMMLR,120L,-17,0.0
159,ORMMLR,120L,-18,0.0
159,ORMMLR,120L,-19,0.0
159,ORMMLR,120L,-20,0.0
159,ORMMLR,120L,-21,0.0
159,ORMMLR,120L,-22,0.0
159,ORMMLR,120L,-23,0.0
159,ORMMLR,120L,-24,0.0
159,ORMMLR,120L,-25,0.0
159,ORMMLR,120L,-26,0.0
159,ORMMLR,120L,-27,0.0
159,ORMMLR,120L,-28,0.0
159,ORMMLR,120L,-29,0.0
160,7TCM,1.100L,0,62.0
160,7TCM,1.100L,-1,55.97460701552615
160,7TCM,1.100L,-2,48.69473009246536
160,7TCM,1.100L,-3,41.6321444276564
160,7TCM,1.100L,-4,32.95854317896261
160,7TCM,1.100L,-5,27.668999622987606
160,7TCM,1.100L,-6,20.62476057734382
160,7TCM,1.100L,-7,13.55318491996507
160,7TCM,1.100L,-8,6.006918438348429
160,7TCM,1.100L,-9,0.0
160,7TCM,1.100L,-10,0.0
160,7TCM,1.100L,-11,0.0
160,7TCM,1.100L,-12,0.0
160,7TCM,1.100L,-13,0.0
160,7TCM,1.100L,-14,0.0
160,7TCM,1.100L,-15,0.0
160,7TCM,1.100L,-16,0.0
160,7TCM,1.100L,-17,0.0
160,7TCM,1.100L,-18,0.0
160,7TCM,1.100L,-19,0.0
160,7TCM,1.100L,-20,0.0
160,7TCM,1.100L,-21,0.0
160,7TCM,1.100L,-22,0.0
160,7TCM,1.100L,-23,0.0
160,7TCM,1.100L,-24,0.0
160,7TCM,1.100L,-25,0.0
160,7TCM,1.100L,-26,0.0
160,7TCM,1.100L,-27,0.0
160,7TCM,1.100L,-28,0.0
160,7TCM,1.100L,-29,0.0
161,JBCWEX,120L,0,95.0
161,JBCWEX,120L,-1,89.40795402497822
161,JBCWEX,120L,-2,85.30925119143653
161,JBCWEX,120L,-3,79.83928557262146
161,JBCWEX,120L,-4,76.48428891543571
161,JBCWEX,120L,-5,72.58517837039224
161,JBCWEX,120L,-6,72.94078484286165
161,JBCWEX,120L,-7,69.4975395769162
161,JBCWEX,120L,-8,63.71402091348883
161,JBCWEX,120L,-9,55.77873086210616
161,JBCWEX,120L,-10,52.66389145950813
161,JBCWEX,120L,-11,50.10503449192846
161,JBCWEX,120L,-12,45.29802797109234
161,JBCWEX,120L,-13,40.91569828651153
161,JBCWEX,120L,-14,37.93725998845019
161,JBCWEX,120L,-15,32.729571961283845
161,JBCWEX,120L,-16,24.24894703745832
161,JBCWEX,120L,-17,20.177609533781563
161,JBCWEX,120L,-18,12.422789749127556
161,JBCWEX,120L,-19,10.219822663457899
161,JBCWEX,120L,-20,8.987168007324343
161,JBCWEX,120L,-21,3.582230569916686
161,JBCWEX,120L,-22,1.7976220553575555
161,JBCWEX,120L,-23,0.0
161,JBCWEX,120L,-24,0.0
161,JBCWEX,120L,-25,0.0
161,JBCWEX,120L,-26,0.0
161,JBCWEX,120L,-27,0.0
161,JBCWEX,120L,-28,0.0
161,JBCWEX,120L,-29,0.0
162,W6TD,120L,0,51.0
162,W6TD,120L,-1,46.60689748889325
162,W6TD,120L,-2,45.20399572405321
162,W6TD,120L,-3,42.05794801210962
162,W6TD,120L,-4,37.461637620700245
162,W6TD,120L,-5,31.91798534782186
162,W6TD,120L,-6,26.23158597586329
162,W6TD,120L,-7,22.970511551824355
162,W6TD,120L,-8,18.601454594014722
162,W6TD,120L,-9,13.20518565638119
162,W6TD,120L,-10,6.945154720525425
162,W6TD,120L,-11,6.311101346358942
162,W6TD,120L,-12,3.5695647768709176
162,W6TD,120L,-13,0.0
162,W6TD,120L,-14,0.0
162,W6TD,120L,-15,0.0
162,W6TD,120L,-16,0.0
162,W6TD,120L,-17,0.0
162,W6TD,120L,-18,0.0
162,W6TD,120L,-19,0.0
162,W6TD,120L,-20,0.0
162,W6TD,120L,-21,0.0
162,W6TD,120L,-22,0.0
162,W6TD,120L,-23,0.0
162,W6TD,120L,-24,0.0
162,W6TD,120L,-25,0.0
162,W6TD,120L,-26,0.0
162,W6TD,120L,-27,0.0
162,W6TD,120L,-28,0.0
162,W6TD,120L,-29,0.0
163,QZOB,120L,0,95.0
163,QZOB,120L,-1,93.5784772311262
163,QZOB,120L,-2,91.00722291576743
163,QZOB,120L,-3,89.1933081859417
163,QZOB,120L,-4,84.10149317170612
163,QZOB,120L,-5,79.60238075300717
163,QZOB,120L,-6,75.43493881027725
163,QZOB,120L,-7,71.2810767373117
163,QZOB,120L,-8,67.19323646168009
163,QZOB,120L,-9,61.35071709953974
163,QZOB,120L,-10,56.1936709862779
163,QZOB,120L,-11,48.11048748370247
163,QZOB,120L,-12,42.80492985217325
163,QZOB,120L,-13,41.854642032544255
163,QZOB,120L,-14,39.38162204964232
163,QZOB,120L,-15,36.76323091595873
163,QZOB,120L,-16,32.16436019732736
163,QZOB,120L,-17,27.0514301895878
163,QZOB,120L,-18,23.607672015018004
163,QZOB,120L,-19,18.655524772258214
163,QZOB,120L,-20,12.961871670377368
163,QZOB,120L,-21,8.672801495190612
163,QZOB,120L,-22,6.282925392300873
163,QZOB,120L,-23,1.938696900876014
163,QZOB,120L,-24,0.0
163,QZOB,120L,-25,0.0
163,QZOB,120L,-26,0.0
163,QZOB,120L,-27,0.0
163,QZOB,120L,-28,0.0
163,QZOB,120L,-29,0.0
164,OC26,120L,0,3.0
164,OC26,120L,-1,0.0
164,OC26,120L,-2,0.0
164,OC26,120L,-3,0.0
164,OC26,120L,-4,0.0
164,OC26,120L,-5,0.0
164,OC26,120L,-6,0.0
164,OC26,120L,-7,0.0
164,OC26,120L,-8,0.0
164,OC26,120L,-9,0.0
164,OC26,120L,-10,0.0
164,OC26,120L,-11,0.0
164,OC26,120L,-12,0.0
164,OC26,120L,-13,0.0
164,OC26,120L,-14,0.0
164,OC26,120L,-15,0.0
164,OC26,120L,-16,0.0
164,OC26,120L,-17,0.0
164,OC26,120L,-18,0.0
164,OC26,120L,-19,0.0
164,OC26,120L,-20,0.0
164,OC26,120L,-21,0.0
164,OC26,120L,-22,0.0
164,OC26,120L,-23,0.0
164,OC26,120L,-24,0.0
164,OC26,120L,-25,0.0
164,OC26,120L,-26,0.0
164,OC26,120L,-27,0.0
164,OC26,120L,-28,0.0
164,OC26,120L,-29,0.0
165,5SY7,120L,0,93.0
165,5SY7,120L,-1,90.69277431936952
165,5SY7,120L,-2,87.04291718736151
165,5SY7,120L,-3,85.71718913345988
165,5SY7,120L,-4,83.82112567907518
165,5SY7,120L,-5,79.7240170283472
165,5SY7,120L,-6,76.06669546921242
165,5SY7,120L,-7,70.23947395559154
165,5SY7,120L,-8,66.42937726451306
165,5SY7,120L,-9,62.02532822521134
165,5SY7,120L,-10,59.51128832766992
165,5SY7,120L,-11,55.16389502535109
165,5SY7,120L,-12,49.226774382456846
165,5SY7,120L,-13,41.2416808932021
165,5SY7,120L,-14,34.01543005920986
165,5SY7,120L,-15,29.2095341298412
165,5SY7,120L,-16,27.327730538919617
165,5SY7,120L,-17,23.339645783765395
165,5SY7,120L,-18,15.659115985492953
165,5SY7,120L,-19,13.953912225350493
165,5SY7,120L,-20,9.522571139167342
165,5SY7,120L,-21,4.563146107015965
165,5SY7,120L,-22,0.0
165,5SY7,120L,-23,0.0
165,5SY7,120L,-24,0.0
165,5SY7,120L,-25,0.0
165,5SY7,120L,-26,0.0
165,5SY7,120L,-27,0.0
165,5SY7,120L,-28,0.0
165,5SY7,120L,-29,0.0
166,H5RK,120L,0,100.0
166,H5RK,120L,-1,93.95073561147693
166,H5RK,120L,-2,90.42270059327302
166,H5RK,120L,-3,85.08815940640504
166,H5RK,120L,-4,81.78309874301647
166,H5RK,120L,-5,78.5179014296097
166,H5RK,120L,-6,74.57580682228802
166,H5RK,120L,-7,73.88733583837845
166,H5RK,120L,-8,71.65130232591657
166,H5RK,120L,-9,69.27330695241457
166,H5RK,120L,-10,66.18674424348953
166,H5RK,120L,-11,59.924740109844635
166,H5RK,120L,-12,57.74456977173596
166,H5RK,120L,-13,54.121490738720524
166,H5RK,120L,-14,50.40497199813539
166,H5RK,120L,-15,48.22458763254213
166,H5RK,120L,-16,45.291217197454266
166,H5RK,120L,-17,41.38050819781485
166,H5RK,120L,-18,37.21496717751929
166,H5RK,120L,-19,29.849666214777198
166,H5RK,120L,-20,26.454269408457225
166,H5RK,120L,-21,22.25122122608645
166,H5RK,120L,-22,16.73514962736823
166,H5RK,120L,-23,13.800850036881291
166,H5RK,120L,-24,8.8764076263764
166,H5RK,120L,-25,4.144374182875513
166,H5RK,120L,-26,0.0
166,H5RK,120L,-27,0.0
166,H5RK,120L,-28,0.0
166,H5RK,120L,-29,0.0
167,PSMN,120L,0,22.0
167,PSMN,120L,-1,17.154757375224094
167,PSMN,120L,-2,7.662345545140667
167,PSMN,120L,-3,1.247114799963478
167,PSMN,120L,-4,0.0
167,PSMN,120L,-5,0.0
167,PSMN,120L,-6,0.0
167,PSMN,120L,-7,0.0
167,PSMN,120L,-8,0.0
167,PSMN,120L,-9,0.0
167,PSMN,120L,-10,0.0
167,PSMN,120L,-11,0.0
167,PSMN,120L,-12,0.0
167,PSMN,120L,-13,0.0
167,PSMN,120L,-14,0.0
167,PSMN,120L,-15,0.0
167,PSMN,120L,-16,0.0
167,PSMN,120L,-17,0.0
167,PSMN,120L,-18,0.0
167,PSMN,120L,-19,0.0
167,PSMN,120L,-20,0.0
167,PSMN,120L,-21,0.0
167,PSMN,120L,-22,0.0
167,PSMN,120L,-23,0.0
167,PSMN,120L,-24,0.0
167,PSMN,120L,-25,0.0
167,PSMN,120L,-26,0.0
167,PSMN,120L,-27,0.0
167,PSMN,120L,-28,0.0
167,PSMN,120L,-29,0.0
168,GI3Z,120L,0,14.0
168,GI3Z,120L,-1,10.282267217677301
168,GI3Z,120L,-2,5.1037941345276785
168,GI3Z,120L,-3,1.4450552094766884
168,GI3Z,120L,-4,0.0
168,GI3Z,120L,-5,0.0
168,GI3Z,120L,-6,0.0
168,GI3Z,120L,-7,0.0
168,GI3Z,120L,-8,0.0
168,GI3Z,120L,-9,0.0
168,GI3Z,120L,-10,0.0
168,GI3Z,120L,-11,0.0
168,GI3Z,120L,-12,0.0
168,GI3Z,120L,-13,0.0
168,GI3Z,120L,-14,0.0
168,GI3Z,120L,-15,0.0
168,GI3Z,120L,-16,0.0
168,GI3Z,120L,-17,0.0
168,GI3Z,120L,-18,0.0
168,GI3Z,120L,-19,0.0
168,GI3Z,120L,-20,0.0
168,GI3Z,120L,-21,0.0
168,GI3Z,120L,-22,0.0
168,GI3Z,120L,-23,0.0
168,GI3Z,120L,-24,0.0
168,GI3Z,120L,-25,0.0
168,GI3Z,120L,-26,0.0
168,GI3Z,120L,-27,0.0
168,GI3Z,120L,-28,0.0
168,GI3Z,120L,-29,0.0
169,UJ6YSF,120L,0,42.0
169,UJ6YSF,120L,-1,39.73214967722096
169,UJ6YSF,120L,-2,34.76189064598345
169,UJ6YSF,120L,-3,30.997284320643264
169,UJ6YSF,120L,-4,24.25783837042346
169,UJ6YSF,120L,-5,21.49988214266264
169,UJ6YSF,120L,-6,14.87180505098128
169,UJ6YSF,120L,-7,11.991285088393525
169,UJ6YSF,120L,-8,8.699121732075259
169,UJ6YSF,120L,-9,3.2408416082097453
169,UJ6YSF,120L,-10,0.0
169,UJ6YSF,120L,-11,0.0
169,UJ6YSF,120L,-12,0.0
169,UJ6YSF,120L,-13,0.0
169,UJ6YSF,120L,-14,0.0
169,UJ6YSF,120L,-15,0.0
169,UJ6YSF,120L,-16,0.0
169,UJ6YSF,120L,-17,0.0
169,UJ6YSF,120L,-18,0.0
169,UJ6YSF,120L,-19,0.0
169,UJ6YSF,120L,-20,0.0
169,UJ6YSF,120L,-21,0.0
169,UJ6YSF,120L,-22,0.0
169,UJ6YSF,120L,-23,0.0
169,UJ6YSF,120L,-24,0.0
169,UJ6YSF,120L,-25,0.0
169,UJ6YSF,120L,-26,0.0
169,UJ6YSF,120L,-27,0.0
169,UJ6YSF,120L,-28,0.0
169,UJ6YSF,120L,-29,0.0
170,EGF425,120L,0,28.0
170,EGF425,120L,-1,22.633026904462405
170,EGF425,120L,-2,18.282890751292722
170,EGF425,120L,-3,12.740043987161258
170,EGF425,120L,-4,9.661033942658488
170,EGF425,120L,-5,6.6412954898693055
170,EGF425,120L,-6,1.3899217169507083
170,EGF425,120L,-7,0.0
170,EGF425,120L,-8,0.0
170,EGF425,120L,-9,0.0
170,EGF425,120L,-10,0.0
170,EGF425,120L,-11,0.0
170,EGF425,120L,-12,0.0
170,EGF425,120L,-13,0.0
170,EGF425,120L,-14,0.0
170,EGF425,120L,-15,0.0
170,EGF425,120L,-16,0.0
170,EGF425,120L,-17,0.0
170,EGF425,120L,-18,0.0
170,EGF425,120L,-19,0.0
170,EGF425,120L,-20,0.0
170,EGF425,120L,-21,0.0
170,EGF425,120L,-22,0.0
170,EGF425,120L,-23,0.0
170,EGF425,120L,-24,0.0
170,EGF425,120L,-25,0.0
170,EGF425,120L,-26,0.0
170,EGF425,120L,-27,0.0
170,EGF425,120L,-28,0.0
170,EGF425,120L,-29,0.0
171,6TZH,120L,0,35.0
171,6TZH,120L,-1,32.573207690393204
171,6TZH,120L,-2,25.56920022982298
171,6TZH,120L,-3,17.522220085503726
171,6TZH,120L,-4,13.596272438362469
171,6TZH,120L,-5,5.573146358121185
171,6TZH,120L,-6,2.410808420082577
171,6TZH,120L,-7,0.0
171,6TZH,120L,-8,0.0
171,6TZH,120L,-9,0.0
171,6TZH,120L,-10,0.0
171,6TZH,120L,-11,0.0
171,6TZH,120L,-12,0.0
171,6TZH,120L,-13,0.0
171,6TZH,120L,-14,0.0
171,6TZH,120L,-15,0.0
171,6TZH,120L,-16,0.0
171,6TZH,120L,-17,0.0
171,6TZH,120L,-18,0.0
171,6TZH,120L,-19,0.0
171,6TZH,120L,-20,0.0
171,6TZH,120L,-21,0.0
171,6TZH,120L,-22,0.0
171,6TZH,120L,-23,0.0
171,6TZH,120L,-24,0.0
171,6TZH,120L,-25,0.0
171,6TZH,120L,-26,0.0
171,6TZH,120L,-27,0.0
171,6TZH,120L,-28,0.0
171,6TZH,120L,-29,0.0
172,7KJ2,120L,0,12.0
172,7KJ2,120L,-1,8.873263182847383
172,7KJ2,120L,-2,4.44826830279709
172,7KJ2,120L,-3,1.424366297444124
172,7KJ2,120L,-4,0.0
172,7KJ2,120L,-5,0.0
172,7KJ2,120L,-6,0.0
172,7KJ2,120L,-7,0.0
172,7KJ2,120L,-8,0.0
172,7KJ2,120L,-9,0.0
172,7KJ2,120L,-10,0.0
172,7KJ2,120L,-11,0.0
172,7KJ2,120L,-12,0.0
172,7KJ2,120L,-13,0.0
172,7KJ2,120L,-14,0.0
172,7KJ2,120L,-15,0.0
172,7KJ2,120L,-16,0.0
172,7KJ2,120L,-17,0.0
172,7KJ2,120L,-18,0.0
172,7KJ2,120L,-19,0.0
172,7KJ2,120L,-20,0.0
172,7KJ2,120L,-21,0.0
172,7KJ2,120L,-22,0.0
172,7KJ2,120L,-23,0.0
172,7KJ2,120L,-24,0.0
172,7KJ2,120L,-25,0.0
172,7KJ2,120L,-26,0.0
172,7KJ2,120L,-27,0.0
172,7KJ2,120L,-28,0.0
172,7KJ2,120L,-29,0.0
173,KK4T,120L,0,31.0
173,KK4T,120L,-1,25.436421735968292
173,KK4T,120L,-2,22.231164889418935
173,KK4T,120L,-3,18.309208007424896
173,KK4T,120L,-4,12.928421644016794
173,KK4T,120L,-5,7.878994706420446
173,KK4T,120L,-6,3.935970924712186
173,KK4T,120L,-7,0.0
173,KK4T,120L,-8,0.0
173,KK4T,120L,-9,0.0
173,KK4T,120L,-10,0.0
173,KK4T,120L,-11,0.0
173,KK4T,120L,-12,0.0
173,KK4T,120L,-13,0.0
173,KK4T,120L,-14,0.0
173,KK4T,120L,-15,0.0
173,KK4T,120L,-16,0.0
173,KK4T,120L,-17,0.0
173,KK4T,120L,-18,0.0
173,KK4T,120L,-19,0.0
173,KK4T,120L,-20,0.0
173,KK4T,120L,-21,0.0
173,KK4T,120L,-22,0.0
173,KK4T,120L,-23,0.0
173,KK4T,120L,-24,0.0
173,KK4T,120L,-25,0.0
173,KK4T,120L,-26,0.0
173,KK4T,120L,-27,0.0
173,KK4T,120L,-28,0.0
173,KK4T,120L,-29,0.0
174,SOROBW,120L,0,70.0
174,SOROBW,120L,-1,63.95775915050756
174,SOROBW,120L,-2,58.173593418864066
174,SOROBW,120L,-3,53.95570952133984
174,SOROBW,120L,-4,50.032427876036024
174,SOROBW,120L,-5,46.1352703010278
174,SOROBW,120L,-6,43.67609417035776
174,SOROBW,120L,-7,38.23639047631422
174,SOROBW,120L,-8,31.230122320945803
174,SOROBW,120L,-9,27.816379598241213
174,SOROBW,120L,-10,24.90920410126466
174,SOROBW,120L,-11,19.593198707440173
174,SOROBW,120L,-12,14.136607501357522
174,SOROBW,120L,-13,12.610000949922544
174,SOROBW,120L,-14,8.90813334148628
174,SOROBW,120L,-15,1.5624106696510163
174,SOROBW,120L,-16,0.32209523240482163
174,SOROBW,120L,-17,0.0
174,SOROBW,120L,-18,0.0
174,SOROBW,120L,-19,0.0
174,SOROBW,120L,-20,0.0
174,SOROBW,120L,-21,0.0
174,SOROBW,120L,-22,0.0
174,SOROBW,120L,-23,0.0
174,SOROBW,120L,-24,0.0
174,SOROBW,120L,-25,0.0
174,SOROBW,120L,-26,0.0
174,SOROBW,120L,-27,0.0
174,SOROBW,120L,-28,0.0
174,SOROBW,120L,-29,0.0
175,VNCA,120L,0,58.0
175,VNCA,120L,-1,48.086388482805845
175,VNCA,120L,-2,44.691695090084536
175,VNCA,120L,-3,40.55154146727701
175,VNCA,120L,-4,37.37495152971117
175,VNCA,120L,-5,32.205258836570565
175,VNCA,120L,-6,28.425145445516687
175,VNCA,120L,-7,26.340426053897694
175,VNCA,120L,-8,22.71725202527406
175,VNCA,120L,-9,18.48922290835461
175,VNCA,120L,-10,14.05877747497804
175,VNCA,120L,-11,8.779535788427118
175,VNCA,120L,-12,3.6831621045114242
175,VNCA,120L,-13,0.0
175,VNCA,120L,-14,0.0
175,VNCA,120L,-15,0.0
175,VNCA,120L,-16,0.0
175,VNCA,120L,-17,0.0
175,VNCA,120L,-18,0.0
175,VNCA,120L,-19,0.0
175,VNCA,120L,-20,0.0
175,VNCA,120L,-21,0.0
175,VNCA,120L,-22,0.0
175,VNCA,120L,-23,0.0
175,VNCA,120L,-24,0.0
175,VNCA,120L,-25,0.0
175,VNCA,120L,-26,0.0
175,VNCA,120L,-27,0.0
175,VNCA,120L,-28,0.0
175,VNCA,120L,-29,0.0
176,UJDFJW,120L,0,85.0
176,UJDFJW,120L,-1,80.381760700058
176,UJDFJW,120L,-2,78.86707159963449
176,UJDFJW,120L,-3,73.35400952592585
176,UJDFJW,120L,-4,67.85916325487415
176,UJDFJW,120L,-5,61.455101507899464
176,UJDFJW,120L,-6,56.905225405864186
176,UJDFJW,120L,-7,51.49999551726629
176,UJDFJW,120L,-8,46.57271808116039
176,UJDFJW,120L,-9,44.80000044514506
176,UJDFJW,120L,-10,37.64333464708216
176,UJDFJW,120L,-11,33.45408320785714
176,UJDFJW,120L,-12,27.938434403767456
176,UJDFJW,120L,-13,22.22500401575957
176,UJDFJW,120L,-14,20.313757827075285
176,UJDFJW,120L,-15,15.909810774413332
176,UJDFJW,120L,-16,10.395864040652533
176,UJDFJW,120L,-17,5.2051576911008235
176,UJDFJW,120L,-18,1.8902794767888123
176,UJDFJW,120L,-19,0.0
176,UJDFJW,120L,-20,0.0
176,UJDFJW,120L,-21,0.0
176,UJDFJW,120L,-22,0.0
176,UJDFJW,120L,-23,0.0
176,UJDFJW,120L,-24,0.0
176,UJDFJW,120L,-25,0.0
176,UJDFJW,120L,-26,0.0
176,UJDFJW,120L,-27,0.0
176,UJDFJW,120L,-28,0.0
176,UJDFJW,120L,-29,0.0
177,46JF75,120L,0,27.0
177,46JF75,120L,-1,20.601339299602255
177,46JF75,120L,-2,15.165004196107455
177,46JF75,120L,-3,10.754787423011612
177,46JF75,120L,-4,5.203876041168835
177,46JF75,120L,-5,0.0
177,46JF75,120L,-6,0.0
177,46JF75,120L,-7,0.0
177,46JF75,120L,-8,0.0
177,46JF75,120L,-9,0.0
177,46JF75,120L,-10,0.0
177,46JF75,120L,-11,0.0
177,46JF75,120L,-12,0.0
177,46JF75,120L,-13,0.0
177,46JF75,120L,-14,0.0
177,46JF75,120L,-15,0.0
177,46JF75,120L,-16,0.0
177,46JF75,120L,-17,0.0
177,46JF75,120L,-18,0.0
177,46JF75,120L,-19,0.0
177,46JF75,120L,-20,0.0
177,46JF75,120L,-21,0.0
177,46JF75,120L,-22,0.0
177,46JF75,120L,-23,0.0
177,46JF75,120L,-24,0.0
177,46JF75,120L,-25,0.0
177,46JF75,120L,-26,0.0
177,46JF75,120L,-27,0.0
177,46JF75,120L,-28,0.0
177,46JF75,120L,-29,0.0
178,T2X2,120L,0,65.0
178,T2X2,120L,-1,58.31646535027559
178,T2X2,120L,-2,51.48685600653742
178,T2X2,120L,-3,46.17535955623209
178,T2X2,120L,-4,39.089697480173484
178,T2X2,120L,-5,33.16771115031124
178,T2X2,120L,-6,26.63400192983208
178,T2X2,120L,-7,24.115193393720958
178,T2X2,120L,-8,20.918361004107247
178,T2X2,120L,-9,15.587179124159132
178,T2X2,120L,-10,8.346823445112099
178,T2X2,120L,-11,4.15199055687528
178,T2X2,120L,-12,0.0
178,T2X2,120L,-13,0.0
178,T2X2,120L,-14,0.0
178,T2X2,120L,-15,0.0
178,T2X2,120L,-16,0.0
178,T2X2,120L,-17,0.0
178,T2X2,120L,-18,0.0
178,T2X2,120L,-19,0.0
178,T2X2,120L,-20,0.0
178,T2X2,120L,-21,0.0
178,T2X2,120L,-22,0.0
178,T2X2,120L,-23,0.0
178,T2X2,120L,-24,0.0
178,T2X2,120L,-25,0.0
178,T2X2,120L,-26,0.0
178,T2X2,120L,-27,0.0
178,T2X2,120L,-28,0.0
178,T2X2,120L,-29,0.0
179,43XG,120L,0,41.0
179,43XG,120L,-1,35.503193565618254
179,43XG,120L,-2,31.866194978263582
179,43XG,120L,-3,26.774412165595788
179,43XG,120L,-4,19.832843577656966
179,43XG,120L,-5,17.356744674376287
179,43XG,120L,-6,10.44540036507871
179,43XG,120L,-7,2.7322210388124795
179,43XG,120L,-8,0.0
179,43XG,120L,-9,0.0
179,43XG,120L,-10,0.0
179,43XG,120L,-11,0.0
179,43XG,120L,-12,0.0
179,43XG,120L,-13,0.0
179,43XG,120L,-14,0.0
179,43XG,120L,-15,0.0
179,43XG,120L,-16,0.0
179,43XG,120L,-17,0.0
179,43XG,120L,-18,0.0
179,43XG,120L,-19,0.0
179,43XG,120L,-20,0.0
179,43XG,120L,-21,0.0
179,43XG,120L,-22,0.0
179,43XG,120L,-23,0.0
179,43XG,120L,-24,0.0
179,43XG,120L,-25,0.0
179,43XG,120L,-26,0.0
179,43XG,120L,-27,0.0
179,43XG,120L,-28,0.0
179,43XG,120L,-29,0.0
180,VYIT,120L,0,44.0
180,VYIT,120L,-1,38.40527621809804
180,VYIT,120L,-2,33.84362553103483
180,VYIT,120L,-3,31.62657481172148
180,VYIT,120L,-4,27.020163843902207
180,VYIT,120L,-5,20.47258872911621
180,VYIT,120L,-6,16.56978954413629
180,VYIT,120L,-7,13.837570170027071
180,VYIT,120L,-8,11.439977633899462
180,VYIT,120L,-9,10.774816791189885
180,VYIT,120L,-10,4.470610175426065
180,VYIT,120L,-11,0.0
180,VYIT,120L,-12,0.0
180,VYIT,120L,-13,0.0
180,VYIT,120L,-14,0.0
180,VYIT,120L,-15,0.0
180,VYIT,120L,-16,0.0
180,VYIT,120L,-17,0.0
180,VYIT,120L,-18,0.0
180,VYIT,120L,-19,0.0
180,VYIT,120L,-20,0.0
180,VYIT,120L,-21,0.0
180,VYIT,120L,-22,0.0
180,VYIT,120L,-23,0.0
180,VYIT,120L,-24,0.0
180,VYIT,120L,-25,0.0
180,VYIT,120L,-26,0.0
180,VYIT,120L,-27,0.0
180,VYIT,120L,-28,0.0
180,VYIT,120L,-29,0.0
181,PIJZ,120L,0,61.0
181,PIJZ,120L,-1,56.188681127409296
181,PIJZ,120L,-2,49.588536806650204
181,PIJZ,120L,-3,47.27126033045308
181,PIJZ,120L,-4,44.18147758740344
181,PIJZ,120L,-5,40.688025601046405
181,PIJZ,120L,-6,36.36075998871949
181,PIJZ,120L,-7,32.742919719265124
181,PIJZ,120L,-8,26.984755228453743
181,PIJZ,120L,-9,21.975518533664665
181,PIJZ,120L,-10,17.53552272814831
181,PIJZ,120L,-11,14.974171613680406
181,PIJZ,120L,-12,11.562971364517795
181,PIJZ,120L,-13,8.021035800666318
181,PIJZ,120L,-14,1.4675094409738598
181,PIJZ,120L,-15,0.0
181,PIJZ,120L,-16,0.0
181,PIJZ,120L,-17,0.0
181,PIJZ,120L,-18,0.0
181,PIJZ,120L,-19,0.0
181,PIJZ,120L,-20,0.0
181,PIJZ,120L,-21,0.0
181,PIJZ,120L,-22,0.0
181,PIJZ,120L,-23,0.0
181,PIJZ,120L,-24,0.0
181,PIJZ,120L,-25,0.0
181,PIJZ,120L,-26,0.0
181,PIJZ,120L,-27,0.0
181,PIJZ,120L,-28,0.0
181,PIJZ,120L,-29,0.0
182,B534,120L,0,56.0
182,B534,120L,-1,48.24587226357744
182,B534,120L,-2,47.45334286434996
182,B534,120L,-3,44.74178907020779
182,B534,120L,-4,38.98302522670555
182,B534,120L,-5,30.996859666984733
182,B534,120L,-6,25.835476583196076
182,B534,120L,-7,21.947065253988573
182,B534,120L,-8,16.014797488578655
182,B534,120L,-9,13.061978614984861
182,B534,120L,-10,9.243200161050614
182,B534,120L,-11,4.307230068632315
182,B534,120L,-12,0.0
182,B534,120L,-13,0.0
182,B534,120L,-14,0.0
182,B534,120L,-15,0.0
182,B534,120L,-16,0.0
182,B534,120L,-17,0.0
182,B534,120L,-18,0.0
182,B534,120L,-19,0.0
182,B534,120L,-20,0.0
182,B534,120L,-21,0.0
182,B534,120L,-22,0.0
182,B534,120L,-23,0.0
182,B534,120L,-24,0.0
182,B534,120L,-25,0.0
182,B534,120L,-26,0.0
182,B534,120L,-27,0.0
182,B534,120L,-28,0.0
182,B534,120L,-29,0.0
183,RVU6,120L,0,5.0
183,RVU6,120L,-1,0.0
183,RVU6,120L,-2,0.0
183,RVU6,120L,-3,0.0
183,RVU6,120L,-4,0.0
183,RVU6,120L,-5,0.0
183,RVU6,120L,-6,0.0
183,RVU6,120L,-7,0.0
183,RVU6,120L,-8,0.0
183,RVU6,120L,-9,0.0
183,RVU6,120L,-10,0.0
183,RVU6,120L,-11,0.0
183,RVU6,120L,-12,0.0
183,RVU6,120L,-13,0.0
183,RVU6,120L,-14,0.0
183,RVU6,120L,-15,0.0
183,RVU6,120L,-16,0.0
183,RVU6,120L,-17,0.0
183,RVU6,120L,-18,0.0
183,RVU6,120L,-19,0.0
183,RVU6,120L,-20,0.0
183,RVU6,120L,-21,0.0
183,RVU6,120L,-22,0.0
183,RVU6,120L,-23,0.0
183,RVU6,120L,-24,0.0
183,RVU6,120L,-25,0.0
183,RVU6,120L,-26,0.0
183,RVU6,120L,-27,0.0
183,RVU6,120L,-28,0.0
183,RVU6,120L,-29,0.0
184,4VYR,120L,0,27.0
184,4VYR,120L,-1,24.9850468170442
184,4VYR,120L,-2,23.625080664705543
184,4VYR,120L,-3,20.308355143919485
184,4VYR,120L,-4,15.77112068435372
184,4VYR,120L,-5,12.822280177876955
184,4VYR,120L,-6,12.335169972533608
184,4VYR,120L,-7,9.813427493742775
184,4VYR,120L,-8,5.030864499794584
184,4VYR,120L,-9,0.0
184,4VYR,120L,-10,0.0
184,4VYR,120L,-11,0.0
184,4VYR,120L,-12,0.0
184,4VYR,120L,-13,0.0
184,4VYR,120L,-14,0.0
184,4VYR,120L,-15,0.0
184,4VYR,120L,-16,0.0
184,4VYR,120L,-17,0.0
184,4VYR,120L,-18,0.0
184,4VYR,120L,-19,0.0
184,4VYR,120L,-20,0.0
184,4VYR,120L,-21,0.0
184,4VYR,120L,-22,0.0
184,4VYR,120L,-23,0.0
184,4VYR,120L,-24,0.0
184,4VYR,120L,-25,0.0
184,4VYR,120L,-26,0.0
184,4VYR,120L,-27,0.0
184,4VYR,120L,-28,0.0
184,4VYR,120L,-29,0.0
185,SNVZ,120L,0,27.0
185,SNVZ,120L,-1,17.598171818437095
185,SNVZ,120L,-2,13.470600759895262
185,SNVZ,120L,-3,9.917975926206065
185,SNVZ,120L,-4,8.575593379509074
185,SNVZ,120L,-5,4.002843689292027
185,SNVZ,120L,-6,0.14550499195156208
185,SNVZ,120L,-7,0.0
185,SNVZ,120L,-8,0.0
185,SNVZ,120L,-9,0.0
185,SNVZ,120L,-10,0.0
185,SNVZ,120L,-11,0.0
185,SNVZ,120L,-12,0.0
185,SNVZ,120L,-13,0.0
185,SNVZ,120L,-14,0.0
185,SNVZ,120L,-15,0.0
185,SNVZ,120L,-16,0.0
185,SNVZ,120L,-17,0.0
185,SNVZ,120L,-18,0.0
185,SNVZ,120L,-19,0.0
185,SNVZ,120L,-20,0.0
185,SNVZ,120L,-21,0.0
185,SNVZ,120L,-22,0.0
185,SNVZ,120L,-23,0.0
185,SNVZ,120L,-24,0.0
185,SNVZ,120L,-25,0.0
185,SNVZ,120L,-26,0.0
185,SNVZ,120L,-27,0.0
185,SNVZ,120L,-28,0.0
185,SNVZ,120L,-29,0.0
186,FFFY,120L,0,43.0
186,FFFY,120L,-1,38.963099045775735
186,FFFY,120L,-2,34.50863108356045
186,FFFY,120L,-3,30.705479225266835
186,FFFY,120L,-4,27.392651338526367
186,FFFY,120L,-5,24.949905201724135
186,FFFY,120L,-6,19.95886828098613
186,FFFY,120L,-7,17.04607456359865
186,FFFY,120L,-8,13.567262832217903
186,FFFY,120L,-9,10.213897630640993
186,FFFY,120L,-10,7.404466302211652
186,FFFY,120L,-11,5.047994104726977
186,FFFY,120L,-12,0.0
186,FFFY,120L,-13,0.0
186,FFFY,120L,-14,0.0
186,FFFY,120L,-15,0.0
186,FFFY,120L,-16,0.0
186,FFFY,120L,-17,0.0
186,FFFY,120L,-18,0.0
186,FFFY,120L,-19,0.0
186,FFFY,120L,-20,0.0
186,FFFY,120L,-21,0.0
186,FFFY,120L,-22,0.0
186,FFFY,120L,-23,0.0
186,FFFY,120L,-24,0.0
186,FFFY,120L,-25,0.0
186,FFFY,120L,-26,0.0
186,FFFY,120L,-27,0.0
186,FFFY,120L,-28,0.0
186,FFFY,120L,-29,0.0
187,FN4Z,120L,0,83.0
187,FN4Z,120L,-1,76.37428964051324
187,FN4Z,120L,-2,70.15359506131144
187,FN4Z,120L,-3,66.36940440530695
187,FN4Z,120L,-4,62.81349642865199
187,FN4Z,120L,-5,57.5014729124565
187,FN4Z,120L,-6,53.09841711100263
187,FN4Z,120L,-7,48.58760761608354
187,FN4Z,120L,-8,42.27814440811407
187,FN4Z,120L,-9,36.46339144194234
187,FN4Z,120L,-10,31.074425061130043
187,FN4Z,120L,-11,28.095187600317914
187,FN4Z,120L,-12,24.19855401657472
187,FN4Z,120L,-13,23.87389809698916
187,FN4Z,120L,-14,20.48661785978474
187,FN4Z,120L,-15,15.003251668424966
187,FN4Z,120L,-16,10.425126100434603
187,FN4Z,120L,-17,2.9047906158757897
187,FN4Z,120L,-18,0.0
187,FN4Z,120L,-19,0.0
187,FN4Z,120L,-20,0.0
187,FN4Z,120L,-21,0.0
187,FN4Z,120L,-22,0.0
187,FN4Z,120L,-23,0.0
187,FN4Z,120L,-24,0.0
187,FN4Z,120L,-25,0.0
187,FN4Z,120L,-26,0.0
187,FN4Z,120L,-27,0.0
187,FN4Z,120L,-28,0.0
187,FN4Z,120L,-29,0.0
188,YABH,120L,0,29.0
188,YABH,120L,-1,23.728868014597793
188,YABH,120L,-2,20.833674874608306
188,YABH,120L,-3,14.64832085842417
188,YABH,120L,-4,9.382434803718585
188,YABH,120L,-5,3.4136603393103018
188,YABH,120L,-6,0.0
188,YABH,120L,-7,0.0
188,YABH,120L,-8,0.0
188,YABH,120L,-9,0.0
188,YABH,120L,-10,0.0
188,YABH,120L,-11,0.0
188,YABH,120L,-12,0.0
188,YABH,120L,-13,0.0
188,YABH,120L,-14,0.0
188,YABH,120L,-15,0.0
188,YABH,120L,-16,0.0
188,YABH,120L,-17,0.0
188,YABH,120L,-18,0.0
188,YABH,120L,-19,0.0
188,YABH,120L,-20,0.0
188,YABH,120L,-21,0.0
188,YABH,120L,-22,0.0
188,YABH,120L,-23,0.0
188,YABH,120L,-24,0.0
188,YABH,120L,-25,0.0
188,YABH,120L,-26,0.0
188,YABH,120L,-27,0.0
188,YABH,120L,-28,0.0
188,YABH,120L,-29,0.0
189,WV3D,120L,0,61.0
189,WV3D,120L,-1,58.23280676057244
189,WV3D,120L,-2,56.55922188154299
189,WV3D,120L,-3,51.40908607911022
189,WV3D,120L,-4,44.18521622710409
189,WV3D,120L,-5,40.486683149946074
189,WV3D,120L,-6,34.88522187261497
189,WV3D,120L,-7,30.149590453794964
189,WV3D,120L,-8,28.86417349271569
189,WV3D,120L,-9,24.688310098930884
189,WV3D,120L,-10,20.226434204415035
189,WV3D,120L,-11,15.789434574216676
189,WV3D,120L,-12,13.271332849447809
189,WV3D,120L,-13,10.55016422705132
189,WV3D,120L,-14,7.23375511303743
189,WV3D,120L,-15,4.28053622130065
189,WV3D,120L,-16,0.0
189,WV3D,120L,-17,0.0
189,WV3D,120L,-18,0.0
189,WV3D,120L,-19,0.0
189,WV3D,120L,-20,0.0
189,WV3D,120L,-21,0.0
189,WV3D,120L,-22,0.0
189,WV3D,120L,-23,0.0
189,WV3D,120L,-24,0.0
189,WV3D,120L,-25,0.0
189,WV3D,120L,-26,0.0
189,WV3D,120L,-27,0.0
189,WV3D,120L,-28,0.0
189,WV3D,120L,-29,0.0
190,N7YA,120L,0,74.0
190,N7YA,120L,-1,70.24427233671837
190,N7YA,120L,-2,65.9521490469827
190,N7YA,120L,-3,61.82397065387408
190,N7YA,120L,-4,54.41426061592175
190,N7YA,120L,-5,51.3430227483263
190,N7YA,120L,-6,49.512798972514496
190,N7YA,120L,-7,44.67985424336385
190,N7YA,120L,-8,41.38514979643357
190,N7YA,120L,-9,36.20292835316477
190,N7YA,120L,-10,31.44500241542442
190,N7YA,120L,-11,27.527491051327793
190,N7YA,120L,-12,22.45820242695129
190,N7YA,120L,-13,17.56084198925278
190,N7YA,120L,-14,11.253430328809383
190,N7YA,120L,-15,6.352174160618587
190,N7YA,120L,-16,1.971819480185144
190,N7YA,120L,-17,0.0
190,N7YA,120L,-18,0.0
190,N7YA,120L,-19,0.0
190,N7YA,120L,-20,0.0
190,N7YA,120L,-21,0.0
190,N7YA,120L,-22,0.0
190,N7YA,120L,-23,0.0
190,N7YA,120L,-24,0.0
190,N7YA,120L,-25,0.0
190,N7YA,120L,-26,0.0
190,N7YA,120L,-27,0.0
190,N7YA,120L,-28,0.0
190,N7YA,120L,-29,0.0
191,XFJB4O,120L,0,91.0
191,XFJB4O,120L,-1,86.56528130266375
191,XFJB4O,120L,-2,79.79466902577983
191,XFJB4O,120L,-3,74.58604141442632
191,XFJB4O,120L,-4,70.73087093551878
191,XFJB4O,120L,-5,66.73697451164671
191,XFJB4O,120L,-6,64.9297386659984
191,XFJB4O,120L,-7,61.745349986654844
191,XFJB4O,120L,-8,56.038411523919166
191,XFJB4O,120L,-9,52.70755939203668
191,XFJB4O,120L,-10,50.16431569416355
191,XFJB4O,120L,-11,45.31597178080875
191,XFJB4O,120L,-12,39.5207394601285
191,XFJB4O,120L,-13,35.4405405588176
191,XFJB4O,120L,-14,30.075239680197573
191,XFJB4O,120L,-15,27.663902763382406
191,XFJB4O,120L,-16,21.107442577051156
191,XFJB4O,120L,-17,16.826754031114096
191,XFJB4O,120L,-18,11.645608724544417
191,XFJB4O,120L,-19,5.927994395764054
191,XFJB4O,120L,-20,4.592717958560494
191,XFJB4O,120L,-21,1.1341507848077792
191,XFJB4O,120L,-22,0.0
191,XFJB4O,120L,-23,0.0
191,XFJB4O,120L,-24,0.0
191,XFJB4O,120L,-25,0.0
191,XFJB4O,120L,-26,0.0
191,XFJB4O,120L,-27,0.0
191,XFJB4O,120L,-28,0.0
191,XFJB4O,120L,-29,0.0
192,NDM7,120L,0,88.0
192,NDM7,120L,-1,83.96965640665742
192,NDM7,120L,-2,75.99975760210039
192,NDM7,120L,-3,71.86696956085952
192,NDM7,120L,-4,66.17855607427155
192,NDM7,120L,-5,61.57031432745055
192,NDM7,120L,-6,58.73319168287975
192,NDM7,120L,-7,51.986978721174665
192,NDM7,120L,-8,46.999701074835265
192,NDM7,120L,-9,41.1370803248334
192,NDM7,120L,-10,35.66534784517534
192,NDM7,120L,-11,29.350390974645855
192,NDM7,120L,-12,24.368178143988217
192,NDM7,120L,-13,20.518509463899456
192,NDM7,120L,-14,18.653283848481063
192,NDM7,120L,-15,15.900323396827263
192,NDM7,120L,-16,9.767155482524371
192,NDM7,120L,-17,7.70192928594899
192,NDM7,120L,-18,6.023453037076647
192,NDM7,120L,-19,1.7561376067371153
192,NDM7,120L,-20,0.0
192,NDM7,120L,-21,0.0
192,NDM7,120L,-22,0.0
192,NDM7,120L,-23,0.0
192,NDM7,120L,-24,0.0
192,NDM7,120L,-25,0.0
192,NDM7,120L,-26,0.0
192,NDM7,120L,-27,0.0
192,NDM7,120L,-28,0.0
192,NDM7,120L,-29,0.0
193,AVVB,120L,0,61.0
193,AVVB,120L,-1,55.431157923548376
193,AVVB,120L,-2,51.468556192089416
193,AVVB,120L,-3,47.939014031595576
193,AVVB,120L,-4,44.656832183413705
193,AVVB,120L,-5,38.470473466449405
193,AVVB,120L,-6,33.91024355152946
193,AVVB,120L,-7,30.509400886406432
193,AVVB,120L,-8,25.208349063576907
193,AVVB,120L,-9,23.15014917309395
193,AVVB,120L,-10,21.091778537346144
193,AVVB,120L,-11,16.441456671237834
193,AVVB,120L,-12,14.585443275630016
193,AVVB,120L,-13,8.431052461951904
193,AVVB,120L,-14,4.015179148009652
193,AVVB,120L,-15,0.0
193,AVVB,120L,-16,0.0
193,AVVB,120L,-17,0.0
193,AVVB,120L,-18,0.0
193,AVVB,120L,-19,0.0
193,AVVB,120L,-20,0.0
193,AVVB,120L,-21,0.0
193,AVVB,120L,-22,0.0
193,AVVB,120L,-23,0.0
193,AVVB,120L,-24,0.0
193,AVVB,120L,-25,0.0
193,AVVB,120L,-26,0.0
193,AVVB,120L,-27,0.0
193,AVVB,120L,-28,0.0
193,AVVB,120L,-29,0.0
194,YANR,120L,0,96.0
194,YANR,120L,-1,89.17351499194923
194,YANR,120L,-2,85.47909621558811
194,YANR,120L,-3,81.77289522776697
194,YANR,120L,-4,75.63317449287825
194,YANR,120L,-5,69.58604693462493
194,YANR,120L,-6,64.99638951758105
194,YANR,120L,-7,62.53213999085765
194,YANR,120L,-8,59.193963167167006
194,YANR,120L,-9,53.80700193151483
194,YANR,120L,-10,50.11779268833596
194,YANR,120L,-11,45.412632539411455
194,YANR,120L,-12,39.491007228579114
194,YANR,120L,-13,36.528173333408105
194,YANR,120L,-14,32.67748619767581
194,YANR,120L,-15,30.13915324029724
194,YANR,120L,-16,24.751497015806148
194,YANR,120L,-17,20.136025672905852
194,YANR,120L,-18,14.555181312835167
194,YANR,120L,-19,6.413474771903567
194,YANR,120L,-20,2.3211967945354424
194,YANR,120L,-21,0.0
194,YANR,120L,-22,0.0
194,YANR,120L,-23,0.0
194,YANR,120L,-24,0.0
194,YANR,120L,-25,0.0
194,YANR,120L,-26,0.0
194,YANR,120L,-27,0.0
194,YANR,120L,-28,0.0
194,YANR,120L,-29,0.0
195,KIKG,120L,0,0.0
195,KIKG,120L,-1,0.0
195,KIKG,120L,-2,0.0
195,KIKG,120L,-3,0.0
195,KIKG,120L,-4,0.0
195,KIKG,120L,-5,0.0
195,KIKG,120L,-6,0.0
195,KIKG,120L,-7,0.0
195,KIKG,120L,-8,0.0
195,KIKG,120L,-9,0.0
195,KIKG,120L,-10,0.0
195,KIKG,120L,-11,0.0
195,KIKG,120L,-12,0.0
195,KIKG,120L,-13,0.0
195,KIKG,120L,-14,0.0
195,KIKG,120L,-15,0.0
195,KIKG,120L,-16,0.0
195,KIKG,120L,-17,0.0
195,KIKG,120L,-18,0.0
195,KIKG,120L,-19,0.0
195,KIKG,120L,-20,0.0
195,KIKG,120L,-21,0.0
195,KIKG,120L,-22,0.0
195,KIKG,120L,-23,0.0
195,KIKG,120L,-24,0.0
195,KIKG,120L,-25,0.0
195,KIKG,120L,-26,0.0
195,KIKG,120L,-27,0.0
195,KIKG,120L,-28,0.0
195,KIKG,120L,-29,0.0
196,YIEA,120L,0,26.0
196,YIEA,120L,-1,20.992375338995817
196,YIEA,120L,-2,14.492551050176692
196,YIEA,120L,-3,10.211703460902772
196,YIEA,120L,-4,7.6172658004897755
196,YIEA,120L,-5,3.5449555019334027
196,YIEA,120L,-6,0.0
196,YIEA,120L,-7,0.0
196,YIEA,120L,-8,0.0
196,YIEA,120L,-9,0.0
196,YIEA,120L,-10,0.0
196,YIEA,120L,-11,0.0
196,YIEA,120L,-12,0.0
196,YIEA,120L,-13,0.0
196,YIEA,120L,-14,0.0
196,YIEA,120L,-15,0.0
196,YIEA,120L,-16,0.0
196,YIEA,120L,-17,0.0
196,YIEA,120L,-18,0.0
196,YIEA,120L,-19,0.0
196,YIEA,120L,-20,0.0
196,YIEA,120L,-21,0.0
196,YIEA,120L,-22,0.0
196,YIEA,120L,-23,0.0
196,YIEA,120L,-24,0.0
196,YIEA,120L,-25,0.0
196,YIEA,120L,-26,0.0
196,YIEA,120L,-27,0.0
196,YIEA,120L,-28,0.0
196,YIEA,120L,-29,0.0
197,DOAY,120L,0,61.0
197,DOAY,120L,-1,56.98055728944164
197,DOAY,120L,-2,52.82890827165197
197,DOAY,120L,-3,47.75811629600062
197,DOAY,120L,-4,42.708815178562254
197,DOAY,120L,-5,42.60269829479715
197,DOAY,120L,-6,38.663303845880975
197,DOAY,120L,-7,34.11842297492226
197,DOAY,120L,-8,28.626322211452237
197,DOAY,120L,-9,22.552076076678564
197,DOAY,120L,-10,20.064973996708932
197,DOAY,120L,-11,18.714251237191704
197,DOAY,120L,-12,13.402699847227789
197,DOAY,120L,-13,10.329354722748045
197,DOAY,120L,-14,4.083536182978716
197,DOAY,120L,-15,0.9168378369493035
197,DOAY,120L,-16,0.0
197,DOAY,120L,-17,0.0
197,DOAY,120L,-18,0.0
197,DOAY,120L,-19,0.0
197,DOAY,120L,-20,0.0
197,DOAY,120L,-21,0.0
197,DOAY,120L,-22,0.0
197,DOAY,120L,-23,0.0
197,DOAY,120L,-24,0.0
197,DOAY,120L,-25,0.0
197,DOAY,120L,-26,0.0
197,DOAY,120L,-27,0.0
197,DOAY,120L,-28,0.0
197,DOAY,120L,-29,0.0
198,PWCW,120L,0,76.0
198,PWCW,120L,-1,70.42503791605849
198,PWCW,120L,-2,67.02733308957157
198,PWCW,120L,-3,61.074131647098525
198,PWCW,120L,-4,59.17264859954354
198,PWCW,120L,-5,53.254786339584484
198,PWCW,120L,-6,48.580182382757464
198,PWCW,120L,-7,44.83776012669808
198,PWCW,120L,-8,39.843431946864115
198,PWCW,120L,-9,34.790623963464704
198,PWCW,120L,-10,28.5130064435782
198,PWCW,120L,-11,21.40881636025208
198,PWCW,120L,-12,18.03469238192659
198,PWCW,120L,-13,11.360964892243063
198,PWCW,120L,-14,5.882556627294116
198,PWCW,120L,-15,5.581130294520785
198,PWCW,120L,-16,0.0
198,PWCW,120L,-17,0.0
198,PWCW,120L,-18,0.0
198,PWCW,120L,-19,0.0
198,PWCW,120L,-20,0.0
198,PWCW,120L,-21,0.0
198,PWCW,120L,-22,0.0
198,PWCW,120L,-23,0.0
198,PWCW,120L,-24,0.0
198,PWCW,120L,-25,0.0
198,PWCW,120L,-26,0.0
198,PWCW,120L,-27,0.0
198,PWCW,120L,-28,0.0
198,PWCW,120L,-29,0.0
199,BT77,120L,0,2.0
199,BT77,120L,-1,0.17440441186527988
199,BT77,120L,-2,0.0
199,BT77,120L,-3,0.0
199,BT77,120L,-4,0.0
199,BT77,120L,-5,0.0
199,BT77,120L,-6,0.0
199,BT77,120L,-7,0.0
199,BT77,120L,-8,0.0
199,BT77,120L,-9,0.0
199,BT77,120L,-10,0.0
199,BT77,120L,-11,0.0
199,BT77,120L,-12,0.0
199,BT77,120L,-13,0.0
199,BT77,120L,-14,0.0
199,BT77,120L,-15,0.0
199,BT77,120L,-16,0.0
199,BT77,120L,-17,0.0
199,BT77,120L,-18,0.0
199,BT77,120L,-19,0.0
199,BT77,120L,-20,0.0
199,BT77,120L,-21,0.0
199,BT77,120L,-22,1.361149682360872
199,BT77,120L,-23,0.0
199,BT77,120L,-24,0.0
199,BT77,120L,-25,0.0
199,BT77,120L,-26,0.0
199,BT77,120L,-27,0.0
199,BT77,120L,-28,0.0
199,BT77,120L,-29,0.0
200,OXYS,120L,0,69.0
200,OXYS,120L,-1,61.98598398368438
200,OXYS,120L,-2,53.184436917493834
200,OXYS,120L,-3,47.619056285824875
200,OXYS,120L,-4,45.302494452838495
200,OXYS,120L,-5,40.18264329822222
200,OXYS,120L,-6,36.86047427724634
200,OXYS,120L,-7,35.584222505650104
200,OXYS,120L,-8,32.12518889856949
200,OXYS,120L,-9,28.68155693697561
200,OXYS,120L,-10,25.074910474314642
200,OXYS,120L,-11,21.50934446170364
200,OXYS,120L,-12,15.248278543813711
200,OXYS,120L,-13,7.146611373980425
200,OXYS,120L,-14,2.206776120047218
200,OXYS,120L,-15,0.0
200,OXYS,120L,-16,0.0
200,OXYS,120L,-17,0.0
200,OXYS,120L,-18,0.0
200,OXYS,120L,-19,0.0
200,OXYS,120L,-20,0.0
200,OXYS,120L,-21,0.0
200,OXYS,120L,-22,0.0
200,OXYS,120L,-23,0.0
200,OXYS,120L,-24,0.0
200,OXYS,120L,-25,0.0
200,OXYS,120L,-26,0.0
200,OXYS,120L,-27,0.0
200,OXYS,120L,-28,0.0
200,OXYS,120L,-29,0.0
201,JCPQ,120L,0,71.0
201,JCPQ,120L,-1,66.1938706877089
201,JCPQ,120L,-2,61.786890116461684
201,JCPQ,120L,-3,57.2910503284921
201,JCPQ,120L,-4,52.02976323007272
201,JCPQ,120L,-5,50.70061068697866
201,JCPQ,120L,-6,46.43045911204822
201,JCPQ,120L,-7,38.719944593502106
201,JCPQ,120L,-8,34.86516003973035
201,JCPQ,120L,-9,32.31993459849307
201,JCPQ,120L,-10,23.616639953337934
201,JCPQ,120L,-11,19.42833255581928
201,JCPQ,120L,-12,15.870974771850813
201,JCPQ,120L,-13,15.980841562872744
201,JCPQ,120L,-14,13.89563687954903
201,JCPQ,120L,-15,9.117232108364371
201,JCPQ,120L,-16,5.315381727468983
201,JCPQ,120L,-17,0.0
201,JCPQ,120L,-18,0.0
201,JCPQ,120L,-19,0.0
201,JCPQ,120L,-20,0.0
201,JCPQ,120L,-21,0.0
201,JCPQ,120L,-22,0.0
201,JCPQ,120L,-23,0.0
201,JCPQ,120L,-24,0.0
201,JCPQ,120L,-25,0.0
201,JCPQ,120L,-26,0.0
201,JCPQ,120L,-27,0.0
201,JCPQ,120L,-28,0.0
201,JCPQ,120L,-29,0.0
202,QE67,120L,0,26.0
202,QE67,120L,-1,21.205660441439235
202,QE67,120L,-2,15.681749533124602
202,QE67,120L,-3,11.06166963102533
202,QE67,120L,-4,5.614925287008563
202,QE67,120L,-5,0.0
202,QE67,120L,-6,0.0
202,QE67,120L,-7,0.0
202,QE67,120L,-8,0.0
202,QE67,120L,-9,0.0
202,QE67,120L,-10,0.0
202,QE67,120L,-11,0.0
202,QE67,120L,-12,0.0
202,QE67,120L,-13,0.0
202,QE67,120L,-14,0.0
202,QE67,120L,-15,0.0
202,QE67,120L,-16,0.0
202,QE67,120L,-17,0.0
202,QE67,120L,-18,0.0
202,QE67,120L,-19,0.0
202,QE67,120L,-20,0.0
202,QE67,120L,-21,0.0
202,QE67,120L,-22,0.0
202,QE67,120L,-23,0.0
202,QE67,120L,-24,0.0
202,QE67,120L,-25,0.0
202,QE67,120L,-26,0.0
202,QE67,120L,-27,0.0
202,QE67,120L,-28,0.0
202,QE67,120L,-29,0.0
203,U6RM,120L,0,8.0
203,U6RM,120L,-1,4.367985939632058
203,U6RM,120L,-2,0.0
203,U6RM,120L,-3,0.0
203,U6RM,120L,-4,0.0
203,U6RM,120L,-5,0.0
203,U6RM,120L,-6,0.0
203,U6RM,120L,-7,0.0
203,U6RM,120L,-8,0.0
203,U6RM,120L,-9,0.0
203,U6RM,120L,-10,0.0
203,U6RM,120L,-11,0.0
203,U6RM,120L,-12,0.0
203,U6RM,120L,-13,0.0
203,U6RM,120L,-14,0.0
203,U6RM,120L,-15,0.0
203,U6RM,120L,-16,0.0
203,U6RM,120L,-17,0.0
203,U6RM,120L,-18,0.0
203,U6RM,120L,-19,0.0
203,U6RM,120L,-20,0.0
203,U6RM,120L,-21,0.0
203,U6RM,120L,-22,0.0
203,U6RM,120L,-23,0.0
203,U6RM,120L,-24,0.0
203,U6RM,120L,-25,0.0
203,U6RM,120L,-26,0.0
203,U6RM,120L,-27,0.0
203,U6RM,120L,-28,0.0
203,U6RM,120L,-29,0.0
204,C7GGQV,120L,0,61.0
204,C7GGQV,120L,-1,54.64715335886597
204,C7GGQV,120L,-2,49.19798883354068
204,C7GGQV,120L,-3,45.04121362933045
204,C7GGQV,120L,-4,41.47348193230031
204,C7GGQV,120L,-5,35.905620095524746
204,C7GGQV,120L,-6,32.04626183320555
204,C7GGQV,120L,-7,28.689486843745755
204,C7GGQV,120L,-8,24.429407319025664
204,C7GGQV,120L,-9,20.219657943175008
204,C7GGQV,120L,-10,18.26998614693247
204,C7GGQV,120L,-11,10.60599773632288
204,C7GGQV,120L,-12,8.465873043619652
204,C7GGQV,120L,-13,3.7874129316373315
204,C7GGQV,120L,-14,0.0
204,C7GGQV,120L,-15,0.0
204,C7GGQV,120L,-16,0.0
204,C7GGQV,120L,-17,0.0
204,C7GGQV,120L,-18,0.0
204,C7GGQV,120L,-19,0.0
204,C7GGQV,120L,-20,0.0
204,C7GGQV,120L,-21,0.0
204,C7GGQV,120L,-22,0.0
204,C7GGQV,120L,-23,0.0
204,C7GGQV,120L,-24,0.0
204,C7GGQV,120L,-25,0.0
204,C7GGQV,120L,-26,0.0
204,C7GGQV,120L,-27,0.0
204,C7GGQV,120L,-28,0.0
204,C7GGQV,120L,-29,0.0
205,H644,120L,0,36.0
205,H644,120L,-1,32.60055661931365
205,H644,120L,-2,25.33040349692611
205,H644,120L,-3,19.45293759818657
205,H644,120L,-4,15.074090060286961
205,H644,120L,-5,11.042291289886546
205,H644,120L,-6,3.063707004932845
205,H644,120L,-7,0.6454337959441847
205,H644,120L,-8,0.0
205,H644,120L,-9,0.0
205,H644,120L,-10,0.34237254171266285
205,H644,120L,-11,0.0
205,H644,120L,-12,0.0
205,H644,120L,-13,0.0
205,H644,120L,-14,0.0
205,H644,120L,-15,0.0
205,H644,120L,-16,0.0
205,H644,120L,-17,0.0
205,H644,120L,-18,0.0
205,H644,120L,-19,0.0
205,H644,120L,-20,0.0
205,H644,120L,-21,0.0
205,H644,120L,-22,0.0
205,H644,120L,-23,0.0
205,H644,120L,-24,0.0
205,H644,120L,-25,0.0
205,H644,120L,-26,0.0
205,H644,120L,-27,0.0
205,H644,120L,-28,0.0
205,H644,120L,-29,0.0
206,R7PR,120L,0,96.0
206,R7PR,120L,-1,92.77599344630656
206,R7PR,120L,-2,87.25329313266555
206,R7PR,120L,-3,82.77480311328046
206,R7PR,120L,-4,75.75330556934401
206,R7PR,120L,-5,71.95704275608851
206,R7PR,120L,-6,68.29056357307412
206,R7PR,120L,-7,66.27469787679757
206,R7PR,120L,-8,59.7656412197408
206,R7PR,120L,-9,58.49978543033744
206,R7PR,120L,-10,53.27822331404887
206,R7PR,120L,-11,50.589218144844
206,R7PR,120L,-12,46.81553897323205
206,R7PR,120L,-13,41.46339656756364
206,R7PR,120L,-14,40.5918076001768
206,R7PR,120L,-15,40.67858634036693
206,R7PR,120L,-16,36.80701192795491
206,R7PR,120L,-17,30.81036850276277
206,R7PR,120L,-18,26.91989566213602
206,R7PR,120L,-19,22.53254981320857
206,R7PR,120L,-20,15.329162247922177
206,R7PR,120L,-21,10.68390607688641
206,R7PR,120L,-22,8.37962271099239
206,R7PR,120L,-23,2.459003153830075
206,R7PR,120L,-24,0.0
206,R7PR,120L,-25,0.0
206,R7PR,120L,-26,0.0
206,R7PR,120L,-27,0.0
206,R7PR,120L,-28,0.0
206,R7PR,120L,-29,0.0
207,6LTW,120L,0,50.0
207,6LTW,120L,-1,46.55592166137433
207,6LTW,120L,-2,41.76568761625787
207,6LTW,120L,-3,40.827735719286345
207,6LTW,120L,-4,36.18190903485756
207,6LTW,120L,-5,31.303398348072804
207,6LTW,120L,-6,24.002053651722605
207,6LTW,120L,-7,19.5024012984076
207,6LTW,120L,-8,15.163841283780684
207,6LTW,120L,-9,11.980438368078405
207,6LTW,120L,-10,7.777712162847329
207,6LTW,120L,-11,2.593747384231986
207,6LTW,120L,-12,0.0
207,6LTW,120L,-13,0.0
207,6LTW,120L,-14,0.0
207,6LTW,120L,-15,0.0
207,6LTW,120L,-16,0.0
207,6LTW,120L,-17,0.0
207,6LTW,120L,-18,0.0
207,6LTW,120L,-19,0.0
207,6LTW,120L,-20,0.0
207,6LTW,120L,-21,0.0
207,6LTW,120L,-22,0.0
207,6LTW,120L,-23,0.0
207,6LTW,120L,-24,0.0
207,6LTW,120L,-25,0.0
207,6LTW,120L,-26,0.0
207,6LTW,120L,-27,0.0
207,6LTW,120L,-28,0.0
207,6LTW,120L,-29,0.0
208,SCSO,120L,0,43.0
208,SCSO,120L,-1,38.3491396810184
208,SCSO,120L,-2,33.38874243474041
208,SCSO,120L,-3,27.085489313800633
208,SCSO,120L,-4,22.809519074852624
208,SCSO,120L,-5,18.78403980898483
208,SCSO,120L,-6,14.304543991147577
208,SCSO,120L,-7,9.830160610796387
208,SCSO,120L,-8,5.021564959268288
208,SCSO,120L,-9,0.1818515587021995
208,SCSO,120L,-10,0.0
208,SCSO,120L,-11,0.0
208,SCSO,120L,-12,0.0
208,SCSO,120L,-13,0.0
208,SCSO,120L,-14,0.0
208,SCSO,120L,-15,0.0
208,SCSO,120L,-16,0.0
208,SCSO,120L,-17,0.0
208,SCSO,120L,-18,0.0
208,SCSO,120L,-19,0.0
208,SCSO,120L,-20,0.0
208,SCSO,120L,-21,0.0
208,SCSO,120L,-22,0.0
208,SCSO,120L,-23,0.0
208,SCSO,120L,-24,0.0
208,SCSO,120L,-25,0.0
208,SCSO,120L,-26,0.0
208,SCSO,120L,-27,0.0
208,SCSO,120L,-28,0.0
208,SCSO,120L,-29,0.0
209,LP4Y,120L,0,23.0
209,LP4Y,120L,-1,19.387563892937457
209,LP4Y,120L,-2,18.190273515839234
209,LP4Y,120L,-3,12.045635975067105
209,LP4Y,120L,-4,4.004535975949098
209,LP4Y,120L,-5,0.0
209,LP4Y,120L,-6,0.0
209,LP4Y,120L,-7,0.0
209,LP4Y,120L,-8,0.0
209,LP4Y,120L,-9,0.0
209,LP4Y,120L,-10,0.0
209,LP4Y,120L,-11,0.0
209,LP4Y,120L,-12,0.0
209,LP4Y,120L,-13,0.0
209,LP4Y,120L,-14,0.0
209,LP4Y,120L,-15,0.0
209,LP4Y,120L,-16,0.0
209,LP4Y,120L,-17,0.0
209,LP4Y,120L,-18,0.0
209,LP4Y,120L,-19,0.0
209,LP4Y,120L,-20,0.0
209,LP4Y,120L,-21,0.0
209,LP4Y,120L,-22,0.0
209,LP4Y,120L,-23,0.0
209,LP4Y,120L,-24,0.0
209,LP4Y,120L,-25,0.0
209,LP4Y,120L,-26,0.0
209,LP4Y,120L,-27,0.0
209,LP4Y,120L,-28,0.0
209,LP4Y,120L,-29,0.0
210,6MZI,120L,0,78.0
210,6MZI,120L,-1,74.59718667159677
210,6MZI,120L,-2,72.43874694164332
210,6MZI,120L,-3,70.46484059196874
210,6MZI,120L,-4,66.07933353791782
210,6MZI,120L,-5,62.34012159383878
210,6MZI,120L,-6,58.368382869902405
210,6MZI,120L,-7,53.04628033280821
210,6MZI,120L,-8,46.78706778803394
210,6MZI,120L,-9,42.018372648567286
210,6MZI,120L,-10,39.758961380257105
210,6MZI,120L,-11,34.838428136202104
210,6MZI,120L,-12,30.768598109049844
210,6MZI,120L,-13,25.92570627232657
210,6MZI,120L,-14,22.185539981834424
210,6MZI,120L,-15,17.202744640789977
210,6MZI,120L,-16,13.102011023799383
210,6MZI,120L,-17,9.85655838180201
210,6MZI,120L,-18,4.615117126556406
210,6MZI,120L,-19,0.0
210,6MZI,120L,-20,0.0
210,6MZI,120L,-21,0.0
210,6MZI,120L,-22,0.0
210,6MZI,120L,-23,0.0
210,6MZI,120L,-24,0.0
210,6MZI,120L,-25,0.0
210,6MZI,120L,-26,0.0
210,6MZI,120L,-27,0.0
210,6MZI,120L,-28,0.0
210,6MZI,120L,-29,0.0
211,6LPK,120L,0,58.0
211,6LPK,120L,-1,54.13235465296696
211,6LPK,120L,-2,47.23405578100518
211,6LPK,120L,-3,41.21170749761381
211,6LPK,120L,-4,33.24724836098673
211,6LPK,120L,-5,28.76087760240996
211,6LPK,120L,-6,23.71165845659397
211,6LPK,120L,-7,20.46297083039407
211,6LPK,120L,-8,15.316025884539458
211,6LPK,120L,-9,9.518234314306442
211,6LPK,120L,-10,4.791725362978235
211,6LPK,120L,-11,0.9433470456344859
211,6LPK,120L,-12,0.0
211,6LPK,120L,-13,0.0
211,6LPK,120L,-14,0.0
211,6LPK,120L,-15,0.0
211,6LPK,120L,-16,0.0
211,6LPK,120L,-17,0.0
211,6LPK,120L,-18,0.0
211,6LPK,120L,-19,0.0
211,6LPK,120L,-20,0.0
211,6LPK,120L,-21,0.0
211,6LPK,120L,-22,0.0
211,6LPK,120L,-23,0.0
211,6LPK,120L,-24,0.0
211,6LPK,120L,-25,0.0
211,6LPK,120L,-26,0.0
211,6LPK,120L,-27,0.0
211,6LPK,120L,-28,0.0
211,6LPK,120L,-29,0.0
212,F3DJ,120L,0,31.0
212,F3DJ,120L,-1,26.002670765894216
212,F3DJ,120L,-2,18.40815729706393
212,F3DJ,120L,-3,15.529496410311118
212,F3DJ,120L,-4,8.375648078672448
212,F3DJ,120L,-5,5.863545577387376
212,F3DJ,120L,-6,1.0939933288341774
212,F3DJ,120L,-7,0.0
212,F3DJ,120L,-8,0.0
212,F3DJ,120L,-9,0.0
212,F3DJ,120L,-10,0.0
212,F3DJ,120L,-11,0.0
212,F3DJ,120L,-12,0.0
212,F3DJ,120L,-13,0.0
212,F3DJ,120L,-14,0.0
212,F3DJ,120L,-15,0.0
212,F3DJ,120L,-16,0.0
212,F3DJ,120L,-17,0.0
212,F3DJ,120L,-18,0.0
212,F3DJ,120L,-19,0.0
212,F3DJ,120L,-20,0.0
212,F3DJ,120L,-21,0.0
212,F3DJ,120L,-22,0.0
212,F3DJ,120L,-23,0.0
212,F3DJ,120L,-24,0.0
212,F3DJ,120L,-25,0.0
212,F3DJ,120L,-26,0.0
212,F3DJ,120L,-27,0.0
212,F3DJ,120L,-28,0.0
212,F3DJ,120L,-29,0.0
213,K2PH,120L,0,95.0
213,K2PH,120L,-1,90.73078780025502
213,K2PH,120L,-2,88.36331171615133
213,K2PH,120L,-3,83.42889514018536
213,K2PH,120L,-4,79.82645287791924
213,K2PH,120L,-5,75.6363224455661
213,K2PH,120L,-6,68.30728882091607
213,K2PH,120L,-7,64.28514259988572
213,K2PH,120L,-8,58.73922739502635
213,K2PH,120L,-9,53.52985546926159
213,K2PH,120L,-10,47.66174985812687
213,K2PH,120L,-11,43.28924002858227
213,K2PH,120L,-12,40.41379089248924
213,K2PH,120L,-13,33.51961745768024
213,K2PH,120L,-14,28.930147715317695
213,K2PH,120L,-15,23.90375424614778
213,K2PH,120L,-16,18.53291842650511
213,K2PH,120L,-17,11.203731301054999
213,K2PH,120L,-18,4.432257483291577
213,K2PH,120L,-19,0.0
213,K2PH,120L,-20,0.0
213,K2PH,120L,-21,0.0
213,K2PH,120L,-22,0.0
213,K2PH,120L,-23,0.0
213,K2PH,120L,-24,0.0
213,K2PH,120L,-25,0.0
213,K2PH,120L,-26,0.0
213,K2PH,120L,-27,0.0
213,K2PH,120L,-28,0.0
213,K2PH,120L,-29,0.0
214,X5VJW2,120L,0,87.0
214,X5VJW2,120L,-1,84.08135077411174
214,X5VJW2,120L,-2,80.10020687900919
214,X5VJW2,120L,-3,72.7002863845548
214,X5VJW2,120L,-4,66.66938262618002
214,X5VJW2,120L,-5,64.97631491809278
214,X5VJW2,120L,-6,60.90662070782287
214,X5VJW2,120L,-7,55.33614150181168
214,X5VJW2,120L,-8,51.72631547427465
214,X5VJW2,120L,-9,47.88201197447672
214,X5VJW2,120L,-10,43.571013529947685
214,X5VJW2,120L,-11,39.13156790043125
214,X5VJW2,120L,-12,31.90277569377869
214,X5VJW2,120L,-13,25.777370195132033
214,X5VJW2,120L,-14,25.379197146262733
214,X5VJW2,120L,-15,22.08541488887866
214,X5VJW2,120L,-16,18.776378168046087
214,X5VJW2,120L,-17,14.786195220269772
214,X5VJW2,120L,-18,9.953896449045867
214,X5VJW2,120L,-19,3.5818994379221882
214,X5VJW2,120L,-20,1.15664511660944
214,X5VJW2,120L,-21,0.0
214,X5VJW2,120L,-22,0.0
214,X5VJW2,120L,-23,0.0
214,X5VJW2,120L,-24,0.0
214,X5VJW2,120L,-25,0.0
214,X5VJW2,120L,-26,0.0
214,X5VJW2,120L,-27,0.0
214,X5VJW2,120L,-28,1.2541096089249213
214,X5VJW2,120L,-29,0.0
215,MHKA,120L,0,51.0
215,MHKA,120L,-1,46.29968367177025
215,MHKA,120L,-2,40.62759907950984
215,MHKA,120L,-3,34.447602570865236
215,MHKA,120L,-4,31.3292248668184
215,MHKA,120L,-5,27.443954561432037
215,MHKA,120L,-6,23.64538229574002
215,MHKA,120L,-7,19.95833774029827
215,MHKA,120L,-8,16.568394125098415
215,MHKA,120L,-9,12.831260079207517
215,MHKA,120L,-10,7.013807173376473
215,MHKA,120L,-11,1.917724181550976
215,MHKA,120L,-12,0.0
215,MHKA,120L,-13,0.0
215,MHKA,120L,-14,0.0
215,MHKA,120L,-15,0.0
215,MHKA,120L,-16,0.0
215,MHKA,120L,-17,0.0
215,MHKA,120L,-18,0.0
215,MHKA,120L,-19,0.0
215,MHKA,120L,-20,0.0
215,MHKA,120L,-21,0.0
215,MHKA,120L,-22,0.0
215,MHKA,120L,-23,0.0
215,MHKA,120L,-24,0.0
215,MHKA,120L,-25,0.0
215,MHKA,120L,-26,0.0
215,MHKA,120L,-27,0.0
215,MHKA,120L,-28,0.0
215,MHKA,120L,-29,0.0
216,2ZO3T5,240L,0,61.0
216,2ZO3T5,240L,-1,54.28414935167621
216,2ZO3T5,240L,-2,49.05530391232502
216,2ZO3T5,240L,-3,44.65098008016883
216,2ZO3T5,240L,-4,36.68904348850169
216,2ZO3T5,240L,-5,31.464958936685893
216,2ZO3T5,240L,-6,25.91122626985766
216,2ZO3T5,240L,-7,23.69556450106331
216,2ZO3T5,240L,-8,16.701560446152975
216,2ZO3T5,240L,-9,9.393006981036496
216,2ZO3T5,240L,-10,5.822217456821169
216,2ZO3T5,240L,-11,0.0
216,2ZO3T5,240L,-12,0.0
216,2ZO3T5,240L,-13,0.0
216,2ZO3T5,240L,-14,0.0
216,2ZO3T5,240L,-15,0.0
216,2ZO3T5,240L,-16,0.0
216,2ZO3T5,240L,-17,0.0
216,2ZO3T5,240L,-18,0.0
216,2ZO3T5,240L,-19,0.0
216,2ZO3T5,240L,-20,0.0
216,2ZO3T5,240L,-21,0.0
216,2ZO3T5,240L,-22,0.0
216,2ZO3T5,240L,-23,0.0
216,2ZO3T5,240L,-24,0.0
216,2ZO3T5,240L,-25,0.0
216,2ZO3T5,240L,-26,0.0
216,2ZO3T5,240L,-27,0.0
216,2ZO3T5,240L,-28,0.0
216,2ZO3T5,240L,-29,0.0
217,5SD4,120L,0,57.0
217,5SD4,120L,-1,52.34403652927211
217,5SD4,120L,-2,48.27127133165755
217,5SD4,120L,-3,42.862193536130185
217,5SD4,120L,-4,35.51946953597173
217,5SD4,120L,-5,34.01595417743928
217,5SD4,120L,-6,25.705052994293947
217,5SD4,120L,-7,23.325927657191887
217,5SD4,120L,-8,18.424143398928997
217,5SD4,120L,-9,14.116749312372812
217,5SD4,120L,-10,10.126910230374685
217,5SD4,120L,-11,9.018940610407013
217,5SD4,120L,-12,2.203743145494766
217,5SD4,120L,-13,0.0
217,5SD4,120L,-14,0.0
217,5SD4,120L,-15,0.0
217,5SD4,120L,-16,0.0
217,5SD4,120L,-17,0.0
217,5SD4,120L,-18,0.0
217,5SD4,120L,-19,0.0
217,5SD4,120L,-20,0.0
217,5SD4,120L,-21,0.0
217,5SD4,120L,-22,0.0
217,5SD4,120L,-23,0.0
217,5SD4,120L,-24,0.0
217,5SD4,120L,-25,0.0
217,5SD4,120L,-26,0.0
217,5SD4,120L,-27,0.0
217,5SD4,120L,-28,0.0
217,5SD4,120L,-29,0.0
218,WXUT,120L,0,51.0
218,WXUT,120L,-1,49.97291277054087
218,WXUT,120L,-2,43.74827679603209
218,WXUT,120L,-3,37.93282311400282
218,WXUT,120L,-4,30.102807509518605
218,WXUT,120L,-5,24.20937727399208
218,WXUT,120L,-6,20.118370794420162
218,WXUT,120L,-7,13.7962176635958
218,WXUT,120L,-8,11.849067450036166
218,WXUT,120L,-9,3.96958458022759
218,WXUT,120L,-10,0.0
218,WXUT,120L,-11,0.0
218,WXUT,120L,-12,0.0
218,WXUT,120L,-13,0.0
218,WXUT,120L,-14,0.0
218,WXUT,120L,-15,0.0
218,WXUT,120L,-16,0.0
218,WXUT,120L,-17,0.0
218,WXUT,120L,-18,0.0
218,WXUT,120L,-19,0.0
218,WXUT,120L,-20,0.0
218,WXUT,120L,-21,0.0
218,WXUT,120L,-22,0.0
218,WXUT,120L,-23,0.0
218,WXUT,120L,-24,0.0
218,WXUT,120L,-25,0.0
218,WXUT,120L,-26,0.0
218,WXUT,120L,-27,0.0
218,WXUT,120L,-28,0.0
218,WXUT,120L,-29,0.0
219,6K5E,120L,0,11.0
219,6K5E,120L,-1,7.693683862213973
219,6K5E,120L,-2,3.4813408076852466
219,6K5E,120L,-3,0.0
219,6K5E,120L,-4,0.0
219,6K5E,120L,-5,0.0
219,6K5E,120L,-6,0.0
219,6K5E,120L,-7,0.0
219,6K5E,120L,-8,0.0
219,6K5E,120L,-9,0.0
219,6K5E,120L,-10,0.0
219,6K5E,120L,-11,0.0
219,6K5E,120L,-12,0.0
219,6K5E,120L,-13,0.0
219,6K5E,120L,-14,0.0
219,6K5E,120L,-15,0.0
219,6K5E,120L,-16,0.0
219,6K5E,120L,-17,0.0
219,6K5E,120L,-18,0.0
219,6K5E,120L,-19,0.0
219,6K5E,120L,-20,0.0
219,6K5E,120L,-21,0.0
219,6K5E,120L,-22,0.0
219,6K5E,120L,-23,0.0
219,6K5E,120L,-24,0.0
219,6K5E,120L,-25,0.0
219,6K5E,120L,-26,0.0
219,6K5E,120L,-27,0.0
219,6K5E,120L,-28,0.0
219,6K5E,120L,-29,0.0
220,X6LQ,120L,0,38.0
220,X6LQ,120L,-1,32.25718517020356
220,X6LQ,120L,-2,28.702465620849885
220,X6LQ,120L,-3,24.18507054765788
220,X6LQ,120L,-4,19.054341240568288
220,X6LQ,120L,-5,14.242638246498899
220,X6LQ,120L,-6,9.126977381251123
220,X6LQ,120L,-7,2.7609707033172124
220,X6LQ,120L,-8,1.5067191674228355
220,X6LQ,120L,-9,0.0
220,X6LQ,120L,-10,0.0
220,X6LQ,120L,-11,0.0
220,X6LQ,120L,-12,0.0
220,X6LQ,120L,-13,0.0
220,X6LQ,120L,-14,0.0
220,X6LQ,120L,-15,0.0
220,X6LQ,120L,-16,0.0
220,X6LQ,120L,-17,0.0
220,X6LQ,120L,-18,0.0
220,X6LQ,120L,-19,0.0
220,X6LQ,120L,-20,0.0
220,X6LQ,120L,-21,0.0
220,X6LQ,120L,-22,0.0
220,X6LQ,120L,-23,0.0
220,X6LQ,120L,-24,0.0
220,X6LQ,120L,-25,0.0
220,X6LQ,120L,-26,0.0
220,X6LQ,120L,-27,0.0
220,X6LQ,120L,-28,0.0
220,X6LQ,120L,-29,0.0
221,FXZL,120L,0,1.0
221,FXZL,120L,-1,0.0
221,FXZL,120L,-2,0.0
221,FXZL,120L,-3,0.0
221,FXZL,120L,-4,0.0
221,FXZL,120L,-5,0.0
221,FXZL,120L,-6,0.0
221,FXZL,120L,-7,0.0
221,FXZL,120L,-8,0.0
221,FXZL,120L,-9,0.0
221,FXZL,120L,-10,0.0
221,FXZL,120L,-11,0.0
221,FXZL,120L,-12,0.0
221,FXZL,120L,-13,0.0
221,FXZL,120L,-14,0.0
221,FXZL,120L,-15,0.0
221,FXZL,120L,-16,0.0
221,FXZL,120L,-17,0.0
221,FXZL,120L,-18,0.0
221,FXZL,120L,-19,0.0
221,FXZL,120L,-20,0.0
221,FXZL,120L,-21,0.0
221,FXZL,120L,-22,0.0
221,FXZL,120L,-23,0.0
221,FXZL,120L,-24,0.0
221,FXZL,120L,-25,0.0
221,FXZL,120L,-26,0.0
221,FXZL,120L,-27,0.0
221,FXZL,120L,-28,0.0
221,FXZL,120L,-29,0.0
222,LRDP,120L,0,2.0
222,LRDP,120L,-1,0.0
222,LRDP,120L,-2,0.0
222,LRDP,120L,-3,0.0
222,LRDP,120L,-4,0.0
222,LRDP,120L,-5,0.0
222,LRDP,120L,-6,0.0
222,LRDP,120L,-7,0.0
222,LRDP,120L,-8,0.0
222,LRDP,120L,-9,0.0
222,LRDP,120L,-10,0.0
222,LRDP,120L,-11,0.0
222,LRDP,120L,-12,0.0
222,LRDP,120L,-13,0.0
222,LRDP,120L,-14,0.0
222,LRDP,120L,-15,0.0
222,LRDP,120L,-16,0.0
222,LRDP,120L,-17,0.0
222,LRDP,120L,-18,0.0
222,LRDP,120L,-19,0.0
222,LRDP,120L,-20,0.0
222,LRDP,120L,-21,0.0
222,LRDP,120L,-22,0.0
222,LRDP,120L,-23,0.0
222,LRDP,120L,-24,0.0
222,LRDP,120L,-25,0.0
222,LRDP,120L,-26,0.0
222,LRDP,120L,-27,0.0
222,LRDP,120L,-28,0.0
222,LRDP,120L,-29,0.0
223,6CJM,120L,0,100.0
223,6CJM,120L,-1,98.30343571806365
223,6CJM,120L,-2,91.68046285126431
223,6CJM,120L,-3,89.5115555270807
223,6CJM,120L,-4,82.99787672857175
223,6CJM,120L,-5,77.33925718944374
223,6CJM,120L,-6,75.01202726115596
223,6CJM,120L,-7,67.83918998161958
223,6CJM,120L,-8,63.445082191365
223,6CJM,120L,-9,61.10734159043421
223,6CJM,120L,-10,54.24911779869527
223,6CJM,120L,-11,49.4911447598463
223,6CJM,120L,-12,44.96699155510501
223,6CJM,120L,-13,35.613308188644105
223,6CJM,120L,-14,28.04145099294056
223,6CJM,120L,-15,20.971009120640865
223,6CJM,120L,-16,14.799939104401451
223,6CJM,120L,-17,12.214446650321936
223,6CJM,120L,-18,7.1938391659650796
223,6CJM,120L,-19,1.5196252601710425
223,6CJM,120L,-20,0.0
223,6CJM,120L,-21,0.0
223,6CJM,120L,-22,0.0
223,6CJM,120L,-23,0.0
223,6CJM,120L,-24,0.0
223,6CJM,120L,-25,0.0
223,6CJM,120L,-26,0.0
223,6CJM,120L,-27,0.0
223,6CJM,120L,-28,0.0
223,6CJM,120L,-29,0.0
224,6DTX,120L,0,55.0
224,6DTX,120L,-1,50.94499496334999
224,6DTX,120L,-2,46.94727730959948
224,6DTX,120L,-3,42.8150201663301
224,6DTX,120L,-4,40.493995079776866
224,6DTX,120L,-5,36.10805980384026
224,6DTX,120L,-6,32.763581443539636
224,6DTX,120L,-7,27.264179934577097
224,6DTX,120L,-8,23.706704810016355
224,6DTX,120L,-9,21.995119413809416
224,6DTX,120L,-10,20.226244331343985
224,6DTX,120L,-11,13.706624953406118
224,6DTX,120L,-12,9.108242401237012
224,6DTX,120L,-13,2.816208789140422
224,6DTX,120L,-14,0.0
224,6DTX,120L,-15,0.0
224,6DTX,120L,-16,0.0
224,6DTX,120L,-17,0.0
224,6DTX,120L,-18,0.0
224,6DTX,120L,-19,0.0
224,6DTX,120L,-20,0.0
224,6DTX,120L,-21,0.0
224,6DTX,120L,-22,0.0
224,6DTX,120L,-23,0.0
224,6DTX,120L,-24,0.0
224,6DTX,120L,-25,0.0
224,6DTX,120L,-26,0.0
224,6DTX,120L,-27,0.0
224,6DTX,120L,-28,0.0
224,6DTX,120L,-29,0.0
225,UKOAXG,120L,0,80.0
225,UKOAXG,120L,-1,76.80297569646167
225,UKOAXG,120L,-2,75.53298976601413
225,UKOAXG,120L,-3,71.17661054555111
225,UKOAXG,120L,-4,67.41244717238699
225,UKOAXG,120L,-5,62.76072747211037
225,UKOAXG,120L,-6,60.12611556798291
225,UKOAXG,120L,-7,54.54420084747653
225,UKOAXG,120L,-8,50.289450569824396
225,UKOAXG,120L,-9,51.09366834069586
225,UKOAXG,120L,-10,43.68572443921686
225,UKOAXG,120L,-11,39.20675401018339
225,UKOAXG,120L,-12,40.167620455179375
225,UKOAXG,120L,-13,36.333750102560906
225,UKOAXG,120L,-14,32.50099116100175
225,UKOAXG,120L,-15,28.791100880655836
225,UKOAXG,120L,-16,23.860833269071676
225,UKOAXG,120L,-17,19.44831174556516
225,UKOAXG,120L,-18,13.435300068507562
225,UKOAXG,120L,-19,6.338689006972736
225,UKOAXG,120L,-20,2.2335825586264293
225,UKOAXG,120L,-21,0.0
225,UKOAXG,120L,-22,0.0
225,UKOAXG,120L,-23,0.0
225,UKOAXG,120L,-24,0.0
225,UKOAXG,120L,-25,0.0
225,UKOAXG,120L,-26,0.0
225,UKOAXG,120L,-27,0.0
225,UKOAXG,120L,-28,0.0
225,UKOAXG,120L,-29,0.0
226,FX6X,120L,0,58.0
226,FX6X,120L,-1,49.79819053715552
226,FX6X,120L,-2,46.25670693553521
226,FX6X,120L,-3,45.63593348727146
226,FX6X,120L,-4,45.32750779004776
226,FX6X,120L,-5,38.92888193762752
226,FX6X,120L,-6,36.21033863868687
226,FX6X,120L,-7,32.236376766596855
226,FX6X,120L,-8,26.915204995027032
226,FX6X,120L,-9,22.606596475596167
226,FX6X,120L,-10,18.76046191654844
226,FX6X,120L,-11,10.72015465845501
226,FX6X,120L,-12,7.201425923322999
226,FX6X,120L,-13,0.34163662941726836
226,FX6X,120L,-14,0.0
226,FX6X,120L,-15,0.0
226,FX6X,120L,-16,0.0
226,FX6X,120L,-17,0.0
226,FX6X,120L,-18,0.0
226,FX6X,120L,-19,0.0
226,FX6X,120L,-20,0.0
226,FX6X,120L,-21,0.0
226,FX6X,120L,-22,0.0
226,FX6X,120L,-23,0.0
226,FX6X,120L,-24,0.0
226,FX6X,120L,-25,0.0
226,FX6X,120L,-26,0.0
226,FX6X,120L,-27,0.0
226,FX6X,120L,-28,0.0
226,FX6X,120L,-29,0.0
227,WSNJB3,120L,0,1.0
227,WSNJB3,120L,-1,0.0
227,WSNJB3,120L,-2,0.0
227,WSNJB3,120L,-3,0.0
227,WSNJB3,120L,-4,0.0
227,WSNJB3,120L,-5,0.0
227,WSNJB3,120L,-6,0.0
227,WSNJB3,120L,-7,0.0
227,WSNJB3,120L,-8,0.0
227,WSNJB3,120L,-9,0.0
227,WSNJB3,120L,-10,0.0
227,WSNJB3,120L,-11,0.0
227,WSNJB3,120L,-12,0.0
227,WSNJB3,120L,-13,0.0
227,WSNJB3,120L,-14,0.0
227,WSNJB3,120L,-15,0.0
227,WSNJB3,120L,-16,0.0
227,WSNJB3,120L,-17,0.0
227,WSNJB3,120L,-18,0.0
227,WSNJB3,120L,-19,0.0
227,WSNJB3,120L,-20,0.0
227,WSNJB3,120L,-21,0.0
227,WSNJB3,120L,-22,0.0
227,WSNJB3,120L,-23,0.0
227,WSNJB3,120L,-24,0.0
227,WSNJB3,120L,-25,0.0
227,WSNJB3,120L,-26,0.0
227,WSNJB3,120L,-27,0.0
227,WSNJB3,120L,-28,0.0
227,WSNJB3,120L,-29,0.0
228,JF43EY,120L,0,1.0
228,JF43EY,120L,-1,0.0
228,JF43EY,120L,-2,0.0
228,JF43EY,120L,-3,0.0
228,JF43EY,120L,-4,0.0
228,JF43EY,120L,-5,0.0
228,JF43EY,120L,-6,0.0
228,JF43EY,120L,-7,0.0
228,JF43EY,120L,-8,0.0
228,JF43EY,120L,-9,0.0
228,JF43EY,120L,-10,0.0
228,JF43EY,120L,-11,0.0
228,JF43EY,120L,-12,0.0
228,JF43EY,120L,-13,0.0
228,JF43EY,120L,-14,0.0
228,JF43EY,120L,-15,0.0
228,JF43EY,120L,-16,0.0
228,JF43EY,120L,-17,0.0
228,JF43EY,120L,-18,0.0
228,JF43EY,120L,-19,0.0
228,JF43EY,120L,-20,0.0
228,JF43EY,120L,-21,0.0
228,JF43EY,120L,-22,0.0
228,JF43EY,120L,-23,0.0
228,JF43EY,120L,-24,0.0
228,JF43EY,120L,-25,0.0
228,JF43EY,120L,-26,0.0
228,JF43EY,120L,-27,0.0
228,JF43EY,120L,-28,0.0
228,JF43EY,120L,-29,0.0
229,6WVIGL,120L,0,91.0
229,6WVIGL,120L,-1,83.6718503130209
229,6WVIGL,120L,-2,80.60408179792293
229,6WVIGL,120L,-3,75.99774345659968
229,6WVIGL,120L,-4,68.68762026957383
229,6WVIGL,120L,-5,66.61972771135332
229,6WVIGL,120L,-6,62.83114452629702
229,6WVIGL,120L,-7,57.3662986734992
229,6WVIGL,120L,-8,53.14517605069673
229,6WVIGL,120L,-9,51.317175750146866
229,6WVIGL,120L,-10,48.24685439164043
229,6WVIGL,120L,-11,45.08833948116515
229,6WVIGL,120L,-12,40.03181736347491
229,6WVIGL,120L,-13,34.66432855351952
229,6WVIGL,120L,-14,32.40827769949658
229,6WVIGL,120L,-15,28.846205754598696
229,6WVIGL,120L,-16,24.464236863424063
229,6WVIGL,120L,-17,18.175664759214342
229,6WVIGL,120L,-18,12.007576131284859
229,6WVIGL,120L,-19,9.304803999009096
229,6WVIGL,120L,-20,5.294587678660938
229,6WVIGL,120L,-21,2.2902571142589716
229,6WVIGL,120L,-22,0.0
229,6WVIGL,120L,-23,0.0
229,6WVIGL,120L,-24,0.0
229,6WVIGL,120L,-25,0.0
229,6WVIGL,120L,-26,0.0
229,6WVIGL,120L,-27,0.0
229,6WVIGL,120L,-28,0.0
229,6WVIGL,120L,-29,0.0
230,WQJ4,120L,0,53.0
230,WQJ4,120L,-1,46.40346490953994
230,WQJ4,120L,-2,40.55443115979415
230,WQJ4,120L,-3,33.889409182547915
230,WQJ4,120L,-4,31.904243008862718
230,WQJ4,120L,-5,29.208081205104207
230,WQJ4,120L,-6,24.64728721309965
230,WQJ4,120L,-7,17.135282573613658
230,WQJ4,120L,-8,11.980349097129487
230,WQJ4,120L,-9,7.80334536177153
230,WQJ4,120L,-10,2.0841159418254636
230,WQJ4,120L,-11,0.0
230,WQJ4,120L,-12,0.0
230,WQJ4,120L,-13,0.0
230,WQJ4,120L,-14,0.0
230,WQJ4,120L,-15,0.0
230,WQJ4,120L,-16,0.0
230,WQJ4,120L,-17,0.0
230,WQJ4,120L,-18,0.0
230,WQJ4,120L,-19,0.0
230,WQJ4,120L,-20,0.0
230,WQJ4,120L,-21,0.0
230,WQJ4,120L,-22,0.0
230,WQJ4,120L,-23,0.0
230,WQJ4,120L,-24,0.0
230,WQJ4,120L,-25,0.0
230,WQJ4,120L,-26,0.0
230,WQJ4,120L,-27,0.0
230,WQJ4,120L,-28,0.0
230,WQJ4,120L,-29,0.0
231,FTXO,120L,0,86.0
231,FTXO,120L,-1,79.13129986055918
231,FTXO,120L,-2,72.3037438537062
231,FTXO,120L,-3,70.01761813516318
231,FTXO,120L,-4,67.64283347537089
231,FTXO,120L,-5,61.70317466423166
231,FTXO,120L,-6,55.992450586381175
231,FTXO,120L,-7,51.85355031954978
231,FTXO,120L,-8,45.87264044707823
231,FTXO,120L,-9,40.032793069829175
231,FTXO,120L,-10,35.63331112155322
231,FTXO,120L,-11,32.972083120650574
231,FTXO,120L,-12,29.53265309101919
231,FTXO,120L,-13,23.70798369593787
231,FTXO,120L,-14,16.334217202734628
231,FTXO,120L,-15,12.268794689808722
231,FTXO,120L,-16,6.57172180229288
231,FTXO,120L,-17,3.588774195568512
231,FTXO,120L,-18,3.2364352500615006
231,FTXO,120L,-19,0.0
231,FTXO,120L,-20,0.0
231,FTXO,120L,-21,0.0
231,FTXO,120L,-22,0.0
231,FTXO,120L,-23,0.0
231,FTXO,120L,-24,0.0
231,FTXO,120L,-25,0.0
231,FTXO,120L,-26,0.0
231,FTXO,120L,-27,0.0
231,FTXO,120L,-28,0.0
231,FTXO,120L,-29,0.0
232,2MCS,120L,0,100.0
232,2MCS,120L,-1,94.83324334722923
232,2MCS,120L,-2,90.61782397101577
232,2MCS,120L,-3,85.78494668786949
232,2MCS,120L,-4,83.0680656232243
232,2MCS,120L,-5,77.8497985131003
232,2MCS,120L,-6,73.70247453899222
232,2MCS,120L,-7,65.06741437428869
232,2MCS,120L,-8,58.116463644581096
232,2MCS,120L,-9,55.027979100843645
232,2MCS,120L,-10,53.82176449185422
232,2MCS,120L,-11,49.552353422634965
232,2MCS,120L,-12,44.34933632239831
232,2MCS,120L,-13,42.029307028085306
232,2MCS,120L,-14,36.10699080796139
232,2MCS,120L,-15,32.11074291473579
232,2MCS,120L,-16,25.193823843698862
232,2MCS,120L,-17,21.09293764455876
232,2MCS,120L,-18,13.28585040215161
232,2MCS,120L,-19,7.760793418703567
232,2MCS,120L,-20,3.6552959557021256
232,2MCS,120L,-21,0.8631668788886846
232,2MCS,120L,-22,0.0
232,2MCS,120L,-23,0.0
232,2MCS,120L,-24,0.0
232,2MCS,120L,-25,0.0
232,2MCS,120L,-26,0.0
232,2MCS,120L,-27,0.0
232,2MCS,120L,-28,0.0
232,2MCS,120L,-29,0.0
233,3AFF,120L,0,95.0
233,3AFF,120L,-1,87.9479593235556
233,3AFF,120L,-2,85.00955848001921
233,3AFF,120L,-3,78.36350787458754
233,3AFF,120L,-4,70.29423057434029
233,3AFF,120L,-5,65.86901316640515
233,3AFF,120L,-6,58.38329962113211
233,3AFF,120L,-7,53.20471478926036
233,3AFF,120L,-8,50.380242924257914
233,3AFF,120L,-9,44.658928591961924
233,3AFF,120L,-10,41.014365541017874
233,3AFF,120L,-11,36.6107998122869
233,3AFF,120L,-12,34.267074491873544
233,3AFF,120L,-13,33.05049032033441
233,3AFF,120L,-14,28.826016162769424
233,3AFF,120L,-15,23.653389564882954
233,3AFF,120L,-16,18.397074261276856
233,3AFF,120L,-17,12.95615575822211
233,3AFF,120L,-18,9.55660107634294
233,3AFF,120L,-19,5.556260669178668
233,3AFF,120L,-20,0.0
233,3AFF,120L,-21,0.0
233,3AFF,120L,-22,0.0
233,3AFF,120L,-23,0.0
233,3AFF,120L,-24,0.0
233,3AFF,120L,-25,0.0
233,3AFF,120L,-26,0.0
233,3AFF,120L,-27,0.0
233,3AFF,120L,-28,0.0
233,3AFF,120L,-29,0.0
234,IQXF,1.100L,0,96.0
234,IQXF,1.100L,-1,87.2026556628984
234,IQXF,1.100L,-2,76.75833423944803
234,IQXF,1.100L,-3,66.77385123728776
234,IQXF,1.100L,-4,63.061101631633896
234,IQXF,1.100L,-5,55.87221691790013
234,IQXF,1.100L,-6,44.09713442296361
234,IQXF,1.100L,-7,38.250361347524304
234,IQXF,1.100L,-8,33.51239598753184
234,IQXF,1.100L,-9,24.68280503510377
234,IQXF,1.100L,-10,19.382952516232905
234,IQXF,1.100L,-11,14.037948257470124
234,IQXF,1.100L,-12,8.045799366583086
234,IQXF,1.100L,-13,0.5639618519497904
234,IQXF,1.100L,-14,0.0
234,IQXF,1.100L,-15,0.0
234,IQXF,1.100L,-16,0.0
234,IQXF,1.100L,-17,0.0
234,IQXF,1.100L,-18,0.0
234,IQXF,1.100L,-19,0.0
234,IQXF,1.100L,-20,0.0
234,IQXF,1.100L,-21,0.0
234,IQXF,1.100L,-22,0.0
234,IQXF,1.100L,-23,0.0
234,IQXF,1.100L,-24,0.0
234,IQXF,1.100L,-25,0.0
234,IQXF,1.100L,-26,0.0
234,IQXF,1.100L,-27,0.0
234,IQXF,1.100L,-28,0.0
234,IQXF,1.100L,-29,0.0
235,IATBI7,120L,0,0.0
235,IATBI7,120L,-1,0.0
235,IATBI7,120L,-2,0.0
235,IATBI7,120L,-3,0.0
235,IATBI7,120L,-4,0.0
235,IATBI7,120L,-5,0.0
235,IATBI7,120L,-6,0.0
235,IATBI7,120L,-7,0.0
235,IATBI7,120L,-8,0.0
235,IATBI7,120L,-9,0.0
235,IATBI7,120L,-10,0.0
235,IATBI7,120L,-11,0.0
235,IATBI7,120L,-12,0.0
235,IATBI7,120L,-13,0.0
235,IATBI7,120L,-14,0.0
235,IATBI7,120L,-15,0.0
235,IATBI7,120L,-16,0.0
235,IATBI7,120L,-17,0.0
235,IATBI7,120L,-18,0.0
235,IATBI7,120L,-19,0.0
235,IATBI7,120L,-20,0.0
235,IATBI7,120L,-21,0.0
235,IATBI7,120L,-22,0.0
235,IATBI7,120L,-23,0.0
235,IATBI7,120L,-24,0.0
235,IATBI7,120L,-25,0.0
235,IATBI7,120L,-26,0.0
235,IATBI7,120L,-27,0.0
235,IATBI7,120L,-28,0.0
235,IATBI7,120L,-29,0.0
236,BESN,120L,0,18.0
236,BESN,120L,-1,12.924134595511953
236,BESN,120L,-2,11.064504326199794
236,BESN,120L,-3,3.8843529093440545
236,BESN,120L,-4,0.0
236,BESN,120L,-5,0.0
236,BESN,120L,-6,0.0
236,BESN,120L,-7,0.0
236,BESN,120L,-8,0.0
236,BESN,120L,-9,0.0
236,BESN,120L,-10,0.0
236,BESN,120L,-11,0.0
236,BESN,120L,-12,0.0
236,BESN,120L,-13,0.0
236,BESN,120L,-14,0.0
236,BESN,120L,-15,0.0
236,BESN,120L,-16,0.0
236,BESN,120L,-17,0.0
236,BESN,120L,-18,0.0
236,BESN,120L,-19,0.0
236,BESN,120L,-20,0.0
236,BESN,120L,-21,0.0
236,BESN,120L,-22,0.0
236,BESN,120L,-23,0.0
236,BESN,120L,-24,0.0
236,BESN,120L,-25,0.0
236,BESN,120L,-26,0.0
236,BESN,120L,-27,0.0
236,BESN,120L,-28,0.0
236,BESN,120L,-29,0.0
237,RRYH,120L,0,1.0
237,RRYH,120L,-1,0.0
237,RRYH,120L,-2,0.0
237,RRYH,120L,-3,0.0
237,RRYH,120L,-4,0.0
237,RRYH,120L,-5,0.0
237,RRYH,120L,-6,0.0
237,RRYH,120L,-7,0.0
237,RRYH,120L,-8,0.0
237,RRYH,120L,-9,0.0
237,RRYH,120L,-10,0.0
237,RRYH,120L,-11,0.0
237,RRYH,120L,-12,0.0
237,RRYH,120L,-13,0.0
237,RRYH,120L,-14,0.0
237,RRYH,120L,-15,0.0
237,RRYH,120L,-16,0.0
237,RRYH,120L,-17,0.0
237,RRYH,120L,-18,0.0
237,RRYH,120L,-19,0.0
237,RRYH,120L,-20,0.0
237,RRYH,120L,-21,0.0
237,RRYH,120L,-22,0.0
237,RRYH,120L,-23,0.0
237,RRYH,120L,-24,0.0
237,RRYH,120L,-25,0.0
237,RRYH,120L,-26,0.0
237,RRYH,120L,-27,0.0
237,RRYH,120L,-28,0.0
237,RRYH,120L,-29,0.0
238,G4N6,120L,0,52.0
238,G4N6,120L,-1,49.289704928137446
238,G4N6,120L,-2,42.754761941876104
238,G4N6,120L,-3,37.056712290535295
238,G4N6,120L,-4,31.74217753922831
238,G4N6,120L,-5,29.05388146464263
238,G4N6,120L,-6,24.476747729779824
238,G4N6,120L,-7,19.693929648800626
238,G4N6,120L,-8,16.761808875162146
238,G4N6,120L,-9,9.455126854610587
238,G4N6,120L,-10,4.848655653853836
238,G4N6,120L,-11,0.0
238,G4N6,120L,-12,0.0
238,G4N6,120L,-13,0.0
238,G4N6,120L,-14,0.0
238,G4N6,120L,-15,0.0
238,G4N6,120L,-16,0.0
238,G4N6,120L,-17,0.0
238,G4N6,120L,-18,0.0
238,G4N6,120L,-19,0.0
238,G4N6,120L,-20,0.0
238,G4N6,120L,-21,0.0
238,G4N6,120L,-22,0.0
238,G4N6,120L,-23,0.0
238,G4N6,120L,-24,0.0
238,G4N6,120L,-25,0.0
238,G4N6,120L,-26,0.0
238,G4N6,120L,-27,0.0
238,G4N6,120L,-28,0.0
238,G4N6,120L,-29,0.0
239,7CX2,120L,0,43.0
239,7CX2,120L,-1,37.83009427488329
239,7CX2,120L,-2,33.18401322405975
239,7CX2,120L,-3,27.49754801302455
239,7CX2,120L,-4,22.479584547139233
239,7CX2,120L,-5,19.09044039132884
239,7CX2,120L,-6,18.344292535324954
239,7CX2,120L,-7,13.984494987534283
239,7CX2,120L,-8,8.615074218957279
239,7CX2,120L,-9,3.2969038504656845
239,7CX2,120L,-10,0.0
239,7CX2,120L,-11,0.0
239,7CX2,120L,-12,0.0
239,7CX2,120L,-13,0.0
239,7CX2,120L,-14,0.0
239,7CX2,120L,-15,0.0
239,7CX2,120L,-16,0.0
239,7CX2,120L,-17,0.0
239,7CX2,120L,-18,0.0
239,7CX2,120L,-19,0.0
239,7CX2,120L,-20,0.0
239,7CX2,120L,-21,0.0
239,7CX2,120L,-22,0.0
239,7CX2,120L,-23,0.0
239,7CX2,120L,-24,0.0
239,7CX2,120L,-25,0.0
239,7CX2,120L,-26,0.0
239,7CX2,120L,-27,0.0
239,7CX2,120L,-28,0.0
239,7CX2,120L,-29,0.0
240,RSK3LI,120L,0,89.0
240,RSK3LI,120L,-1,84.23552002705232
240,RSK3LI,120L,-2,79.95507743571338
240,RSK3LI,120L,-3,73.6185199196231
240,RSK3LI,120L,-4,69.23610777122511
240,RSK3LI,120L,-5,64.57881967144435
240,RSK3LI,120L,-6,62.27235936756776
240,RSK3LI,120L,-7,54.46317882630278
240,RSK3LI,120L,-8,48.845543036656004
240,RSK3LI,120L,-9,43.88070037679353
240,RSK3LI,120L,-10,38.45477144584284
240,RSK3LI,120L,-11,34.34791360249591
240,RSK3LI,120L,-12,28.64837693874108
240,RSK3LI,120L,-13,24.57881211802016
240,RSK3LI,120L,-14,21.75801422604103
240,RSK3LI,120L,-15,19.743623642468215
240,RSK3LI,120L,-16,16.175293433212648
240,RSK3LI,120L,-17,11.822308628887852
240,RSK3LI,120L,-18,7.817903645181685
240,RSK3LI,120L,-19,3.802572322334134
240,RSK3LI,120L,-20,1.5085356647763528
240,RSK3LI,120L,-21,0.0
240,RSK3LI,120L,-22,0.0
240,RSK3LI,120L,-23,0.0
240,RSK3LI,120L,-24,0.0
240,RSK3LI,120L,-25,0.0
240,RSK3LI,120L,-26,0.0
240,RSK3LI,120L,-27,0.0
240,RSK3LI,120L,-28,0.0
240,RSK3LI,120L,-29,0.0
241,6BJBLA,120L,0,31.0
241,6BJBLA,120L,-1,24.59955312330253
241,6BJBLA,120L,-2,21.171237471101563
241,6BJBLA,120L,-3,15.27536541985613
241,6BJBLA,120L,-4,7.070866523727389
241,6BJBLA,120L,-5,1.5406567407454537
241,6BJBLA,120L,-6,0.0
241,6BJBLA,120L,-7,0.0
241,6BJBLA,120L,-8,0.0
241,6BJBLA,120L,-9,0.0
241,6BJBLA,120L,-10,0.0
241,6BJBLA,120L,-11,0.0
241,6BJBLA,120L,-12,0.0
241,6BJBLA,120L,-13,0.0
241,6BJBLA,120L,-14,0.0
241,6BJBLA,120L,-15,0.0
241,6BJBLA,120L,-16,0.0
241,6BJBLA,120L,-17,0.0
241,6BJBLA,120L,-18,0.0
241,6BJBLA,120L,-19,0.0
241,6BJBLA,120L,-20,0.0
241,6BJBLA,120L,-21,0.0
241,6BJBLA,120L,-22,0.0
241,6BJBLA,120L,-23,0.0
241,6BJBLA,120L,-24,0.0
241,6BJBLA,120L,-25,0.0
241,6BJBLA,120L,-26,0.0
241,6BJBLA,120L,-27,0.0
241,6BJBLA,120L,-28,0.0
241,6BJBLA,120L,-29,0.0
242,U67K,120L,0,69.0
242,U67K,120L,-1,65.24055214030476
242,U67K,120L,-2,60.49535226831499
242,U67K,120L,-3,51.995986462404126
242,U67K,120L,-4,47.887226723569945
242,U67K,120L,-5,41.81130614109883
242,U67K,120L,-6,35.75424271368102
242,U67K,120L,-7,32.10777129690735
242,U67K,120L,-8,28.59039811927801
242,U67K,120L,-9,23.155666003754103
242,U67K,120L,-10,16.13591067338292
242,U67K,120L,-11,14.299819937153856
242,U67K,120L,-12,9.733416416348188
242,U67K,120L,-13,3.1652763521277825
242,U67K,120L,-14,0.0
242,U67K,120L,-15,0.0
242,U67K,120L,-16,0.0
242,U67K,120L,-17,0.0
242,U67K,120L,-18,0.0
242,U67K,120L,-19,0.0
242,U67K,120L,-20,0.0
242,U67K,120L,-21,0.0
242,U67K,120L,-22,0.0
242,U67K,120L,-23,0.0
242,U67K,120L,-24,0.0
242,U67K,120L,-25,0.0
242,U67K,120L,-26,0.0
242,U67K,120L,-27,0.0
242,U67K,120L,-28,0.0
242,U67K,120L,-29,0.0
243,4UBK,120L,0,31.0
243,4UBK,120L,-1,24.664283565187784
243,4UBK,120L,-2,19.273372447699394
243,4UBK,120L,-3,10.170393618941754
243,4UBK,120L,-4,5.316790973080026
243,4UBK,120L,-5,1.3710294436375463
243,4UBK,120L,-6,0.0
243,4UBK,120L,-7,0.0
243,4UBK,120L,-8,0.0
243,4UBK,120L,-9,0.0
243,4UBK,120L,-10,0.0
243,4UBK,120L,-11,0.0
243,4UBK,120L,-12,0.0
243,4UBK,120L,-13,0.0
243,4UBK,120L,-14,0.0
243,4UBK,120L,-15,0.0
243,4UBK,120L,-16,0.0
243,4UBK,120L,-17,0.0
243,4UBK,120L,-18,0.0
243,4UBK,120L,-19,0.0
243,4UBK,120L,-20,0.0
243,4UBK,120L,-21,0.0
243,4UBK,120L,-22,0.0
243,4UBK,120L,-23,0.0
243,4UBK,120L,-24,0.0
243,4UBK,120L,-25,0.0
243,4UBK,120L,-26,0.0
243,4UBK,120L,-27,0.0
243,4UBK,120L,-28,0.0
243,4UBK,120L,-29,0.0
244,435TFU,120L,0,67.0
244,435TFU,120L,-1,63.532504169886444
244,435TFU,120L,-2,56.63882431484088
244,435TFU,120L,-3,49.846078304043004
244,435TFU,120L,-4,41.551047722878614
244,435TFU,120L,-5,37.074078434633606
244,435TFU,120L,-6,32.51526856059644
244,435TFU,120L,-7,30.780895261914004
244,435TFU,120L,-8,25.57168555401997
244,435TFU,120L,-9,20.442986810735686
244,435TFU,120L,-10,13.59598113528001
244,435TFU,120L,-11,9.139161724185499
244,435TFU,120L,-12,3.1847832747745075
244,435TFU,120L,-13,0.0
244,435TFU,120L,-14,0.0
244,435TFU,120L,-15,0.0
244,435TFU,120L,-16,0.0
244,435TFU,120L,-17,0.0
244,435TFU,120L,-18,0.0
244,435TFU,120L,-19,0.0
244,435TFU,120L,-20,0.0
244,435TFU,120L,-21,0.0
244,435TFU,120L,-22,0.0
244,435TFU,120L,-23,0.0
244,435TFU,120L,-24,0.0
244,435TFU,120L,-25,0.0
244,435TFU,120L,-26,0.0
244,435TFU,120L,-27,0.0
244,435TFU,120L,-28,0.0
244,435TFU,120L,-29,0.0
245,5PA5,240L,0,54.0
245,5PA5,240L,-1,47.19864011547932
245,5PA5,240L,-2,42.2646232784387
245,5PA5,240L,-3,38.61618708551147
245,5PA5,240L,-4,33.920924209839505
245,5PA5,240L,-5,26.756727746981547
245,5PA5,240L,-6,22.307259621827612
245,5PA5,240L,-7,17.218963130691918
245,5PA5,240L,-8,9.33408926135297
245,5PA5,240L,-9,5.993333639288741
245,5PA5,240L,-10,0.0
245,5PA5,240L,-11,0.0
245,5PA5,240L,-12,0.0
245,5PA5,240L,-13,0.0
245,5PA5,240L,-14,0.0
245,5PA5,240L,-15,0.0
245,5PA5,240L,-16,0.0
245,5PA5,240L,-17,0.0
245,5PA5,240L,-18,0.0
245,5PA5,240L,-19,0.0
245,5PA5,240L,-20,0.0
245,5PA5,240L,-21,0.0
245,5PA5,240L,-22,0.0
245,5PA5,240L,-23,0.0
245,5PA5,240L,-24,0.0
245,5PA5,240L,-25,0.0
245,5PA5,240L,-26,0.0
245,5PA5,240L,-27,0.0
245,5PA5,240L,-28,0.0
245,5PA5,240L,-29,0.0
246,SBWR,120L,0,74.0
246,SBWR,120L,-1,70.83168340973201
246,SBWR,120L,-2,64.526870832971
246,SBWR,120L,-3,59.05676457486482
246,SBWR,120L,-4,52.21162477811999
246,SBWR,120L,-5,46.250514666639624
246,SBWR,120L,-6,44.042020570520606
246,SBWR,120L,-7,41.683839663845504
246,SBWR,120L,-8,34.765501041323944
246,SBWR,120L,-9,30.318815401243192
246,SBWR,120L,-10,24.562801909404566
246,SBWR,120L,-11,18.58634101277271
246,SBWR,120L,-12,13.166860317044659
246,SBWR,120L,-13,7.51042006290641
246,SBWR,120L,-14,3.9427291379017406
246,SBWR,120L,-15,0.0
246,SBWR,120L,-16,0.0
246,SBWR,120L,-17,0.0
246,SBWR,120L,-18,0.0
246,SBWR,120L,-19,0.0
246,SBWR,120L,-20,0.0
246,SBWR,120L,-21,0.0
246,SBWR,120L,-22,0.0
246,SBWR,120L,-23,0.0
246,SBWR,120L,-24,0.0
246,SBWR,120L,-25,0.0
246,SBWR,120L,-26,0.0
246,SBWR,120L,-27,0.0
246,SBWR,120L,-28,0.0
246,SBWR,120L,-29,0.0
247,PITBY7,240L,0,55.0
247,PITBY7,240L,-1,49.229435513626726
247,PITBY7,240L,-2,47.58832612513505
247,PITBY7,240L,-3,41.11457882856082
247,PITBY7,240L,-4,36.004478419739456
247,PITBY7,240L,-5,28.800330127922773
247,PITBY7,240L,-6,22.325338159799134
247,PITBY7,240L,-7,17.480232494164003
247,PITBY7,240L,-8,17.173890999017726
247,PITBY7,240L,-9,7.724607059746132
247,PITBY7,240L,-10,4.471015361406866
247,PITBY7,240L,-11,2.5633761441689042
247,PITBY7,240L,-12,0.0
247,PITBY7,240L,-13,0.0
247,PITBY7,240L,-14,0.0
247,PITBY7,240L,-15,0.0
247,PITBY7,240L,-16,0.0
247,PITBY7,240L,-17,0.0
247,PITBY7,240L,-18,0.0
247,PITBY7,240L,-19,0.0
247,PITBY7,240L,-20,0.0
247,PITBY7,240L,-21,0.0
247,PITBY7,240L,-22,0.0
247,PITBY7,240L,-23,0.0
247,PITBY7,240L,-24,0.0
247,PITBY7,240L,-25,0.0
247,PITBY7,240L,-26,0.0
247,PITBY7,240L,-27,0.0
247,PITBY7,240L,-28,0.0
247,PITBY7,240L,-29,0.0
248,EOJ7T5,240L,0,16.0
248,EOJ7T5,240L,-1,11.537374184606227
248,EOJ7T5,240L,-2,8.224068653082501
248,EOJ7T5,240L,-3,1.6119003644659728
248,EOJ7T5,240L,-4,0.0
248,EOJ7T5,240L,-5,0.0
248,EOJ7T5,240L,-6,0.0
248,EOJ7T5,240L,-7,0.0
248,EOJ7T5,240L,-8,0.0
248,EOJ7T5,240L,-9,0.0
248,EOJ7T5,240L,-10,0.0
248,EOJ7T5,240L,-11,0.0
248,EOJ7T5,240L,-12,0.0
248,EOJ7T5,240L,-13,0.0
248,EOJ7T5,240L,-14,0.0
248,EOJ7T5,240L,-15,0.0
248,EOJ7T5,240L,-16,0.0
248,EOJ7T5,240L,-17,0.0
248,EOJ7T5,240L,-18,0.0
248,EOJ7T5,240L,-19,0.0
248,EOJ7T5,240L,-20,0.0
248,EOJ7T5,240L,-21,0.0
248,EOJ7T5,240L,-22,0.0
248,EOJ7T5,240L,-23,0.0
248,EOJ7T5,240L,-24,0.0
248,EOJ7T5,240L,-25,0.0
248,EOJ7T5,240L,-26,0.0
248,EOJ7T5,240L,-27,0.0
248,EOJ7T5,240L,-28,0.0
248,EOJ7T5,240L,-29,0.0
249,7VYE37,240L,0,37.0
249,7VYE37,240L,-1,32.10363098799329
249,7VYE37,240L,-2,27.475636309673632
249,7VYE37,240L,-3,20.819836070127298
249,7VYE37,240L,-4,13.693160973776587
249,7VYE37,240L,-5,8.14579915658835
249,7VYE37,240L,-6,2.7436159866285696
249,7VYE37,240L,-7,0.0
249,7VYE37,240L,-8,0.0
249,7VYE37,240L,-9,0.0
249,7VYE37,240L,-10,0.0
249,7VYE37,240L,-11,0.0
249,7VYE37,240L,-12,0.0
249,7VYE37,240L,-13,0.0
249,7VYE37,240L,-14,0.0
249,7VYE37,240L,-15,0.0
249,7VYE37,240L,-16,0.0
249,7VYE37,240L,-17,0.0
249,7VYE37,240L,-18,0.0
249,7VYE37,240L,-19,0.0
249,7VYE37,240L,-20,0.0
249,7VYE37,240L,-21,0.0
249,7VYE37,240L,-22,0.0
249,7VYE37,240L,-23,0.0
249,7VYE37,240L,-24,0.0
249,7VYE37,240L,-25,0.0
249,7VYE37,240L,-26,0.0
249,7VYE37,240L,-27,0.0
249,7VYE37,240L,-28,0.0
249,7VYE37,240L,-29,0.0
250,5PME,240L,0,23.0
250,5PME,240L,-1,17.945963474497677
250,5PME,240L,-2,10.249766063960893
250,5PME,240L,-3,4.975217050705474
250,5PME,240L,-4,0.6957896750447425
250,5PME,240L,-5,0.0
250,5PME,240L,-6,0.0
250,5PME,240L,-7,0.0
250,5PME,240L,-8,0.0
250,5PME,240L,-9,0.0
250,5PME,240L,-10,0.0
250,5PME,240L,-11,0.0
250,5PME,240L,-12,0.0
250,5PME,240L,-13,0.0
250,5PME,240L,-14,0.0
250,5PME,240L,-15,0.0
250,5PME,240L,-16,0.0
250,5PME,240L,-17,0.0
250,5PME,240L,-18,0.0
250,5PME,240L,-19,0.0
250,5PME,240L,-20,0.0
250,5PME,240L,-21,0.0
250,5PME,240L,-22,0.0
250,5PME,240L,-23,0.0
250,5PME,240L,-24,0.0
250,5PME,240L,-25,0.0
250,5PME,240L,-26,0.0
250,5PME,240L,-27,0.0
250,5PME,240L,-28,0.0
250,5PME,240L,-29,0.0
251,KVT7,120L,0,68.0
251,KVT7,120L,-1,61.95111602882777
251,KVT7,120L,-2,56.73884382037506
251,KVT7,120L,-3,52.94837246968449
251,KVT7,120L,-4,48.04169657894227
251,KVT7,120L,-5,46.957425445344604
251,KVT7,120L,-6,41.21654422931923
251,KVT7,120L,-7,35.7274456452111
251,KVT7,120L,-8,30.94079573347159
251,KVT7,120L,-9,25.161315325035126
251,KVT7,120L,-10,19.35345643258213
251,KVT7,120L,-11,12.970064597234188
251,KVT7,120L,-12,9.206920963071656
251,KVT7,120L,-13,4.008039555140507
251,KVT7,120L,-14,0.0
251,KVT7,120L,-15,0.0
251,KVT7,120L,-16,0.0
251,KVT7,120L,-17,0.0
251,KVT7,120L,-18,0.0
251,KVT7,120L,-19,0.0
251,KVT7,120L,-20,0.0
251,KVT7,120L,-21,0.0
251,KVT7,120L,-22,0.0
251,KVT7,120L,-23,0.0
251,KVT7,120L,-24,0.0
251,KVT7,120L,-25,0.0
251,KVT7,120L,-26,0.0
251,KVT7,120L,-27,0.0
251,KVT7,120L,-28,0.0
251,KVT7,120L,-29,0.0
252,4YZE4J,120L,0,97.0
252,4YZE4J,120L,-1,91.97902437170664
252,4YZE4J,120L,-2,85.71395317925688
252,4YZE4J,120L,-3,83.81329573903982
252,4YZE4J,120L,-4,79.75579415561215
252,4YZE4J,120L,-5,75.17186952447335
252,4YZE4J,120L,-6,69.30473505834253
252,4YZE4J,120L,-7,67.36904129634598
252,4YZE4J,120L,-8,63.78569252536886
252,4YZE4J,120L,-9,60.599589725858756
252,4YZE4J,120L,-10,58.13053262571213
252,4YZE4J,120L,-11,52.481320887196695
252,4YZE4J,120L,-12,48.54308128121102
252,4YZE4J,120L,-13,43.197303571544914
252,4YZE4J,120L,-14,34.35029734435653
252,4YZE4J,120L,-15,28.262758971584855
252,4YZE4J,120L,-16,24.961894742871838
252,4YZE4J,120L,-17,18.292043360856304
252,4YZE4J,120L,-18,13.292429080684302
252,4YZE4J,120L,-19,9.61404410204027
252,4YZE4J,120L,-20,5.489793221343454
252,4YZE4J,120L,-21,6.07253244341085
252,4YZE4J,120L,-22,4.472304640121577
252,4YZE4J,120L,-23,2.1382326082670318
252,4YZE4J,120L,-24,0.0
252,4YZE4J,120L,-25,0.0
252,4YZE4J,120L,-26,0.0
252,4YZE4J,120L,-27,0.0
252,4YZE4J,120L,-28,0.0
252,4YZE4J,120L,-29,0.0
253,BV2OVR,120L,0,69.0
253,BV2OVR,120L,-1,65.79713847281006
253,BV2OVR,120L,-2,61.146738260740506
253,BV2OVR,120L,-3,55.555940865443844
253,BV2OVR,120L,-4,54.9453095981107
253,BV2OVR,120L,-5,49.608834795910056
253,BV2OVR,120L,-6,45.39543425379472
253,BV2OVR,120L,-7,42.29466978194843
253,BV2OVR,120L,-8,41.20874959187527
253,BV2OVR,120L,-9,37.758548464424635
253,BV2OVR,120L,-10,34.356978802436885
253,BV2OVR,120L,-11,28.485132114204983
253,BV2OVR,120L,-12,23.354033215662877
253,BV2OVR,120L,-13,19.336672205763023
253,BV2OVR,120L,-14,17.029069804389962
253,BV2OVR,120L,-15,9.478338093487274
253,BV2OVR,120L,-16,3.814392509172704
253,BV2OVR,120L,-17,0.0
253,BV2OVR,120L,-18,0.0
253,BV2OVR,120L,-19,0.0
253,BV2OVR,120L,-20,0.0
253,BV2OVR,120L,-21,0.0
253,BV2OVR,120L,-22,0.0
253,BV2OVR,120L,-23,0.0
253,BV2OVR,120L,-24,0.0
253,BV2OVR,120L,-25,0.0
253,BV2OVR,120L,-26,0.0
253,BV2OVR,120L,-27,0.0
253,BV2OVR,120L,-28,0.0
253,BV2OVR,120L,-29,0.0
254,ITS2,120L,0,85.0
254,ITS2,120L,-1,81.09710059038814
254,ITS2,120L,-2,75.34491276231628
254,ITS2,120L,-3,71.40301789147017
254,ITS2,120L,-4,64.86332055055935
254,ITS2,120L,-5,59.08990173191765
254,ITS2,120L,-6,55.92753979775379
254,ITS2,120L,-7,51.63165876758762
254,ITS2,120L,-8,47.39531662241813
254,ITS2,120L,-9,47.371397288394874
254,ITS2,120L,-10,46.08738644989104
254,ITS2,120L,-11,42.12333159248926
254,ITS2,120L,-12,39.88099015744814
254,ITS2,120L,-13,34.78918456545292
254,ITS2,120L,-14,29.340161171085438
254,ITS2,120L,-15,24.05677150540475
254,ITS2,120L,-16,19.291920636734726
254,ITS2,120L,-17,15.910470102932887
254,ITS2,120L,-18,11.808454496409748
254,ITS2,120L,-19,9.053483154524
254,ITS2,120L,-20,5.6184299794365
254,ITS2,120L,-21,0.5665767821378874
254,ITS2,120L,-22,0.0
254,ITS2,120L,-23,0.0
254,ITS2,120L,-24,0.0
254,ITS2,120L,-25,0.0
254,ITS2,120L,-26,0.0
254,ITS2,120L,-27,0.0
254,ITS2,120L,-28,0.0
254,ITS2,120L,-29,0.0
255,5M7N,240L,0,10.0
255,5M7N,240L,-1,5.8982902725561495
255,5M7N,240L,-2,0.0
255,5M7N,240L,-3,0.0
255,5M7N,240L,-4,0.0
255,5M7N,240L,-5,0.0
255,5M7N,240L,-6,0.0
255,5M7N,240L,-7,0.0
255,5M7N,240L,-8,0.0
255,5M7N,240L,-9,0.0
255,5M7N,240L,-10,0.0
255,5M7N,240L,-11,0.0
255,5M7N,240L,-12,0.0
255,5M7N,240L,-13,0.0
255,5M7N,240L,-14,0.0
255,5M7N,240L,-15,0.0
255,5M7N,240L,-16,0.0
255,5M7N,240L,-17,0.0
255,5M7N,240L,-18,0.0
255,5M7N,240L,-19,0.0
255,5M7N,240L,-20,0.0
255,5M7N,240L,-21,0.0
255,5M7N,240L,-22,0.0
255,5M7N,240L,-23,0.0
255,5M7N,240L,-24,0.0
255,5M7N,240L,-25,0.0
255,5M7N,240L,-26,0.0
255,5M7N,240L,-27,0.0
255,5M7N,240L,-28,0.0
255,5M7N,240L,-29,0.0
256,5FEK,120L,0,15.0
256,5FEK,120L,-1,9.093820666982275
256,5FEK,120L,-2,4.8723162940565
256,5FEK,120L,-3,1.8853065788138732
256,5FEK,120L,-4,0.0
256,5FEK,120L,-5,0.0
256,5FEK,120L,-6,0.0
256,5FEK,120L,-7,0.0
256,5FEK,120L,-8,0.0
256,5FEK,120L,-9,0.0
256,5FEK,120L,-10,0.0
256,5FEK,120L,-11,0.0
256,5FEK,120L,-12,0.0
256,5FEK,120L,-13,0.0
256,5FEK,120L,-14,0.0
256,5FEK,120L,-15,0.0
256,5FEK,120L,-16,0.0
256,5FEK,120L,-17,0.0
256,5FEK,120L,-18,0.0
256,5FEK,120L,-19,0.0
256,5FEK,120L,-20,0.0
256,5FEK,120L,-21,0.0
256,5FEK,120L,-22,0.0
256,5FEK,120L,-23,0.0
256,5FEK,120L,-24,0.0
256,5FEK,120L,-25,0.0
256,5FEK,120L,-26,0.0
256,5FEK,120L,-27,0.6018395650940391
256,5FEK,120L,-28,0.0
256,5FEK,120L,-29,0.0
257,6ZGKYZ,240L,0,96.0
257,6ZGKYZ,240L,-1,87.09298184347632
257,6ZGKYZ,240L,-2,81.383558168126
257,6ZGKYZ,240L,-3,74.88244620504564
257,6ZGKYZ,240L,-4,69.64324627279944
257,6ZGKYZ,240L,-5,62.8622446854246
257,6ZGKYZ,240L,-6,58.4975097202854
257,6ZGKYZ,240L,-7,52.09099584368085
257,6ZGKYZ,240L,-8,46.00706534360827
257,6ZGKYZ,240L,-9,43.563683097732365
257,6ZGKYZ,240L,-10,39.09992896792437
257,6ZGKYZ,240L,-11,32.09308557308778
257,6ZGKYZ,240L,-12,26.805903142551422
257,6ZGKYZ,240L,-13,19.938442031303225
257,6ZGKYZ,240L,-14,14.841596569944883
257,6ZGKYZ,240L,-15,7.776478046713602
257,6ZGKYZ,240L,-16,2.076743042875235
257,6ZGKYZ,240L,-17,0.0
257,6ZGKYZ,240L,-18,0.0
257,6ZGKYZ,240L,-19,0.0
257,6ZGKYZ,240L,-20,0.0
257,6ZGKYZ,240L,-21,0.0
257,6ZGKYZ,240L,-22,0.0
257,6ZGKYZ,240L,-23,0.0
257,6ZGKYZ,240L,-24,0.0
257,6ZGKYZ,240L,-25,0.0
257,6ZGKYZ,240L,-26,0.0
257,6ZGKYZ,240L,-27,0.0
257,6ZGKYZ,240L,-28,0.0
257,6ZGKYZ,240L,-29,0.0
258,5CDN,120L,0,72.0
258,5CDN,120L,-1,69.38375020590486
258,5CDN,120L,-2,66.74978436216452
258,5CDN,120L,-3,63.764344240246636
258,5CDN,120L,-4,61.179208352113065
258,5CDN,120L,-5,55.329476903945356
258,5CDN,120L,-6,52.12148646448391
258,5CDN,120L,-7,48.35125467309078
258,5CDN,120L,-8,41.90850318199609
258,5CDN,120L,-9,40.55916223857088
258,5CDN,120L,-10,33.714686482277074
258,5CDN,120L,-11,28.177995303457024
258,5CDN,120L,-12,22.883238555386047
258,5CDN,120L,-13,19.165699626367108
258,5CDN,120L,-14,16.33719606695043
258,5CDN,120L,-15,11.959165898934625
258,5CDN,120L,-16,8.140390852730393
258,5CDN,120L,-17,2.6187457156115945
258,5CDN,120L,-18,0.0
258,5CDN,120L,-19,0.0
258,5CDN,120L,-20,0.0
258,5CDN,120L,-21,0.0
258,5CDN,120L,-22,0.0
258,5CDN,120L,-23,0.0
258,5CDN,120L,-24,0.0
258,5CDN,120L,-25,0.0
258,5CDN,120L,-26,0.0
258,5CDN,120L,-27,0.0
258,5CDN,120L,-28,0.0
258,5CDN,120L,-29,0.0
259,PEIN,120L,0,58.0
259,PEIN,120L,-1,52.75789387541221
259,PEIN,120L,-2,46.62377607006524
259,PEIN,120L,-3,43.00216963078942
259,PEIN,120L,-4,39.65360636202016
259,PEIN,120L,-5,36.99057234665932
259,PEIN,120L,-6,32.267416149915015
259,PEIN,120L,-7,28.066749153832085
259,PEIN,120L,-8,24.110159193752825
259,PEIN,120L,-9,19.83556693216369
259,PEIN,120L,-10,16.5457142586024
259,PEIN,120L,-11,12.121229962428574
259,PEIN,120L,-12,5.973755005449707
259,PEIN,120L,-13,0.5728511097111837
259,PEIN,120L,-14,0.0
259,PEIN,120L,-15,0.0
259,PEIN,120L,-16,0.0
259,PEIN,120L,-17,0.0
259,PEIN,120L,-18,0.0
259,PEIN,120L,-19,0.0
259,PEIN,120L,-20,0.0
259,PEIN,120L,-21,0.0
259,PEIN,120L,-22,0.0
259,PEIN,120L,-23,0.0
259,PEIN,120L,-24,0.0
259,PEIN,120L,-25,0.0
259,PEIN,120L,-26,0.0
259,PEIN,120L,-27,0.0
259,PEIN,120L,-28,0.0
259,PEIN,120L,-29,0.0
260,FOAUWV,240L,0,69.0
260,FOAUWV,240L,-1,64.19117350142022
260,FOAUWV,240L,-2,57.25635255361381
260,FOAUWV,240L,-3,50.44865444343796
260,FOAUWV,240L,-4,45.020774441396796
260,FOAUWV,240L,-5,39.32597751084236
260,FOAUWV,240L,-6,33.06829431508302
260,FOAUWV,240L,-7,26.48559668561814
260,FOAUWV,240L,-8,23.76786289124343
260,FOAUWV,240L,-9,22.12034585275953
260,FOAUWV,240L,-10,21.07045216216873
260,FOAUWV,240L,-11,15.621209922615574
260,FOAUWV,240L,-12,12.213568016014376
260,FOAUWV,240L,-13,6.699263188781072
260,FOAUWV,240L,-14,0.7949773952182585
260,FOAUWV,240L,-15,0.0
260,FOAUWV,240L,-16,0.0
260,FOAUWV,240L,-17,0.0
260,FOAUWV,240L,-18,0.0
260,FOAUWV,240L,-19,0.0
260,FOAUWV,240L,-20,0.0
260,FOAUWV,240L,-21,0.0
260,FOAUWV,240L,-22,0.0
260,FOAUWV,240L,-23,0.0
260,FOAUWV,240L,-24,0.0
260,FOAUWV,240L,-25,0.0
260,FOAUWV,240L,-26,0.0
260,FOAUWV,240L,-27,0.0
260,FOAUWV,240L,-28,0.0
260,FOAUWV,240L,-29,0.0
261,IANB,120L,0,79.0
261,IANB,120L,-1,73.89890606489512
261,IANB,120L,-2,68.15776616528358
261,IANB,120L,-3,66.98724344418551
261,IANB,120L,-4,63.51863918825066
261,IANB,120L,-5,60.53619616502123
261,IANB,120L,-6,56.53128909249724
261,IANB,120L,-7,52.644644084532864
261,IANB,120L,-8,45.912887002926894
261,IANB,120L,-9,42.45081127083672
261,IANB,120L,-10,38.08657600242443
261,IANB,120L,-11,35.73596673377011
261,IANB,120L,-12,32.6541408057886
261,IANB,120L,-13,23.577481888897886
261,IANB,120L,-14,19.372658489495503
261,IANB,120L,-15,13.344450544999471
261,IANB,120L,-16,8.219653181341315
261,IANB,120L,-17,5.298951564024861
261,IANB,120L,-18,1.5796033311799864
261,IANB,120L,-19,0.0
261,IANB,120L,-20,0.0
261,IANB,120L,-21,0.0
261,IANB,120L,-22,0.0
261,IANB,120L,-23,0.0
261,IANB,120L,-24,0.0
261,IANB,120L,-25,0.0
261,IANB,120L,-26,0.0
261,IANB,120L,-27,0.0
261,IANB,120L,-28,0.0
261,IANB,120L,-29,0.0
262,6RCW,120L,0,92.0
262,6RCW,120L,-1,88.77513109823252
262,6RCW,120L,-2,84.9174388281656
262,6RCW,120L,-3,80.7686189927824
262,6RCW,120L,-4,74.61287068550081
262,6RCW,120L,-5,71.26054478269833
262,6RCW,120L,-6,66.40696464608284
262,6RCW,120L,-7,59.494508925268484
262,6RCW,120L,-8,54.35156290228898
262,6RCW,120L,-9,49.52787796499377
262,6RCW,120L,-10,45.523129060334426
262,6RCW,120L,-11,41.8169834560057
262,6RCW,120L,-12,39.03333835312354
262,6RCW,120L,-13,33.597589386774175
262,6RCW,120L,-14,31.41872909106823
262,6RCW,120L,-15,26.900845983099714
262,6RCW,120L,-16,21.212244519613826
262,6RCW,120L,-17,15.525128513818265
262,6RCW,120L,-18,10.275790214588413
262,6RCW,120L,-19,7.439379664134666
262,6RCW,120L,-20,1.6302915982366284
262,6RCW,120L,-21,0.0
262,6RCW,120L,-22,0.0
262,6RCW,120L,-23,0.0
262,6RCW,120L,-24,0.0
262,6RCW,120L,-25,0.0
262,6RCW,120L,-26,0.0
262,6RCW,120L,-27,0.0
262,6RCW,120L,-28,0.0
262,6RCW,120L,-29,0.0
263,OJJ3,120L,0,2.0
263,OJJ3,120L,-1,0.0
263,OJJ3,120L,-2,0.0
263,OJJ3,120L,-3,0.0
263,OJJ3,120L,-4,0.0
263,OJJ3,120L,-5,0.0
263,OJJ3,120L,-6,0.0
263,OJJ3,120L,-7,0.0
263,OJJ3,120L,-8,0.0
263,OJJ3,120L,-9,0.0
263,OJJ3,120L,-10,0.0
263,OJJ3,120L,-11,0.0
263,OJJ3,120L,-12,0.0
263,OJJ3,120L,-13,0.0
263,OJJ3,120L,-14,0.0
263,OJJ3,120L,-15,0.0
263,OJJ3,120L,-16,0.0
263,OJJ3,120L,-17,0.0
263,OJJ3,120L,-18,0.0
263,OJJ3,120L,-19,0.0
263,OJJ3,120L,-20,0.0
263,OJJ3,120L,-21,0.0
263,OJJ3,120L,-22,0.0
263,OJJ3,120L,-23,0.0
263,OJJ3,120L,-24,0.0
263,OJJ3,120L,-25,0.0
263,OJJ3,120L,-26,0.0
263,OJJ3,120L,-27,0.0
263,OJJ3,120L,-28,0.0
263,OJJ3,120L,-29,0.0
264,PI7FPO,120L,0,19.0
264,PI7FPO,120L,-1,12.550194551811757
264,PI7FPO,120L,-2,8.493965735943457
264,PI7FPO,120L,-3,2.7616290436338855
264,PI7FPO,120L,-4,0.0
264,PI7FPO,120L,-5,0.0
264,PI7FPO,120L,-6,0.0
264,PI7FPO,120L,-7,0.0
264,PI7FPO,120L,-8,0.0
264,PI7FPO,120L,-9,0.0
264,PI7FPO,120L,-10,0.0
264,PI7FPO,120L,-11,0.0
264,PI7FPO,120L,-12,0.0
264,PI7FPO,120L,-13,0.0
264,PI7FPO,120L,-14,0.0
264,PI7FPO,120L,-15,0.0
264,PI7FPO,120L,-16,0.0
264,PI7FPO,120L,-17,0.0
264,PI7FPO,120L,-18,0.0
264,PI7FPO,120L,-19,0.0
264,PI7FPO,120L,-20,0.0
264,PI7FPO,120L,-21,0.0
264,PI7FPO,120L,-22,0.0
264,PI7FPO,120L,-23,0.0
264,PI7FPO,120L,-24,0.0
264,PI7FPO,120L,-25,0.0
264,PI7FPO,120L,-26,0.0
264,PI7FPO,120L,-27,0.0
264,PI7FPO,120L,-28,0.0
264,PI7FPO,120L,-29,0.0
265,MB3T,120L,0,58.0
265,MB3T,120L,-1,53.67095907995579
265,MB3T,120L,-2,46.61828425935288
265,MB3T,120L,-3,43.63185506344696
265,MB3T,120L,-4,42.65086499511097
265,MB3T,120L,-5,37.57427473500633
265,MB3T,120L,-6,35.26874695342022
265,MB3T,120L,-7,31.290327539240565
265,MB3T,120L,-8,27.33661542320146
265,MB3T,120L,-9,18.644690350504728
265,MB3T,120L,-10,13.932864907097086
265,MB3T,120L,-11,9.076196212748872
265,MB3T,120L,-12,5.439170526274285
265,MB3T,120L,-13,0.7719388149019829
265,MB3T,120L,-14,0.0
265,MB3T,120L,-15,0.0
265,MB3T,120L,-16,0.0
265,MB3T,120L,-17,0.0
265,MB3T,120L,-18,0.0
265,MB3T,120L,-19,0.0
265,MB3T,120L,-20,0.0
265,MB3T,120L,-21,0.0
265,MB3T,120L,-22,0.0
265,MB3T,120L,-23,0.0
265,MB3T,120L,-24,0.0
265,MB3T,120L,-25,0.0
265,MB3T,120L,-26,0.0
265,MB3T,120L,-27,0.0
265,MB3T,120L,-28,0.0
265,MB3T,120L,-29,0.0
266,DAES,120L,0,35.0
266,DAES,120L,-1,27.015348752631326
266,DAES,120L,-2,23.38943810846648
266,DAES,120L,-3,18.618663994413946
266,DAES,120L,-4,16.184650411599545
266,DAES,120L,-5,9.518844163308755
266,DAES,120L,-6,7.033801974575339
266,DAES,120L,-7,0.47972612924951497
266,DAES,120L,-8,0.0
266,DAES,120L,-9,0.0
266,DAES,120L,-10,0.0
266,DAES,120L,-11,0.0
266,DAES,120L,-12,0.0
266,DAES,120L,-13,0.0
266,DAES,120L,-14,0.0
266,DAES,120L,-15,0.0
266,DAES,120L,-16,0.0
266,DAES,120L,-17,0.0
266,DAES,120L,-18,0.0
266,DAES,120L,-19,0.0
266,DAES,120L,-20,0.0
266,DAES,120L,-21,0.0
266,DAES,120L,-22,0.0
266,DAES,120L,-23,0.0
266,DAES,120L,-24,0.0
266,DAES,120L,-25,0.0
266,DAES,120L,-26,0.0
266,DAES,120L,-27,0.0
266,DAES,120L,-28,0.0
266,DAES,120L,-29,0.0
267,QKYD,120L,0,18.0
267,QKYD,120L,-1,13.965329045907339
267,QKYD,120L,-2,10.650516137232446
267,QKYD,120L,-3,2.8654858229877744
267,QKYD,120L,-4,0.0
267,QKYD,120L,-5,0.0
267,QKYD,120L,-6,0.0
267,QKYD,120L,-7,0.0
267,QKYD,120L,-8,0.0
267,QKYD,120L,-9,0.0
267,QKYD,120L,-10,0.0
267,QKYD,120L,-11,0.0
267,QKYD,120L,-12,0.0
267,QKYD,120L,-13,0.0
267,QKYD,120L,-14,0.0
267,QKYD,120L,-15,0.0
267,QKYD,120L,-16,0.0
267,QKYD,120L,-17,0.0
267,QKYD,120L,-18,0.0
267,QKYD,120L,-19,0.0
267,QKYD,120L,-20,0.0
267,QKYD,120L,-21,0.0
267,QKYD,120L,-22,0.0
267,QKYD,120L,-23,0.0
267,QKYD,120L,-24,0.0
267,QKYD,120L,-25,0.0
267,QKYD,120L,-26,0.0
267,QKYD,120L,-27,0.0
267,QKYD,120L,-28,0.0
267,QKYD,120L,-29,0.0
268,6732,120L,0,89.0
268,6732,120L,-1,83.13832689007371
268,6732,120L,-2,77.27073968718786
268,6732,120L,-3,74.79209490666503
268,6732,120L,-4,71.210735856682
268,6732,120L,-5,68.39812459497763
268,6732,120L,-6,63.65232420389838
268,6732,120L,-7,60.35621478686675
268,6732,120L,-8,53.791678199750805
268,6732,120L,-9,47.53484682449554
268,6732,120L,-10,43.65840486467481
268,6732,120L,-11,41.434832970901475
268,6732,120L,-12,36.04973219809502
268,6732,120L,-13,30.91237595350928
268,6732,120L,-14,25.337839796838338
268,6732,120L,-15,19.706090927917018
268,6732,120L,-16,18.054485789079287
268,6732,120L,-17,11.202978714105262
268,6732,120L,-18,6.529716454591718
268,6732,120L,-19,2.2424367530839047
268,6732,120L,-20,0.0
268,6732,120L,-21,0.0
268,6732,120L,-22,0.0
268,6732,120L,-23,0.0
268,6732,120L,-24,0.0
268,6732,120L,-25,0.0
268,6732,120L,-26,0.0
268,6732,120L,-27,0.0
268,6732,120L,-28,0.0
268,6732,120L,-29,0.0
269,OCG2,120L,0,66.0
269,OCG2,120L,-1,63.68144654274436
269,OCG2,120L,-2,58.96344501045722
269,OCG2,120L,-3,56.70327820054944
269,OCG2,120L,-4,52.215979438424945
269,OCG2,120L,-5,47.7578676672932
269,OCG2,120L,-6,42.56476547431261
269,OCG2,120L,-7,37.16787865066786
269,OCG2,120L,-8,34.23450008777875
269,OCG2,120L,-9,29.38985636981605
269,OCG2,120L,-10,25.90350597709971
269,OCG2,120L,-11,23.205529379494347
269,OCG2,120L,-12,16.4928826171845
269,OCG2,120L,-13,12.621465229313882
269,OCG2,120L,-14,4.546852324883941
269,OCG2,120L,-15,0.0
269,OCG2,120L,-16,0.0
269,OCG2,120L,-17,0.0
269,OCG2,120L,-18,0.0
269,OCG2,120L,-19,0.0
269,OCG2,120L,-20,0.0
269,OCG2,120L,-21,0.0
269,OCG2,120L,-22,0.0
269,OCG2,120L,-23,0.0
269,OCG2,120L,-24,0.0
269,OCG2,120L,-25,0.0
269,OCG2,120L,-26,0.0
269,OCG2,120L,-27,0.0
269,OCG2,120L,-28,0.0
269,OCG2,120L,-29,0.0
270,BGGG,120L,0,18.0
270,BGGG,120L,-1,16.943400683914213
270,BGGG,120L,-2,11.281009293917391
270,BGGG,120L,-3,5.412313170806211
270,BGGG,120L,-4,0.0
270,BGGG,120L,-5,0.0
270,BGGG,120L,-6,0.0
270,BGGG,120L,-7,0.0
270,BGGG,120L,-8,0.0
270,BGGG,120L,-9,0.0
270,BGGG,120L,-10,0.0
270,BGGG,120L,-11,0.0
270,BGGG,120L,-12,0.0
270,BGGG,120L,-13,0.0
270,BGGG,120L,-14,0.0
270,BGGG,120L,-15,0.0
270,BGGG,120L,-16,0.0
270,BGGG,120L,-17,0.0
270,BGGG,120L,-18,0.0
270,BGGG,120L,-19,0.0
270,BGGG,120L,-20,0.0
270,BGGG,120L,-21,0.0
270,BGGG,120L,-22,0.0
270,BGGG,120L,-23,0.0
270,BGGG,120L,-24,0.0
270,BGGG,120L,-25,0.0
270,BGGG,120L,-26,0.0
270,BGGG,120L,-27,0.0
270,BGGG,120L,-28,0.0
270,BGGG,120L,-29,0.0
271,63TS,120L,0,19.0
271,63TS,120L,-1,15.582994653810779
271,63TS,120L,-2,10.913581422242821
271,63TS,120L,-3,7.635490718000088
271,63TS,120L,-4,1.0022821599325322
271,63TS,120L,-5,0.0
271,63TS,120L,-6,0.0
271,63TS,120L,-7,0.0
271,63TS,120L,-8,0.0
271,63TS,120L,-9,0.0
271,63TS,120L,-10,0.0
271,63TS,120L,-11,0.0
271,63TS,120L,-12,0.0
271,63TS,120L,-13,0.0
271,63TS,120L,-14,0.0
271,63TS,120L,-15,0.0
271,63TS,120L,-16,0.0
271,63TS,120L,-17,0.0
271,63TS,120L,-18,0.0
271,63TS,120L,-19,0.0
271,63TS,120L,-20,0.0
271,63TS,120L,-21,0.0
271,63TS,120L,-22,0.0
271,63TS,120L,-23,0.0
271,63TS,120L,-24,0.0
271,63TS,120L,-25,0.0
271,63TS,120L,-26,0.0
271,63TS,120L,-27,0.0
271,63TS,120L,-28,0.0
271,63TS,120L,-29,0.0
272,5R2U,120L,0,95.0
272,5R2U,120L,-1,89.86392043853921
272,5R2U,120L,-2,84.93689012073274
272,5R2U,120L,-3,80.5947488741978
272,5R2U,120L,-4,74.94751573414916
272,5R2U,120L,-5,70.36264878116894
272,5R2U,120L,-6,69.02991696250068
272,5R2U,120L,-7,64.74694207176393
272,5R2U,120L,-8,59.14221195855982
272,5R2U,120L,-9,55.468647284056864
272,5R2U,120L,-10,53.52841895363351
272,5R2U,120L,-11,52.21636753984991
272,5R2U,120L,-12,47.862568726901216
272,5R2U,120L,-13,43.98707618629596
272,5R2U,120L,-14,40.17503733340262
272,5R2U,120L,-15,34.19013575397992
272,5R2U,120L,-16,25.40003446558877
272,5R2U,120L,-17,18.458208228725887
272,5R2U,120L,-18,10.772311437141656
272,5R2U,120L,-19,6.816641168418198
272,5R2U,120L,-20,0.0
272,5R2U,120L,-21,0.0
272,5R2U,120L,-22,0.0
272,5R2U,120L,-23,0.0
272,5R2U,120L,-24,0.0
272,5R2U,120L,-25,0.0
272,5R2U,120L,-26,0.0
272,5R2U,120L,-27,0.0
272,5R2U,120L,-28,0.0
272,5R2U,120L,-29,0.0
273,B2RM,120L,0,70.0
273,B2RM,120L,-1,67.90689324119762
273,B2RM,120L,-2,63.93802635035107
273,B2RM,120L,-3,57.18366546752618
273,B2RM,120L,-4,54.365319090126114
273,B2RM,120L,-5,50.71664815270258
273,B2RM,120L,-6,45.87192061317343
273,B2RM,120L,-7,44.208396450479206
273,B2RM,120L,-8,40.01188739344397
273,B2RM,120L,-9,37.262344032994925
273,B2RM,120L,-10,34.89083556116926
273,B2RM,120L,-11,30.455237166760718
273,B2RM,120L,-12,28.183871504205
273,B2RM,120L,-13,24.390181236086807
273,B2RM,120L,-14,18.922282697697504
273,B2RM,120L,-15,13.078315115000024
273,B2RM,120L,-16,6.323946165397226
273,B2RM,120L,-17,2.29022773385352
273,B2RM,120L,-18,0.0
273,B2RM,120L,-19,0.0
273,B2RM,120L,-20,0.0
273,B2RM,120L,-21,0.0
273,B2RM,120L,-22,0.0
273,B2RM,120L,-23,0.0
273,B2RM,120L,-24,0.0
273,B2RM,120L,-25,0.0
273,B2RM,120L,-26,0.0
273,B2RM,120L,-27,0.0
273,B2RM,120L,-28,0.0
273,B2RM,120L,-29,0.0
274,UFIX,120L,0,51.0
274,UFIX,120L,-1,45.56438318312691
274,UFIX,120L,-2,42.03451137129855
274,UFIX,120L,-3,37.81437834175133
274,UFIX,120L,-4,32.70020119058122
274,UFIX,120L,-5,27.09135125097795
274,UFIX,120L,-6,23.999512944688696
274,UFIX,120L,-7,20.071185548070215
274,UFIX,120L,-8,15.260236269449454
274,UFIX,120L,-9,7.236419762583837
274,UFIX,120L,-10,5.6313456314350985
274,UFIX,120L,-11,0.5537289218943942
274,UFIX,120L,-12,0.0
274,UFIX,120L,-13,0.0
274,UFIX,120L,-14,0.0
274,UFIX,120L,-15,0.0
274,UFIX,120L,-16,0.0
274,UFIX,120L,-17,0.0
274,UFIX,120L,-18,0.0
274,UFIX,120L,-19,0.0
274,UFIX,120L,-20,0.0
274,UFIX,120L,-21,0.0
274,UFIX,120L,-22,0.0
274,UFIX,120L,-23,0.0
274,UFIX,120L,-24,0.0
274,UFIX,120L,-25,0.0
274,UFIX,120L,-26,0.0
274,UFIX,120L,-27,0.0
274,UFIX,120L,-28,0.0
274,UFIX,120L,-29,0.0
275,YWXV37,120L,0,32.0
275,YWXV37,120L,-1,29.267195112039516
275,YWXV37,120L,-2,21.262989290350262
275,YWXV37,120L,-3,17.86174101859645
275,YWXV37,120L,-4,12.437468567472507
275,YWXV37,120L,-5,8.94367105455727
275,YWXV37,120L,-6,5.153285795315347
275,YWXV37,120L,-7,1.293869324452541
275,YWXV37,120L,-8,0.0
275,YWXV37,120L,-9,0.0
275,YWXV37,120L,-10,0.0
275,YWXV37,120L,-11,0.0
275,YWXV37,120L,-12,0.0
275,YWXV37,120L,-13,0.0
275,YWXV37,120L,-14,0.0
275,YWXV37,120L,-15,0.0
275,YWXV37,120L,-16,0.0
275,YWXV37,120L,-17,0.0
275,YWXV37,120L,-18,0.0
275,YWXV37,120L,-19,0.0
275,YWXV37,120L,-20,0.0
275,YWXV37,120L,-21,0.0
275,YWXV37,120L,-22,0.0
275,YWXV37,120L,-23,0.0
275,YWXV37,120L,-24,0.0
275,YWXV37,120L,-25,0.0
275,YWXV37,120L,-26,0.0
275,YWXV37,120L,-27,0.0
275,YWXV37,120L,-28,0.0
275,YWXV37,120L,-29,0.0
276,LKP3XO,120L,0,39.0
276,LKP3XO,120L,-1,37.71291543866767
276,LKP3XO,120L,-2,34.610691810341855
276,LKP3XO,120L,-3,29.818194608747255
276,LKP3XO,120L,-4,27.91885892458365
276,LKP3XO,120L,-5,25.73706629418791
276,LKP3XO,120L,-6,19.142719649029388
276,LKP3XO,120L,-7,15.652321318165528
276,LKP3XO,120L,-8,9.848901173857328
276,LKP3XO,120L,-9,5.038226265162413
276,LKP3XO,120L,-10,1.645157666492056
276,LKP3XO,120L,-11,0.0
276,LKP3XO,120L,-12,0.0
276,LKP3XO,120L,-13,0.0
276,LKP3XO,120L,-14,0.0
276,LKP3XO,120L,-15,0.0
276,LKP3XO,120L,-16,0.0
276,LKP3XO,120L,-17,0.0
276,LKP3XO,120L,-18,0.0
276,LKP3XO,120L,-19,0.0
276,LKP3XO,120L,-20,0.0
276,LKP3XO,120L,-21,0.0
276,LKP3XO,120L,-22,0.0
276,LKP3XO,120L,-23,0.0
276,LKP3XO,120L,-24,0.0
276,LKP3XO,120L,-25,0.0
276,LKP3XO,120L,-26,0.0
276,LKP3XO,120L,-27,0.0
276,LKP3XO,120L,-28,0.0
276,LKP3XO,120L,-29,0.0
277,QZMA,120L,0,38.0
277,QZMA,120L,-1,32.391495876151225
277,QZMA,120L,-2,26.17072898659076
277,QZMA,120L,-3,20.55737058517599
277,QZMA,120L,-4,18.218948084091892
277,QZMA,120L,-5,16.649476085401083
277,QZMA,120L,-6,12.80252149560263
277,QZMA,120L,-7,9.382533194284656
277,QZMA,120L,-8,4.628807933422585
277,QZMA,120L,-9,3.411896598782496
277,QZMA,120L,-10,0.0
277,QZMA,120L,-11,0.0
277,QZMA,120L,-12,0.0
277,QZMA,120L,-13,0.0
277,QZMA,120L,-14,0.0
277,QZMA,120L,-15,0.0
277,QZMA,120L,-16,0.0
277,QZMA,120L,-17,0.0
277,QZMA,120L,-18,0.0
277,QZMA,120L,-19,0.0
277,QZMA,120L,-20,0.0
277,QZMA,120L,-21,0.0
277,QZMA,120L,-22,0.0
277,QZMA,120L,-23,0.0
277,QZMA,120L,-24,0.0
277,QZMA,120L,-25,0.0
277,QZMA,120L,-26,0.0
277,QZMA,120L,-27,0.0
277,QZMA,120L,-28,0.0
277,QZMA,120L,-29,0.0
278,NNJ2KY,120L,0,81.0
278,NNJ2KY,120L,-1,75.37652826117892
278,NNJ2KY,120L,-2,74.05294928881793
278,NNJ2KY,120L,-3,68.36582853104592
278,NNJ2KY,120L,-4,60.98327648092492
278,NNJ2KY,120L,-5,57.39560837351453
278,NNJ2KY,120L,-6,53.651906865452204
278,NNJ2KY,120L,-7,52.65317505788196
278,NNJ2KY,120L,-8,49.143587726384474
278,NNJ2KY,120L,-9,42.58295097749197
278,NNJ2KY,120L,-10,38.25320579399746
278,NNJ2KY,120L,-11,32.56461007359161
278,NNJ2KY,120L,-12,27.467903259341607
278,NNJ2KY,120L,-13,22.291162769099135
278,NNJ2KY,120L,-14,17.316265674357805
278,NNJ2KY,120L,-15,14.768886397157807
278,NNJ2KY,120L,-16,11.031174675950885
278,NNJ2KY,120L,-17,6.030087344130922
278,NNJ2KY,120L,-18,1.3194859748295653
278,NNJ2KY,120L,-19,0.0
278,NNJ2KY,120L,-20,0.0
278,NNJ2KY,120L,-21,0.0
278,NNJ2KY,120L,-22,0.0
278,NNJ2KY,120L,-23,0.0
278,NNJ2KY,120L,-24,0.0
278,NNJ2KY,120L,-25,0.0
278,NNJ2KY,120L,-26,0.0
278,NNJ2KY,120L,-27,0.0
278,NNJ2KY,120L,-28,0.0
278,NNJ2KY,120L,-29,0.0
279,6BQJ,120L,0,0.0
279,6BQJ,120L,-1,0.0
279,6BQJ,120L,-2,0.0
279,6BQJ,120L,-3,0.0
279,6BQJ,120L,-4,0.0
279,6BQJ,120L,-5,0.0
279,6BQJ,120L,-6,0.0
279,6BQJ,120L,-7,0.0
279,6BQJ,120L,-8,0.0
279,6BQJ,120L,-9,0.0
279,6BQJ,120L,-10,0.0
279,6BQJ,120L,-11,0.0
279,6BQJ,120L,-12,0.0
279,6BQJ,120L,-13,0.0
279,6BQJ,120L,-14,0.0
279,6BQJ,120L,-15,0.0
279,6BQJ,120L,-16,0.0
279,6BQJ,120L,-17,0.0
279,6BQJ,120L,-18,0.0
279,6BQJ,120L,-19,0.0
279,6BQJ,120L,-20,0.0
279,6BQJ,120L,-21,0.0
279,6BQJ,120L,-22,0.0
279,6BQJ,120L,-23,0.0
279,6BQJ,120L,-24,0.0
279,6BQJ,120L,-25,0.0
279,6BQJ,120L,-26,0.0
279,6BQJ,120L,-27,0.0
279,6BQJ,120L,-28,0.0
279,6BQJ,120L,-29,0.0
280,JA5YGO,120L,0,10.0
280,JA5YGO,120L,-1,6.031487339024167
280,JA5YGO,120L,-2,0.7258726417030106
280,JA5YGO,120L,-3,0.0
280,JA5YGO,120L,-4,0.0
280,JA5YGO,120L,-5,0.0
280,JA5YGO,120L,-6,0.0
280,JA5YGO,120L,-7,0.0
280,JA5YGO,120L,-8,0.0
280,JA5YGO,120L,-9,0.0
280,JA5YGO,120L,-10,0.0
280,JA5YGO,120L,-11,0.0
280,JA5YGO,120L,-12,0.0
280,JA5YGO,120L,-13,0.0
280,JA5YGO,120L,-14,0.0
280,JA5YGO,120L,-15,0.0
280,JA5YGO,120L,-16,0.0
280,JA5YGO,120L,-17,0.0
280,JA5YGO,120L,-18,0.0
280,JA5YGO,120L,-19,0.0
280,JA5YGO,120L,-20,0.0
280,JA5YGO,120L,-21,0.0
280,JA5YGO,120L,-22,0.0
280,JA5YGO,120L,-23,0.0
280,JA5YGO,120L,-24,0.0
280,JA5YGO,120L,-25,0.0
280,JA5YGO,120L,-26,0.0
280,JA5YGO,120L,-27,0.0
280,JA5YGO,120L,-28,0.0
280,JA5YGO,120L,-29,0.0
281,EXNZ,120L,0,91.0
281,EXNZ,120L,-1,86.46429036038673
281,EXNZ,120L,-2,79.86710905750836
281,EXNZ,120L,-3,76.21762042369507
281,EXNZ,120L,-4,73.30185192466715
281,EXNZ,120L,-5,68.79397933668643
281,EXNZ,120L,-6,62.046620416952166
281,EXNZ,120L,-7,58.09356729846178
281,EXNZ,120L,-8,53.551163506325466
281,EXNZ,120L,-9,49.19392808573696
281,EXNZ,120L,-10,42.45940229542066
281,EXNZ,120L,-11,38.33005274739005
281,EXNZ,120L,-12,33.377176358755285
281,EXNZ,120L,-13,28.404916956493246
281,EXNZ,120L,-14,24.010432697642216
281,EXNZ,120L,-15,17.733116692702602
281,EXNZ,120L,-16,11.869719052848506
281,EXNZ,120L,-17,7.597887587004381
281,EXNZ,120L,-18,4.499309760874862
281,EXNZ,120L,-19,0.0
281,EXNZ,120L,-20,0.0
281,EXNZ,120L,-21,0.0
281,EXNZ,120L,-22,0.0
281,EXNZ,120L,-23,0.0
281,EXNZ,120L,-24,0.0
281,EXNZ,120L,-25,0.0
281,EXNZ,120L,-26,0.0
281,EXNZ,120L,-27,0.0
281,EXNZ,120L,-28,0.0
281,EXNZ,120L,-29,0.0
282,OO4C,120L,0,56.0
282,OO4C,120L,-1,49.676081861975916
282,OO4C,120L,-2,48.270084696158904
282,OO4C,120L,-3,41.58795234446762
282,OO4C,120L,-4,38.43167847512139
282,OO4C,120L,-5,33.12767017120946
282,OO4C,120L,-6,29.555868089605795
282,OO4C,120L,-7,22.829215354176696
282,OO4C,120L,-8,19.741372115780123
282,OO4C,120L,-9,16.8057573496501
282,OO4C,120L,-10,11.194889270066245
282,OO4C,120L,-11,5.5599476535298775
282,OO4C,120L,-12,3.532578058022314
282,OO4C,120L,-13,0.0
282,OO4C,120L,-14,0.0
282,OO4C,120L,-15,0.0
282,OO4C,120L,-16,0.0
282,OO4C,120L,-17,0.0
282,OO4C,120L,-18,0.0
282,OO4C,120L,-19,0.0
282,OO4C,120L,-20,0.0
282,OO4C,120L,-21,0.0
282,OO4C,120L,-22,0.0
282,OO4C,120L,-23,0.02070762177690222
282,OO4C,120L,-24,0.0
282,OO4C,120L,-25,0.0
282,OO4C,120L,-26,0.0
282,OO4C,120L,-27,0.0
282,OO4C,120L,-28,0.0
282,OO4C,120L,-29,0.0
283,HW34,120L,0,88.0
283,HW34,120L,-1,83.11770854593198
283,HW34,120L,-2,80.75866503200977
283,HW34,120L,-3,79.68130898451325
283,HW34,120L,-4,76.81939063983216
283,HW34,120L,-5,72.56079118282543
283,HW34,120L,-6,69.2486232428853
283,HW34,120L,-7,61.0396059409093
283,HW34,120L,-8,51.58950042052906
283,HW34,120L,-9,49.30897512498949
283,HW34,120L,-10,41.93552174359689
283,HW34,120L,-11,35.4489366128378
283,HW34,120L,-12,30.6960859386489
283,HW34,120L,-13,26.948236109038064
283,HW34,120L,-14,21.45581569845759
283,HW34,120L,-15,14.285174262092942
283,HW34,120L,-16,10.323654334269651
283,HW34,120L,-17,4.9909864491965426
283,HW34,120L,-18,0.0
283,HW34,120L,-19,0.0
283,HW34,120L,-20,0.0
283,HW34,120L,-21,0.0
283,HW34,120L,-22,0.0
283,HW34,120L,-23,0.0
283,HW34,120L,-24,0.0
283,HW34,120L,-25,0.0
283,HW34,120L,-26,0.0
283,HW34,120L,-27,0.0
283,HW34,120L,-28,0.0
283,HW34,120L,-29,0.0
284,TDAR,120L,0,49.0
284,TDAR,120L,-1,43.15874161180219
284,TDAR,120L,-2,40.45915528512446
284,TDAR,120L,-3,34.126640854090674
284,TDAR,120L,-4,29.261315693275392
284,TDAR,120L,-5,23.887516632951414
284,TDAR,120L,-6,17.597444196418678
284,TDAR,120L,-7,12.765056251832206
284,TDAR,120L,-8,10.625235462870116
284,TDAR,120L,-9,5.987408422336819
284,TDAR,120L,-10,2.316115051612136
284,TDAR,120L,-11,0.0
284,TDAR,120L,-12,0.0
284,TDAR,120L,-13,0.0
284,TDAR,120L,-14,0.0
284,TDAR,120L,-15,0.0
284,TDAR,120L,-16,0.0
284,TDAR,120L,-17,0.0
284,TDAR,120L,-18,0.0
284,TDAR,120L,-19,0.0
284,TDAR,120L,-20,0.0
284,TDAR,120L,-21,0.0
284,TDAR,120L,-22,0.0
284,TDAR,120L,-23,0.0
284,TDAR,120L,-24,0.0
284,TDAR,120L,-25,0.0
284,TDAR,120L,-26,0.0
284,TDAR,120L,-27,0.0
284,TDAR,120L,-28,0.0
284,TDAR,120L,-29,0.0
285,BDI4,120L,0,22.0
285,BDI4,120L,-1,18.02879788248765
285,BDI4,120L,-2,11.514965289417304
285,BDI4,120L,-3,3.245221257686289
285,BDI4,120L,-4,0.4608489299301417
285,BDI4,120L,-5,0.0
285,BDI4,120L,-6,0.0
285,BDI4,120L,-7,0.0
285,BDI4,120L,-8,0.0
285,BDI4,120L,-9,0.0
285,BDI4,120L,-10,0.0
285,BDI4,120L,-11,0.0
285,BDI4,120L,-12,0.0
285,BDI4,120L,-13,0.0
285,BDI4,120L,-14,0.0
285,BDI4,120L,-15,0.0
285,BDI4,120L,-16,0.0
285,BDI4,120L,-17,0.0
285,BDI4,120L,-18,0.0
285,BDI4,120L,-19,0.0
285,BDI4,120L,-20,0.0
285,BDI4,120L,-21,0.0
285,BDI4,120L,-22,0.0
285,BDI4,120L,-23,0.0
285,BDI4,120L,-24,0.0
285,BDI4,120L,-25,0.0
285,BDI4,120L,-26,0.0
285,BDI4,120L,-27,0.0
285,BDI4,120L,-28,0.0
285,BDI4,120L,-29,0.0
286,Z3HP,120L,0,30.0
286,Z3HP,120L,-1,22.725492769081175
286,Z3HP,120L,-2,18.31219115964093
286,Z3HP,120L,-3,11.941439921041042
286,Z3HP,120L,-4,7.799768573296108
286,Z3HP,120L,-5,4.966626269092133
286,Z3HP,120L,-6,0.4987862211342503
286,Z3HP,120L,-7,0.0
286,Z3HP,120L,-8,0.0
286,Z3HP,120L,-9,0.0
286,Z3HP,120L,-10,0.0
286,Z3HP,120L,-11,0.0
286,Z3HP,120L,-12,0.0
286,Z3HP,120L,-13,0.0
286,Z3HP,120L,-14,0.0
286,Z3HP,120L,-15,0.0
286,Z3HP,120L,-16,0.0
286,Z3HP,120L,-17,0.0
286,Z3HP,120L,-18,0.0
286,Z3HP,120L,-19,0.0
286,Z3HP,120L,-20,0.0
286,Z3HP,120L,-21,0.0
286,Z3HP,120L,-22,0.0
286,Z3HP,120L,-23,0.0
286,Z3HP,120L,-24,0.0
286,Z3HP,120L,-25,0.0
286,Z3HP,120L,-26,0.0
286,Z3HP,120L,-27,0.0
286,Z3HP,120L,-28,0.0
286,Z3HP,120L,-29,0.0
287,KY4M,120L,0,93.0
287,KY4M,120L,-1,88.59447311033877
287,KY4M,120L,-2,83.66943090558048
287,KY4M,120L,-3,79.9177000500563
287,KY4M,120L,-4,75.58653174953412
287,KY4M,120L,-5,70.62449290427071
287,KY4M,120L,-6,66.66569380607811
287,KY4M,120L,-7,60.027059973397535
287,KY4M,120L,-8,56.737468209464495
287,KY4M,120L,-9,49.96917444255268
287,KY4M,120L,-10,46.37494627671319
287,KY4M,120L,-11,42.50533127793112
287,KY4M,120L,-12,38.46711586950578
287,KY4M,120L,-13,34.52123644074913
287,KY4M,120L,-14,30.906772492552772
287,KY4M,120L,-15,28.06408327304456
287,KY4M,120L,-16,23.43778633235339
287,KY4M,120L,-17,19.164935302462673
287,KY4M,120L,-18,15.250396792889603
287,KY4M,120L,-19,12.208320180012791
287,KY4M,120L,-20,7.510490412002083
287,KY4M,120L,-21,0.0
287,KY4M,120L,-22,0.0
287,KY4M,120L,-23,0.0
287,KY4M,120L,-24,0.0
287,KY4M,120L,-25,0.0
287,KY4M,120L,-26,0.0
287,KY4M,120L,-27,0.0
287,KY4M,120L,-28,0.0
287,KY4M,120L,-29,0.0
288,WAFM,120L,0,41.0
288,WAFM,120L,-1,37.97647124125256
288,WAFM,120L,-2,33.51499140481806
288,WAFM,120L,-3,27.906509071956155
288,WAFM,120L,-4,23.993877321947448
288,WAFM,120L,-5,21.756624365064045
288,WAFM,120L,-6,17.903185746580835
288,WAFM,120L,-7,16.309509123860614
288,WAFM,120L,-8,10.45987113106231
288,WAFM,120L,-9,3.1777451182346144
288,WAFM,120L,-10,0.0
288,WAFM,120L,-11,0.0
288,WAFM,120L,-12,0.0
288,WAFM,120L,-13,0.0
288,WAFM,120L,-14,0.0
288,WAFM,120L,-15,0.0
288,WAFM,120L,-16,0.0
288,WAFM,120L,-17,0.0
288,WAFM,120L,-18,0.0
288,WAFM,120L,-19,0.0
288,WAFM,120L,-20,0.0
288,WAFM,120L,-21,0.0
288,WAFM,120L,-22,0.0
288,WAFM,120L,-23,0.0
288,WAFM,120L,-24,0.0
288,WAFM,120L,-25,0.0
288,WAFM,120L,-26,0.0
288,WAFM,120L,-27,0.0
288,WAFM,120L,-28,0.0
288,WAFM,120L,-29,0.0
289,H7AM,120L,0,98.0
289,H7AM,120L,-1,92.73029544401486
289,H7AM,120L,-2,86.77277544999147
289,H7AM,120L,-3,83.58459975051022
289,H7AM,120L,-4,80.12593934925255
289,H7AM,120L,-5,73.4478534433004
289,H7AM,120L,-6,71.02027491035903
289,H7AM,120L,-7,67.86699170090563
289,H7AM,120L,-8,62.29029360599369
289,H7AM,120L,-9,55.35373489421571
289,H7AM,120L,-10,51.311324514457525
289,H7AM,120L,-11,50.69437190997265
289,H7AM,120L,-12,43.79979212632096
289,H7AM,120L,-13,37.4597092740067
289,H7AM,120L,-14,33.9748935433189
289,H7AM,120L,-15,26.507125206515212
289,H7AM,120L,-16,24.097104400854686
289,H7AM,120L,-17,19.99542507906626
289,H7AM,120L,-18,12.524286166070667
289,H7AM,120L,-19,6.416872522087335
289,H7AM,120L,-20,0.07854974712569618
289,H7AM,120L,-21,0.0
289,H7AM,120L,-22,0.0
289,H7AM,120L,-23,0.0
289,H7AM,120L,-24,0.0
289,H7AM,120L,-25,0.0
289,H7AM,120L,-26,0.0
289,H7AM,120L,-27,0.0
289,H7AM,120L,-28,0.0
289,H7AM,120L,-29,0.0
290,ZBXZFK,120L,0,6.0
290,ZBXZFK,120L,-1,3.6144513449737916
290,ZBXZFK,120L,-2,0.0
290,ZBXZFK,120L,-3,0.0
290,ZBXZFK,120L,-4,0.0
290,ZBXZFK,120L,-5,0.0
290,ZBXZFK,120L,-6,0.0
290,ZBXZFK,120L,-7,0.0
290,ZBXZFK,120L,-8,0.0
290,ZBXZFK,120L,-9,0.0
290,ZBXZFK,120L,-10,0.0
290,ZBXZFK,120L,-11,0.0
290,ZBXZFK,120L,-12,0.0
290,ZBXZFK,120L,-13,0.0
290,ZBXZFK,120L,-14,0.0
290,ZBXZFK,120L,-15,0.0
290,ZBXZFK,120L,-16,0.0
290,ZBXZFK,120L,-17,0.0
290,ZBXZFK,120L,-18,0.0
290,ZBXZFK,120L,-19,0.0
290,ZBXZFK,120L,-20,0.0
290,ZBXZFK,120L,-21,0.0
290,ZBXZFK,120L,-22,0.0
290,ZBXZFK,120L,-23,0.0
290,ZBXZFK,120L,-24,0.0
290,ZBXZFK,120L,-25,0.0
290,ZBXZFK,120L,-26,0.0
290,ZBXZFK,120L,-27,0.0
290,ZBXZFK,120L,-28,0.0
290,ZBXZFK,120L,-29,0.0
291,U4YY,120L,0,15.0
291,U4YY,120L,-1,8.62076824572631
291,U4YY,120L,-2,3.899242872971013
291,U4YY,120L,-3,2.3592875088443717
291,U4YY,120L,-4,0.8710911133310901
291,U4YY,120L,-5,0.0
291,U4YY,120L,-6,0.0
291,U4YY,120L,-7,0.0
291,U4YY,120L,-8,0.0
291,U4YY,120L,-9,0.0
291,U4YY,120L,-10,0.0
291,U4YY,120L,-11,0.0
291,U4YY,120L,-12,0.0
291,U4YY,120L,-13,0.0
291,U4YY,120L,-14,0.0
291,U4YY,120L,-15,0.0
291,U4YY,120L,-16,0.0
291,U4YY,120L,-17,0.0
291,U4YY,120L,-18,0.0
291,U4YY,120L,-19,0.0
291,U4YY,120L,-20,0.0
291,U4YY,120L,-21,0.0
291,U4YY,120L,-22,0.0
291,U4YY,120L,-23,0.0
291,U4YY,120L,-24,0.0
291,U4YY,120L,-25,0.0
291,U4YY,120L,-26,0.0
291,U4YY,120L,-27,0.0
291,U4YY,120L,-28,0.0
291,U4YY,120L,-29,0.0
292,6QMX,120L,0,89.0
292,6QMX,120L,-1,84.32815969205534
292,6QMX,120L,-2,78.3254115967505
292,6QMX,120L,-3,76.18305695420963
292,6QMX,120L,-4,72.07481114637486
292,6QMX,120L,-5,66.72776010811623
292,6QMX,120L,-6,58.49533136477212
292,6QMX,120L,-7,55.46692982655588
292,6QMX,120L,-8,49.819250683066514
292,6QMX,120L,-9,44.44655430582013
292,6QMX,120L,-10,40.715886237998305
292,6QMX,120L,-11,37.85422655564201
292,6QMX,120L,-12,33.737364489453604
292,6QMX,120L,-13,28.68764310221204
292,6QMX,120L,-14,24.502934407840275
292,6QMX,120L,-15,21.590171231075303
292,6QMX,120L,-16,16.573968692138603
292,6QMX,120L,-17,10.259216233078515
292,6QMX,120L,-18,6.152942090450716
292,6QMX,120L,-19,5.181692358512613
292,6QMX,120L,-20,0.42391019871032576
292,6QMX,120L,-21,0.0
292,6QMX,120L,-22,0.0
292,6QMX,120L,-23,0.0
292,6QMX,120L,-24,0.0
292,6QMX,120L,-25,0.0
292,6QMX,120L,-26,0.0
292,6QMX,120L,-27,0.0
292,6QMX,120L,-28,0.0
292,6QMX,120L,-29,0.0
293,VJBQ,120L,0,59.0
293,VJBQ,120L,-1,53.71405023478849
293,VJBQ,120L,-2,51.16597809581855
293,VJBQ,120L,-3,48.10711056789444
293,VJBQ,120L,-4,40.291389414515855
293,VJBQ,120L,-5,36.03235039300135
293,VJBQ,120L,-6,32.888057241097734
293,VJBQ,120L,-7,27.440823060065984
293,VJBQ,120L,-8,19.12350192893558
293,VJBQ,120L,-9,15.137291552413307
293,VJBQ,120L,-10,8.87861328241964
293,VJBQ,120L,-11,4.489955282528368
293,VJBQ,120L,-12,0.5264053851763668
293,VJBQ,120L,-13,0.0
293,VJBQ,120L,-14,0.0
293,VJBQ,120L,-15,0.0
293,VJBQ,120L,-16,0.0
293,VJBQ,120L,-17,0.0
293,VJBQ,120L,-18,0.0
293,VJBQ,120L,-19,0.0
293,VJBQ,120L,-20,0.0
293,VJBQ,120L,-21,0.0
293,VJBQ,120L,-22,0.0
293,VJBQ,120L,-23,0.0
293,VJBQ,120L,-24,0.0
293,VJBQ,120L,-25,0.0
293,VJBQ,120L,-26,0.0
293,VJBQ,120L,-27,0.0
293,VJBQ,120L,-28,0.0
293,VJBQ,120L,-29,0.0
294,MFIU,120L,0,1.0
294,MFIU,120L,-1,0.0
294,MFIU,120L,-2,0.0
294,MFIU,120L,-3,0.0
294,MFIU,120L,-4,0.0
294,MFIU,120L,-5,0.0
294,MFIU,120L,-6,0.0
294,MFIU,120L,-7,0.0
294,MFIU,120L,-8,0.0
294,MFIU,120L,-9,0.0
294,MFIU,120L,-10,0.0
294,MFIU,120L,-11,0.0
294,MFIU,120L,-12,0.0
294,MFIU,120L,-13,0.0
294,MFIU,120L,-14,0.0
294,MFIU,120L,-15,0.0
294,MFIU,120L,-16,0.0
294,MFIU,120L,-17,0.0
294,MFIU,120L,-18,0.0
294,MFIU,120L,-19,0.0
294,MFIU,120L,-20,0.0
294,MFIU,120L,-21,0.0
294,MFIU,120L,-22,0.0
294,MFIU,120L,-23,0.0
294,MFIU,120L,-24,0.0
294,MFIU,120L,-25,0.0
294,MFIU,120L,-26,0.0
294,MFIU,120L,-27,0.0
294,MFIU,120L,-28,0.0
294,MFIU,120L,-29,0.0
295,BNZ7,120L,0,0.0
295,BNZ7,120L,-1,0.0
295,BNZ7,120L,-2,0.0
295,BNZ7,120L,-3,0.0
295,BNZ7,120L,-4,0.0
295,BNZ7,120L,-5,0.0
295,BNZ7,120L,-6,0.0
295,BNZ7,120L,-7,0.0
295,BNZ7,120L,-8,0.0
295,BNZ7,120L,-9,0.0
295,BNZ7,120L,-10,0.0
295,BNZ7,120L,-11,0.0
295,BNZ7,120L,-12,0.0
295,BNZ7,120L,-13,0.0
295,BNZ7,120L,-14,0.0
295,BNZ7,120L,-15,0.0
295,BNZ7,120L,-16,0.0
295,BNZ7,120L,-17,0.0
295,BNZ7,120L,-18,0.0
295,BNZ7,120L,-19,0.0
295,BNZ7,120L,-20,0.0
295,BNZ7,120L,-21,0.0
295,BNZ7,120L,-22,0.0
295,BNZ7,120L,-23,0.0
295,BNZ7,120L,-24,0.0
295,BNZ7,120L,-25,0.0
295,BNZ7,120L,-26,0.0
295,BNZ7,120L,-27,0.0
295,BNZ7,120L,-28,0.0
295,BNZ7,120L,-29,0.0
296,6I6E,120L,0,47.0
296,6I6E,120L,-1,42.28161640582469
296,6I6E,120L,-2,37.83826315773146
296,6I6E,120L,-3,35.65494186129191
296,6I6E,120L,-4,31.704414915533803
296,6I6E,120L,-5,26.69579590623533
296,6I6E,120L,-6,22.117637275600313
296,6I6E,120L,-7,19.447518654665117
296,6I6E,120L,-8,14.803490200137501
296,6I6E,120L,-9,12.649199987037337
296,6I6E,120L,-10,7.719208953401996
296,6I6E,120L,-11,4.227968631345767
296,6I6E,120L,-12,1.9929430107063888
296,6I6E,120L,-13,0.0
296,6I6E,120L,-14,0.0
296,6I6E,120L,-15,0.0
296,6I6E,120L,-16,0.0
296,6I6E,120L,-17,0.0
296,6I6E,120L,-18,0.0
296,6I6E,120L,-19,0.0
296,6I6E,120L,-20,0.0
296,6I6E,120L,-21,0.0
296,6I6E,120L,-22,0.0
296,6I6E,120L,-23,0.0
296,6I6E,120L,-24,0.0
296,6I6E,120L,-25,0.0
296,6I6E,120L,-26,0.0
296,6I6E,120L,-27,0.0
296,6I6E,120L,-28,0.0
296,6I6E,120L,-29,0.0
297,2KZ2,120L,0,11.0
297,2KZ2,120L,-1,5.105221963261341
297,2KZ2,120L,-2,0.0
297,2KZ2,120L,-3,0.0
297,2KZ2,120L,-4,0.0
297,2KZ2,120L,-5,0.0
297,2KZ2,120L,-6,0.0
297,2KZ2,120L,-7,0.0
297,2KZ2,120L,-8,0.0
297,2KZ2,120L,-9,0.0
297,2KZ2,120L,-10,0.0
297,2KZ2,120L,-11,0.0
297,2KZ2,120L,-12,0.0
297,2KZ2,120L,-13,0.0
297,2KZ2,120L,-14,0.0
297,2KZ2,120L,-15,0.0
297,2KZ2,120L,-16,0.0
297,2KZ2,120L,-17,0.0
297,2KZ2,120L,-18,0.0
297,2KZ2,120L,-19,0.0
297,2KZ2,120L,-20,0.0
297,2KZ2,120L,-21,0.0
297,2KZ2,120L,-22,0.0
297,2KZ2,120L,-23,0.0
297,2KZ2,120L,-24,0.0
297,2KZ2,120L,-25,0.0
297,2KZ2,120L,-26,0.0
297,2KZ2,120L,-27,0.0
297,2KZ2,120L,-28,0.0
297,2KZ2,120L,-29,0.0
298,WIBG,120L,0,68.0
298,WIBG,120L,-1,61.577634423010196
298,WIBG,120L,-2,58.12967156299422
298,WIBG,120L,-3,57.39775699832582
298,WIBG,120L,-4,52.789747501337075
298,WIBG,120L,-5,46.19178372691303
298,WIBG,120L,-6,42.65767535969688
298,WIBG,120L,-7,34.52232617937097
298,WIBG,120L,-8,29.03495516529494
298,WIBG,120L,-9,20.22190065280333
298,WIBG,120L,-10,13.883306582375068
298,WIBG,120L,-11,7.753585519418495
298,WIBG,120L,-12,5.289656715042866
298,WIBG,120L,-13,1.1812669842892936
298,WIBG,120L,-14,0.0
298,WIBG,120L,-15,0.0
298,WIBG,120L,-16,0.0
298,WIBG,120L,-17,0.0
298,WIBG,120L,-18,0.0
298,WIBG,120L,-19,0.0
298,WIBG,120L,-20,0.0
298,WIBG,120L,-21,0.0
298,WIBG,120L,-22,0.0
298,WIBG,120L,-23,0.0
298,WIBG,120L,-24,0.0
298,WIBG,120L,-25,0.0
298,WIBG,120L,-26,0.0
298,WIBG,120L,-27,0.0
298,WIBG,120L,-28,0.0
298,WIBG,120L,-29,0.0
299,XSKK,120L,0,36.0
299,XSKK,120L,-1,31.816311778403506
299,XSKK,120L,-2,31.434837814950626
299,XSKK,120L,-3,27.96047550246905
299,XSKK,120L,-4,21.315338474869176
299,XSKK,120L,-5,15.395536164583735
299,XSKK,120L,-6,11.561699669775319
299,XSKK,120L,-7,6.931953625935899
299,XSKK,120L,-8,0.0
299,XSKK,120L,-9,0.0
299,XSKK,120L,-10,0.0
299,XSKK,120L,-11,0.0
299,XSKK,120L,-12,0.0
299,XSKK,120L,-13,0.0
299,XSKK,120L,-14,0.0
299,XSKK,120L,-15,0.0
299,XSKK,120L,-16,0.0
299,XSKK,120L,-17,0.0
299,XSKK,120L,-18,0.0
299,XSKK,120L,-19,0.0
299,XSKK,120L,-20,0.0
299,XSKK,120L,-21,0.0
299,XSKK,120L,-22,0.0
299,XSKK,120L,-23,0.0
299,XSKK,120L,-24,0.0
299,XSKK,120L,-25,0.0
299,XSKK,120L,-26,0.0
299,XSKK,120L,-27,0.0
299,XSKK,120L,-28,0.0
299,XSKK,120L,-29,0.0
300,4DOY,120L,0,31.0
300,4DOY,120L,-1,27.447986598037446
300,4DOY,120L,-2,22.694274372428552
300,4DOY,120L,-3,16.52270733913107
300,4DOY,120L,-4,13.826126115348776
300,4DOY,120L,-5,9.459925488086688
300,4DOY,120L,-6,6.428149838631066
300,4DOY,120L,-7,1.856551628114436
300,4DOY,120L,-8,0.0
300,4DOY,120L,-9,0.0
300,4DOY,120L,-10,0.0
300,4DOY,120L,-11,0.0
300,4DOY,120L,-12,0.0
300,4DOY,120L,-13,0.0
300,4DOY,120L,-14,0.0
300,4DOY,120L,-15,0.0
300,4DOY,120L,-16,0.0
300,4DOY,120L,-17,0.0
300,4DOY,120L,-18,0.0
300,4DOY,120L,-19,0.0
300,4DOY,120L,-20,0.0
300,4DOY,120L,-21,0.0
300,4DOY,120L,-22,0.0
300,4DOY,120L,-23,0.0
300,4DOY,120L,-24,0.0
300,4DOY,120L,-25,0.0
300,4DOY,120L,-26,0.0
300,4DOY,120L,-27,0.0
300,4DOY,120L,-28,0.0
300,4DOY,120L,-29,0.0
301,F3EENW,120L,0,8.0
301,F3EENW,120L,-1,5.226638656047039
301,F3EENW,120L,-2,0.0
301,F3EENW,120L,-3,0.0
301,F3EENW,120L,-4,0.0
301,F3EENW,120L,-5,0.0
301,F3EENW,120L,-6,0.0
301,F3EENW,120L,-7,0.0
301,F3EENW,120L,-8,0.0
301,F3EENW,120L,-9,0.0
301,F3EENW,120L,-10,0.0
301,F3EENW,120L,-11,0.0
301,F3EENW,120L,-12,0.0
301,F3EENW,120L,-13,0.0
301,F3EENW,120L,-14,0.0
301,F3EENW,120L,-15,0.0
301,F3EENW,120L,-16,0.0
301,F3EENW,120L,-17,0.0
301,F3EENW,120L,-18,0.0
301,F3EENW,120L,-19,0.0
301,F3EENW,120L,-20,0.0
301,F3EENW,120L,-21,0.0
301,F3EENW,120L,-22,0.0
301,F3EENW,120L,-23,0.0
301,F3EENW,120L,-24,0.0
301,F3EENW,120L,-25,0.0
301,F3EENW,120L,-26,0.0
301,F3EENW,120L,-27,0.0
301,F3EENW,120L,-28,0.0
301,F3EENW,120L,-29,0.0
302,6RFTUR,120L,0,98.0
302,6RFTUR,120L,-1,92.34474193560085
302,6RFTUR,120L,-2,89.32043162016399
302,6RFTUR,120L,-3,85.66025168174498
302,6RFTUR,120L,-4,78.48858759158803
302,6RFTUR,120L,-5,75.31966865964172
302,6RFTUR,120L,-6,70.94054568739806
302,6RFTUR,120L,-7,64.45869149220114
302,6RFTUR,120L,-8,60.78328666896774
302,6RFTUR,120L,-9,56.67893668886549
302,6RFTUR,120L,-10,51.837878488793805
302,6RFTUR,120L,-11,48.31313926830043
302,6RFTUR,120L,-12,43.69644917729691
302,6RFTUR,120L,-13,39.80187197960387
302,6RFTUR,120L,-14,35.65555680883827
302,6RFTUR,120L,-15,31.379242577079914
302,6RFTUR,120L,-16,27.38355584243223
302,6RFTUR,120L,-17,23.8247280682628
302,6RFTUR,120L,-18,19.456072026553997
302,6RFTUR,120L,-19,17.5956396897542
302,6RFTUR,120L,-20,11.938766644741973
302,6RFTUR,120L,-21,8.011042603137799
302,6RFTUR,120L,-22,1.7676300788226507
302,6RFTUR,120L,-23,0.0
302,6RFTUR,120L,-24,0.0
302,6RFTUR,120L,-25,0.0
302,6RFTUR,120L,-26,0.0
302,6RFTUR,120L,-27,0.0
302,6RFTUR,120L,-28,0.0
302,6RFTUR,120L,-29,0.0
303,EJ6F,120L,0,18.0
303,EJ6F,120L,-1,14.829619839855614
303,EJ6F,120L,-2,9.114729513559137
303,EJ6F,120L,-3,2.297447887028145
303,EJ6F,120L,-4,0.0
303,EJ6F,120L,-5,0.0
303,EJ6F,120L,-6,0.0
303,EJ6F,120L,-7,0.0
303,EJ6F,120L,-8,0.0
303,EJ6F,120L,-9,0.0
303,EJ6F,120L,-10,0.0
303,EJ6F,120L,-11,0.0
303,EJ6F,120L,-12,0.0
303,EJ6F,120L,-13,0.0
303,EJ6F,120L,-14,0.0
303,EJ6F,120L,-15,0.0
303,EJ6F,120L,-16,0.0
303,EJ6F,120L,-17,0.0
303,EJ6F,120L,-18,0.0
303,EJ6F,120L,-19,0.0
303,EJ6F,120L,-20,0.0
303,EJ6F,120L,-21,0.0
303,EJ6F,120L,-22,0.0
303,EJ6F,120L,-23,0.0
303,EJ6F,120L,-24,0.0
303,EJ6F,120L,-25,0.0
303,EJ6F,120L,-26,0.0
303,EJ6F,120L,-27,0.0
303,EJ6F,120L,-28,0.0
303,EJ6F,120L,-29,0.0
304,DOLS,120L,0,47.0
304,DOLS,120L,-1,41.55639558827121
304,DOLS,120L,-2,38.542529637498596
304,DOLS,120L,-3,36.85175154600638
304,DOLS,120L,-4,31.611535959920793
304,DOLS,120L,-5,29.069678339343135
304,DOLS,120L,-6,22.524714609838618
304,DOLS,120L,-7,19.131710759233442
304,DOLS,120L,-8,15.74249604889136
304,DOLS,120L,-9,9.825233411043886
304,DOLS,120L,-10,5.494827342436879
304,DOLS,120L,-11,1.3317292034289487
304,DOLS,120L,-12,0.0
304,DOLS,120L,-13,0.0
304,DOLS,120L,-14,0.0
304,DOLS,120L,-15,0.0
304,DOLS,120L,-16,0.0
304,DOLS,120L,-17,0.0
304,DOLS,120L,-18,0.0
304,DOLS,120L,-19,0.0
304,DOLS,120L,-20,0.0
304,DOLS,120L,-21,0.0
304,DOLS,120L,-22,0.0
304,DOLS,120L,-23,0.0
304,DOLS,120L,-24,0.0
304,DOLS,120L,-25,0.0
304,DOLS,120L,-26,0.0
304,DOLS,120L,-27,0.0
304,DOLS,120L,-28,0.0
304,DOLS,120L,-29,0.0
305,ENGP,120L,0,79.0
305,ENGP,120L,-1,75.57004596009715
305,ENGP,120L,-2,69.05677585777242
305,ENGP,120L,-3,66.61180025513463
305,ENGP,120L,-4,60.12738263840235
305,ENGP,120L,-5,57.17767846005161
305,ENGP,120L,-6,52.56509453434716
305,ENGP,120L,-7,47.79821367921331
305,ENGP,120L,-8,43.180655368428866
305,ENGP,120L,-9,35.183970598010795
305,ENGP,120L,-10,30.29688955121223
305,ENGP,120L,-11,25.33344516961119
305,ENGP,120L,-12,20.66376375444943
305,ENGP,120L,-13,15.1343801968202
305,ENGP,120L,-14,9.605550977164466
305,ENGP,120L,-15,5.036765019626003
305,ENGP,120L,-16,2.3333439857177263
305,ENGP,120L,-17,0.0
305,ENGP,120L,-18,0.0
305,ENGP,120L,-19,0.0
305,ENGP,120L,-20,0.0
305,ENGP,120L,-21,0.0
305,ENGP,120L,-22,0.0
305,ENGP,120L,-23,0.0
305,ENGP,120L,-24,0.0
305,ENGP,120L,-25,0.0
305,ENGP,120L,-26,0.0
305,ENGP,120L,-27,0.0
305,ENGP,120L,-28,0.0
305,ENGP,120L,-29,0.0
306,YDGZ,120L,0,2.0
306,YDGZ,120L,-1,0.0
306,YDGZ,120L,-2,0.0
306,YDGZ,120L,-3,0.0
306,YDGZ,120L,-4,0.0
306,YDGZ,120L,-5,0.0
306,YDGZ,120L,-6,0.0
306,YDGZ,120L,-7,0.0
306,YDGZ,120L,-8,0.0
306,YDGZ,120L,-9,0.0
306,YDGZ,120L,-10,0.0
306,YDGZ,120L,-11,0.0
306,YDGZ,120L,-12,0.0
306,YDGZ,120L,-13,0.0
306,YDGZ,120L,-14,0.0
306,YDGZ,120L,-15,0.0
306,YDGZ,120L,-16,0.0
306,YDGZ,120L,-17,0.0
306,YDGZ,120L,-18,0.0
306,YDGZ,120L,-19,0.0
306,YDGZ,120L,-20,0.0
306,YDGZ,120L,-21,0.0
306,YDGZ,120L,-22,0.0
306,YDGZ,120L,-23,0.0
306,YDGZ,120L,-24,0.0
306,YDGZ,120L,-25,0.0
306,YDGZ,120L,-26,0.0
306,YDGZ,120L,-27,0.0
306,YDGZ,120L,-28,0.0
306,YDGZ,120L,-29,0.0
307,5BEQ,120L,0,19.0
307,5BEQ,120L,-1,15.304867959837404
307,5BEQ,120L,-2,12.055764964592386
307,5BEQ,120L,-3,6.239033829730741
307,5BEQ,120L,-4,2.137190190435555
307,5BEQ,120L,-5,0.0
307,5BEQ,120L,-6,0.0
307,5BEQ,120L,-7,0.0
307,5BEQ,120L,-8,0.0
307,5BEQ,120L,-9,0.0
307,5BEQ,120L,-10,0.0
307,5BEQ,120L,-11,0.0
307,5BEQ,120L,-12,0.0
307,5BEQ,120L,-13,0.0
307,5BEQ,120L,-14,0.0
307,5BEQ,120L,-15,0.0
307,5BEQ,120L,-16,0.0
307,5BEQ,120L,-17,0.0
307,5BEQ,120L,-18,0.0
307,5BEQ,120L,-19,0.0
307,5BEQ,120L,-20,0.0
307,5BEQ,120L,-21,0.0
307,5BEQ,120L,-22,0.0
307,5BEQ,120L,-23,0.0
307,5BEQ,120L,-24,0.0
307,5BEQ,120L,-25,0.0
307,5BEQ,120L,-26,0.0
307,5BEQ,120L,-27,0.0
307,5BEQ,120L,-28,0.0
307,5BEQ,120L,-29,0.0
308,NCTD,120L,0,23.0
308,NCTD,120L,-1,20.214362333441258
308,NCTD,120L,-2,14.887331913879786
308,NCTD,120L,-3,10.071677604959506
308,NCTD,120L,-4,8.159722373380271
308,NCTD,120L,-5,0.6053110479876525
308,NCTD,120L,-6,0.0
308,NCTD,120L,-7,0.0
308,NCTD,120L,-8,0.0
308,NCTD,120L,-9,0.0
308,NCTD,120L,-10,0.0
308,NCTD,120L,-11,0.0
308,NCTD,120L,-12,0.0
308,NCTD,120L,-13,0.0
308,NCTD,120L,-14,0.0
308,NCTD,120L,-15,0.0
308,NCTD,120L,-16,0.0
308,NCTD,120L,-17,0.0
308,NCTD,120L,-18,0.0
308,NCTD,120L,-19,0.0
308,NCTD,120L,-20,0.0
308,NCTD,120L,-21,0.0
308,NCTD,120L,-22,0.0
308,NCTD,120L,-23,0.0
308,NCTD,120L,-24,0.0
308,NCTD,120L,-25,0.0
308,NCTD,120L,-26,0.0
308,NCTD,120L,-27,0.0
308,NCTD,120L,-28,0.0
308,NCTD,120L,-29,0.0
309,YIHVO4,120L,0,53.0
309,YIHVO4,120L,-1,46.23814072941919
309,YIHVO4,120L,-2,39.23373323357986
309,YIHVO4,120L,-3,31.279790879868266
309,YIHVO4,120L,-4,27.65826112851632
309,YIHVO4,120L,-5,23.18089037390988
309,YIHVO4,120L,-6,17.388535901167998
309,YIHVO4,120L,-7,8.217000839143768
309,YIHVO4,120L,-8,1.0682583783180641
309,YIHVO4,120L,-9,0.0
309,YIHVO4,120L,-10,0.0
309,YIHVO4,120L,-11,0.0
309,YIHVO4,120L,-12,0.0
309,YIHVO4,120L,-13,0.0
309,YIHVO4,120L,-14,0.0
309,YIHVO4,120L,-15,0.0
309,YIHVO4,120L,-16,0.0
309,YIHVO4,120L,-17,0.0
309,YIHVO4,120L,-18,0.0
309,YIHVO4,120L,-19,0.0
309,YIHVO4,120L,-20,0.0
309,YIHVO4,120L,-21,0.0
309,YIHVO4,120L,-22,0.0
309,YIHVO4,120L,-23,0.0
309,YIHVO4,120L,-24,0.0
309,YIHVO4,120L,-25,0.0
309,YIHVO4,120L,-26,0.0
309,YIHVO4,120L,-27,0.0
309,YIHVO4,120L,-28,0.0
309,YIHVO4,120L,-29,0.0
310,VZ4J,120L,0,32.0
310,VZ4J,120L,-1,29.160685109437026
310,VZ4J,120L,-2,26.511037887362043
310,VZ4J,120L,-3,22.938859308186846
310,VZ4J,120L,-4,18.062278404165585
310,VZ4J,120L,-5,13.955572317928933
310,VZ4J,120L,-6,9.587624563630165
310,VZ4J,120L,-7,4.175563564367474
310,VZ4J,120L,-8,0.0
310,VZ4J,120L,-9,0.0
310,VZ4J,120L,-10,0.0
310,VZ4J,120L,-11,0.0
310,VZ4J,120L,-12,0.0
310,VZ4J,120L,-13,0.0
310,VZ4J,120L,-14,0.0
310,VZ4J,120L,-15,0.0
310,VZ4J,120L,-16,0.0
310,VZ4J,120L,-17,0.0
310,VZ4J,120L,-18,0.0
310,VZ4J,120L,-19,0.0
310,VZ4J,120L,-20,0.0
310,VZ4J,120L,-21,0.0
310,VZ4J,120L,-22,0.0
310,VZ4J,120L,-23,0.0
310,VZ4J,120L,-24,0.0
310,VZ4J,120L,-25,0.0
310,VZ4J,120L,-26,0.0
310,VZ4J,120L,-27,0.0
310,VZ4J,120L,-28,0.0
310,VZ4J,120L,-29,0.0
311,2BSY,120L,0,23.0
311,2BSY,120L,-1,19.766383084791023
311,2BSY,120L,-2,14.570446279178528
311,2BSY,120L,-3,11.624925534017393
311,2BSY,120L,-4,8.287910893877475
311,2BSY,120L,-5,2.0030164954206513
311,2BSY,120L,-6,0.0
311,2BSY,120L,-7,0.0
311,2BSY,120L,-8,0.0
311,2BSY,120L,-9,0.0
311,2BSY,120L,-10,0.0
311,2BSY,120L,-11,0.0
311,2BSY,120L,-12,0.0
311,2BSY,120L,-13,0.0
311,2BSY,120L,-14,0.0
311,2BSY,120L,-15,0.0
311,2BSY,120L,-16,0.0
311,2BSY,120L,-17,0.0
311,2BSY,120L,-18,0.0
311,2BSY,120L,-19,0.0
311,2BSY,120L,-20,0.0
311,2BSY,120L,-21,0.0
311,2BSY,120L,-22,0.0
311,2BSY,120L,-23,0.0
311,2BSY,120L,-24,0.0
311,2BSY,120L,-25,0.0
311,2BSY,120L,-26,0.0
311,2BSY,120L,-27,0.0
311,2BSY,120L,-28,0.0
311,2BSY,120L,-29,0.0
312,WCGB,120L,0,74.0
312,WCGB,120L,-1,69.25836627577675
312,WCGB,120L,-2,62.31607931027445
312,WCGB,120L,-3,57.75104075718126
312,WCGB,120L,-4,47.01787681249897
312,WCGB,120L,-5,40.869516183531594
312,WCGB,120L,-6,40.1230827676401
312,WCGB,120L,-7,35.642470337875395
312,WCGB,120L,-8,31.54399443004255
312,WCGB,120L,-9,28.673280473455456
312,WCGB,120L,-10,24.496982420398652
312,WCGB,120L,-11,18.48605670958859
312,WCGB,120L,-12,13.433639623849396
312,WCGB,120L,-13,9.99966772238851
312,WCGB,120L,-14,4.139665546466074
312,WCGB,120L,-15,2.335606488095997
312,WCGB,120L,-16,0.0
312,WCGB,120L,-17,0.0
312,WCGB,120L,-18,0.0
312,WCGB,120L,-19,0.0
312,WCGB,120L,-20,0.0
312,WCGB,120L,-21,0.0
312,WCGB,120L,-22,0.0
312,WCGB,120L,-23,0.0
312,WCGB,120L,-24,0.0
312,WCGB,120L,-25,0.0
312,WCGB,120L,-26,0.0
312,WCGB,120L,-27,0.0
312,WCGB,120L,-28,0.0
312,WCGB,120L,-29,0.0
313,ZYCY,120L,0,71.0
313,ZYCY,120L,-1,62.67066993460506
313,ZYCY,120L,-2,60.73903667612331
313,ZYCY,120L,-3,61.63524621370898
313,ZYCY,120L,-4,53.16919801239497
313,ZYCY,120L,-5,48.136832121638875
313,ZYCY,120L,-6,40.42270671295697
313,ZYCY,120L,-7,34.22198700511477
313,ZYCY,120L,-8,29.60857833814594
313,ZYCY,120L,-9,26.062575574897046
313,ZYCY,120L,-10,22.160079459393497
313,ZYCY,120L,-11,16.719393371521893
313,ZYCY,120L,-12,13.650893271486423
313,ZYCY,120L,-13,4.211165741995765
313,ZYCY,120L,-14,0.0
313,ZYCY,120L,-15,0.0
313,ZYCY,120L,-16,0.0
313,ZYCY,120L,-17,0.0
313,ZYCY,120L,-18,0.0
313,ZYCY,120L,-19,0.0
313,ZYCY,120L,-20,0.0
313,ZYCY,120L,-21,0.0
313,ZYCY,120L,-22,0.0
313,ZYCY,120L,-23,0.0
313,ZYCY,120L,-24,0.0
313,ZYCY,120L,-25,0.0
313,ZYCY,120L,-26,0.0
313,ZYCY,120L,-27,0.0
313,ZYCY,120L,-28,0.0
313,ZYCY,120L,-29,0.0
314,CSJJ,120L,0,35.0
314,CSJJ,120L,-1,30.491615614011533
314,CSJJ,120L,-2,24.21969071540209
314,CSJJ,120L,-3,15.894922794173308
314,CSJJ,120L,-4,11.428085269715877
314,CSJJ,120L,-5,7.313387936691743
314,CSJJ,120L,-6,0.0
314,CSJJ,120L,-7,0.0
314,CSJJ,120L,-8,0.0
314,CSJJ,120L,-9,0.0
314,CSJJ,120L,-10,0.0
314,CSJJ,120L,-11,0.0
314,CSJJ,120L,-12,0.0
314,CSJJ,120L,-13,0.0
314,CSJJ,120L,-14,0.0
314,CSJJ,120L,-15,0.0
314,CSJJ,120L,-16,0.0
314,CSJJ,120L,-17,0.0
314,CSJJ,120L,-18,0.0
314,CSJJ,120L,-19,0.0
314,CSJJ,120L,-20,0.0
314,CSJJ,120L,-21,0.0
314,CSJJ,120L,-22,0.0
314,CSJJ,120L,-23,0.0
314,CSJJ,120L,-24,0.0
314,CSJJ,120L,-25,0.0
314,CSJJ,120L,-26,0.0
314,CSJJ,120L,-27,0.0
314,CSJJ,120L,-28,0.0
314,CSJJ,120L,-29,0.0
315,ZU3B,120L,0,37.0
315,ZU3B,120L,-1,31.39741793714106
315,ZU3B,120L,-2,26.501427279530585
315,ZU3B,120L,-3,20.044374356440468
315,ZU3B,120L,-4,17.84208801309492
315,ZU3B,120L,-5,14.275472052189855
315,ZU3B,120L,-6,9.35737514590416
315,ZU3B,120L,-7,0.9668381110385091
315,ZU3B,120L,-8,0.0
315,ZU3B,120L,-9,0.0
315,ZU3B,120L,-10,0.0
315,ZU3B,120L,-11,0.0
315,ZU3B,120L,-12,0.0
315,ZU3B,120L,-13,0.0
315,ZU3B,120L,-14,0.0
315,ZU3B,120L,-15,0.0
315,ZU3B,120L,-16,0.0
315,ZU3B,120L,-17,0.0
315,ZU3B,120L,-18,0.0
315,ZU3B,120L,-19,0.0
315,ZU3B,120L,-20,0.0
315,ZU3B,120L,-21,0.0
315,ZU3B,120L,-22,0.0
315,ZU3B,120L,-23,0.0
315,ZU3B,120L,-24,0.0
315,ZU3B,120L,-25,0.0
315,ZU3B,120L,-26,0.0
315,ZU3B,120L,-27,0.0
315,ZU3B,120L,-28,0.0
315,ZU3B,120L,-29,0.0
316,OCKI,120L,0,83.0
316,OCKI,120L,-1,77.69215938736232
316,OCKI,120L,-2,73.22202325308297
316,OCKI,120L,-3,66.24770495959419
316,OCKI,120L,-4,61.27547830827417
316,OCKI,120L,-5,58.605614776971755
316,OCKI,120L,-6,54.41930894705087
316,OCKI,120L,-7,52.68338773161901
316,OCKI,120L,-8,49.26241506910305
316,OCKI,120L,-9,45.71560225103656
316,OCKI,120L,-10,40.551066660607354
316,OCKI,120L,-11,33.94428936951298
316,OCKI,120L,-12,33.49244908919046
316,OCKI,120L,-13,28.35895910560417
316,OCKI,120L,-14,22.9621598441955
316,OCKI,120L,-15,18.574189884700417
316,OCKI,120L,-16,17.47937778232599
316,OCKI,120L,-17,10.095429702158468
316,OCKI,120L,-18,7.292310528834847
316,OCKI,120L,-19,1.1875464926768036
316,OCKI,120L,-20,0.0
316,OCKI,120L,-21,0.0
316,OCKI,120L,-22,0.0
316,OCKI,120L,-23,0.0
316,OCKI,120L,-24,0.0
316,OCKI,120L,-25,0.0
316,OCKI,120L,-26,0.0
316,OCKI,120L,-27,0.0
316,OCKI,120L,-28,0.0
316,OCKI,120L,-29,0.0
317,2BCN5D,120L,0,98.0
317,2BCN5D,120L,-1,93.24454619087733
317,2BCN5D,120L,-2,87.85247572282408
317,2BCN5D,120L,-3,85.37523276247354
317,2BCN5D,120L,-4,80.06368502821864
317,2BCN5D,120L,-5,76.60704367568812
317,2BCN5D,120L,-6,72.23909606603105
317,2BCN5D,120L,-7,68.24968563528314
317,2BCN5D,120L,-8,66.572639833004
317,2BCN5D,120L,-9,61.59078533182709
317,2BCN5D,120L,-10,54.071460491036376
317,2BCN5D,120L,-11,49.59231317421926
317,2BCN5D,120L,-12,44.50252597717507
317,2BCN5D,120L,-13,38.412901616947146
317,2BCN5D,120L,-14,35.01633129663934
317,2BCN5D,120L,-15,29.33486016872818
317,2BCN5D,120L,-16,26.208196466156938
317,2BCN5D,120L,-17,23.166047780349672
317,2BCN5D,120L,-18,20.644413300865345
317,2BCN5D,120L,-19,16.993754793975146
317,2BCN5D,120L,-20,11.82772565044121
317,2BCN5D,120L,-21,7.616700618467911
317,2BCN5D,120L,-22,1.4437412741426234
317,2BCN5D,120L,-23,0.0
317,2BCN5D,120L,-24,0.0
317,2BCN5D,120L,-25,0.0
317,2BCN5D,120L,-26,0.0
317,2BCN5D,120L,-27,0.0
317,2BCN5D,120L,-28,0.0
317,2BCN5D,120L,-29,0.0
318,PJW7,120L,0,88.0
318,PJW7,120L,-1,83.91185781516309
318,PJW7,120L,-2,76.66533417048146
318,PJW7,120L,-3,73.04727479511523
318,PJW7,120L,-4,68.59306339066707
318,PJW7,120L,-5,64.8309576056286
318,PJW7,120L,-6,58.72722277329887
318,PJW7,120L,-7,52.24649483830448
318,PJW7,120L,-8,48.01573243812857
318,PJW7,120L,-9,43.44030272176872
318,PJW7,120L,-10,41.18524645609132
318,PJW7,120L,-11,37.43551224811856
318,PJW7,120L,-12,31.74435871174749
318,PJW7,120L,-13,27.657564822965085
318,PJW7,120L,-14,21.41915232666001
318,PJW7,120L,-15,14.556527037473296
318,PJW7,120L,-16,11.366321951895909
318,PJW7,120L,-17,5.546608481394641
318,PJW7,120L,-18,1.2601314174390064
318,PJW7,120L,-19,0.2640504836840889
318,PJW7,120L,-20,0.0
318,PJW7,120L,-21,0.0
318,PJW7,120L,-22,0.0
318,PJW7,120L,-23,0.0
318,PJW7,120L,-24,0.0
318,PJW7,120L,-25,0.0
318,PJW7,120L,-26,0.0
318,PJW7,120L,-27,0.0
318,PJW7,120L,-28,0.0
318,PJW7,120L,-29,0.0
319,J2FI,120L,0,98.0
319,J2FI,120L,-1,94.80097048015634
319,J2FI,120L,-2,90.30779072011856
319,J2FI,120L,-3,86.26486459476736
319,J2FI,120L,-4,79.53152715610695
319,J2FI,120L,-5,75.24527185025927
319,J2FI,120L,-6,71.10648599111637
319,J2FI,120L,-7,67.73491914549875
319,J2FI,120L,-8,61.893420835150046
319,J2FI,120L,-9,56.64150233698066
319,J2FI,120L,-10,50.85547902942072
319,J2FI,120L,-11,44.89949136386612
319,J2FI,120L,-12,39.660741775443796
319,J2FI,120L,-13,33.94114035205465
319,J2FI,120L,-14,31.323158594682823
319,J2FI,120L,-15,25.464611425307698
319,J2FI,120L,-16,23.276119593293824
319,J2FI,120L,-17,20.340105708664396
319,J2FI,120L,-18,15.0381526306847
319,J2FI,120L,-19,7.936120069600156
319,J2FI,120L,-20,2.210951517923672
319,J2FI,120L,-21,1.167040794659476
319,J2FI,120L,-22,0.0
319,J2FI,120L,-23,0.0
319,J2FI,120L,-24,0.0
319,J2FI,120L,-25,0.0
319,J2FI,120L,-26,0.0
319,J2FI,120L,-27,0.0
319,J2FI,120L,-28,0.0
319,J2FI,120L,-29,0.0
320,6GHW,120L,0,24.0
320,6GHW,120L,-1,21.49038588786745
320,6GHW,120L,-2,18.483051410055154
320,6GHW,120L,-3,15.697565167899214
320,6GHW,120L,-4,8.339300508341369
320,6GHW,120L,-5,1.6650426011048323
320,6GHW,120L,-6,0.0
320,6GHW,120L,-7,0.0
320,6GHW,120L,-8,0.0
320,6GHW,120L,-9,0.0
320,6GHW,120L,-10,0.0
320,6GHW,120L,-11,0.0
320,6GHW,120L,-12,0.0
320,6GHW,120L,-13,0.0
320,6GHW,120L,-14,0.0
320,6GHW,120L,-15,0.0
320,6GHW,120L,-16,0.0
320,6GHW,120L,-17,0.0
320,6GHW,120L,-18,0.0
320,6GHW,120L,-19,0.0
320,6GHW,120L,-20,0.0
320,6GHW,120L,-21,0.0
320,6GHW,120L,-22,0.0
320,6GHW,120L,-23,0.0
320,6GHW,120L,-24,0.0
320,6GHW,120L,-25,0.0
320,6GHW,120L,-26,0.0
320,6GHW,120L,-27,0.0
320,6GHW,120L,-28,0.0
320,6GHW,120L,-29,0.0
321,KFY4DZ,120L,0,92.0
321,KFY4DZ,120L,-1,90.4950065962699
321,KFY4DZ,120L,-2,84.8628700240422
321,KFY4DZ,120L,-3,80.70841956486649
321,KFY4DZ,120L,-4,73.44855622407681
321,KFY4DZ,120L,-5,68.80708823677438
321,KFY4DZ,120L,-6,63.20938381897035
321,KFY4DZ,120L,-7,62.87498361713037
321,KFY4DZ,120L,-8,58.62316891886688
321,KFY4DZ,120L,-9,56.30347362413379
321,KFY4DZ,120L,-10,52.94814850437939
321,KFY4DZ,120L,-11,48.25967500553201
321,KFY4DZ,120L,-12,45.201725011229726
321,KFY4DZ,120L,-13,36.04158056695006
321,KFY4DZ,120L,-14,29.522401716186444
321,KFY4DZ,120L,-15,25.326735784928495
321,KFY4DZ,120L,-16,17.52756785332945
321,KFY4DZ,120L,-17,14.616263987351925
321,KFY4DZ,120L,-18,10.667919475117952
321,KFY4DZ,120L,-19,2.0606079268830735
321,KFY4DZ,120L,-20,0.0
321,KFY4DZ,120L,-21,0.0
321,KFY4DZ,120L,-22,0.0
321,KFY4DZ,120L,-23,0.0
321,KFY4DZ,120L,-24,0.0
321,KFY4DZ,120L,-25,1.261965005561767
321,KFY4DZ,120L,-26,0.0
321,KFY4DZ,120L,-27,0.0
321,KFY4DZ,120L,-28,0.0
321,KFY4DZ,120L,-29,0.0
322,LCPJ6E,120L,0,17.0
322,LCPJ6E,120L,-1,14.33445979607311
322,LCPJ6E,120L,-2,11.114528905783413
322,LCPJ6E,120L,-3,7.545881882818158
322,LCPJ6E,120L,-4,3.8990896717449726
322,LCPJ6E,120L,-5,0.0
322,LCPJ6E,120L,-6,0.0
322,LCPJ6E,120L,-7,0.0
322,LCPJ6E,120L,-8,0.0
322,LCPJ6E,120L,-9,0.0
322,LCPJ6E,120L,-10,0.0
322,LCPJ6E,120L,-11,0.0
322,LCPJ6E,120L,-12,0.0
322,LCPJ6E,120L,-13,0.0
322,LCPJ6E,120L,-14,0.0
322,LCPJ6E,120L,-15,0.0
322,LCPJ6E,120L,-16,0.0
322,LCPJ6E,120L,-17,0.0
322,LCPJ6E,120L,-18,0.0
322,LCPJ6E,120L,-19,0.0
322,LCPJ6E,120L,-20,0.0
322,LCPJ6E,120L,-21,0.0
322,LCPJ6E,120L,-22,0.0
322,LCPJ6E,120L,-23,0.0
322,LCPJ6E,120L,-24,0.0
322,LCPJ6E,120L,-25,0.0
322,LCPJ6E,120L,-26,0.0
322,LCPJ6E,120L,-27,0.0
322,LCPJ6E,120L,-28,0.0
322,LCPJ6E,120L,-29,0.0
323,GJZX,120L,0,81.0
323,GJZX,120L,-1,77.17690853063662
323,GJZX,120L,-2,69.66295390643427
323,GJZX,120L,-3,64.99850421147575
323,GJZX,120L,-4,58.15809315002329
323,GJZX,120L,-5,53.49779979349695
323,GJZX,120L,-6,47.30730915820903
323,GJZX,120L,-7,41.47299372187582
323,GJZX,120L,-8,35.00589045655416
323,GJZX,120L,-9,29.192838318542147
323,GJZX,120L,-10,25.706236771457995
323,GJZX,120L,-11,17.395317441000426
323,GJZX,120L,-12,12.761495854066984
323,GJZX,120L,-13,4.455138948550575
323,GJZX,120L,-14,1.4097068551421692
323,GJZX,120L,-15,0.0
323,GJZX,120L,-16,0.0
323,GJZX,120L,-17,0.0
323,GJZX,120L,-18,0.0
323,GJZX,120L,-19,0.0
323,GJZX,120L,-20,0.0
323,GJZX,120L,-21,0.0
323,GJZX,120L,-22,0.0
323,GJZX,120L,-23,0.0
323,GJZX,120L,-24,0.0
323,GJZX,120L,-25,0.0
323,GJZX,120L,-26,0.0
323,GJZX,120L,-27,0.0
323,GJZX,120L,-28,0.0
323,GJZX,120L,-29,0.0
324,LZCS,120L,0,65.0
324,LZCS,120L,-1,59.753500107384625
324,LZCS,120L,-2,55.88768130962619
324,LZCS,120L,-3,51.949643917282174
324,LZCS,120L,-4,45.41569660206465
324,LZCS,120L,-5,44.525572271375296
324,LZCS,120L,-6,41.24076408717245
324,LZCS,120L,-7,35.12105762736548
324,LZCS,120L,-8,30.311650459267828
324,LZCS,120L,-9,26.844794715243857
324,LZCS,120L,-10,20.476332328969217
324,LZCS,120L,-11,14.646834541317109
324,LZCS,120L,-12,12.135921623952514
324,LZCS,120L,-13,8.647736975370856
324,LZCS,120L,-14,0.6846472014797573
324,LZCS,120L,-15,0.0
324,LZCS,120L,-16,0.0
324,LZCS,120L,-17,0.0
324,LZCS,120L,-18,1.433350972915155
324,LZCS,120L,-19,0.0
324,LZCS,120L,-20,0.0
324,LZCS,120L,-21,0.0
324,LZCS,120L,-22,0.0
324,LZCS,120L,-23,0.0
324,LZCS,120L,-24,0.0
324,LZCS,120L,-25,0.0
324,LZCS,120L,-26,0.0
324,LZCS,120L,-27,0.0
324,LZCS,120L,-28,0.0
324,LZCS,120L,-29,0.0
325,JPRILB,120L,0,53.0
325,JPRILB,120L,-1,46.27275428985535
325,JPRILB,120L,-2,38.60175198095439
325,JPRILB,120L,-3,34.943845229288534
325,JPRILB,120L,-4,31.307024102950667
325,JPRILB,120L,-5,25.152855402392763
325,JPRILB,120L,-6,22.73711096903687
325,JPRILB,120L,-7,17.393732235375264
325,JPRILB,120L,-8,13.02161093542053
325,JPRILB,120L,-9,6.576665925499437
325,JPRILB,120L,-10,0.0
325,JPRILB,120L,-11,0.0
325,JPRILB,120L,-12,0.0
325,JPRILB,120L,-13,0.0
325,JPRILB,120L,-14,0.0
325,JPRILB,120L,-15,0.0
325,JPRILB,120L,-16,0.0
325,JPRILB,120L,-17,0.0
325,JPRILB,120L,-18,0.0
325,JPRILB,120L,-19,0.0
325,JPRILB,120L,-20,0.0
325,JPRILB,120L,-21,0.0
325,JPRILB,120L,-22,0.0
325,JPRILB,120L,-23,0.0
325,JPRILB,120L,-24,0.0
325,JPRILB,120L,-25,0.0
325,JPRILB,120L,-26,0.0
325,JPRILB,120L,-27,0.0
325,JPRILB,120L,-28,0.0
325,JPRILB,120L,-29,0.0
326,N4WDNF,120L,0,34.0
326,N4WDNF,120L,-1,30.34562972023089
326,N4WDNF,120L,-2,29.103642753167595
326,N4WDNF,120L,-3,23.799502155467454
326,N4WDNF,120L,-4,17.530408209051394
326,N4WDNF,120L,-5,15.464833878232952
326,N4WDNF,120L,-6,10.66210778360581
326,N4WDNF,120L,-7,4.985379532373351
326,N4WDNF,120L,-8,0.0
326,N4WDNF,120L,-9,0.0
326,N4WDNF,120L,-10,0.0
326,N4WDNF,120L,-11,0.0
326,N4WDNF,120L,-12,0.0
326,N4WDNF,120L,-13,0.0
326,N4WDNF,120L,-14,0.0
326,N4WDNF,120L,-15,0.0
326,N4WDNF,120L,-16,0.0
326,N4WDNF,120L,-17,0.0
326,N4WDNF,120L,-18,0.0
326,N4WDNF,120L,-19,0.0
326,N4WDNF,120L,-20,0.0
326,N4WDNF,120L,-21,0.0
326,N4WDNF,120L,-22,0.0
326,N4WDNF,120L,-23,0.0
326,N4WDNF,120L,-24,0.0
326,N4WDNF,120L,-25,0.0
326,N4WDNF,120L,-26,0.0
326,N4WDNF,120L,-27,0.0
326,N4WDNF,120L,-28,0.0
326,N4WDNF,120L,-29,0.0
327,Z7IT,120L,0,79.0
327,Z7IT,120L,-1,75.67821283025401
327,Z7IT,120L,-2,70.23856618352511
327,Z7IT,120L,-3,66.578447994365
327,Z7IT,120L,-4,63.934109399478736
327,Z7IT,120L,-5,61.91093535727353
327,Z7IT,120L,-6,56.5296973563517
327,Z7IT,120L,-7,52.444356015800544
327,Z7IT,120L,-8,48.28989084925017
327,Z7IT,120L,-9,46.337507950941585
327,Z7IT,120L,-10,40.38393738724199
327,Z7IT,120L,-11,36.6853626174728
327,Z7IT,120L,-12,32.39768356733584
327,Z7IT,120L,-13,27.719467621870212
327,Z7IT,120L,-14,23.832266114505067
327,Z7IT,120L,-15,19.42469189717757
327,Z7IT,120L,-16,13.975038179876307
327,Z7IT,120L,-17,10.673643397109588
327,Z7IT,120L,-18,5.5872777105672995
327,Z7IT,120L,-19,2.494453260932569
327,Z7IT,120L,-20,0.5131951221111448
327,Z7IT,120L,-21,0.0
327,Z7IT,120L,-22,0.0
327,Z7IT,120L,-23,0.0
327,Z7IT,120L,-24,0.0
327,Z7IT,120L,-25,0.0
327,Z7IT,120L,-26,0.0
327,Z7IT,120L,-27,0.0
327,Z7IT,120L,-28,0.0
327,Z7IT,120L,-29,0.0
328,QFFS,120L,0,60.0
328,QFFS,120L,-1,54.31370657407825
328,QFFS,120L,-2,47.662070019183716
328,QFFS,120L,-3,42.67237474974354
328,QFFS,120L,-4,38.219463289199304
328,QFFS,120L,-5,36.93398578696214
328,QFFS,120L,-6,30.74297244571081
328,QFFS,120L,-7,24.52770472718519
328,QFFS,120L,-8,16.073374866977375
328,QFFS,120L,-9,12.368558523003083
328,QFFS,120L,-10,8.725136980763143
328,QFFS,120L,-11,2.378400148079521
328,QFFS,120L,-12,0.0
328,QFFS,120L,-13,0.0
328,QFFS,120L,-14,0.0
328,QFFS,120L,-15,0.0
328,QFFS,120L,-16,0.0
328,QFFS,120L,-17,0.0
328,QFFS,120L,-18,0.0
328,QFFS,120L,-19,0.0
328,QFFS,120L,-20,0.0
328,QFFS,120L,-21,0.0
328,QFFS,120L,-22,0.0
328,QFFS,120L,-23,0.0
328,QFFS,120L,-24,0.0
328,QFFS,120L,-25,0.0
328,QFFS,120L,-26,0.0
328,QFFS,120L,-27,0.0
328,QFFS,120L,-28,0.0
328,QFFS,120L,-29,0.0
329,FECC,120L,0,40.0
329,FECC,120L,-1,35.63026476905248
329,FECC,120L,-2,32.75781960076613
329,FECC,120L,-3,24.25413755421063
329,FECC,120L,-4,17.53538928586415
329,FECC,120L,-5,15.137070248285792
329,FECC,120L,-6,10.65473179981238
329,FECC,120L,-7,6.0501409933753925
329,FECC,120L,-8,0.0
329,FECC,120L,-9,0.0
329,FECC,120L,-10,0.0
329,FECC,120L,-11,0.0
329,FECC,120L,-12,0.0
329,FECC,120L,-13,0.0
329,FECC,120L,-14,0.0
329,FECC,120L,-15,0.0
329,FECC,120L,-16,0.0
329,FECC,120L,-17,0.0
329,FECC,120L,-18,0.0
329,FECC,120L,-19,0.0
329,FECC,120L,-20,0.0
329,FECC,120L,-21,0.0
329,FECC,120L,-22,0.0
329,FECC,120L,-23,0.0
329,FECC,120L,-24,0.0
329,FECC,120L,-25,0.0
329,FECC,120L,-26,0.0
329,FECC,120L,-27,0.0
329,FECC,120L,-28,0.0
329,FECC,120L,-29,0.0
330,F3G5,120L,0,99.0
330,F3G5,120L,-1,92.3666854815108
330,F3G5,120L,-2,85.73733007623163
330,F3G5,120L,-3,81.28188592196513
330,F3G5,120L,-4,79.31665742946936
330,F3G5,120L,-5,73.62059321762334
330,F3G5,120L,-6,70.27180585224505
330,F3G5,120L,-7,66.18647600630949
330,F3G5,120L,-8,63.15776056705605
330,F3G5,120L,-9,59.917850696215275
330,F3G5,120L,-10,52.933141441773294
330,F3G5,120L,-11,49.687977606173
330,F3G5,120L,-12,49.02686987562934
330,F3G5,120L,-13,44.59336575352752
330,F3G5,120L,-14,42.461992602618736
330,F3G5,120L,-15,37.90652724083717
330,F3G5,120L,-16,34.97214777347804
330,F3G5,120L,-17,31.121670814842684
330,F3G5,120L,-18,24.20775259710971
330,F3G5,120L,-19,19.694498281534052
330,F3G5,120L,-20,15.065273080774473
330,F3G5,120L,-21,10.181812251317602
330,F3G5,120L,-22,3.714378187799481
330,F3G5,120L,-23,0.0
330,F3G5,120L,-24,0.0
330,F3G5,120L,-25,0.0
330,F3G5,120L,-26,0.0
330,F3G5,120L,-27,0.0
330,F3G5,120L,-28,0.0
330,F3G5,120L,-29,0.0
331,K6LO3M,240L,0,32.0
331,K6LO3M,240L,-1,26.07007065570032
331,K6LO3M,240L,-2,22.23478135899095
331,K6LO3M,240L,-3,15.514372707274443
331,K6LO3M,240L,-4,9.438444498775656
331,K6LO3M,240L,-5,1.2285314431452636
331,K6LO3M,240L,-6,0.0
331,K6LO3M,240L,-7,0.0
331,K6LO3M,240L,-8,0.0
331,K6LO3M,240L,-9,0.0
331,K6LO3M,240L,-10,0.0
331,K6LO3M,240L,-11,0.0
331,K6LO3M,240L,-12,0.0
331,K6LO3M,240L,-13,0.0
331,K6LO3M,240L,-14,0.0
331,K6LO3M,240L,-15,0.0
331,K6LO3M,240L,-16,0.0
331,K6LO3M,240L,-17,0.0
331,K6LO3M,240L,-18,0.0
331,K6LO3M,240L,-19,0.0
331,K6LO3M,240L,-20,0.0
331,K6LO3M,240L,-21,0.0
331,K6LO3M,240L,-22,0.0
331,K6LO3M,240L,-23,0.0
331,K6LO3M,240L,-24,0.0
331,K6LO3M,240L,-25,0.0
331,K6LO3M,240L,-26,0.0
331,K6LO3M,240L,-27,0.0
331,K6LO3M,240L,-28,0.0
331,K6LO3M,240L,-29,0.0
332,FJIP,120L,0,67.0
332,FJIP,120L,-1,61.50542138844457
332,FJIP,120L,-2,56.90824184434284
332,FJIP,120L,-3,49.50154491299027
332,FJIP,120L,-4,45.85770023810809
332,FJIP,120L,-5,39.67947633147614
332,FJIP,120L,-6,36.28782759646746
332,FJIP,120L,-7,30.017755047401423
332,FJIP,120L,-8,25.27028588871968
332,FJIP,120L,-9,18.152579830939384
332,FJIP,120L,-10,13.563015366158895
332,FJIP,120L,-11,5.988112233845785
332,FJIP,120L,-12,0.0
332,FJIP,120L,-13,0.0
332,FJIP,120L,-14,0.0
332,FJIP,120L,-15,0.0
332,FJIP,120L,-16,0.0
332,FJIP,120L,-17,0.0
332,FJIP,120L,-18,0.0
332,FJIP,120L,-19,0.0
332,FJIP,120L,-20,0.0
332,FJIP,120L,-21,0.0
332,FJIP,120L,-22,0.0
332,FJIP,120L,-23,0.0
332,FJIP,120L,-24,0.0
332,FJIP,120L,-25,0.0
332,FJIP,120L,-26,0.0
332,FJIP,120L,-27,0.0
332,FJIP,120L,-28,0.0
332,FJIP,120L,-29,0.0
333,755E,120L,0,32.0
333,755E,120L,-1,30.1069332647195
333,755E,120L,-2,27.69036357449405
333,755E,120L,-3,21.99317183032435
333,755E,120L,-4,21.367895707661436
333,755E,120L,-5,16.69552333939379
333,755E,120L,-6,11.150055829197282
333,755E,120L,-7,10.41799149519128
333,755E,120L,-8,8.664488135799038
333,755E,120L,-9,4.665084922631596
333,755E,120L,-10,1.987930923613758
333,755E,120L,-11,0.0
333,755E,120L,-12,0.0
333,755E,120L,-13,0.0
333,755E,120L,-14,0.0
333,755E,120L,-15,0.0
333,755E,120L,-16,0.0
333,755E,120L,-17,0.0
333,755E,120L,-18,0.0
333,755E,120L,-19,0.0
333,755E,120L,-20,0.0
333,755E,120L,-21,0.0
333,755E,120L,-22,0.0
333,755E,120L,-23,0.0
333,755E,120L,-24,0.0
333,755E,120L,-25,0.0
333,755E,120L,-26,0.0
333,755E,120L,-27,0.0
333,755E,120L,-28,0.0
333,755E,120L,-29,0.0
334,3FHA,120L,0,13.0
334,3FHA,120L,-1,8.208614932824545
334,3FHA,120L,-2,6.483503613914684
334,3FHA,120L,-3,3.267139858283487
334,3FHA,120L,-4,0.9421159236613637
334,3FHA,120L,-5,0.0
334,3FHA,120L,-6,0.0
334,3FHA,120L,-7,0.0
334,3FHA,120L,-8,0.0
334,3FHA,120L,-9,0.0
334,3FHA,120L,-10,0.0
334,3FHA,120L,-11,0.0
334,3FHA,120L,-12,0.0
334,3FHA,120L,-13,0.0
334,3FHA,120L,-14,0.0
334,3FHA,120L,-15,0.0
334,3FHA,120L,-16,0.0
334,3FHA,120L,-17,0.0
334,3FHA,120L,-18,0.0
334,3FHA,120L,-19,0.0
334,3FHA,120L,-20,0.0
334,3FHA,120L,-21,0.0
334,3FHA,120L,-22,0.0
334,3FHA,120L,-23,0.0
334,3FHA,120L,-24,0.0
334,3FHA,120L,-25,0.0
334,3FHA,120L,-26,0.0
334,3FHA,120L,-27,0.0
334,3FHA,120L,-28,0.0
334,3FHA,120L,-29,0.0
335,YCYR,120L,0,20.0
335,YCYR,120L,-1,19.00167262779857
335,YCYR,120L,-2,12.388943421017094
335,YCYR,120L,-3,6.739860841377009
335,YCYR,120L,-4,1.3721683833629634
335,YCYR,120L,-5,0.0
335,YCYR,120L,-6,0.0
335,YCYR,120L,-7,0.0
335,YCYR,120L,-8,0.0
335,YCYR,120L,-9,0.0
335,YCYR,120L,-10,0.0
335,YCYR,120L,-11,0.0
335,YCYR,120L,-12,0.0
335,YCYR,120L,-13,0.0
335,YCYR,120L,-14,0.0
335,YCYR,120L,-15,0.0
335,YCYR,120L,-16,0.0
335,YCYR,120L,-17,0.0
335,YCYR,120L,-18,0.0
335,YCYR,120L,-19,0.0
335,YCYR,120L,-20,0.0
335,YCYR,120L,-21,0.0
335,YCYR,120L,-22,0.0
335,YCYR,120L,-23,0.0
335,YCYR,120L,-24,0.0
335,YCYR,120L,-25,0.0
335,YCYR,120L,-26,0.0
335,YCYR,120L,-27,0.0
335,YCYR,120L,-28,0.0
335,YCYR,120L,-29,0.0
336,SVPU,120L,0,47.0
336,SVPU,120L,-1,42.043864357206225
336,SVPU,120L,-2,35.34321813599765
336,SVPU,120L,-3,29.42657695032921
336,SVPU,120L,-4,23.011324675005316
336,SVPU,120L,-5,20.805239387056574
336,SVPU,120L,-6,15.500123564276088
336,SVPU,120L,-7,10.776616461386803
336,SVPU,120L,-8,6.277422828411782
336,SVPU,120L,-9,1.9339141296835336
336,SVPU,120L,-10,0.0
336,SVPU,120L,-11,0.0
336,SVPU,120L,-12,0.0
336,SVPU,120L,-13,0.0
336,SVPU,120L,-14,0.0
336,SVPU,120L,-15,0.0
336,SVPU,120L,-16,0.0
336,SVPU,120L,-17,0.0
336,SVPU,120L,-18,0.0
336,SVPU,120L,-19,0.0
336,SVPU,120L,-20,0.0
336,SVPU,120L,-21,0.0
336,SVPU,120L,-22,0.0
336,SVPU,120L,-23,0.0
336,SVPU,120L,-24,0.0
336,SVPU,120L,-25,0.0
336,SVPU,120L,-26,0.0
336,SVPU,120L,-27,0.0
336,SVPU,120L,-28,0.0
336,SVPU,120L,-29,0.0
337,FHT5,120L,0,19.0
337,FHT5,120L,-1,15.508967329717597
337,FHT5,120L,-2,12.155107031322189
337,FHT5,120L,-3,10.61851551768139
337,FHT5,120L,-4,7.999066107689424
337,FHT5,120L,-5,1.8801106638558736
337,FHT5,120L,-6,0.0
337,FHT5,120L,-7,0.0
337,FHT5,120L,-8,0.0
337,FHT5,120L,-9,0.0
337,FHT5,120L,-10,0.0
337,FHT5,120L,-11,0.0
337,FHT5,120L,-12,0.0
337,FHT5,120L,-13,0.0
337,FHT5,120L,-14,0.0
337,FHT5,120L,-15,0.0
337,FHT5,120L,-16,0.0
337,FHT5,120L,-17,0.0
337,FHT5,120L,-18,0.0
337,FHT5,120L,-19,0.0
337,FHT5,120L,-20,0.0
337,FHT5,120L,-21,0.0
337,FHT5,120L,-22,0.0
337,FHT5,120L,-23,0.0
337,FHT5,120L,-24,0.0
337,FHT5,120L,-25,0.0
337,FHT5,120L,-26,0.0
337,FHT5,120L,-27,0.0
337,FHT5,120L,-28,0.0
337,FHT5,120L,-29,0.0
338,NT3JGZ,240L,0,7.0
338,NT3JGZ,240L,-1,3.0376904211333766
338,NT3JGZ,240L,-2,0.0
338,NT3JGZ,240L,-3,0.0
338,NT3JGZ,240L,-4,0.0
338,NT3JGZ,240L,-5,0.0
338,NT3JGZ,240L,-6,0.0
338,NT3JGZ,240L,-7,0.0
338,NT3JGZ,240L,-8,0.0
338,NT3JGZ,240L,-9,0.0
338,NT3JGZ,240L,-10,0.0
338,NT3JGZ,240L,-11,0.0
338,NT3JGZ,240L,-12,0.0
338,NT3JGZ,240L,-13,0.0
338,NT3JGZ,240L,-14,0.0
338,NT3JGZ,240L,-15,0.0
338,NT3JGZ,240L,-16,0.0
338,NT3JGZ,240L,-17,0.0
338,NT3JGZ,240L,-18,0.0
338,NT3JGZ,240L,-19,0.0
338,NT3JGZ,240L,-20,0.0
338,NT3JGZ,240L,-21,0.0
338,NT3JGZ,240L,-22,0.0
338,NT3JGZ,240L,-23,0.0
338,NT3JGZ,240L,-24,0.0
338,NT3JGZ,240L,-25,0.0
338,NT3JGZ,240L,-26,0.0
338,NT3JGZ,240L,-27,0.0
338,NT3JGZ,240L,-28,0.0
338,NT3JGZ,240L,-29,0.0
339,V6CE,120L,0,6.0
339,V6CE,120L,-1,0.3423420897673569
339,V6CE,120L,-2,0.0
339,V6CE,120L,-3,0.0
339,V6CE,120L,-4,0.0
339,V6CE,120L,-5,0.0
339,V6CE,120L,-6,0.0
339,V6CE,120L,-7,0.0
339,V6CE,120L,-8,0.0
339,V6CE,120L,-9,0.0
339,V6CE,120L,-10,0.0
339,V6CE,120L,-11,0.0
339,V6CE,120L,-12,0.0
339,V6CE,120L,-13,0.0
339,V6CE,120L,-14,0.0
339,V6CE,120L,-15,0.0
339,V6CE,120L,-16,0.0
339,V6CE,120L,-17,0.0
339,V6CE,120L,-18,0.0
339,V6CE,120L,-19,0.0
339,V6CE,120L,-20,0.0
339,V6CE,120L,-21,0.0
339,V6CE,120L,-22,0.0
339,V6CE,120L,-23,0.0
339,V6CE,120L,-24,0.0
339,V6CE,120L,-25,0.0
339,V6CE,120L,-26,0.0
339,V6CE,120L,-27,0.0
339,V6CE,120L,-28,0.0
339,V6CE,120L,-29,0.0
340,GG4D,120L,0,66.0
340,GG4D,120L,-1,62.02539844959556
340,GG4D,120L,-2,56.18647533649069
340,GG4D,120L,-3,52.972587239203634
340,GG4D,120L,-4,47.65223012642206
340,GG4D,120L,-5,40.59265705954322
340,GG4D,120L,-6,34.58167601578478
340,GG4D,120L,-7,30.373554968737704
340,GG4D,120L,-8,26.79118165205571
340,GG4D,120L,-9,20.88470942216172
340,GG4D,120L,-10,17.777530938109678
340,GG4D,120L,-11,13.317832587475923
340,GG4D,120L,-12,9.57111473279948
340,GG4D,120L,-13,4.529747523185906
340,GG4D,120L,-14,0.24552908587549083
340,GG4D,120L,-15,0.0
340,GG4D,120L,-16,0.0
340,GG4D,120L,-17,0.0
340,GG4D,120L,-18,0.0
340,GG4D,120L,-19,0.0
340,GG4D,120L,-20,0.0
340,GG4D,120L,-21,0.0
340,GG4D,120L,-22,0.0
340,GG4D,120L,-23,0.0
340,GG4D,120L,-24,0.0
340,GG4D,120L,-25,0.0
340,GG4D,120L,-26,0.0
340,GG4D,120L,-27,0.0
340,GG4D,120L,-28,0.0
340,GG4D,120L,-29,0.0
341,FKVO,120L,0,16.0
341,FKVO,120L,-1,10.823993331030092
341,FKVO,120L,-2,3.9197848296086995
341,FKVO,120L,-3,2.5518747974545133
341,FKVO,120L,-4,0.0
341,FKVO,120L,-5,0.0
341,FKVO,120L,-6,0.0
341,FKVO,120L,-7,0.0
341,FKVO,120L,-8,0.0
341,FKVO,120L,-9,0.0
341,FKVO,120L,-10,0.0
341,FKVO,120L,-11,0.0
341,FKVO,120L,-12,0.0
341,FKVO,120L,-13,0.0
341,FKVO,120L,-14,0.0
341,FKVO,120L,-15,0.0
341,FKVO,120L,-16,0.0
341,FKVO,120L,-17,0.0
341,FKVO,120L,-18,0.0
341,FKVO,120L,-19,0.0
341,FKVO,120L,-20,0.0
341,FKVO,120L,-21,0.0
341,FKVO,120L,-22,0.0
341,FKVO,120L,-23,0.0
341,FKVO,120L,-24,0.0
341,FKVO,120L,-25,0.0
341,FKVO,120L,-26,0.0
341,FKVO,120L,-27,0.0
341,FKVO,120L,-28,0.0
341,FKVO,120L,-29,0.0
342,FI2S,120L,0,32.0
342,FI2S,120L,-1,31.296461338262304
342,FI2S,120L,-2,27.424203603940814
342,FI2S,120L,-3,22.080894661223365
342,FI2S,120L,-4,18.71031630417027
342,FI2S,120L,-5,12.868631263825437
342,FI2S,120L,-6,8.325079312878795
342,FI2S,120L,-7,1.8053066082728355
342,FI2S,120L,-8,0.0
342,FI2S,120L,-9,0.0
342,FI2S,120L,-10,0.0
342,FI2S,120L,-11,0.0
342,FI2S,120L,-12,0.0
342,FI2S,120L,-13,0.0
342,FI2S,120L,-14,0.0
342,FI2S,120L,-15,0.0
342,FI2S,120L,-16,0.0
342,FI2S,120L,-17,0.0
342,FI2S,120L,-18,0.0
342,FI2S,120L,-19,0.0
342,FI2S,120L,-20,0.0
342,FI2S,120L,-21,0.0
342,FI2S,120L,-22,0.0
342,FI2S,120L,-23,0.0
342,FI2S,120L,-24,0.0
342,FI2S,120L,-25,0.0
342,FI2S,120L,-26,0.0
342,FI2S,120L,-27,0.0
342,FI2S,120L,-28,0.0
342,FI2S,120L,-29,0.0
343,3QIZ,120L,0,47.0
343,3QIZ,120L,-1,40.763136129983764
343,3QIZ,120L,-2,35.929149889545414
343,3QIZ,120L,-3,31.046422709789272
343,3QIZ,120L,-4,27.571314702635206
343,3QIZ,120L,-5,22.828356380225138
343,3QIZ,120L,-6,21.085259463351278
343,3QIZ,120L,-7,16.44988388351136
343,3QIZ,120L,-8,12.666390355018022
343,3QIZ,120L,-9,5.44266314948395
343,3QIZ,120L,-10,0.6606750432656905
343,3QIZ,120L,-11,0.0
343,3QIZ,120L,-12,0.0
343,3QIZ,120L,-13,0.0
343,3QIZ,120L,-14,0.0
343,3QIZ,120L,-15,0.0
343,3QIZ,120L,-16,0.0
343,3QIZ,120L,-17,0.0
343,3QIZ,120L,-18,0.0
343,3QIZ,120L,-19,0.0
343,3QIZ,120L,-20,0.0
343,3QIZ,120L,-21,0.0
343,3QIZ,120L,-22,0.0
343,3QIZ,120L,-23,0.0
343,3QIZ,120L,-24,0.0
343,3QIZ,120L,-25,0.0
343,3QIZ,120L,-26,0.0
343,3QIZ,120L,-27,0.0
343,3QIZ,120L,-28,0.0
343,3QIZ,120L,-29,0.0
344,C5IKLT,120L,0,75.0
344,C5IKLT,120L,-1,71.2669998893635
344,C5IKLT,120L,-2,66.55978947212272
344,C5IKLT,120L,-3,65.56802034044595
344,C5IKLT,120L,-4,60.95279776371411
344,C5IKLT,120L,-5,54.9865016861475
344,C5IKLT,120L,-6,51.977199919792305
344,C5IKLT,120L,-7,44.90845621051404
344,C5IKLT,120L,-8,37.474731623534375
344,C5IKLT,120L,-9,33.16161296760381
344,C5IKLT,120L,-10,26.883710240095997
344,C5IKLT,120L,-11,24.71821228931175
344,C5IKLT,120L,-12,19.120028887528676
344,C5IKLT,120L,-13,14.703794738256882
344,C5IKLT,120L,-14,10.582850533262771
344,C5IKLT,120L,-15,7.85927183165578
344,C5IKLT,120L,-16,0.0
344,C5IKLT,120L,-17,0.0
344,C5IKLT,120L,-18,0.0
344,C5IKLT,120L,-19,0.0
344,C5IKLT,120L,-20,0.0
344,C5IKLT,120L,-21,0.0
344,C5IKLT,120L,-22,0.0
344,C5IKLT,120L,-23,0.0
344,C5IKLT,120L,-24,0.8513586035255196
344,C5IKLT,120L,-25,0.0
344,C5IKLT,120L,-26,0.0
344,C5IKLT,120L,-27,0.0
344,C5IKLT,120L,-28,0.0
344,C5IKLT,120L,-29,0.0
345,YWVT,120L,0,58.0
345,YWVT,120L,-1,50.536003342448346
345,YWVT,120L,-2,48.290751768145824
345,YWVT,120L,-3,45.53788924353133
345,YWVT,120L,-4,42.321224501018
345,YWVT,120L,-5,37.63840914729707
345,YWVT,120L,-6,35.156290934393716
345,YWVT,120L,-7,32.035434193383644
345,YWVT,120L,-8,26.84972497653038
345,YWVT,120L,-9,22.044083638978616
345,YWVT,120L,-10,19.754222764621698
345,YWVT,120L,-11,14.878121443602002
345,YWVT,120L,-12,9.448951121071149
345,YWVT,120L,-13,5.410372423038449
345,YWVT,120L,-14,0.749633588181881
345,YWVT,120L,-15,0.0
345,YWVT,120L,-16,0.0
345,YWVT,120L,-17,0.0
345,YWVT,120L,-18,0.0
345,YWVT,120L,-19,0.0
345,YWVT,120L,-20,0.0
345,YWVT,120L,-21,0.0
345,YWVT,120L,-22,0.0
345,YWVT,120L,-23,0.0
345,YWVT,120L,-24,0.0
345,YWVT,120L,-25,0.0
345,YWVT,120L,-26,0.0
345,YWVT,120L,-27,0.0
345,YWVT,120L,-28,0.0
345,YWVT,120L,-29,0.0
346,FDHV,240L,0,85.0
346,FDHV,240L,-1,82.34761048228927
346,FDHV,240L,-2,76.78367596148345
346,FDHV,240L,-3,70.93847590945975
346,FDHV,240L,-4,67.29718741901578
346,FDHV,240L,-5,61.10614918198002
346,FDHV,240L,-6,58.85227270598943
346,FDHV,240L,-7,54.12582979184395
346,FDHV,240L,-8,50.852441320352305
346,FDHV,240L,-9,46.40768559876561
346,FDHV,240L,-10,40.49637153222447
346,FDHV,240L,-11,33.17386527301032
346,FDHV,240L,-12,27.634126481622967
346,FDHV,240L,-13,20.06655778360755
346,FDHV,240L,-14,15.03500205292993
346,FDHV,240L,-15,8.436262365356681
346,FDHV,240L,-16,2.340239584748982
346,FDHV,240L,-17,0.0
346,FDHV,240L,-18,0.0
346,FDHV,240L,-19,0.0
346,FDHV,240L,-20,0.0
346,FDHV,240L,-21,0.0
346,FDHV,240L,-22,0.0
346,FDHV,240L,-23,0.0
346,FDHV,240L,-24,0.0
346,FDHV,240L,-25,0.0
346,FDHV,240L,-26,0.0
346,FDHV,240L,-27,0.0
346,FDHV,240L,-28,0.0
346,FDHV,240L,-29,0.0
347,SFGE,120L,0,21.0
347,SFGE,120L,-1,17.175918886743002
347,SFGE,120L,-2,13.607790774666546
347,SFGE,120L,-3,11.401010877987847
347,SFGE,120L,-4,6.871037269607131
347,SFGE,120L,-5,3.8599160023031263
347,SFGE,120L,-6,0.0
347,SFGE,120L,-7,0.0
347,SFGE,120L,-8,0.0
347,SFGE,120L,-9,0.0
347,SFGE,120L,-10,0.0
347,SFGE,120L,-11,0.0
347,SFGE,120L,-12,0.0
347,SFGE,120L,-13,0.0
347,SFGE,120L,-14,0.0
347,SFGE,120L,-15,0.0
347,SFGE,120L,-16,0.0
347,SFGE,120L,-17,0.0
347,SFGE,120L,-18,0.0
347,SFGE,120L,-19,0.0
347,SFGE,120L,-20,0.0
347,SFGE,120L,-21,0.0
347,SFGE,120L,-22,0.0
347,SFGE,120L,-23,0.0
347,SFGE,120L,-24,0.0
347,SFGE,120L,-25,0.0
347,SFGE,120L,-26,0.0
347,SFGE,120L,-27,0.0
347,SFGE,120L,-28,0.0
347,SFGE,120L,-29,0.0
348,KPX2,120L,0,29.0
348,KPX2,120L,-1,21.967774254909244
348,KPX2,120L,-2,16.940691812202306
348,KPX2,120L,-3,14.661411801660094
348,KPX2,120L,-4,9.317193802158897
348,KPX2,120L,-5,7.643182258767656
348,KPX2,120L,-6,5.521454417189355
348,KPX2,120L,-7,0.8514894175580772
348,KPX2,120L,-8,0.0
348,KPX2,120L,-9,0.0
348,KPX2,120L,-10,0.0
348,KPX2,120L,-11,0.0
348,KPX2,120L,-12,0.0
348,KPX2,120L,-13,0.0
348,KPX2,120L,-14,0.0
348,KPX2,120L,-15,0.0
348,KPX2,120L,-16,0.0
348,KPX2,120L,-17,0.0
348,KPX2,120L,-18,0.0
348,KPX2,120L,-19,0.0
348,KPX2,120L,-20,0.0
348,KPX2,120L,-21,0.0
348,KPX2,120L,-22,0.0
348,KPX2,120L,-23,0.0
348,KPX2,120L,-24,0.0
348,KPX2,120L,-25,0.0
348,KPX2,120L,-26,0.0
348,KPX2,120L,-27,0.0
348,KPX2,120L,-28,0.0
348,KPX2,120L,-29,0.0
349,73OH,120L,0,37.0
349,73OH,120L,-1,31.536708211899484
349,73OH,120L,-2,27.332489663172264
349,73OH,120L,-3,24.546676752254633
349,73OH,120L,-4,22.204335792677206
349,73OH,120L,-5,18.15683841002444
349,73OH,120L,-6,15.078037058936971
349,73OH,120L,-7,8.992722557307067
349,73OH,120L,-8,6.67300658522255
349,73OH,120L,-9,1.671953646144448
349,73OH,120L,-10,0.0
349,73OH,120L,-11,0.0
349,73OH,120L,-12,0.0
349,73OH,120L,-13,0.0
349,73OH,120L,-14,0.0
349,73OH,120L,-15,0.0
349,73OH,120L,-16,0.0
349,73OH,120L,-17,0.0
349,73OH,120L,-18,0.0
349,73OH,120L,-19,0.0
349,73OH,120L,-20,0.0
349,73OH,120L,-21,0.0
349,73OH,120L,-22,0.0
349,73OH,120L,-23,0.0
349,73OH,120L,-24,0.0
349,73OH,120L,-25,0.0
349,73OH,120L,-26,0.0
349,73OH,120L,-27,0.0
349,73OH,120L,-28,0.0
349,73OH,120L,-29,0.0
350,PFO5,120L,0,50.0
350,PFO5,120L,-1,42.11601504891887
350,PFO5,120L,-2,36.90091396709345
350,PFO5,120L,-3,32.30265513364802
350,PFO5,120L,-4,28.811403094689126
350,PFO5,120L,-5,22.14384141701384
350,PFO5,120L,-6,18.509081205236743
350,PFO5,120L,-7,14.577381971046991
350,PFO5,120L,-8,10.992749996025326
350,PFO5,120L,-9,8.997950205901564
350,PFO5,120L,-10,2.5328077147873644
350,PFO5,120L,-11,0.0
350,PFO5,120L,-12,0.0
350,PFO5,120L,-13,0.0
350,PFO5,120L,-14,0.0
350,PFO5,120L,-15,0.0
350,PFO5,120L,-16,0.0
350,PFO5,120L,-17,0.0
350,PFO5,120L,-18,0.0
350,PFO5,120L,-19,0.0
350,PFO5,120L,-20,0.0
350,PFO5,120L,-21,0.0
350,PFO5,120L,-22,0.0
350,PFO5,120L,-23,0.0
350,PFO5,120L,-24,0.0
350,PFO5,120L,-25,0.0
350,PFO5,120L,-26,0.0
350,PFO5,120L,-27,0.0
350,PFO5,120L,-28,0.0
350,PFO5,120L,-29,0.0
351,NLVP,120L,0,53.0
351,NLVP,120L,-1,47.2291826000604
351,NLVP,120L,-2,44.249841623409296
351,NLVP,120L,-3,43.226588286093026
351,NLVP,120L,-4,39.42976502727497
351,NLVP,120L,-5,35.50296255014994
351,NLVP,120L,-6,29.010458955746905
351,NLVP,120L,-7,24.39002676319744
351,NLVP,120L,-8,18.628691021771935
351,NLVP,120L,-9,15.505758267034892
351,NLVP,120L,-10,10.742305186520749
351,NLVP,120L,-11,3.596001853867084
351,NLVP,120L,-12,0.0
351,NLVP,120L,-13,0.0
351,NLVP,120L,-14,0.0
351,NLVP,120L,-15,0.0
351,NLVP,120L,-16,0.0
351,NLVP,120L,-17,0.0
351,NLVP,120L,-18,0.0
351,NLVP,120L,-19,0.0
351,NLVP,120L,-20,0.0
351,NLVP,120L,-21,0.0
351,NLVP,120L,-22,0.0
351,NLVP,120L,-23,0.0
351,NLVP,120L,-24,0.0
351,NLVP,120L,-25,0.0
351,NLVP,120L,-26,0.0
351,NLVP,120L,-27,0.0
351,NLVP,120L,-28,0.0
351,NLVP,120L,-29,0.0
352,6GCFNF,120L,0,7.0
352,6GCFNF,120L,-1,3.0987235862696965
352,6GCFNF,120L,-2,0.0
352,6GCFNF,120L,-3,0.0
352,6GCFNF,120L,-4,0.0
352,6GCFNF,120L,-5,0.0
352,6GCFNF,120L,-6,0.0
352,6GCFNF,120L,-7,0.0
352,6GCFNF,120L,-8,0.0
352,6GCFNF,120L,-9,0.0
352,6GCFNF,120L,-10,0.0
352,6GCFNF,120L,-11,0.0
352,6GCFNF,120L,-12,0.0
352,6GCFNF,120L,-13,0.0
352,6GCFNF,120L,-14,0.0
352,6GCFNF,120L,-15,0.0
352,6GCFNF,120L,-16,0.0
352,6GCFNF,120L,-17,0.0
352,6GCFNF,120L,-18,0.0
352,6GCFNF,120L,-19,0.0
352,6GCFNF,120L,-20,0.0
352,6GCFNF,120L,-21,0.0
352,6GCFNF,120L,-22,0.0
352,6GCFNF,120L,-23,0.0
352,6GCFNF,120L,-24,0.0
352,6GCFNF,120L,-25,0.0
352,6GCFNF,120L,-26,0.0
352,6GCFNF,120L,-27,0.0
352,6GCFNF,120L,-28,0.0
352,6GCFNF,120L,-29,0.0
353,SREA,120L,0,26.0
353,SREA,120L,-1,19.548884952800005
353,SREA,120L,-2,14.9682609665658
353,SREA,120L,-3,11.982000514224746
353,SREA,120L,-4,8.313415375959462
353,SREA,120L,-5,6.240107041345024
353,SREA,120L,-6,3.6971257139661557
353,SREA,120L,-7,0.47122958497327483
353,SREA,120L,-8,0.0
353,SREA,120L,-9,0.0
353,SREA,120L,-10,0.0
353,SREA,120L,-11,0.0
353,SREA,120L,-12,0.0
353,SREA,120L,-13,0.0
353,SREA,120L,-14,0.0
353,SREA,120L,-15,0.0
353,SREA,120L,-16,0.0
353,SREA,120L,-17,0.0
353,SREA,120L,-18,0.0
353,SREA,120L,-19,0.0
353,SREA,120L,-20,0.0
353,SREA,120L,-21,0.0
353,SREA,120L,-22,0.0
353,SREA,120L,-23,0.0
353,SREA,120L,-24,0.0
353,SREA,120L,-25,0.0
353,SREA,120L,-26,0.0
353,SREA,120L,-27,0.0
353,SREA,120L,-28,0.0
353,SREA,120L,-29,0.0
354,FFEGF2,120L,0,26.0
354,FFEGF2,120L,-1,22.045820535700873
354,FFEGF2,120L,-2,15.128471858771526
354,FFEGF2,120L,-3,8.768334094884816
354,FFEGF2,120L,-4,2.215010172515592
354,FFEGF2,120L,-5,0.0
354,FFEGF2,120L,-6,0.0
354,FFEGF2,120L,-7,0.0
354,FFEGF2,120L,-8,0.0
354,FFEGF2,120L,-9,0.0
354,FFEGF2,120L,-10,0.0
354,FFEGF2,120L,-11,0.0
354,FFEGF2,120L,-12,0.0
354,FFEGF2,120L,-13,0.0
354,FFEGF2,120L,-14,0.0
354,FFEGF2,120L,-15,0.0
354,FFEGF2,120L,-16,0.0
354,FFEGF2,120L,-17,0.0
354,FFEGF2,120L,-18,0.0
354,FFEGF2,120L,-19,0.0
354,FFEGF2,120L,-20,0.0
354,FFEGF2,120L,-21,0.0
354,FFEGF2,120L,-22,0.0
354,FFEGF2,120L,-23,0.0
354,FFEGF2,120L,-24,0.0
354,FFEGF2,120L,-25,0.0
354,FFEGF2,120L,-26,0.0
354,FFEGF2,120L,-27,0.0
354,FFEGF2,120L,-28,0.0
354,FFEGF2,120L,-29,0.0
355,GA42ZD,240L,0,97.0
355,GA42ZD,240L,-1,91.910362007199
355,GA42ZD,240L,-2,89.56494746726104
355,GA42ZD,240L,-3,81.53063579969184
355,GA42ZD,240L,-4,77.80834924363872
355,GA42ZD,240L,-5,73.9625893810331
355,GA42ZD,240L,-6,68.95136349014176
355,GA42ZD,240L,-7,63.88047646292368
355,GA42ZD,240L,-8,59.03471792947833
355,GA42ZD,240L,-9,53.86220358218178
355,GA42ZD,240L,-10,49.815502438053876
355,GA42ZD,240L,-11,44.725205191637535
355,GA42ZD,240L,-12,39.002865950048566
355,GA42ZD,240L,-13,35.9285094692561
355,GA42ZD,240L,-14,33.186954031014324
355,GA42ZD,240L,-15,28.759280718813606
355,GA42ZD,240L,-16,23.211047101575694
355,GA42ZD,240L,-17,15.580568705641156
355,GA42ZD,240L,-18,11.281842213393636
355,GA42ZD,240L,-19,5.867559108891314
355,GA42ZD,240L,-20,0.0
355,GA42ZD,240L,-21,0.0
355,GA42ZD,240L,-22,0.0
355,GA42ZD,240L,-23,0.0
355,GA42ZD,240L,-24,0.0
355,GA42ZD,240L,-25,0.0
355,GA42ZD,240L,-26,0.0
355,GA42ZD,240L,-27,0.0
355,GA42ZD,240L,-28,0.0
355,GA42ZD,240L,-29,0.0
356,QFJ3V5,120L,0,20.0
356,QFJ3V5,120L,-1,20.43774364019124
356,QFJ3V5,120L,-2,17.105695911686
356,QFJ3V5,120L,-3,12.249435669847813
356,QFJ3V5,120L,-4,8.081413127952642
356,QFJ3V5,120L,-5,6.074568628043486
356,QFJ3V5,120L,-6,0.7704712655425974
356,QFJ3V5,120L,-7,0.0
356,QFJ3V5,120L,-8,0.0
356,QFJ3V5,120L,-9,0.0
356,QFJ3V5,120L,-10,0.0
356,QFJ3V5,120L,-11,0.0
356,QFJ3V5,120L,-12,0.0
356,QFJ3V5,120L,-13,0.0
356,QFJ3V5,120L,-14,0.0
356,QFJ3V5,120L,-15,0.0
356,QFJ3V5,120L,-16,0.0
356,QFJ3V5,120L,-17,0.0
356,QFJ3V5,120L,-18,0.0
356,QFJ3V5,120L,-19,0.0
356,QFJ3V5,120L,-20,0.0
356,QFJ3V5,120L,-21,0.0
356,QFJ3V5,120L,-22,0.0
356,QFJ3V5,120L,-23,0.0
356,QFJ3V5,120L,-24,0.0
356,QFJ3V5,120L,-25,0.0
356,QFJ3V5,120L,-26,0.0
356,QFJ3V5,120L,-27,0.0
356,QFJ3V5,120L,-28,0.0
356,QFJ3V5,120L,-29,0.0
357,JHNZBA,120L,0,29.0
357,JHNZBA,120L,-1,24.12980781769872
357,JHNZBA,120L,-2,20.241171038652855
357,JHNZBA,120L,-3,12.052627057721782
357,JHNZBA,120L,-4,8.046581263692167
357,JHNZBA,120L,-5,2.1236576136474756
357,JHNZBA,120L,-6,0.0
357,JHNZBA,120L,-7,0.0
357,JHNZBA,120L,-8,0.0
357,JHNZBA,120L,-9,0.0
357,JHNZBA,120L,-10,0.0
357,JHNZBA,120L,-11,0.0
357,JHNZBA,120L,-12,0.0
357,JHNZBA,120L,-13,0.0
357,JHNZBA,120L,-14,0.0
357,JHNZBA,120L,-15,0.0
357,JHNZBA,120L,-16,0.0
357,JHNZBA,120L,-17,0.0
357,JHNZBA,120L,-18,0.0
357,JHNZBA,120L,-19,0.0
357,JHNZBA,120L,-20,0.0
357,JHNZBA,120L,-21,0.0
357,JHNZBA,120L,-22,0.0
357,JHNZBA,120L,-23,0.0
357,JHNZBA,120L,-24,0.0
357,JHNZBA,120L,-25,0.0
357,JHNZBA,120L,-26,0.0
357,JHNZBA,120L,-27,0.0
357,JHNZBA,120L,-28,0.0
357,JHNZBA,120L,-29,0.0
358,VNTZOL,1.100L,0,96.0
358,VNTZOL,1.100L,-1,87.77860391064661
358,VNTZOL,1.100L,-2,82.43683404715829
358,VNTZOL,1.100L,-3,75.41522282457467
358,VNTZOL,1.100L,-4,68.21769457864171
358,VNTZOL,1.100L,-5,61.00311749455765
358,VNTZOL,1.100L,-6,55.57222200085005
358,VNTZOL,1.100L,-7,50.51519793735401
358,VNTZOL,1.100L,-8,41.61844663971207
358,VNTZOL,1.100L,-9,34.12894431172445
358,VNTZOL,1.100L,-10,25.169780702345346
358,VNTZOL,1.100L,-11,16.95599289104272
358,VNTZOL,1.100L,-12,11.083926909979958
358,VNTZOL,1.100L,-13,2.3150515428697513
358,VNTZOL,1.100L,-14,0.0
358,VNTZOL,1.100L,-15,0.0
358,VNTZOL,1.100L,-16,0.0
358,VNTZOL,1.100L,-17,0.0
358,VNTZOL,1.100L,-18,0.0
358,VNTZOL,1.100L,-19,0.0
358,VNTZOL,1.100L,-20,0.0
358,VNTZOL,1.100L,-21,0.0
358,VNTZOL,1.100L,-22,0.0
358,VNTZOL,1.100L,-23,0.0
358,VNTZOL,1.100L,-24,0.0
358,VNTZOL,1.100L,-25,0.0
358,VNTZOL,1.100L,-26,0.0
358,VNTZOL,1.100L,-27,0.0
358,VNTZOL,1.100L,-28,0.0
358,VNTZOL,1.100L,-29,0.0
359,VJAJJ3,1.100L,0,27.0
359,VJAJJ3,1.100L,-1,14.832561323518059
359,VJAJJ3,1.100L,-2,9.651620202079915
359,VJAJJ3,1.100L,-3,0.49749497894559513
359,VJAJJ3,1.100L,-4,0.0
359,VJAJJ3,1.100L,-5,0.0
359,VJAJJ3,1.100L,-6,0.0
359,VJAJJ3,1.100L,-7,0.0
359,VJAJJ3,1.100L,-8,0.0
359,VJAJJ3,1.100L,-9,0.0
359,VJAJJ3,1.100L,-10,0.0
359,VJAJJ3,1.100L,-11,0.0
359,VJAJJ3,1.100L,-12,0.0
359,VJAJJ3,1.100L,-13,0.0
359,VJAJJ3,1.100L,-14,0.0
359,VJAJJ3,1.100L,-15,0.0
359,VJAJJ3,1.100L,-16,0.0
359,VJAJJ3,1.100L,-17,0.0
359,VJAJJ3,1.100L,-18,0.0
359,VJAJJ3,1.100L,-19,0.0
359,VJAJJ3,1.100L,-20,0.0
359,VJAJJ3,1.100L,-21,0.0
359,VJAJJ3,1.100L,-22,0.0
359,VJAJJ3,1.100L,-23,0.0
359,VJAJJ3,1.100L,-24,0.0
359,VJAJJ3,1.100L,-25,0.0
359,VJAJJ3,1.100L,-26,0.0
359,VJAJJ3,1.100L,-27,0.0
359,VJAJJ3,1.100L,-28,0.0
359,VJAJJ3,1.100L,-29,0.0
360,BLANMG,120L,0,63.0
360,BLANMG,120L,-1,59.15083336194646
360,BLANMG,120L,-2,53.57783044838776
360,BLANMG,120L,-3,51.99092317511915
360,BLANMG,120L,-4,49.1370282246459
360,BLANMG,120L,-5,42.23306008703865
360,BLANMG,120L,-6,37.472932310086605
360,BLANMG,120L,-7,30.673854449372048
360,BLANMG,120L,-8,25.82350115208885
360,BLANMG,120L,-9,19.45380434490057
360,BLANMG,120L,-10,12.073117251816647
360,BLANMG,120L,-11,7.698991141251
360,BLANMG,120L,-12,4.842422745016728
360,BLANMG,120L,-13,0.0
360,BLANMG,120L,-14,0.0
360,BLANMG,120L,-15,0.0
360,BLANMG,120L,-16,0.0
360,BLANMG,120L,-17,0.0
360,BLANMG,120L,-18,0.0
360,BLANMG,120L,-19,0.0
360,BLANMG,120L,-20,0.0
360,BLANMG,120L,-21,0.0
360,BLANMG,120L,-22,0.0
360,BLANMG,120L,-23,0.0
360,BLANMG,120L,-24,0.0
360,BLANMG,120L,-25,0.0
360,BLANMG,120L,-26,0.0
360,BLANMG,120L,-27,0.0
360,BLANMG,120L,-28,0.0
360,BLANMG,120L,-29,0.0
361,GPB5EF,240L,0,96.0
361,GPB5EF,240L,-1,90.06864479613064
361,GPB5EF,240L,-2,86.5564712857951
361,GPB5EF,240L,-3,82.11086710765136
361,GPB5EF,240L,-4,74.63934208682154
361,GPB5EF,240L,-5,71.16655458104279
361,GPB5EF,240L,-6,66.92347772869232
361,GPB5EF,240L,-7,62.565455148746885
361,GPB5EF,240L,-8,56.64107074522325
361,GPB5EF,240L,-9,47.9491421113585
361,GPB5EF,240L,-10,44.75556598804323
361,GPB5EF,240L,-11,42.22199324601031
361,GPB5EF,240L,-12,34.72568062037415
361,GPB5EF,240L,-13,28.840249729329052
361,GPB5EF,240L,-14,23.44104205836391
361,GPB5EF,240L,-15,14.812975870131906
361,GPB5EF,240L,-16,10.984459634854778
361,GPB5EF,240L,-17,4.628720102316381
361,GPB5EF,240L,-18,0.9978289193534695
361,GPB5EF,240L,-19,0.0
361,GPB5EF,240L,-20,0.0
361,GPB5EF,240L,-21,0.0
361,GPB5EF,240L,-22,0.0
361,GPB5EF,240L,-23,0.0
361,GPB5EF,240L,-24,0.0
361,GPB5EF,240L,-25,0.0
361,GPB5EF,240L,-26,0.0
361,GPB5EF,240L,-27,0.0
361,GPB5EF,240L,-28,0.0
361,GPB5EF,240L,-29,0.0
362,GEUSVG,120L,0,68.0
362,GEUSVG,120L,-1,62.67265685532664
362,GEUSVG,120L,-2,58.673260464508346
362,GEUSVG,120L,-3,58.06805122917693
362,GEUSVG,120L,-4,53.837083231188934
362,GEUSVG,120L,-5,46.09232020241932
362,GEUSVG,120L,-6,41.35108677507569
362,GEUSVG,120L,-7,34.46043050547675
362,GEUSVG,120L,-8,29.765390876025855
362,GEUSVG,120L,-9,24.477041623797863
362,GEUSVG,120L,-10,18.394855588758848
362,GEUSVG,120L,-11,11.94874774233807
362,GEUSVG,120L,-12,7.052557719284435
362,GEUSVG,120L,-13,3.671547242085448
362,GEUSVG,120L,-14,0.0
362,GEUSVG,120L,-15,0.0
362,GEUSVG,120L,-16,0.0
362,GEUSVG,120L,-17,0.0
362,GEUSVG,120L,-18,0.0
362,GEUSVG,120L,-19,0.0
362,GEUSVG,120L,-20,0.0
362,GEUSVG,120L,-21,0.0
362,GEUSVG,120L,-22,0.0
362,GEUSVG,120L,-23,0.0
362,GEUSVG,120L,-24,0.0
362,GEUSVG,120L,-25,0.0
362,GEUSVG,120L,-26,0.0
362,GEUSVG,120L,-27,0.0
362,GEUSVG,120L,-28,0.0
362,GEUSVG,120L,-29,0.0
363,JQ7I,120L,0,60.0
363,JQ7I,120L,-1,55.98485184596925
363,JQ7I,120L,-2,47.28477330582721
363,JQ7I,120L,-3,42.74793471529395
363,JQ7I,120L,-4,38.08915846445518
363,JQ7I,120L,-5,33.51584360319038
363,JQ7I,120L,-6,30.61485533115341
363,JQ7I,120L,-7,24.426779842592293
363,JQ7I,120L,-8,18.872977213556872
363,JQ7I,120L,-9,12.834698620223966
363,JQ7I,120L,-10,7.296981318326532
363,JQ7I,120L,-11,2.0884808916377158
363,JQ7I,120L,-12,0.0
363,JQ7I,120L,-13,0.0
363,JQ7I,120L,-14,0.0
363,JQ7I,120L,-15,0.0
363,JQ7I,120L,-16,0.0
363,JQ7I,120L,-17,0.0
363,JQ7I,120L,-18,0.0
363,JQ7I,120L,-19,0.0
363,JQ7I,120L,-20,0.0
363,JQ7I,120L,-21,0.0
363,JQ7I,120L,-22,0.0
363,JQ7I,120L,-23,0.0
363,JQ7I,120L,-24,0.0
363,JQ7I,120L,-25,0.0
363,JQ7I,120L,-26,0.0
363,JQ7I,120L,-27,0.0
363,JQ7I,120L,-28,0.0
363,JQ7I,120L,-29,0.0
364,AETM2M,120L,0,47.0
364,AETM2M,120L,-1,42.93662783377198
364,AETM2M,120L,-2,40.09772038169766
364,AETM2M,120L,-3,35.511928509139175
364,AETM2M,120L,-4,32.25689392616485
364,AETM2M,120L,-5,22.878402932132975
364,AETM2M,120L,-6,19.588117953788796
364,AETM2M,120L,-7,11.758716009827067
364,AETM2M,120L,-8,8.794822686632589
364,AETM2M,120L,-9,5.44919262649857
364,AETM2M,120L,-10,0.0
364,AETM2M,120L,-11,0.0
364,AETM2M,120L,-12,0.0
364,AETM2M,120L,-13,0.0
364,AETM2M,120L,-14,0.0
364,AETM2M,120L,-15,0.0
364,AETM2M,120L,-16,0.0
364,AETM2M,120L,-17,0.0
364,AETM2M,120L,-18,0.0
364,AETM2M,120L,-19,0.0
364,AETM2M,120L,-20,0.0
364,AETM2M,120L,-21,0.0
364,AETM2M,120L,-22,0.0
364,AETM2M,120L,-23,0.0
364,AETM2M,120L,-24,0.0
364,AETM2M,120L,-25,0.0
364,AETM2M,120L,-26,0.0
364,AETM2M,120L,-27,0.0
364,AETM2M,120L,-28,0.0
364,AETM2M,120L,-29,0.0
365,TKPOGB,120L,0,18.0
365,TKPOGB,120L,-1,14.618800626655576
365,TKPOGB,120L,-2,11.734406646135088
365,TKPOGB,120L,-3,4.8009765715853705
365,TKPOGB,120L,-4,0.0
365,TKPOGB,120L,-5,0.0
365,TKPOGB,120L,-6,0.0
365,TKPOGB,120L,-7,0.0
365,TKPOGB,120L,-8,0.0
365,TKPOGB,120L,-9,0.0
365,TKPOGB,120L,-10,0.0
365,TKPOGB,120L,-11,0.0
365,TKPOGB,120L,-12,0.0
365,TKPOGB,120L,-13,0.0
365,TKPOGB,120L,-14,0.0
365,TKPOGB,120L,-15,0.0
365,TKPOGB,120L,-16,0.0
365,TKPOGB,120L,-17,0.0
365,TKPOGB,120L,-18,0.0
365,TKPOGB,120L,-19,0.0
365,TKPOGB,120L,-20,0.0
365,TKPOGB,120L,-21,0.0
365,TKPOGB,120L,-22,0.0
365,TKPOGB,120L,-23,0.0
365,TKPOGB,120L,-24,0.0
365,TKPOGB,120L,-25,0.0
365,TKPOGB,120L,-26,0.0
365,TKPOGB,120L,-27,0.0
365,TKPOGB,120L,-28,0.0
365,TKPOGB,120L,-29,0.0
366,X5LVA3,120L,0,3.0
366,X5LVA3,120L,-1,0.0
366,X5LVA3,120L,-2,0.0
366,X5LVA3,120L,-3,0.0
366,X5LVA3,120L,-4,0.0
366,X5LVA3,120L,-5,0.0
366,X5LVA3,120L,-6,0.0
366,X5LVA3,120L,-7,0.0
366,X5LVA3,120L,-8,0.0
366,X5LVA3,120L,-9,0.0
366,X5LVA3,120L,-10,0.0
366,X5LVA3,120L,-11,0.0
366,X5LVA3,120L,-12,0.0
366,X5LVA3,120L,-13,0.0
366,X5LVA3,120L,-14,0.0
366,X5LVA3,120L,-15,0.0
366,X5LVA3,120L,-16,0.0
366,X5LVA3,120L,-17,0.0
366,X5LVA3,120L,-18,0.0
366,X5LVA3,120L,-19,0.0
366,X5LVA3,120L,-20,0.0
366,X5LVA3,120L,-21,0.0
366,X5LVA3,120L,-22,0.0
366,X5LVA3,120L,-23,0.0
366,X5LVA3,120L,-24,0.0
366,X5LVA3,120L,-25,0.0
366,X5LVA3,120L,-26,0.0
366,X5LVA3,120L,-27,0.0
366,X5LVA3,120L,-28,0.0
366,X5LVA3,120L,-29,0.0
367,KZ5MXH,120L,0,34.0
367,KZ5MXH,120L,-1,28.877336609330396
367,KZ5MXH,120L,-2,20.864588704886735
367,KZ5MXH,120L,-3,15.870565404595977
367,KZ5MXH,120L,-4,15.097530376157836
367,KZ5MXH,120L,-5,13.183355032794672
367,KZ5MXH,120L,-6,10.001773957629329
367,KZ5MXH,120L,-7,6.600410083369362
367,KZ5MXH,120L,-8,4.548374338598289
367,KZ5MXH,120L,-9,3.1688169346347363
367,KZ5MXH,120L,-10,0.0
367,KZ5MXH,120L,-11,0.0
367,KZ5MXH,120L,-12,0.0
367,KZ5MXH,120L,-13,0.0
367,KZ5MXH,120L,-14,0.0
367,KZ5MXH,120L,-15,0.0
367,KZ5MXH,120L,-16,0.0
367,KZ5MXH,120L,-17,0.0
367,KZ5MXH,120L,-18,0.0
367,KZ5MXH,120L,-19,0.0
367,KZ5MXH,120L,-20,0.0
367,KZ5MXH,120L,-21,0.0
367,KZ5MXH,120L,-22,0.0
367,KZ5MXH,120L,-23,0.0
367,KZ5MXH,120L,-24,0.0
367,KZ5MXH,120L,-25,0.0
367,KZ5MXH,120L,-26,0.0
367,KZ5MXH,120L,-27,0.0
367,KZ5MXH,120L,-28,0.0
367,KZ5MXH,120L,-29,0.0
368,BUF4AK,120L,0,63.0
368,BUF4AK,120L,-1,59.365164221344884
368,BUF4AK,120L,-2,56.83452494848038
368,BUF4AK,120L,-3,52.02639369466883
368,BUF4AK,120L,-4,47.277594078017074
368,BUF4AK,120L,-5,44.64990699165486
368,BUF4AK,120L,-6,38.83328508174695
368,BUF4AK,120L,-7,33.267953382220306
368,BUF4AK,120L,-8,26.978198642148072
368,BUF4AK,120L,-9,22.913815871151606
368,BUF4AK,120L,-10,21.644507064455407
368,BUF4AK,120L,-11,20.21624065827734
368,BUF4AK,120L,-12,13.924278101657073
368,BUF4AK,120L,-13,9.076940616431502
368,BUF4AK,120L,-14,4.681513935227031
368,BUF4AK,120L,-15,1.6305309283057223
368,BUF4AK,120L,-16,0.0
368,BUF4AK,120L,-17,0.0
368,BUF4AK,120L,-18,0.0
368,BUF4AK,120L,-19,0.0
368,BUF4AK,120L,-20,0.0
368,BUF4AK,120L,-21,0.0
368,BUF4AK,120L,-22,0.0
368,BUF4AK,120L,-23,0.0
368,BUF4AK,120L,-24,0.0
368,BUF4AK,120L,-25,0.0
368,BUF4AK,120L,-26,0.0
368,BUF4AK,120L,-27,0.0
368,BUF4AK,120L,-28,0.0
368,BUF4AK,120L,-29,0.0
369,GWASFK,120L,0,48.0
369,GWASFK,120L,-1,45.156502588989525
369,GWASFK,120L,-2,41.98287711836757
369,GWASFK,120L,-3,38.25242286596337
369,GWASFK,120L,-4,35.661105724267316
369,GWASFK,120L,-5,30.77993478433948
369,GWASFK,120L,-6,24.489638378263887
369,GWASFK,120L,-7,20.040562109457028
369,GWASFK,120L,-8,18.07994165789981
369,GWASFK,120L,-9,13.035833592572144
369,GWASFK,120L,-10,9.605239752075951
369,GWASFK,120L,-11,8.179145117524351
369,GWASFK,120L,-12,2.6604307222787464
369,GWASFK,120L,-13,0.0
369,GWASFK,120L,-14,0.0
369,GWASFK,120L,-15,0.0
369,GWASFK,120L,-16,0.0
369,GWASFK,120L,-17,0.0
369,GWASFK,120L,-18,0.0
369,GWASFK,120L,-19,0.0
369,GWASFK,120L,-20,0.0
369,GWASFK,120L,-21,0.0
369,GWASFK,120L,-22,0.0
369,GWASFK,120L,-23,0.0
369,GWASFK,120L,-24,0.0
369,GWASFK,120L,-25,0.0
369,GWASFK,120L,-26,0.0
369,GWASFK,120L,-27,0.0
369,GWASFK,120L,-28,0.0
369,GWASFK,120L,-29,0.0
370,VMOKD2,1.100L,0,16.0
370,VMOKD2,1.100L,-1,8.761669981624385
370,VMOKD2,1.100L,-2,0.0
370,VMOKD2,1.100L,-3,0.0
370,VMOKD2,1.100L,-4,0.0
370,VMOKD2,1.100L,-5,0.0
370,VMOKD2,1.100L,-6,0.0
370,VMOKD2,1.100L,-7,0.0
370,VMOKD2,1.100L,-8,0.0
370,VMOKD2,1.100L,-9,0.0
370,VMOKD2,1.100L,-10,0.0
370,VMOKD2,1.100L,-11,0.0
370,VMOKD2,1.100L,-12,0.0
370,VMOKD2,1.100L,-13,0.0
370,VMOKD2,1.100L,-14,0.0
370,VMOKD2,1.100L,-15,0.0
370,VMOKD2,1.100L,-16,0.0
370,VMOKD2,1.100L,-17,0.0
370,VMOKD2,1.100L,-18,0.0
370,VMOKD2,1.100L,-19,0.0
370,VMOKD2,1.100L,-20,0.0
370,VMOKD2,1.100L,-21,0.0
370,VMOKD2,1.100L,-22,0.0
370,VMOKD2,1.100L,-23,0.0
370,VMOKD2,1.100L,-24,0.0
370,VMOKD2,1.100L,-25,0.0
370,VMOKD2,1.100L,-26,0.0
370,VMOKD2,1.100L,-27,0.0
370,VMOKD2,1.100L,-28,0.0
370,VMOKD2,1.100L,-29,0.0
371,AKGA,120L,0,43.0
371,AKGA,120L,-1,38.50223874693318
371,AKGA,120L,-2,33.15050441972059
371,AKGA,120L,-3,28.828244390182196
371,AKGA,120L,-4,22.74955609180451
371,AKGA,120L,-5,20.590011955183964
371,AKGA,120L,-6,15.996377464843672
371,AKGA,120L,-7,7.876206883198068
371,AKGA,120L,-8,4.0188285429263635
371,AKGA,120L,-9,0.0
371,AKGA,120L,-10,0.0
371,AKGA,120L,-11,0.0
371,AKGA,120L,-12,0.0
371,AKGA,120L,-13,0.0
371,AKGA,120L,-14,0.0
371,AKGA,120L,-15,0.0
371,AKGA,120L,-16,0.0
371,AKGA,120L,-17,0.0
371,AKGA,120L,-18,0.0
371,AKGA,120L,-19,0.0
371,AKGA,120L,-20,0.0
371,AKGA,120L,-21,0.0
371,AKGA,120L,-22,0.0
371,AKGA,120L,-23,0.0
371,AKGA,120L,-24,0.0
371,AKGA,120L,-25,0.0
371,AKGA,120L,-26,0.0
371,AKGA,120L,-27,0.0
371,AKGA,120L,-28,0.0
371,AKGA,120L,-29,0.0
372,EA3A,120L,0,91.0
372,EA3A,120L,-1,84.03471617043387
372,EA3A,120L,-2,77.4367124745645
372,EA3A,120L,-3,72.13921230669393
372,EA3A,120L,-4,67.62793308976264
372,EA3A,120L,-5,64.35532844999615
372,EA3A,120L,-6,60.289337754800776
372,EA3A,120L,-7,55.73018306158568
372,EA3A,120L,-8,51.198075591850944
372,EA3A,120L,-9,47.40000950560383
372,EA3A,120L,-10,41.020217090346534
372,EA3A,120L,-11,38.01942493546595
372,EA3A,120L,-12,33.010298783084004
372,EA3A,120L,-13,29.449908804183302
372,EA3A,120L,-14,26.83051192353453
372,EA3A,120L,-15,22.63921170764223
372,EA3A,120L,-16,16.60754208623029
372,EA3A,120L,-17,9.088690770285123
372,EA3A,120L,-18,1.4310261604834515
372,EA3A,120L,-19,0.0
372,EA3A,120L,-20,0.0
372,EA3A,120L,-21,0.0
372,EA3A,120L,-22,0.0
372,EA3A,120L,-23,0.0
372,EA3A,120L,-24,0.0
372,EA3A,120L,-25,0.0
372,EA3A,120L,-26,0.0
372,EA3A,120L,-27,0.0
372,EA3A,120L,-28,0.0
372,EA3A,120L,-29,0.0
373,ZBQW67,120L,0,29.0
373,ZBQW67,120L,-1,23.00780834225614
373,ZBQW67,120L,-2,18.439592358108698
373,ZBQW67,120L,-3,13.088942222452715
373,ZBQW67,120L,-4,11.40151712850621
373,ZBQW67,120L,-5,5.597948930674562
373,ZBQW67,120L,-6,1.6974681868916848
373,ZBQW67,120L,-7,0.0
373,ZBQW67,120L,-8,0.0
373,ZBQW67,120L,-9,0.0
373,ZBQW67,120L,-10,0.0
373,ZBQW67,120L,-11,0.0
373,ZBQW67,120L,-12,0.0
373,ZBQW67,120L,-13,0.0
373,ZBQW67,120L,-14,0.0
373,ZBQW67,120L,-15,0.0
373,ZBQW67,120L,-16,0.0
373,ZBQW67,120L,-17,0.0
373,ZBQW67,120L,-18,0.0
373,ZBQW67,120L,-19,0.0
373,ZBQW67,120L,-20,0.0
373,ZBQW67,120L,-21,0.0
373,ZBQW67,120L,-22,0.0
373,ZBQW67,120L,-23,0.0
373,ZBQW67,120L,-24,0.0
373,ZBQW67,120L,-25,0.0
373,ZBQW67,120L,-26,0.0
373,ZBQW67,120L,-27,0.0
373,ZBQW67,120L,-28,0.0
373,ZBQW67,120L,-29,0.0
374,XKR4,120L,0,92.0
374,XKR4,120L,-1,85.79743969724161
374,XKR4,120L,-2,83.49949087298309
374,XKR4,120L,-3,79.06807084349668
374,XKR4,120L,-4,72.80179680925986
374,XKR4,120L,-5,67.91651550277172
374,XKR4,120L,-6,61.225127670978694
374,XKR4,120L,-7,56.83477306890049
374,XKR4,120L,-8,54.37499441793685
374,XKR4,120L,-9,50.41129949291477
374,XKR4,120L,-10,47.115625093902615
374,XKR4,120L,-11,43.00763043830184
374,XKR4,120L,-12,37.68451918021382
374,XKR4,120L,-13,33.47286223729556
374,XKR4,120L,-14,27.80618356953668
374,XKR4,120L,-15,23.15336650492078
374,XKR4,120L,-16,18.878317596020697
374,XKR4,120L,-17,15.470863547104312
374,XKR4,120L,-18,12.121142937774623
374,XKR4,120L,-19,7.261456553669324
374,XKR4,120L,-20,2.1630500050047123
374,XKR4,120L,-21,0.0
374,XKR4,120L,-22,0.0
374,XKR4,120L,-23,0.0
374,XKR4,120L,-24,0.0
374,XKR4,120L,-25,0.0
374,XKR4,120L,-26,0.0
374,XKR4,120L,-27,0.0
374,XKR4,120L,-28,0.0
374,XKR4,120L,-29,0.0
375,IIJR,120L,0,45.0
375,IIJR,120L,-1,39.20402303853
375,IIJR,120L,-2,32.648744794138125
375,IIJR,120L,-3,30.135406477891365
375,IIJR,120L,-4,26.683218316614
375,IIJR,120L,-5,22.99208316058123
375,IIJR,120L,-6,21.596498105623304
375,IIJR,120L,-7,14.997702427911246
375,IIJR,120L,-8,9.844964892543002
375,IIJR,120L,-9,5.932583156194703
375,IIJR,120L,-10,2.0470801400650043
375,IIJR,120L,-11,0.0
375,IIJR,120L,-12,0.0
375,IIJR,120L,-13,0.0
375,IIJR,120L,-14,0.0
375,IIJR,120L,-15,0.0
375,IIJR,120L,-16,0.0
375,IIJR,120L,-17,0.0
375,IIJR,120L,-18,0.0
375,IIJR,120L,-19,0.0
375,IIJR,120L,-20,0.0
375,IIJR,120L,-21,0.0
375,IIJR,120L,-22,0.0
375,IIJR,120L,-23,0.0
375,IIJR,120L,-24,0.0
375,IIJR,120L,-25,0.0
375,IIJR,120L,-26,0.0
375,IIJR,120L,-27,0.0
375,IIJR,120L,-28,0.0
375,IIJR,120L,-29,0.0
376,TSFP,120L,0,5.0
376,TSFP,120L,-1,0.0
376,TSFP,120L,-2,0.0
376,TSFP,120L,-3,0.0
376,TSFP,120L,-4,0.0
376,TSFP,120L,-5,0.0
376,TSFP,120L,-6,0.0
376,TSFP,120L,-7,0.0
376,TSFP,120L,-8,0.0
376,TSFP,120L,-9,0.0
376,TSFP,120L,-10,0.0
376,TSFP,120L,-11,0.0
376,TSFP,120L,-12,0.0
376,TSFP,120L,-13,0.0
376,TSFP,120L,-14,0.0
376,TSFP,120L,-15,0.0
376,TSFP,120L,-16,0.0
376,TSFP,120L,-17,0.0
376,TSFP,120L,-18,0.0
376,TSFP,120L,-19,0.0
376,TSFP,120L,-20,0.0
376,TSFP,120L,-21,0.0
376,TSFP,120L,-22,0.0
376,TSFP,120L,-23,0.6266682537848323
376,TSFP,120L,-24,0.0
376,TSFP,120L,-25,0.0
376,TSFP,120L,-26,0.0
376,TSFP,120L,-27,0.0
376,TSFP,120L,-28,0.0
376,TSFP,120L,-29,0.0
377,TXASO3,120L,0,98.0
377,TXASO3,120L,-1,93.57907063397556
377,TXASO3,120L,-2,87.95332718834472
377,TXASO3,120L,-3,83.54359274651262
377,TXASO3,120L,-4,77.86373044679873
377,TXASO3,120L,-5,74.30433506135493
377,TXASO3,120L,-6,70.78015397368807
377,TXASO3,120L,-7,66.82375292613361
377,TXASO3,120L,-8,61.87322800165499
377,TXASO3,120L,-9,58.06037844881133
377,TXASO3,120L,-10,51.84116848866298
377,TXASO3,120L,-11,48.97162510306498
377,TXASO3,120L,-12,42.98291325944106
377,TXASO3,120L,-13,39.92158015465487
377,TXASO3,120L,-14,34.118831613172894
377,TXASO3,120L,-15,27.88827103865734
377,TXASO3,120L,-16,23.32814923255098
377,TXASO3,120L,-17,18.164178948985974
377,TXASO3,120L,-18,13.837484687576673
377,TXASO3,120L,-19,10.28326932159951
377,TXASO3,120L,-20,2.8443388741045195
377,TXASO3,120L,-21,0.0
377,TXASO3,120L,-22,0.0
377,TXASO3,120L,-23,0.0
377,TXASO3,120L,-24,0.0
377,TXASO3,120L,-25,0.0
377,TXASO3,120L,-26,0.0
377,TXASO3,120L,-27,0.0
377,TXASO3,120L,-28,0.0
377,TXASO3,120L,-29,0.0
378,X2NJ,120L,0,36.0
378,X2NJ,120L,-1,32.82240413783921
378,X2NJ,120L,-2,25.059613704185722
378,X2NJ,120L,-3,20.855299842978148
378,X2NJ,120L,-4,13.824794172616416
378,X2NJ,120L,-5,8.930402652540637
378,X2NJ,120L,-6,4.248632507886001
378,X2NJ,120L,-7,0.0
378,X2NJ,120L,-8,0.0
378,X2NJ,120L,-9,0.0
378,X2NJ,120L,-10,0.0
378,X2NJ,120L,-11,0.0
378,X2NJ,120L,-12,0.0
378,X2NJ,120L,-13,0.0
378,X2NJ,120L,-14,0.0
378,X2NJ,120L,-15,0.0
378,X2NJ,120L,-16,0.0
378,X2NJ,120L,-17,0.0
378,X2NJ,120L,-18,0.0
378,X2NJ,120L,-19,0.0
378,X2NJ,120L,-20,0.0
378,X2NJ,120L,-21,0.0
378,X2NJ,120L,-22,0.0
378,X2NJ,120L,-23,0.0
378,X2NJ,120L,-24,0.0
378,X2NJ,120L,-25,0.0
378,X2NJ,120L,-26,0.0
378,X2NJ,120L,-27,0.0
378,X2NJ,120L,-28,0.0
378,X2NJ,120L,-29,0.0
379,YHSC,120L,0,23.0
379,YHSC,120L,-1,18.72879836871378
379,YHSC,120L,-2,13.976011023987027
379,YHSC,120L,-3,7.981211340753026
379,YHSC,120L,-4,1.9704210936918902
379,YHSC,120L,-5,0.0
379,YHSC,120L,-6,0.0
379,YHSC,120L,-7,0.0
379,YHSC,120L,-8,0.0
379,YHSC,120L,-9,0.0
379,YHSC,120L,-10,0.0
379,YHSC,120L,-11,0.5362794927331072
379,YHSC,120L,-12,0.0
379,YHSC,120L,-13,0.0
379,YHSC,120L,-14,0.0
379,YHSC,120L,-15,0.0
379,YHSC,120L,-16,0.0
379,YHSC,120L,-17,0.0
379,YHSC,120L,-18,0.0
379,YHSC,120L,-19,0.0
379,YHSC,120L,-20,0.0
379,YHSC,120L,-21,0.0
379,YHSC,120L,-22,0.0
379,YHSC,120L,-23,0.0
379,YHSC,120L,-24,0.0
379,YHSC,120L,-25,0.0
379,YHSC,120L,-26,0.0
379,YHSC,120L,-27,0.0
379,YHSC,120L,-28,0.0
379,YHSC,120L,-29,0.0
380,F7J4,120L,0,92.0
380,F7J4,120L,-1,89.97373573288064
380,F7J4,120L,-2,84.94960899348139
380,F7J4,120L,-3,79.81530903945986
380,F7J4,120L,-4,77.39801522441522
380,F7J4,120L,-5,73.0171160109119
380,F7J4,120L,-6,65.10590220035297
380,F7J4,120L,-7,59.92824189671384
380,F7J4,120L,-8,54.57205729568549
380,F7J4,120L,-9,49.90090908526043
380,F7J4,120L,-10,43.5746287551699
380,F7J4,120L,-11,41.53553834684139
380,F7J4,120L,-12,38.74429012043227
380,F7J4,120L,-13,30.648216098236304
380,F7J4,120L,-14,25.24017681930915
380,F7J4,120L,-15,22.14205650674306
380,F7J4,120L,-16,15.085451265702964
380,F7J4,120L,-17,11.259706084928208
380,F7J4,120L,-18,7.217976301275161
380,F7J4,120L,-19,0.0
380,F7J4,120L,-20,0.0
380,F7J4,120L,-21,0.0
380,F7J4,120L,-22,0.0
380,F7J4,120L,-23,0.0
380,F7J4,120L,-24,0.0
380,F7J4,120L,-25,0.0
380,F7J4,120L,-26,0.0
380,F7J4,120L,-27,0.0
380,F7J4,120L,-28,0.0
380,F7J4,120L,-29,0.0
381,LD6EBW,120L,0,45.0
381,LD6EBW,120L,-1,39.600279131592394
381,LD6EBW,120L,-2,34.15100350135267
381,LD6EBW,120L,-3,29.32598262484905
381,LD6EBW,120L,-4,24.54529163280418
381,LD6EBW,120L,-5,19.32600511207721
381,LD6EBW,120L,-6,13.725116747173356
381,LD6EBW,120L,-7,12.863911220629406
381,LD6EBW,120L,-8,8.539261369443222
381,LD6EBW,120L,-9,6.030791496528839
381,LD6EBW,120L,-10,2.7381889032240156
381,LD6EBW,120L,-11,0.0
381,LD6EBW,120L,-12,0.0
381,LD6EBW,120L,-13,0.0
381,LD6EBW,120L,-14,0.0
381,LD6EBW,120L,-15,0.0
381,LD6EBW,120L,-16,0.0
381,LD6EBW,120L,-17,0.0
381,LD6EBW,120L,-18,0.0
381,LD6EBW,120L,-19,0.0
381,LD6EBW,120L,-20,0.0
381,LD6EBW,120L,-21,0.0
381,LD6EBW,120L,-22,0.0
381,LD6EBW,120L,-23,0.0
381,LD6EBW,120L,-24,0.0
381,LD6EBW,120L,-25,0.0
381,LD6EBW,120L,-26,0.0
381,LD6EBW,120L,-27,0.0
381,LD6EBW,120L,-28,0.0
381,LD6EBW,120L,-29,0.0
382,FU5H,120L,0,52.0
382,FU5H,120L,-1,47.293480797219516
382,FU5H,120L,-2,44.26670024407148
382,FU5H,120L,-3,38.14621874359216
382,FU5H,120L,-4,35.367564074097295
382,FU5H,120L,-5,29.325242241909955
382,FU5H,120L,-6,24.370194944137122
382,FU5H,120L,-7,19.55707861837483
382,FU5H,120L,-8,14.897429136628393
382,FU5H,120L,-9,11.767597125825622
382,FU5H,120L,-10,7.965592957932773
382,FU5H,120L,-11,5.560073875204543
382,FU5H,120L,-12,0.8956880375016525
382,FU5H,120L,-13,0.0
382,FU5H,120L,-14,0.0
382,FU5H,120L,-15,0.0
382,FU5H,120L,-16,0.0
382,FU5H,120L,-17,0.0
382,FU5H,120L,-18,0.0
382,FU5H,120L,-19,0.0
382,FU5H,120L,-20,0.0
382,FU5H,120L,-21,0.0
382,FU5H,120L,-22,0.0
382,FU5H,120L,-23,0.0
382,FU5H,120L,-24,0.0
382,FU5H,120L,-25,0.0
382,FU5H,120L,-26,0.0
382,FU5H,120L,-27,0.0
382,FU5H,120L,-28,0.0
382,FU5H,120L,-29,0.0
383,GODE,120L,0,94.0
383,GODE,120L,-1,87.78139909535307
383,GODE,120L,-2,83.2198440441762
383,GODE,120L,-3,78.47368477160161
383,GODE,120L,-4,79.12962891159614
383,GODE,120L,-5,75.87955268781627
383,GODE,120L,-6,72.50474945396479
383,GODE,120L,-7,65.7129406710628
383,GODE,120L,-8,61.16188755786686
383,GODE,120L,-9,57.3094850682627
383,GODE,120L,-10,50.03839091640192
383,GODE,120L,-11,46.962520309258565
383,GODE,120L,-12,40.57141774849763
383,GODE,120L,-13,33.928198662081606
383,GODE,120L,-14,30.642179133737248
383,GODE,120L,-15,26.846267331291124
383,GODE,120L,-16,22.174613096247615
383,GODE,120L,-17,14.934841818418136
383,GODE,120L,-18,11.77919357004625
383,GODE,120L,-19,9.223827113037478
383,GODE,120L,-20,4.32006743678128
383,GODE,120L,-21,1.9366140328638193
383,GODE,120L,-22,0.0
383,GODE,120L,-23,0.0
383,GODE,120L,-24,0.0
383,GODE,120L,-25,0.0
383,GODE,120L,-26,0.0
383,GODE,120L,-27,0.0
383,GODE,120L,-28,0.0
383,GODE,120L,-29,0.0
384,F64N,120L,0,98.0
384,F64N,120L,-1,94.29764162613193
384,F64N,120L,-2,91.03625425632634
384,F64N,120L,-3,86.85481159836284
384,F64N,120L,-4,83.35388920044079
384,F64N,120L,-5,78.38918874185333
384,F64N,120L,-6,74.66996977162083
384,F64N,120L,-7,72.38422273110287
384,F64N,120L,-8,66.97761719593177
384,F64N,120L,-9,64.91005395935677
384,F64N,120L,-10,57.47886822785991
384,F64N,120L,-11,52.70924874922707
384,F64N,120L,-12,51.414578596678744
384,F64N,120L,-13,45.22628914420529
384,F64N,120L,-14,42.47645824615376
384,F64N,120L,-15,36.45604069234011
384,F64N,120L,-16,33.39606608178097
384,F64N,120L,-17,29.61894300698724
384,F64N,120L,-18,22.017271760676444
384,F64N,120L,-19,16.674794638400265
384,F64N,120L,-20,13.94699023724859
384,F64N,120L,-21,11.37629210188119
384,F64N,120L,-22,8.950039639353083
384,F64N,120L,-23,5.425349620998599
384,F64N,120L,-24,3.1519231709534594
384,F64N,120L,-25,1.2217632454799814
384,F64N,120L,-26,0.0
384,F64N,120L,-27,0.0
384,F64N,120L,-28,0.0
384,F64N,120L,-29,0.0
385,RRX4RQ,120L,0,59.0
385,RRX4RQ,120L,-1,55.41927966673976
385,RRX4RQ,120L,-2,51.329196972339666
385,RRX4RQ,120L,-3,45.489940492358116
385,RRX4RQ,120L,-4,40.1825799010506
385,RRX4RQ,120L,-5,35.34667727969678
385,RRX4RQ,120L,-6,28.394646884640256
385,RRX4RQ,120L,-7,21.73000467508748
385,RRX4RQ,120L,-8,17.073085753383058
385,RRX4RQ,120L,-9,12.954991137034867
385,RRX4RQ,120L,-10,9.712952839964922
385,RRX4RQ,120L,-11,3.6752349390075505
385,RRX4RQ,120L,-12,0.0
385,RRX4RQ,120L,-13,0.0
385,RRX4RQ,120L,-14,0.0
385,RRX4RQ,120L,-15,0.0
385,RRX4RQ,120L,-16,0.0
385,RRX4RQ,120L,-17,0.0
385,RRX4RQ,120L,-18,0.0
385,RRX4RQ,120L,-19,0.0
385,RRX4RQ,120L,-20,0.0
385,RRX4RQ,120L,-21,0.0
385,RRX4RQ,120L,-22,0.0
385,RRX4RQ,120L,-23,0.0
385,RRX4RQ,120L,-24,0.0
385,RRX4RQ,120L,-25,0.0
385,RRX4RQ,120L,-26,0.0
385,RRX4RQ,120L,-27,0.0
385,RRX4RQ,120L,-28,0.0
385,RRX4RQ,120L,-29,0.0
386,54YS,120L,0,96.0
386,54YS,120L,-1,95.01067160744779
386,54YS,120L,-2,90.20421074510894
386,54YS,120L,-3,88.4864331074046
386,54YS,120L,-4,84.65400975338456
386,54YS,120L,-5,79.74227374730326
386,54YS,120L,-6,77.94938366885812
386,54YS,120L,-7,72.7314054583344
386,54YS,120L,-8,67.94892146629769
386,54YS,120L,-9,59.89073997591347
386,54YS,120L,-10,52.682474357750365
386,54YS,120L,-11,47.19428382824235
386,54YS,120L,-12,42.41601090579106
386,54YS,120L,-13,38.76341547196836
386,54YS,120L,-14,32.790600857607124
386,54YS,120L,-15,28.59197472139767
386,54YS,120L,-16,24.64044180511329
386,54YS,120L,-17,21.540276153554267
386,54YS,120L,-18,17.12321914714304
386,54YS,120L,-19,13.56764025324754
386,54YS,120L,-20,11.520432395295284
386,54YS,120L,-21,5.276859025298665
386,54YS,120L,-22,2.680735327272189
386,54YS,120L,-23,0.0
386,54YS,120L,-24,0.0
386,54YS,120L,-25,0.0
386,54YS,120L,-26,0.0
386,54YS,120L,-27,0.0
386,54YS,120L,-28,0.0
386,54YS,120L,-29,0.0
387,227VKI,120L,0,62.0
387,227VKI,120L,-1,55.61638703342703
387,227VKI,120L,-2,50.58116779046669
387,227VKI,120L,-3,49.43586302542805
387,227VKI,120L,-4,46.12705184869531
387,227VKI,120L,-5,43.3294229906302
387,227VKI,120L,-6,38.83915221988316
387,227VKI,120L,-7,31.845814913084162
387,227VKI,120L,-8,24.149615232305862
387,227VKI,120L,-9,21.33251357395392
387,227VKI,120L,-10,15.259814204501968
387,227VKI,120L,-11,13.384791777897995
387,227VKI,120L,-12,10.136570725979695
387,227VKI,120L,-13,7.717517157746097
387,227VKI,120L,-14,2.0402864995755743
387,227VKI,120L,-15,0.0
387,227VKI,120L,-16,0.0
387,227VKI,120L,-17,0.0
387,227VKI,120L,-18,0.0
387,227VKI,120L,-19,0.0
387,227VKI,120L,-20,0.0
387,227VKI,120L,-21,0.0
387,227VKI,120L,-22,0.0
387,227VKI,120L,-23,0.0
387,227VKI,120L,-24,0.0
387,227VKI,120L,-25,0.0
387,227VKI,120L,-26,0.0
387,227VKI,120L,-27,0.0
387,227VKI,120L,-28,0.0
387,227VKI,120L,-29,0.0
388,F376,120L,0,84.0
388,F376,120L,-1,82.44929064838469
388,F376,120L,-2,80.99919172808669
388,F376,120L,-3,77.92238355780046
388,F376,120L,-4,73.3028688659692
388,F376,120L,-5,69.19786869656535
388,F376,120L,-6,63.21645026727157
388,F376,120L,-7,57.85382562169159
388,F376,120L,-8,54.377012674947096
388,F376,120L,-9,51.11391154704725
388,F376,120L,-10,47.25461969751685
388,F376,120L,-11,41.00849075979406
388,F376,120L,-12,36.8821854558675
388,F376,120L,-13,33.68791074803528
388,F376,120L,-14,28.312727703641908
388,F376,120L,-15,20.381924659501937
388,F376,120L,-16,16.911032658124046
388,F376,120L,-17,11.677315519622725
388,F376,120L,-18,4.28188871107931
388,F376,120L,-19,0.12330434340963148
388,F376,120L,-20,0.0
388,F376,120L,-21,0.0
388,F376,120L,-22,0.0
388,F376,120L,-23,0.0
388,F376,120L,-24,0.0
388,F376,120L,-25,0.0
388,F376,120L,-26,0.0
388,F376,120L,-27,0.35013255112003616
388,F376,120L,-28,0.0
388,F376,120L,-29,0.0
389,3X5QFQ,120L,0,31.0
389,3X5QFQ,120L,-1,25.456962714129933
389,3X5QFQ,120L,-2,21.886246677125726
389,3X5QFQ,120L,-3,15.684347323243223
389,3X5QFQ,120L,-4,10.31206217375363
389,3X5QFQ,120L,-5,5.726934609101156
389,3X5QFQ,120L,-6,4.5183009723026615
389,3X5QFQ,120L,-7,0.0
389,3X5QFQ,120L,-8,0.0
389,3X5QFQ,120L,-9,0.0
389,3X5QFQ,120L,-10,0.0
389,3X5QFQ,120L,-11,0.0
389,3X5QFQ,120L,-12,0.0
389,3X5QFQ,120L,-13,0.0
389,3X5QFQ,120L,-14,0.0
389,3X5QFQ,120L,-15,0.0
389,3X5QFQ,120L,-16,0.0
389,3X5QFQ,120L,-17,0.0
389,3X5QFQ,120L,-18,0.0
389,3X5QFQ,120L,-19,0.0
389,3X5QFQ,120L,-20,0.0
389,3X5QFQ,120L,-21,0.0
389,3X5QFQ,120L,-22,0.0
389,3X5QFQ,120L,-23,0.0
389,3X5QFQ,120L,-24,0.0
389,3X5QFQ,120L,-25,0.0
389,3X5QFQ,120L,-26,0.0
389,3X5QFQ,120L,-27,0.0
389,3X5QFQ,120L,-28,0.0
389,3X5QFQ,120L,-29,0.0
390,3SWQ2K,120L,0,86.0
390,3SWQ2K,120L,-1,81.56942670406501
390,3SWQ2K,120L,-2,74.4433479599741
390,3SWQ2K,120L,-3,72.83755186983406
390,3SWQ2K,120L,-4,65.75918538295647
390,3SWQ2K,120L,-5,63.53722284654764
390,3SWQ2K,120L,-6,60.148040324955666
390,3SWQ2K,120L,-7,53.13531629627211
390,3SWQ2K,120L,-8,51.76083485124819
390,3SWQ2K,120L,-9,43.83060705292235
390,3SWQ2K,120L,-10,41.33385925509292
390,3SWQ2K,120L,-11,34.863312099824626
390,3SWQ2K,120L,-12,28.740521030125212
390,3SWQ2K,120L,-13,22.87170035850017
390,3SWQ2K,120L,-14,16.304025800159856
390,3SWQ2K,120L,-15,13.951078484309388
390,3SWQ2K,120L,-16,11.312808492489838
390,3SWQ2K,120L,-17,8.454590045867317
390,3SWQ2K,120L,-18,2.8500564774767514
390,3SWQ2K,120L,-19,0.0
390,3SWQ2K,120L,-20,0.0
390,3SWQ2K,120L,-21,0.0
390,3SWQ2K,120L,-22,0.0
390,3SWQ2K,120L,-23,0.0
390,3SWQ2K,120L,-24,0.0
390,3SWQ2K,120L,-25,0.0
390,3SWQ2K,120L,-26,0.0
390,3SWQ2K,120L,-27,0.0
390,3SWQ2K,120L,-28,0.0
390,3SWQ2K,120L,-29,0.0
391,EXYR,120L,0,32.0
391,EXYR,120L,-1,24.71029741270147
391,EXYR,120L,-2,19.13610947087019
391,EXYR,120L,-3,16.513050028063034
391,EXYR,120L,-4,13.286787356853376
391,EXYR,120L,-5,8.668172663568606
391,EXYR,120L,-6,0.8612967187714764
391,EXYR,120L,-7,0.0
391,EXYR,120L,-8,0.0
391,EXYR,120L,-9,0.0
391,EXYR,120L,-10,0.0
391,EXYR,120L,-11,0.0
391,EXYR,120L,-12,0.0
391,EXYR,120L,-13,0.0
391,EXYR,120L,-14,0.0
391,EXYR,120L,-15,0.0
391,EXYR,120L,-16,0.0
391,EXYR,120L,-17,0.0
391,EXYR,120L,-18,0.0
391,EXYR,120L,-19,0.0
391,EXYR,120L,-20,0.0
391,EXYR,120L,-21,0.0
391,EXYR,120L,-22,0.0
391,EXYR,120L,-23,0.0
391,EXYR,120L,-24,0.0
391,EXYR,120L,-25,0.0
391,EXYR,120L,-26,0.0
391,EXYR,120L,-27,0.0
391,EXYR,120L,-28,0.0
391,EXYR,120L,-29,0.0
392,ECGQHK,240L,0,66.0
392,ECGQHK,240L,-1,61.946967164692886
392,ECGQHK,240L,-2,55.4483400489186
392,ECGQHK,240L,-3,50.12950854429001
392,ECGQHK,240L,-4,44.0858557696869
392,ECGQHK,240L,-5,40.79512724528265
392,ECGQHK,240L,-6,36.912178669467934
392,ECGQHK,240L,-7,30.815829372212185
392,ECGQHK,240L,-8,23.698034689497405
392,ECGQHK,240L,-9,17.684133356987957
392,ECGQHK,240L,-10,11.867645174111738
392,ECGQHK,240L,-11,5.3043130456788
392,ECGQHK,240L,-12,0.0
392,ECGQHK,240L,-13,0.0
392,ECGQHK,240L,-14,0.0
392,ECGQHK,240L,-15,0.0
392,ECGQHK,240L,-16,0.0
392,ECGQHK,240L,-17,0.0
392,ECGQHK,240L,-18,0.0
392,ECGQHK,240L,-19,0.0
392,ECGQHK,240L,-20,0.0
392,ECGQHK,240L,-21,0.0
392,ECGQHK,240L,-22,0.0
392,ECGQHK,240L,-23,0.0
392,ECGQHK,240L,-24,0.0
392,ECGQHK,240L,-25,0.0
392,ECGQHK,240L,-26,0.0
392,ECGQHK,240L,-27,0.0
392,ECGQHK,240L,-28,0.0
392,ECGQHK,240L,-29,0.0
393,57CM,120L,0,17.0
393,57CM,120L,-1,11.694054684619829
393,57CM,120L,-2,4.0539747072819985
393,57CM,120L,-3,0.0
393,57CM,120L,-4,0.0
393,57CM,120L,-5,0.0
393,57CM,120L,-6,0.0
393,57CM,120L,-7,0.0
393,57CM,120L,-8,0.0
393,57CM,120L,-9,0.0
393,57CM,120L,-10,0.0
393,57CM,120L,-11,0.0
393,57CM,120L,-12,0.0
393,57CM,120L,-13,0.0
393,57CM,120L,-14,0.0
393,57CM,120L,-15,0.0
393,57CM,120L,-16,0.0
393,57CM,120L,-17,0.0
393,57CM,120L,-18,0.0
393,57CM,120L,-19,0.0
393,57CM,120L,-20,0.0
393,57CM,120L,-21,0.0
393,57CM,120L,-22,0.0
393,57CM,120L,-23,0.0
393,57CM,120L,-24,0.0
393,57CM,120L,-25,0.0
393,57CM,120L,-26,0.0
393,57CM,120L,-27,0.0
393,57CM,120L,-28,0.0
393,57CM,120L,-29,0.0
394,DKB6,120L,0,24.0
394,DKB6,120L,-1,18.671457767279083
394,DKB6,120L,-2,12.4022396661526
394,DKB6,120L,-3,7.96211054582824
394,DKB6,120L,-4,1.4512109277071854
394,DKB6,120L,-5,0.8636746965572542
394,DKB6,120L,-6,0.0
394,DKB6,120L,-7,0.0
394,DKB6,120L,-8,0.0
394,DKB6,120L,-9,0.0
394,DKB6,120L,-10,0.0
394,DKB6,120L,-11,0.0
394,DKB6,120L,-12,0.0
394,DKB6,120L,-13,0.0
394,DKB6,120L,-14,0.0
394,DKB6,120L,-15,0.0
394,DKB6,120L,-16,0.0
394,DKB6,120L,-17,0.0
394,DKB6,120L,-18,0.0
394,DKB6,120L,-19,0.0
394,DKB6,120L,-20,0.0
394,DKB6,120L,-21,0.0
394,DKB6,120L,-22,0.0
394,DKB6,120L,-23,0.0
394,DKB6,120L,-24,0.0
394,DKB6,120L,-25,0.0
394,DKB6,120L,-26,0.0
394,DKB6,120L,-27,0.0
394,DKB6,120L,-28,0.0
394,DKB6,120L,-29,0.0
395,GQCD,120L,0,94.0
395,GQCD,120L,-1,86.33084489757988
395,GQCD,120L,-2,82.04100368810337
395,GQCD,120L,-3,77.82825860232883
395,GQCD,120L,-4,72.35634117976164
395,GQCD,120L,-5,70.23084216031782
395,GQCD,120L,-6,67.62387418341874
395,GQCD,120L,-7,65.14376139115272
395,GQCD,120L,-8,62.780295518949195
395,GQCD,120L,-9,60.206029915366045
395,GQCD,120L,-10,56.50717688326652
395,GQCD,120L,-11,52.904205361742775
395,GQCD,120L,-12,48.62967341487303
395,GQCD,120L,-13,45.85136471014233
395,GQCD,120L,-14,40.577053954622286
395,GQCD,120L,-15,33.3380683869395
395,GQCD,120L,-16,29.79463610809442
395,GQCD,120L,-17,23.265346335818307
395,GQCD,120L,-18,21.348557345761776
395,GQCD,120L,-19,13.91648943255841
395,GQCD,120L,-20,8.211948364739753
395,GQCD,120L,-21,4.081276875655491
395,GQCD,120L,-22,0.0
395,GQCD,120L,-23,0.0
395,GQCD,120L,-24,0.0
395,GQCD,120L,-25,0.0
395,GQCD,120L,-26,0.0
395,GQCD,120L,-27,0.0
395,GQCD,120L,-28,0.0
395,GQCD,120L,-29,0.0
396,BWSI,120L,0,53.0
396,BWSI,120L,-1,52.9691372392381
396,BWSI,120L,-2,48.195617188431164
396,BWSI,120L,-3,42.89670020601708
396,BWSI,120L,-4,38.20990714855013
396,BWSI,120L,-5,32.352773802091185
396,BWSI,120L,-6,30.055382541440185
396,BWSI,120L,-7,25.833182570978433
396,BWSI,120L,-8,20.18853232852819
396,BWSI,120L,-9,12.23323137354112
396,BWSI,120L,-10,8.001625914240138
396,BWSI,120L,-11,5.381144266496542
396,BWSI,120L,-12,1.144770889863373
396,BWSI,120L,-13,0.0
396,BWSI,120L,-14,0.0
396,BWSI,120L,-15,0.0
396,BWSI,120L,-16,0.0
396,BWSI,120L,-17,0.0
396,BWSI,120L,-18,0.0
396,BWSI,120L,-19,0.0
396,BWSI,120L,-20,0.0
396,BWSI,120L,-21,0.0
396,BWSI,120L,-22,0.0
396,BWSI,120L,-23,0.0
396,BWSI,120L,-24,0.0
396,BWSI,120L,-25,0.0
396,BWSI,120L,-26,0.0
396,BWSI,120L,-27,0.0
396,BWSI,120L,-28,0.0
396,BWSI,120L,-29,0.0
397,IEIH,120L,0,57.0
397,IEIH,120L,-1,52.02089307080966
397,IEIH,120L,-2,49.08772271164492
397,IEIH,120L,-3,45.79358068838646
397,IEIH,120L,-4,38.80138890986017
397,IEIH,120L,-5,33.07723487262155
397,IEIH,120L,-6,30.939484446459353
397,IEIH,120L,-7,25.35452225577701
397,IEIH,120L,-8,19.8657820522873
397,IEIH,120L,-9,15.442861969082799
397,IEIH,120L,-10,7.210918342597251
397,IEIH,120L,-11,3.3116799025270516
397,IEIH,120L,-12,0.0
397,IEIH,120L,-13,0.0
397,IEIH,120L,-14,0.0
397,IEIH,120L,-15,0.0
397,IEIH,120L,-16,0.0
397,IEIH,120L,-17,0.0
397,IEIH,120L,-18,0.0
397,IEIH,120L,-19,0.0
397,IEIH,120L,-20,0.0
397,IEIH,120L,-21,0.0
397,IEIH,120L,-22,0.0
397,IEIH,120L,-23,0.0
397,IEIH,120L,-24,0.0
397,IEIH,120L,-25,0.0
397,IEIH,120L,-26,0.0
397,IEIH,120L,-27,0.0
397,IEIH,120L,-28,0.0
397,IEIH,120L,-29,0.0
398,VHIH,120L,0,66.0
398,VHIH,120L,-1,60.56302725163632
398,VHIH,120L,-2,54.15073793806322
398,VHIH,120L,-3,48.2836565908289
398,VHIH,120L,-4,44.60002340771065
398,VHIH,120L,-5,38.50512065795024
398,VHIH,120L,-6,32.482752601854166
398,VHIH,120L,-7,28.614874837817997
398,VHIH,120L,-8,24.21765187725783
398,VHIH,120L,-9,22.10948346160074
398,VHIH,120L,-10,15.201623032364932
398,VHIH,120L,-11,9.084230267586394
398,VHIH,120L,-12,1.2391514935890502
398,VHIH,120L,-13,0.0
398,VHIH,120L,-14,0.0
398,VHIH,120L,-15,0.0
398,VHIH,120L,-16,0.0
398,VHIH,120L,-17,0.0
398,VHIH,120L,-18,0.0
398,VHIH,120L,-19,0.0
398,VHIH,120L,-20,0.0
398,VHIH,120L,-21,0.0
398,VHIH,120L,-22,0.0
398,VHIH,120L,-23,0.0
398,VHIH,120L,-24,0.0
398,VHIH,120L,-25,0.0
398,VHIH,120L,-26,0.0
398,VHIH,120L,-27,0.0
398,VHIH,120L,-28,0.0
398,VHIH,120L,-29,0.0
399,EMLY,120L,0,45.0
399,EMLY,120L,-1,40.394109848808405
399,EMLY,120L,-2,32.07772701173448
399,EMLY,120L,-3,25.93618162588637
399,EMLY,120L,-4,22.453907748826996
399,EMLY,120L,-5,15.88389914706788
399,EMLY,120L,-6,12.04588922071707
399,EMLY,120L,-7,5.588260710924533
399,EMLY,120L,-8,0.8325847603239376
399,EMLY,120L,-9,0.0
399,EMLY,120L,-10,0.0
399,EMLY,120L,-11,0.0
399,EMLY,120L,-12,0.0
399,EMLY,120L,-13,0.0
399,EMLY,120L,-14,0.0
399,EMLY,120L,-15,0.0
399,EMLY,120L,-16,0.0
399,EMLY,120L,-17,0.0
399,EMLY,120L,-18,0.0
399,EMLY,120L,-19,0.0
399,EMLY,120L,-20,0.0
399,EMLY,120L,-21,0.0
399,EMLY,120L,-22,0.0
399,EMLY,120L,-23,0.0
399,EMLY,120L,-24,0.0
399,EMLY,120L,-25,0.0
399,EMLY,120L,-26,0.0
399,EMLY,120L,-27,0.0
399,EMLY,120L,-28,0.0
399,EMLY,120L,-29,0.0
400,EP3I,120L,0,23.0
400,EP3I,120L,-1,16.71507359991364
400,EP3I,120L,-2,13.240711940836384
400,EP3I,120L,-3,7.27546411552818
400,EP3I,120L,-4,1.0423235232909742
400,EP3I,120L,-5,0.0
400,EP3I,120L,-6,0.0
400,EP3I,120L,-7,0.0
400,EP3I,120L,-8,0.0
400,EP3I,120L,-9,0.0
400,EP3I,120L,-10,0.0
400,EP3I,120L,-11,0.0
400,EP3I,120L,-12,0.0
400,EP3I,120L,-13,0.0
400,EP3I,120L,-14,0.0
400,EP3I,120L,-15,0.0
400,EP3I,120L,-16,0.0
400,EP3I,120L,-17,0.0
400,EP3I,120L,-18,0.0
400,EP3I,120L,-19,0.0
400,EP3I,120L,-20,0.0
400,EP3I,120L,-21,0.0
400,EP3I,120L,-22,0.0
400,EP3I,120L,-23,0.0
400,EP3I,120L,-24,0.0
400,EP3I,120L,-25,0.0
400,EP3I,120L,-26,0.0
400,EP3I,120L,-27,0.0
400,EP3I,120L,-28,0.0
400,EP3I,120L,-29,0.0
401,CODXPK,120L,0,31.0
401,CODXPK,120L,-1,25.54618337089446
401,CODXPK,120L,-2,19.203575752187675
401,CODXPK,120L,-3,14.34729176888442
401,CODXPK,120L,-4,12.370557555807373
401,CODXPK,120L,-5,7.063313184524246
401,CODXPK,120L,-6,3.3526884505501218
401,CODXPK,120L,-7,0.2997722698504547
401,CODXPK,120L,-8,0.0
401,CODXPK,120L,-9,0.0
401,CODXPK,120L,-10,0.0
401,CODXPK,120L,-11,0.0
401,CODXPK,120L,-12,0.0
401,CODXPK,120L,-13,0.0
401,CODXPK,120L,-14,0.0
401,CODXPK,120L,-15,0.0
401,CODXPK,120L,-16,0.0
401,CODXPK,120L,-17,0.0
401,CODXPK,120L,-18,0.0
401,CODXPK,120L,-19,0.0
401,CODXPK,120L,-20,0.0
401,CODXPK,120L,-21,0.0
401,CODXPK,120L,-22,0.0
401,CODXPK,120L,-23,0.0
401,CODXPK,120L,-24,0.0
401,CODXPK,120L,-25,0.0
401,CODXPK,120L,-26,0.0
401,CODXPK,120L,-27,0.0
401,CODXPK,120L,-28,0.0
401,CODXPK,120L,-29,0.0
402,AUAARV,240L,0,46.0
402,AUAARV,240L,-1,42.85520141084174
402,AUAARV,240L,-2,36.38728665575845
402,AUAARV,240L,-3,31.22382064501233
402,AUAARV,240L,-4,25.636848281967943
402,AUAARV,240L,-5,19.369881111340984
402,AUAARV,240L,-6,17.296606593958316
402,AUAARV,240L,-7,13.852292789522377
402,AUAARV,240L,-8,6.410287414078078
402,AUAARV,240L,-9,0.14728989535947112
402,AUAARV,240L,-10,0.0
402,AUAARV,240L,-11,0.0
402,AUAARV,240L,-12,0.0
402,AUAARV,240L,-13,0.0
402,AUAARV,240L,-14,0.0
402,AUAARV,240L,-15,0.0
402,AUAARV,240L,-16,0.0
402,AUAARV,240L,-17,0.0
402,AUAARV,240L,-18,0.0
402,AUAARV,240L,-19,0.0
402,AUAARV,240L,-20,0.0
402,AUAARV,240L,-21,0.0
402,AUAARV,240L,-22,0.0
402,AUAARV,240L,-23,0.0
402,AUAARV,240L,-24,0.0
402,AUAARV,240L,-25,0.0
402,AUAARV,240L,-26,0.0
402,AUAARV,240L,-27,0.0
402,AUAARV,240L,-28,0.0
402,AUAARV,240L,-29,0.0
403,5NWM,120L,0,85.0
403,5NWM,120L,-1,77.89534775514872
403,5NWM,120L,-2,73.13898266445342
403,5NWM,120L,-3,66.74108688426888
403,5NWM,120L,-4,63.64934031685912
403,5NWM,120L,-5,57.102255112132354
403,5NWM,120L,-6,52.182680103685406
403,5NWM,120L,-7,47.53601365482748
403,5NWM,120L,-8,42.753913538194745
403,5NWM,120L,-9,40.239962084527804
403,5NWM,120L,-10,34.82545145152306
403,5NWM,120L,-11,28.796436370013417
403,5NWM,120L,-12,23.674381644729948
403,5NWM,120L,-13,18.135215092211332
403,5NWM,120L,-14,17.663545481474777
403,5NWM,120L,-15,14.512759373994953
403,5NWM,120L,-16,11.034836424521288
403,5NWM,120L,-17,7.794143891060855
403,5NWM,120L,-18,1.9987215845058048
403,5NWM,120L,-19,0.0
403,5NWM,120L,-20,0.0
403,5NWM,120L,-21,0.0
403,5NWM,120L,-22,0.0
403,5NWM,120L,-23,0.0
403,5NWM,120L,-24,0.0
403,5NWM,120L,-25,0.9000541606727097
403,5NWM,120L,-26,0.0
403,5NWM,120L,-27,0.0
403,5NWM,120L,-28,0.0
403,5NWM,120L,-29,0.0
404,H43MHV,120L,0,22.0
404,H43MHV,120L,-1,18.890081384255847
404,H43MHV,120L,-2,16.46357424738237
404,H43MHV,120L,-3,12.121302559505525
404,H43MHV,120L,-4,8.934638007621356
404,H43MHV,120L,-5,3.446148624552152
404,H43MHV,120L,-6,0.0
404,H43MHV,120L,-7,0.0
404,H43MHV,120L,-8,0.0
404,H43MHV,120L,-9,0.0
404,H43MHV,120L,-10,0.0
404,H43MHV,120L,-11,0.0
404,H43MHV,120L,-12,0.0
404,H43MHV,120L,-13,0.0
404,H43MHV,120L,-14,0.0
404,H43MHV,120L,-15,0.0
404,H43MHV,120L,-16,0.0
404,H43MHV,120L,-17,0.0
404,H43MHV,120L,-18,0.0
404,H43MHV,120L,-19,0.0
404,H43MHV,120L,-20,0.0
404,H43MHV,120L,-21,0.0
404,H43MHV,120L,-22,0.0
404,H43MHV,120L,-23,0.0
404,H43MHV,120L,-24,0.0
404,H43MHV,120L,-25,0.0
404,H43MHV,120L,-26,0.0
404,H43MHV,120L,-27,0.0
404,H43MHV,120L,-28,0.0
404,H43MHV,120L,-29,0.0
405,62BG,120L,0,65.0
405,62BG,120L,-1,61.440993689614636
405,62BG,120L,-2,60.18294128750499
405,62BG,120L,-3,51.98080608603651
405,62BG,120L,-4,47.4616534848025
405,62BG,120L,-5,42.705927650220275
405,62BG,120L,-6,40.16848215446479
405,62BG,120L,-7,39.050777657443035
405,62BG,120L,-8,34.63873100740748
405,62BG,120L,-9,31.848851635239605
405,62BG,120L,-10,27.27555356980003
405,62BG,120L,-11,21.364539522241405
405,62BG,120L,-12,18.46944150601617
405,62BG,120L,-13,12.612263750398455
405,62BG,120L,-14,8.780815462217971
405,62BG,120L,-15,5.7911110019862315
405,62BG,120L,-16,2.6877253504342176
405,62BG,120L,-17,0.0
405,62BG,120L,-18,0.0
405,62BG,120L,-19,0.0
405,62BG,120L,-20,0.0
405,62BG,120L,-21,0.0
405,62BG,120L,-22,0.0
405,62BG,120L,-23,0.0
405,62BG,120L,-24,0.0
405,62BG,120L,-25,0.0
405,62BG,120L,-26,0.0
405,62BG,120L,-27,0.0
405,62BG,120L,-28,0.0
405,62BG,120L,-29,0.0
406,7PMF,120L,0,26.0
406,7PMF,120L,-1,19.848229068519334
406,7PMF,120L,-2,15.500941054519735
406,7PMF,120L,-3,11.654643956805353
406,7PMF,120L,-4,5.869684628579414
406,7PMF,120L,-5,0.5961893428354914
406,7PMF,120L,-6,0.0
406,7PMF,120L,-7,0.0
406,7PMF,120L,-8,0.0
406,7PMF,120L,-9,0.0
406,7PMF,120L,-10,0.0
406,7PMF,120L,-11,0.0
406,7PMF,120L,-12,0.0
406,7PMF,120L,-13,0.0
406,7PMF,120L,-14,0.0
406,7PMF,120L,-15,0.0
406,7PMF,120L,-16,0.0
406,7PMF,120L,-17,0.0
406,7PMF,120L,-18,0.0
406,7PMF,120L,-19,0.0
406,7PMF,120L,-20,0.0
406,7PMF,120L,-21,0.0
406,7PMF,120L,-22,0.0
406,7PMF,120L,-23,0.0
406,7PMF,120L,-24,0.0
406,7PMF,120L,-25,0.0
406,7PMF,120L,-26,0.0
406,7PMF,120L,-27,0.0
406,7PMF,120L,-28,0.0
406,7PMF,120L,-29,0.0
407,4PS6,120L,0,1.0
407,4PS6,120L,-1,0.0
407,4PS6,120L,-2,0.0
407,4PS6,120L,-3,0.0
407,4PS6,120L,-4,0.0
407,4PS6,120L,-5,0.0
407,4PS6,120L,-6,0.0
407,4PS6,120L,-7,0.0
407,4PS6,120L,-8,0.0
407,4PS6,120L,-9,0.0
407,4PS6,120L,-10,0.0
407,4PS6,120L,-11,0.0
407,4PS6,120L,-12,0.0
407,4PS6,120L,-13,0.0
407,4PS6,120L,-14,0.0
407,4PS6,120L,-15,0.0
407,4PS6,120L,-16,0.0
407,4PS6,120L,-17,0.0
407,4PS6,120L,-18,0.0
407,4PS6,120L,-19,0.0
407,4PS6,120L,-20,0.0
407,4PS6,120L,-21,0.0
407,4PS6,120L,-22,0.0
407,4PS6,120L,-23,0.0
407,4PS6,120L,-24,0.0
407,4PS6,120L,-25,0.0
407,4PS6,120L,-26,0.0
407,4PS6,120L,-27,0.0
407,4PS6,120L,-28,0.0
407,4PS6,120L,-29,0.0
408,K6XJ,120L,0,89.0
408,K6XJ,120L,-1,83.51499531811322
408,K6XJ,120L,-2,79.83175147048532
408,K6XJ,120L,-3,78.12805124916771
408,K6XJ,120L,-4,74.03708212591947
408,K6XJ,120L,-5,69.33004286917104
408,K6XJ,120L,-6,65.8879474146229
408,K6XJ,120L,-7,61.54391618474247
408,K6XJ,120L,-8,59.108770241441384
408,K6XJ,120L,-9,55.08911175431375
408,K6XJ,120L,-10,54.1489130115237
408,K6XJ,120L,-11,50.461998490380296
408,K6XJ,120L,-12,47.43376555913962
408,K6XJ,120L,-13,41.48991124782119
408,K6XJ,120L,-14,37.5537139707846
408,K6XJ,120L,-15,33.245600343096186
408,K6XJ,120L,-16,29.594447857848607
408,K6XJ,120L,-17,24.938467549703173
408,K6XJ,120L,-18,17.830425099693596
408,K6XJ,120L,-19,14.424795386154482
408,K6XJ,120L,-20,10.084474272206972
408,K6XJ,120L,-21,5.899507603804307
408,K6XJ,120L,-22,0.8776327138813956
408,K6XJ,120L,-23,0.0
408,K6XJ,120L,-24,0.0
408,K6XJ,120L,-25,0.0
408,K6XJ,120L,-26,0.0
408,K6XJ,120L,-27,0.0
408,K6XJ,120L,-28,0.0
408,K6XJ,120L,-29,0.0
409,N2M7,120L,0,16.0
409,N2M7,120L,-1,13.562129087142795
409,N2M7,120L,-2,8.091526472730203
409,N2M7,120L,-3,1.7816215286744326
409,N2M7,120L,-4,0.0
409,N2M7,120L,-5,0.0
409,N2M7,120L,-6,0.0
409,N2M7,120L,-7,0.0
409,N2M7,120L,-8,0.0
409,N2M7,120L,-9,0.0
409,N2M7,120L,-10,0.0
409,N2M7,120L,-11,0.0
409,N2M7,120L,-12,0.0
409,N2M7,120L,-13,0.0
409,N2M7,120L,-14,0.0
409,N2M7,120L,-15,0.0
409,N2M7,120L,-16,0.0
409,N2M7,120L,-17,0.0
409,N2M7,120L,-18,0.0
409,N2M7,120L,-19,0.0
409,N2M7,120L,-20,0.0
409,N2M7,120L,-21,0.0
409,N2M7,120L,-22,0.0
409,N2M7,120L,-23,0.0
409,N2M7,120L,-24,0.0
409,N2M7,120L,-25,0.0
409,N2M7,120L,-26,0.0
409,N2M7,120L,-27,0.0
409,N2M7,120L,-28,0.0
409,N2M7,120L,-29,0.0
410,EFTB,120L,0,32.0
410,EFTB,120L,-1,28.86812015214466
410,EFTB,120L,-2,24.944158680404357
410,EFTB,120L,-3,18.798854090683232
410,EFTB,120L,-4,15.660690768553803
410,EFTB,120L,-5,10.696667289793192
410,EFTB,120L,-6,5.231127893959694
410,EFTB,120L,-7,0.0
410,EFTB,120L,-8,0.0
410,EFTB,120L,-9,0.0
410,EFTB,120L,-10,0.0
410,EFTB,120L,-11,0.0
410,EFTB,120L,-12,0.0
410,EFTB,120L,-13,0.0
410,EFTB,120L,-14,0.0
410,EFTB,120L,-15,0.0
410,EFTB,120L,-16,0.0
410,EFTB,120L,-17,0.0
410,EFTB,120L,-18,0.0
410,EFTB,120L,-19,0.0
410,EFTB,120L,-20,0.0
410,EFTB,120L,-21,0.0
410,EFTB,120L,-22,0.0
410,EFTB,120L,-23,0.0
410,EFTB,120L,-24,0.0
410,EFTB,120L,-25,0.0
410,EFTB,120L,-26,0.0
410,EFTB,120L,-27,0.0
410,EFTB,120L,-28,0.0
410,EFTB,120L,-29,0.0
411,CF3L,120L,0,8.0
411,CF3L,120L,-1,4.647212706585617
411,CF3L,120L,-2,1.3355505860582624
411,CF3L,120L,-3,0.0
411,CF3L,120L,-4,0.0
411,CF3L,120L,-5,0.0
411,CF3L,120L,-6,0.0
411,CF3L,120L,-7,0.0
411,CF3L,120L,-8,0.0
411,CF3L,120L,-9,0.0
411,CF3L,120L,-10,0.0
411,CF3L,120L,-11,0.0
411,CF3L,120L,-12,0.0
411,CF3L,120L,-13,0.0
411,CF3L,120L,-14,0.0
411,CF3L,120L,-15,0.0
411,CF3L,120L,-16,0.0
411,CF3L,120L,-17,0.0
411,CF3L,120L,-18,0.0
411,CF3L,120L,-19,0.0
411,CF3L,120L,-20,0.0
411,CF3L,120L,-21,0.0
411,CF3L,120L,-22,0.0
411,CF3L,120L,-23,0.0
411,CF3L,120L,-24,0.0
411,CF3L,120L,-25,0.0
411,CF3L,120L,-26,0.0
411,CF3L,120L,-27,0.0
411,CF3L,120L,-28,0.0
411,CF3L,120L,-29,0.0
412,QJNV,120L,0,42.0
412,QJNV,120L,-1,36.410025823442496
412,QJNV,120L,-2,29.73397563692501
412,QJNV,120L,-3,25.719762165274094
412,QJNV,120L,-4,20.76499052560737
412,QJNV,120L,-5,18.81475107186142
412,QJNV,120L,-6,15.772431032958611
412,QJNV,120L,-7,10.559718714966108
412,QJNV,120L,-8,7.726653042426267
412,QJNV,120L,-9,2.572808599544857
412,QJNV,120L,-10,0.0
412,QJNV,120L,-11,0.0
412,QJNV,120L,-12,0.0
412,QJNV,120L,-13,0.0
412,QJNV,120L,-14,0.0
412,QJNV,120L,-15,0.0
412,QJNV,120L,-16,0.0
412,QJNV,120L,-17,0.0
412,QJNV,120L,-18,0.0
412,QJNV,120L,-19,0.0
412,QJNV,120L,-20,0.0
412,QJNV,120L,-21,0.0
412,QJNV,120L,-22,0.0
412,QJNV,120L,-23,0.0
412,QJNV,120L,-24,0.0
412,QJNV,120L,-25,0.0
412,QJNV,120L,-26,0.0
412,QJNV,120L,-27,0.0
412,QJNV,120L,-28,0.0
412,QJNV,120L,-29,0.0
413,5XXV2R,120L,0,47.0
413,5XXV2R,120L,-1,42.15470155651318
413,5XXV2R,120L,-2,38.23662077025905
413,5XXV2R,120L,-3,33.07736385173225
413,5XXV2R,120L,-4,31.406533922748096
413,5XXV2R,120L,-5,28.541494253565613
413,5XXV2R,120L,-6,22.4483397265941
413,5XXV2R,120L,-7,18.79829234274095
413,5XXV2R,120L,-8,14.867567867978579
413,5XXV2R,120L,-9,12.275202830487085
413,5XXV2R,120L,-10,9.596757629493244
413,5XXV2R,120L,-11,5.399631578083391
413,5XXV2R,120L,-12,0.3568499773276004
413,5XXV2R,120L,-13,0.0
413,5XXV2R,120L,-14,0.0
413,5XXV2R,120L,-15,0.0
413,5XXV2R,120L,-16,0.0
413,5XXV2R,120L,-17,0.0
413,5XXV2R,120L,-18,0.0
413,5XXV2R,120L,-19,0.0
413,5XXV2R,120L,-20,0.0
413,5XXV2R,120L,-21,0.0
413,5XXV2R,120L,-22,0.0
413,5XXV2R,120L,-23,0.0
413,5XXV2R,120L,-24,0.0
413,5XXV2R,120L,-25,0.0
413,5XXV2R,120L,-26,0.0
413,5XXV2R,120L,-27,0.0
413,5XXV2R,120L,-28,0.0
413,5XXV2R,120L,-29,0.0
414,UQOC,120L,0,38.0
414,UQOC,120L,-1,36.88332681838696
414,UQOC,120L,-2,32.23026425280445
414,UQOC,120L,-3,29.936739164176377
414,UQOC,120L,-4,28.64172161217288
414,UQOC,120L,-5,23.61263934135045
414,UQOC,120L,-6,22.503916997686627
414,UQOC,120L,-7,19.690896434161527
414,UQOC,120L,-8,16.496066771765722
414,UQOC,120L,-9,10.215793565545177
414,UQOC,120L,-10,6.92610903227419
414,UQOC,120L,-11,2.8498676355342076
414,UQOC,120L,-12,0.0
414,UQOC,120L,-13,0.0
414,UQOC,120L,-14,0.0
414,UQOC,120L,-15,0.0
414,UQOC,120L,-16,0.0
414,UQOC,120L,-17,0.0
414,UQOC,120L,-18,0.0
414,UQOC,120L,-19,0.0
414,UQOC,120L,-20,0.0
414,UQOC,120L,-21,0.0
414,UQOC,120L,-22,0.0
414,UQOC,120L,-23,0.0
414,UQOC,120L,-24,0.0
414,UQOC,120L,-25,0.0
414,UQOC,120L,-26,0.0
414,UQOC,120L,-27,0.0
414,UQOC,120L,-28,0.0
414,UQOC,120L,-29,0.0
415,XI3J,120L,0,92.0
415,XI3J,120L,-1,86.09316964892898
415,XI3J,120L,-2,83.50958617020324
415,XI3J,120L,-3,80.60844056018003
415,XI3J,120L,-4,71.83958456179441
415,XI3J,120L,-5,66.4959261306999
415,XI3J,120L,-6,60.090745625477894
415,XI3J,120L,-7,56.183460250464684
415,XI3J,120L,-8,51.914875732781475
415,XI3J,120L,-9,46.022240677237555
415,XI3J,120L,-10,40.31357804060321
415,XI3J,120L,-11,34.55510680318247
415,XI3J,120L,-12,30.519769409603153
415,XI3J,120L,-13,26.766746504840945
415,XI3J,120L,-14,22.194262802144635
415,XI3J,120L,-15,18.416381360597935
415,XI3J,120L,-16,13.892531974808353
415,XI3J,120L,-17,8.832356787474067
415,XI3J,120L,-18,5.310742367869154
415,XI3J,120L,-19,1.1331859035130207
415,XI3J,120L,-20,0.0
415,XI3J,120L,-21,0.0
415,XI3J,120L,-22,0.0
415,XI3J,120L,-23,0.0
415,XI3J,120L,-24,0.0
415,XI3J,120L,-25,0.0
415,XI3J,120L,-26,0.0
415,XI3J,120L,-27,0.0
415,XI3J,120L,-28,0.0
415,XI3J,120L,-29,0.0
416,BPKS,120L,0,41.0
416,BPKS,120L,-1,37.51800802450149
416,BPKS,120L,-2,30.97929609473116
416,BPKS,120L,-3,26.374657446479816
416,BPKS,120L,-4,25.249815352981408
416,BPKS,120L,-5,19.833612591543584
416,BPKS,120L,-6,16.838083398421062
416,BPKS,120L,-7,14.681750742311838
416,BPKS,120L,-8,10.836169454305939
416,BPKS,120L,-9,6.298390506128163
416,BPKS,120L,-10,3.590587671791906
416,BPKS,120L,-11,0.0
416,BPKS,120L,-12,0.0
416,BPKS,120L,-13,0.0
416,BPKS,120L,-14,0.0
416,BPKS,120L,-15,0.0
416,BPKS,120L,-16,0.0
416,BPKS,120L,-17,0.0
416,BPKS,120L,-18,0.0
416,BPKS,120L,-19,0.0
416,BPKS,120L,-20,0.0
416,BPKS,120L,-21,0.0
416,BPKS,120L,-22,0.0
416,BPKS,120L,-23,0.0
416,BPKS,120L,-24,0.0
416,BPKS,120L,-25,0.0
416,BPKS,120L,-26,0.0
416,BPKS,120L,-27,0.0
416,BPKS,120L,-28,0.0
416,BPKS,120L,-29,0.0
417,ZJBL,120L,0,25.0
417,ZJBL,120L,-1,18.323882522871216
417,ZJBL,120L,-2,12.918056791636083
417,ZJBL,120L,-3,11.050685215107217
417,ZJBL,120L,-4,6.411830198828207
417,ZJBL,120L,-5,0.0
417,ZJBL,120L,-6,0.0
417,ZJBL,120L,-7,0.0
417,ZJBL,120L,-8,0.0
417,ZJBL,120L,-9,0.0
417,ZJBL,120L,-10,0.0
417,ZJBL,120L,-11,0.0
417,ZJBL,120L,-12,0.0
417,ZJBL,120L,-13,0.0
417,ZJBL,120L,-14,0.0
417,ZJBL,120L,-15,0.0
417,ZJBL,120L,-16,0.0
417,ZJBL,120L,-17,0.0
417,ZJBL,120L,-18,0.0
417,ZJBL,120L,-19,0.0
417,ZJBL,120L,-20,0.0
417,ZJBL,120L,-21,0.0
417,ZJBL,120L,-22,0.0
417,ZJBL,120L,-23,0.0
417,ZJBL,120L,-24,0.0
417,ZJBL,120L,-25,0.0
417,ZJBL,120L,-26,0.0
417,ZJBL,120L,-27,0.0
417,ZJBL,120L,-28,0.0
417,ZJBL,120L,-29,0.0
418,PZWGRR,120L,0,98.0
418,PZWGRR,120L,-1,95.09165762358063
418,PZWGRR,120L,-2,92.20142410834994
418,PZWGRR,120L,-3,85.9119712856408
418,PZWGRR,120L,-4,82.62725829421127
418,PZWGRR,120L,-5,77.2230619420349
418,PZWGRR,120L,-6,73.81704032794688
418,PZWGRR,120L,-7,69.01676246453303
418,PZWGRR,120L,-8,64.11886488794627
418,PZWGRR,120L,-9,62.383633179895085
418,PZWGRR,120L,-10,55.48337841504672
418,PZWGRR,120L,-11,53.09945488144708
418,PZWGRR,120L,-12,46.58653309843392
418,PZWGRR,120L,-13,41.283379442058724
418,PZWGRR,120L,-14,37.244546982687424
418,PZWGRR,120L,-15,32.121553179342456
418,PZWGRR,120L,-16,23.483615360571918
418,PZWGRR,120L,-17,21.32117584155469
418,PZWGRR,120L,-18,14.971168597835975
418,PZWGRR,120L,-19,12.869647988971966
418,PZWGRR,120L,-20,8.001763944040754
418,PZWGRR,120L,-21,3.6503120038137915
418,PZWGRR,120L,-22,0.0
418,PZWGRR,120L,-23,0.0
418,PZWGRR,120L,-24,0.0
418,PZWGRR,120L,-25,0.0
418,PZWGRR,120L,-26,0.0
418,PZWGRR,120L,-27,0.0
418,PZWGRR,120L,-28,0.0
418,PZWGRR,120L,-29,0.0
419,BVG5KV,1.100L,0,49.0
419,BVG5KV,1.100L,-1,39.654232461349096
419,BVG5KV,1.100L,-2,32.147095682537596
419,BVG5KV,1.100L,-3,24.329760235861006
419,BVG5KV,1.100L,-4,16.421052167583643
419,BVG5KV,1.100L,-5,9.079337031913596
419,BVG5KV,1.100L,-6,0.0
419,BVG5KV,1.100L,-7,0.0
419,BVG5KV,1.100L,-8,0.0
419,BVG5KV,1.100L,-9,0.0
419,BVG5KV,1.100L,-10,0.0
419,BVG5KV,1.100L,-11,0.0
419,BVG5KV,1.100L,-12,0.0
419,BVG5KV,1.100L,-13,0.0
419,BVG5KV,1.100L,-14,0.0
419,BVG5KV,1.100L,-15,0.0
419,BVG5KV,1.100L,-16,0.0
419,BVG5KV,1.100L,-17,0.0
419,BVG5KV,1.100L,-18,0.0
419,BVG5KV,1.100L,-19,0.0
419,BVG5KV,1.100L,-20,0.0
419,BVG5KV,1.100L,-21,0.0
419,BVG5KV,1.100L,-22,0.0
419,BVG5KV,1.100L,-23,0.0
419,BVG5KV,1.100L,-24,0.0
419,BVG5KV,1.100L,-25,0.0
419,BVG5KV,1.100L,-26,0.0
419,BVG5KV,1.100L,-27,0.0
419,BVG5KV,1.100L,-28,0.0
419,BVG5KV,1.100L,-29,0.0
420,EEB7,120L,0,24.0
420,EEB7,120L,-1,16.825119268299886
420,EEB7,120L,-2,16.117407456828122
420,EEB7,120L,-3,11.892768036784542
420,EEB7,120L,-4,6.695358233535696
420,EEB7,120L,-5,2.7872114532671852
420,EEB7,120L,-6,0.0
420,EEB7,120L,-7,0.0
420,EEB7,120L,-8,0.0
420,EEB7,120L,-9,0.0
420,EEB7,120L,-10,0.0
420,EEB7,120L,-11,0.0
420,EEB7,120L,-12,0.0
420,EEB7,120L,-13,0.0
420,EEB7,120L,-14,0.0
420,EEB7,120L,-15,0.0
420,EEB7,120L,-16,0.0
420,EEB7,120L,-17,0.0
420,EEB7,120L,-18,0.0
420,EEB7,120L,-19,0.0
420,EEB7,120L,-20,0.0
420,EEB7,120L,-21,0.0
420,EEB7,120L,-22,0.0
420,EEB7,120L,-23,0.0
420,EEB7,120L,-24,0.0
420,EEB7,120L,-25,0.0
420,EEB7,120L,-26,0.0
420,EEB7,120L,-27,0.0
420,EEB7,120L,-28,0.0
420,EEB7,120L,-29,0.0
421,5KKL,120L,0,23.0
421,5KKL,120L,-1,17.729724953447857
421,5KKL,120L,-2,13.814953872458146
421,5KKL,120L,-3,7.921231366632691
421,5KKL,120L,-4,1.8486423406678074
421,5KKL,120L,-5,0.0
421,5KKL,120L,-6,0.0
421,5KKL,120L,-7,0.0
421,5KKL,120L,-8,0.0
421,5KKL,120L,-9,0.0
421,5KKL,120L,-10,0.0
421,5KKL,120L,-11,0.0
421,5KKL,120L,-12,0.0
421,5KKL,120L,-13,0.0
421,5KKL,120L,-14,0.0
421,5KKL,120L,-15,0.0
421,5KKL,120L,-16,0.0
421,5KKL,120L,-17,0.0
421,5KKL,120L,-18,0.0
421,5KKL,120L,-19,0.0
421,5KKL,120L,-20,0.0
421,5KKL,120L,-21,0.0
421,5KKL,120L,-22,0.0
421,5KKL,120L,-23,0.0
421,5KKL,120L,-24,0.0
421,5KKL,120L,-25,0.0
421,5KKL,120L,-26,0.0
421,5KKL,120L,-27,0.0
421,5KKL,120L,-28,0.0
421,5KKL,120L,-29,0.0
422,AQRN,120L,0,12.0
422,AQRN,120L,-1,4.504737458183635
422,AQRN,120L,-2,0.0
422,AQRN,120L,-3,0.0
422,AQRN,120L,-4,0.0
422,AQRN,120L,-5,0.0
422,AQRN,120L,-6,0.0
422,AQRN,120L,-7,0.0
422,AQRN,120L,-8,0.0
422,AQRN,120L,-9,0.0
422,AQRN,120L,-10,0.0
422,AQRN,120L,-11,0.0
422,AQRN,120L,-12,0.0
422,AQRN,120L,-13,0.0
422,AQRN,120L,-14,0.0
422,AQRN,120L,-15,0.0
422,AQRN,120L,-16,0.0
422,AQRN,120L,-17,0.0
422,AQRN,120L,-18,0.0
422,AQRN,120L,-19,0.0
422,AQRN,120L,-20,0.0
422,AQRN,120L,-21,0.0
422,AQRN,120L,-22,0.0
422,AQRN,120L,-23,0.0
422,AQRN,120L,-24,0.0
422,AQRN,120L,-25,0.0
422,AQRN,120L,-26,0.0
422,AQRN,120L,-27,0.0
422,AQRN,120L,-28,0.0
422,AQRN,120L,-29,0.0
423,6NINN2,120L,0,59.0
423,6NINN2,120L,-1,55.075900074832795
423,6NINN2,120L,-2,53.92796214549098
423,6NINN2,120L,-3,50.91328300484327
423,6NINN2,120L,-4,48.16676230284695
423,6NINN2,120L,-5,45.00888680519372
423,6NINN2,120L,-6,40.4710763153955
423,6NINN2,120L,-7,35.764735531370555
423,6NINN2,120L,-8,32.17631171350415
423,6NINN2,120L,-9,27.26403337169741
423,6NINN2,120L,-10,21.723781341791934
423,6NINN2,120L,-11,15.661660154284458
423,6NINN2,120L,-12,10.332151900498221
423,6NINN2,120L,-13,7.181453254195686
423,6NINN2,120L,-14,3.273124345233515
423,6NINN2,120L,-15,0.0
423,6NINN2,120L,-16,0.0
423,6NINN2,120L,-17,0.0
423,6NINN2,120L,-18,0.0
423,6NINN2,120L,-19,0.0
423,6NINN2,120L,-20,0.0
423,6NINN2,120L,-21,0.0
423,6NINN2,120L,-22,0.0
423,6NINN2,120L,-23,0.0
423,6NINN2,120L,-24,0.0
423,6NINN2,120L,-25,0.0
423,6NINN2,120L,-26,0.0
423,6NINN2,120L,-27,0.0
423,6NINN2,120L,-28,0.0
423,6NINN2,120L,-29,0.0
424,4GKMDN,120L,0,6.0
424,4GKMDN,120L,-1,0.0
424,4GKMDN,120L,-2,0.0
424,4GKMDN,120L,-3,0.0
424,4GKMDN,120L,-4,0.0
424,4GKMDN,120L,-5,0.0
424,4GKMDN,120L,-6,0.0
424,4GKMDN,120L,-7,0.0
424,4GKMDN,120L,-8,0.0
424,4GKMDN,120L,-9,0.0
424,4GKMDN,120L,-10,0.0
424,4GKMDN,120L,-11,0.0
424,4GKMDN,120L,-12,0.0
424,4GKMDN,120L,-13,0.0
424,4GKMDN,120L,-14,0.0
424,4GKMDN,120L,-15,0.0
424,4GKMDN,120L,-16,0.0
424,4GKMDN,120L,-17,0.0
424,4GKMDN,120L,-18,0.0
424,4GKMDN,120L,-19,0.0
424,4GKMDN,120L,-20,0.0
424,4GKMDN,120L,-21,0.0
424,4GKMDN,120L,-22,0.0
424,4GKMDN,120L,-23,0.0
424,4GKMDN,120L,-24,0.0
424,4GKMDN,120L,-25,0.0
424,4GKMDN,120L,-26,0.0
424,4GKMDN,120L,-27,0.0
424,4GKMDN,120L,-28,0.0
424,4GKMDN,120L,-29,0.0
425,GKP3,120L,0,56.0
425,GKP3,120L,-1,52.07097384978014
425,GKP3,120L,-2,52.5813538269515
425,GKP3,120L,-3,48.2902407537659
425,GKP3,120L,-4,46.93461104427494
425,GKP3,120L,-5,42.3511344142813
425,GKP3,120L,-6,38.22353777135292
425,GKP3,120L,-7,31.86942800872751
425,GKP3,120L,-8,26.099085220163175
425,GKP3,120L,-9,22.452169036840477
425,GKP3,120L,-10,18.364813793500307
425,GKP3,120L,-11,13.013714773862574
425,GKP3,120L,-12,6.780392932732969
425,GKP3,120L,-13,3.449011514750455
425,GKP3,120L,-14,0.0
425,GKP3,120L,-15,0.0
425,GKP3,120L,-16,0.0
425,GKP3,120L,-17,0.0
425,GKP3,120L,-18,0.0
425,GKP3,120L,-19,0.0
425,GKP3,120L,-20,0.0
425,GKP3,120L,-21,0.0
425,GKP3,120L,-22,0.0
425,GKP3,120L,-23,0.0
425,GKP3,120L,-24,0.0
425,GKP3,120L,-25,0.0
425,GKP3,120L,-26,0.0
425,GKP3,120L,-27,0.0
425,GKP3,120L,-28,0.0
425,GKP3,120L,-29,0.0
426,QGSO,120L,0,35.0
426,QGSO,120L,-1,31.598690630252392
426,QGSO,120L,-2,27.380014132642167
426,QGSO,120L,-3,22.916362341900022
426,QGSO,120L,-4,13.751231355342643
426,QGSO,120L,-5,10.15972654671467
426,QGSO,120L,-6,4.679069010836538
426,QGSO,120L,-7,0.0
426,QGSO,120L,-8,0.0
426,QGSO,120L,-9,0.0
426,QGSO,120L,-10,0.0
426,QGSO,120L,-11,0.0
426,QGSO,120L,-12,0.0
426,QGSO,120L,-13,0.0
426,QGSO,120L,-14,0.0
426,QGSO,120L,-15,0.0
426,QGSO,120L,-16,0.0
426,QGSO,120L,-17,0.0
426,QGSO,120L,-18,0.0
426,QGSO,120L,-19,0.0
426,QGSO,120L,-20,0.0
426,QGSO,120L,-21,0.0
426,QGSO,120L,-22,0.0
426,QGSO,120L,-23,0.0
426,QGSO,120L,-24,0.0
426,QGSO,120L,-25,0.0
426,QGSO,120L,-26,0.0
426,QGSO,120L,-27,0.0
426,QGSO,120L,-28,0.0
426,QGSO,120L,-29,0.0
427,UTY5,120L,0,44.0
427,UTY5,120L,-1,40.71801598102346
427,UTY5,120L,-2,36.698542522009504
427,UTY5,120L,-3,29.221233419723696
427,UTY5,120L,-4,23.994966975629808
427,UTY5,120L,-5,21.02353203756939
427,UTY5,120L,-6,16.969343757242026
427,UTY5,120L,-7,12.749336737247784
427,UTY5,120L,-8,8.889355086160368
427,UTY5,120L,-9,4.329019889328013
427,UTY5,120L,-10,0.0
427,UTY5,120L,-11,0.0
427,UTY5,120L,-12,0.0
427,UTY5,120L,-13,0.0
427,UTY5,120L,-14,0.0
427,UTY5,120L,-15,0.0
427,UTY5,120L,-16,0.0
427,UTY5,120L,-17,0.0
427,UTY5,120L,-18,0.0
427,UTY5,120L,-19,0.0
427,UTY5,120L,-20,0.0
427,UTY5,120L,-21,0.0
427,UTY5,120L,-22,0.0
427,UTY5,120L,-23,0.0
427,UTY5,120L,-24,0.0
427,UTY5,120L,-25,0.0
427,UTY5,120L,-26,0.0
427,UTY5,120L,-27,0.0
427,UTY5,120L,-28,0.0
427,UTY5,120L,-29,0.0
428,4IPOVU,120L,0,19.0
428,4IPOVU,120L,-1,13.895956884372225
428,4IPOVU,120L,-2,9.262616868306894
428,4IPOVU,120L,-3,4.533958545074598
428,4IPOVU,120L,-4,0.0
428,4IPOVU,120L,-5,0.0
428,4IPOVU,120L,-6,0.0
428,4IPOVU,120L,-7,0.0
428,4IPOVU,120L,-8,0.0
428,4IPOVU,120L,-9,0.0
428,4IPOVU,120L,-10,0.0
428,4IPOVU,120L,-11,0.0
428,4IPOVU,120L,-12,0.0
428,4IPOVU,120L,-13,0.0
428,4IPOVU,120L,-14,0.0
428,4IPOVU,120L,-15,0.0
428,4IPOVU,120L,-16,0.0
428,4IPOVU,120L,-17,0.0
428,4IPOVU,120L,-18,0.0
428,4IPOVU,120L,-19,0.0
428,4IPOVU,120L,-20,0.0
428,4IPOVU,120L,-21,0.0
428,4IPOVU,120L,-22,0.0
428,4IPOVU,120L,-23,0.0
428,4IPOVU,120L,-24,0.0
428,4IPOVU,120L,-25,0.0
428,4IPOVU,120L,-26,0.0
428,4IPOVU,120L,-27,0.0
428,4IPOVU,120L,-28,0.0
428,4IPOVU,120L,-29,0.0
429,VVM3,120L,0,64.0
429,VVM3,120L,-1,59.07372005717084
429,VVM3,120L,-2,55.73159122851759
429,VVM3,120L,-3,52.64146091231657
429,VVM3,120L,-4,48.78384219565936
429,VVM3,120L,-5,42.958988324992966
429,VVM3,120L,-6,38.083596593131425
429,VVM3,120L,-7,33.00690763907405
429,VVM3,120L,-8,26.849934092254866
429,VVM3,120L,-9,24.280644116553027
429,VVM3,120L,-10,19.24831470021646
429,VVM3,120L,-11,16.309715073998387
429,VVM3,120L,-12,9.13611881004093
429,VVM3,120L,-13,2.45686124525172
429,VVM3,120L,-14,0.026780531621623083
429,VVM3,120L,-15,0.0
429,VVM3,120L,-16,0.0
429,VVM3,120L,-17,0.0
429,VVM3,120L,-18,0.0
429,VVM3,120L,-19,0.0
429,VVM3,120L,-20,0.0
429,VVM3,120L,-21,0.0
429,VVM3,120L,-22,0.0
429,VVM3,120L,-23,0.0
429,VVM3,120L,-24,0.0
429,VVM3,120L,-25,0.0
429,VVM3,120L,-26,0.0
429,VVM3,120L,-27,0.0
429,VVM3,120L,-28,0.0
429,VVM3,120L,-29,0.0
430,JLEN,120L,0,7.0
430,JLEN,120L,-1,0.0
430,JLEN,120L,-2,0.0
430,JLEN,120L,-3,0.0
430,JLEN,120L,-4,0.0
430,JLEN,120L,-5,0.0
430,JLEN,120L,-6,0.0
430,JLEN,120L,-7,0.0
430,JLEN,120L,-8,0.0
430,JLEN,120L,-9,0.0
430,JLEN,120L,-10,0.0
430,JLEN,120L,-11,0.0
430,JLEN,120L,-12,0.0
430,JLEN,120L,-13,0.0
430,JLEN,120L,-14,0.0
430,JLEN,120L,-15,0.0
430,JLEN,120L,-16,0.0
430,JLEN,120L,-17,0.0
430,JLEN,120L,-18,0.0
430,JLEN,120L,-19,0.0
430,JLEN,120L,-20,0.0
430,JLEN,120L,-21,0.0
430,JLEN,120L,-22,0.0
430,JLEN,120L,-23,0.0
430,JLEN,120L,-24,0.0
430,JLEN,120L,-25,0.0
430,JLEN,120L,-26,0.0
430,JLEN,120L,-27,0.0
430,JLEN,120L,-28,0.0
430,JLEN,120L,-29,0.0
431,DX5X,120L,0,15.0
431,DX5X,120L,-1,11.471718214791064
431,DX5X,120L,-2,7.298841108053045
431,DX5X,120L,-3,0.9491687010616412
431,DX5X,120L,-4,0.0
431,DX5X,120L,-5,0.0
431,DX5X,120L,-6,0.0
431,DX5X,120L,-7,0.0
431,DX5X,120L,-8,0.0
431,DX5X,120L,-9,0.0
431,DX5X,120L,-10,0.0
431,DX5X,120L,-11,0.0
431,DX5X,120L,-12,0.0
431,DX5X,120L,-13,0.0
431,DX5X,120L,-14,0.0
431,DX5X,120L,-15,0.0
431,DX5X,120L,-16,0.0
431,DX5X,120L,-17,0.0
431,DX5X,120L,-18,0.0
431,DX5X,120L,-19,0.0
431,DX5X,120L,-20,0.0
431,DX5X,120L,-21,0.0
431,DX5X,120L,-22,0.17021478729779727
431,DX5X,120L,-23,0.0
431,DX5X,120L,-24,0.0
431,DX5X,120L,-25,0.0
431,DX5X,120L,-26,0.0
431,DX5X,120L,-27,0.0
431,DX5X,120L,-28,0.0
431,DX5X,120L,-29,0.0
432,DXZE,120L,0,13.0
432,DXZE,120L,-1,9.62219413092344
432,DXZE,120L,-2,6.3197099373236085
432,DXZE,120L,-3,2.6792700354399264
432,DXZE,120L,-4,0.6725151107830216
432,DXZE,120L,-5,0.0
432,DXZE,120L,-6,0.0
432,DXZE,120L,-7,0.0
432,DXZE,120L,-8,0.0
432,DXZE,120L,-9,0.0
432,DXZE,120L,-10,0.0
432,DXZE,120L,-11,0.0
432,DXZE,120L,-12,0.0
432,DXZE,120L,-13,0.0
432,DXZE,120L,-14,0.0
432,DXZE,120L,-15,0.0
432,DXZE,120L,-16,0.0
432,DXZE,120L,-17,0.0
432,DXZE,120L,-18,0.0
432,DXZE,120L,-19,0.0
432,DXZE,120L,-20,0.0
432,DXZE,120L,-21,0.0
432,DXZE,120L,-22,0.0
432,DXZE,120L,-23,0.0
432,DXZE,120L,-24,0.0
432,DXZE,120L,-25,0.0
432,DXZE,120L,-26,0.0
432,DXZE,120L,-27,0.0
432,DXZE,120L,-28,0.0
432,DXZE,120L,-29,0.0
433,PHLC,120L,0,75.0
433,PHLC,120L,-1,69.65338238263897
433,PHLC,120L,-2,66.60745701516909
433,PHLC,120L,-3,64.27655167127308
433,PHLC,120L,-4,59.79916745189307
433,PHLC,120L,-5,55.60439012928667
433,PHLC,120L,-6,50.137968816530176
433,PHLC,120L,-7,46.265738413163454
433,PHLC,120L,-8,41.04702794102349
433,PHLC,120L,-9,38.55328318208677
433,PHLC,120L,-10,36.83315484326643
433,PHLC,120L,-11,32.157503539170335
433,PHLC,120L,-12,25.09762259505122
433,PHLC,120L,-13,21.43971326570879
433,PHLC,120L,-14,18.105706742241868
433,PHLC,120L,-15,13.300051988429203
433,PHLC,120L,-16,9.722771118000226
433,PHLC,120L,-17,3.2307676617585193
433,PHLC,120L,-18,0.14108674498510942
433,PHLC,120L,-19,0.0
433,PHLC,120L,-20,0.0
433,PHLC,120L,-21,0.0
433,PHLC,120L,-22,0.0
433,PHLC,120L,-23,0.0
433,PHLC,120L,-24,0.0
433,PHLC,120L,-25,0.0
433,PHLC,120L,-26,0.0
433,PHLC,120L,-27,0.0
433,PHLC,120L,-28,0.0
433,PHLC,120L,-29,0.0
434,QMRW,240L,0,86.0
434,QMRW,240L,-1,81.60036300555876
434,QMRW,240L,-2,77.46351927715938
434,QMRW,240L,-3,71.29102255968769
434,QMRW,240L,-4,63.63495505092434
434,QMRW,240L,-5,59.16945757854539
434,QMRW,240L,-6,52.823029273245496
434,QMRW,240L,-7,48.66548319022929
434,QMRW,240L,-8,44.70420493844336
434,QMRW,240L,-9,42.184652632343656
434,QMRW,240L,-10,37.58395147483294
434,QMRW,240L,-11,29.838524836142717
434,QMRW,240L,-12,24.370742595706652
434,QMRW,240L,-13,21.340959349621777
434,QMRW,240L,-14,17.464272173419563
434,QMRW,240L,-15,10.942420362729951
434,QMRW,240L,-16,8.16919998397174
434,QMRW,240L,-17,1.7588887248280776
434,QMRW,240L,-18,0.0
434,QMRW,240L,-19,0.0
434,QMRW,240L,-20,0.0
434,QMRW,240L,-21,0.0
434,QMRW,240L,-22,0.0
434,QMRW,240L,-23,0.0
434,QMRW,240L,-24,0.0
434,QMRW,240L,-25,0.0
434,QMRW,240L,-26,0.0
434,QMRW,240L,-27,0.0
434,QMRW,240L,-28,0.0
434,QMRW,240L,-29,0.0
435,FU57,120L,0,14.0
435,FU57,120L,-1,6.975705318855676
435,FU57,120L,-2,0.2800175478947792
435,FU57,120L,-3,0.0
435,FU57,120L,-4,0.0
435,FU57,120L,-5,0.0
435,FU57,120L,-6,0.0
435,FU57,120L,-7,0.0
435,FU57,120L,-8,0.0
435,FU57,120L,-9,0.0
435,FU57,120L,-10,0.0
435,FU57,120L,-11,0.0
435,FU57,120L,-12,0.0
435,FU57,120L,-13,0.0
435,FU57,120L,-14,0.0
435,FU57,120L,-15,0.0
435,FU57,120L,-16,0.0
435,FU57,120L,-17,0.0
435,FU57,120L,-18,0.0
435,FU57,120L,-19,0.0
435,FU57,120L,-20,0.0
435,FU57,120L,-21,0.0
435,FU57,120L,-22,0.0
435,FU57,120L,-23,0.0
435,FU57,120L,-24,0.0
435,FU57,120L,-25,0.0
435,FU57,120L,-26,0.0
435,FU57,120L,-27,0.0
435,FU57,120L,-28,0.0
435,FU57,120L,-29,0.0
436,7VIZ,120L,0,91.0
436,7VIZ,120L,-1,85.88763690059866
436,7VIZ,120L,-2,80.32023582894878
436,7VIZ,120L,-3,75.463076312829
436,7VIZ,120L,-4,70.22244523242125
436,7VIZ,120L,-5,65.12351044456729
436,7VIZ,120L,-6,61.01721250674317
436,7VIZ,120L,-7,57.80982538476696
436,7VIZ,120L,-8,55.77738503955846
436,7VIZ,120L,-9,51.10925958797123
436,7VIZ,120L,-10,46.68924844018994
436,7VIZ,120L,-11,38.30920592601492
436,7VIZ,120L,-12,34.67806046142019
436,7VIZ,120L,-13,30.33698231611205
436,7VIZ,120L,-14,25.950587718759014
436,7VIZ,120L,-15,23.413965602985492
436,7VIZ,120L,-16,20.416359729041236
436,7VIZ,120L,-17,14.731912388995045
436,7VIZ,120L,-18,8.210829092131346
436,7VIZ,120L,-19,1.3647748651015674
436,7VIZ,120L,-20,0.0
436,7VIZ,120L,-21,0.0
436,7VIZ,120L,-22,0.0
436,7VIZ,120L,-23,0.0
436,7VIZ,120L,-24,0.0
436,7VIZ,120L,-25,0.0
436,7VIZ,120L,-26,0.0
436,7VIZ,120L,-27,0.0
436,7VIZ,120L,-28,0.0
436,7VIZ,120L,-29,0.0
437,D7IW,120L,0,97.0
437,D7IW,120L,-1,94.08303657803854
437,D7IW,120L,-2,91.8313675221686
437,D7IW,120L,-3,86.62039198679693
437,D7IW,120L,-4,86.39426320266703
437,D7IW,120L,-5,83.33119380687577
437,D7IW,120L,-6,79.59170897729042
437,D7IW,120L,-7,78.55476270622297
437,D7IW,120L,-8,72.96211645128108
437,D7IW,120L,-9,68.28838265417919
437,D7IW,120L,-10,64.5370951083792
437,D7IW,120L,-11,60.27365606621125
437,D7IW,120L,-12,57.831579786366646
437,D7IW,120L,-13,56.6073995239182
437,D7IW,120L,-14,50.21555070364885
437,D7IW,120L,-15,43.93425161402568
437,D7IW,120L,-16,35.86219102433469
437,D7IW,120L,-17,29.959275435529992
437,D7IW,120L,-18,25.775348938798956
437,D7IW,120L,-19,21.21561945266208
437,D7IW,120L,-20,15.791785813977606
437,D7IW,120L,-21,12.007116550685485
437,D7IW,120L,-22,8.63183437299709
437,D7IW,120L,-23,7.740374591818497
437,D7IW,120L,-24,2.835470358886118
437,D7IW,120L,-25,1.5471874597870472
437,D7IW,120L,-26,0.0
437,D7IW,120L,-27,0.0
437,D7IW,120L,-28,0.0
437,D7IW,120L,-29,0.0
438,HV4N,120L,0,65.0
438,HV4N,120L,-1,60.11934196606544
438,HV4N,120L,-2,56.03232827706666
438,HV4N,120L,-3,52.81212458490162
438,HV4N,120L,-4,50.517772557430476
438,HV4N,120L,-5,42.89578143927221
438,HV4N,120L,-6,38.52125934738083
438,HV4N,120L,-7,31.600500833326265
438,HV4N,120L,-8,29.32200370457752
438,HV4N,120L,-9,25.231003771922662
438,HV4N,120L,-10,19.87425253598805
438,HV4N,120L,-11,11.098334722226298
438,HV4N,120L,-12,7.293934421126016
438,HV4N,120L,-13,2.6901009556769364
438,HV4N,120L,-14,0.0
438,HV4N,120L,-15,0.0
438,HV4N,120L,-16,0.0
438,HV4N,120L,-17,0.0
438,HV4N,120L,-18,0.0
438,HV4N,120L,-19,0.0
438,HV4N,120L,-20,0.0
438,HV4N,120L,-21,0.0
438,HV4N,120L,-22,0.0
438,HV4N,120L,-23,0.0
438,HV4N,120L,-24,0.0
438,HV4N,120L,-25,0.0
438,HV4N,120L,-26,0.0
438,HV4N,120L,-27,0.0
438,HV4N,120L,-28,0.0
438,HV4N,120L,-29,0.0
439,EELK,240L,0,31.0
439,EELK,240L,-1,26.209351845488744
439,EELK,240L,-2,21.554138762565163
439,EELK,240L,-3,19.62913207026167
439,EELK,240L,-4,11.788856478562353
439,EELK,240L,-5,6.896415597008662
439,EELK,240L,-6,2.306681254012641
439,EELK,240L,-7,0.0
439,EELK,240L,-8,0.0
439,EELK,240L,-9,0.0
439,EELK,240L,-10,0.0
439,EELK,240L,-11,0.0
439,EELK,240L,-12,0.0
439,EELK,240L,-13,0.0
439,EELK,240L,-14,0.0
439,EELK,240L,-15,0.0
439,EELK,240L,-16,0.0
439,EELK,240L,-17,0.0
439,EELK,240L,-18,0.0
439,EELK,240L,-19,0.0
439,EELK,240L,-20,0.0
439,EELK,240L,-21,0.0
439,EELK,240L,-22,0.0
439,EELK,240L,-23,0.0
439,EELK,240L,-24,0.0
439,EELK,240L,-25,0.0
439,EELK,240L,-26,0.0
439,EELK,240L,-27,0.0
439,EELK,240L,-28,0.0
439,EELK,240L,-29,0.0
440,X6RI,240L,0,86.0
440,X6RI,240L,-1,80.75555751576489
440,X6RI,240L,-2,74.11240072686049
440,X6RI,240L,-3,71.53685993760453
440,X6RI,240L,-4,66.11474689280853
440,X6RI,240L,-5,61.50937061247145
440,X6RI,240L,-6,58.79806490662096
440,X6RI,240L,-7,52.57385125907518
440,X6RI,240L,-8,45.01647251236051
440,X6RI,240L,-9,37.336698328298304
440,X6RI,240L,-10,33.221980092900445
440,X6RI,240L,-11,27.989489759216674
440,X6RI,240L,-12,21.624088715249773
440,X6RI,240L,-13,17.28128875832639
440,X6RI,240L,-14,8.925225642700301
440,X6RI,240L,-15,2.9271278368799294
440,X6RI,240L,-16,0.0
440,X6RI,240L,-17,0.0
440,X6RI,240L,-18,0.0
440,X6RI,240L,-19,0.0
440,X6RI,240L,-20,0.0
440,X6RI,240L,-21,0.0
440,X6RI,240L,-22,0.0
440,X6RI,240L,-23,0.0
440,X6RI,240L,-24,0.0
440,X6RI,240L,-25,0.0
440,X6RI,240L,-26,0.0
440,X6RI,240L,-27,0.0
440,X6RI,240L,-28,0.0
440,X6RI,240L,-29,0.0
441,VQ2Y,240L,0,62.0
441,VQ2Y,240L,-1,56.53923924837807
441,VQ2Y,240L,-2,49.14091929363
441,VQ2Y,240L,-3,42.348998695833856
441,VQ2Y,240L,-4,35.63480339246015
441,VQ2Y,240L,-5,29.858775759458723
441,VQ2Y,240L,-6,23.330858424057237
441,VQ2Y,240L,-7,17.929868000132178
441,VQ2Y,240L,-8,11.90950795823905
441,VQ2Y,240L,-9,6.496551514953493
441,VQ2Y,240L,-10,3.598590812343856
441,VQ2Y,240L,-11,0.0
441,VQ2Y,240L,-12,0.0
441,VQ2Y,240L,-13,0.0
441,VQ2Y,240L,-14,0.0
441,VQ2Y,240L,-15,0.0
441,VQ2Y,240L,-16,0.0
441,VQ2Y,240L,-17,0.0
441,VQ2Y,240L,-18,0.0
441,VQ2Y,240L,-19,0.0
441,VQ2Y,240L,-20,0.0
441,VQ2Y,240L,-21,0.0
441,VQ2Y,240L,-22,0.0
441,VQ2Y,240L,-23,0.0
441,VQ2Y,240L,-24,0.0
441,VQ2Y,240L,-25,0.0
441,VQ2Y,240L,-26,0.0
441,VQ2Y,240L,-27,0.0
441,VQ2Y,240L,-28,0.0
441,VQ2Y,240L,-29,0.0
442,Q3R2,120L,0,85.0
442,Q3R2,120L,-1,76.97975152909022
442,Q3R2,120L,-2,69.74625761133089
442,Q3R2,120L,-3,63.8869738252596
442,Q3R2,120L,-4,58.05839745968461
442,Q3R2,120L,-5,55.77197224177961
442,Q3R2,120L,-6,49.98006690834232
442,Q3R2,120L,-7,42.474119391490326
442,Q3R2,120L,-8,39.35212078456686
442,Q3R2,120L,-9,35.0900784160607
442,Q3R2,120L,-10,31.697562343192182
442,Q3R2,120L,-11,31.212519591059362
442,Q3R2,120L,-12,23.480282255074155
442,Q3R2,120L,-13,18.35663835940305
442,Q3R2,120L,-14,14.721544596775091
442,Q3R2,120L,-15,10.030496236374502
442,Q3R2,120L,-16,8.049716025807143
442,Q3R2,120L,-17,4.771964978020242
442,Q3R2,120L,-18,0.0
442,Q3R2,120L,-19,0.0
442,Q3R2,120L,-20,0.0
442,Q3R2,120L,-21,0.0
442,Q3R2,120L,-22,0.0
442,Q3R2,120L,-23,0.0
442,Q3R2,120L,-24,0.0
442,Q3R2,120L,-25,0.0
442,Q3R2,120L,-26,0.0
442,Q3R2,120L,-27,0.0
442,Q3R2,120L,-28,0.0
442,Q3R2,120L,-29,0.0
443,GLL3,120L,0,50.0
443,GLL3,120L,-1,43.11755654518596
443,GLL3,120L,-2,37.3069573327244
443,GLL3,120L,-3,31.95706834008358
443,GLL3,120L,-4,28.10465313648164
443,GLL3,120L,-5,23.47833162094455
443,GLL3,120L,-6,19.582574637535284
443,GLL3,120L,-7,14.290477303960712
443,GLL3,120L,-8,8.954626527415463
443,GLL3,120L,-9,4.0461813978056025
443,GLL3,120L,-10,4.115075137549846
443,GLL3,120L,-11,0.0
443,GLL3,120L,-12,0.0
443,GLL3,120L,-13,0.0
443,GLL3,120L,-14,0.0
443,GLL3,120L,-15,0.0
443,GLL3,120L,-16,0.0
443,GLL3,120L,-17,0.0
443,GLL3,120L,-18,0.0
443,GLL3,120L,-19,0.0
443,GLL3,120L,-20,0.0
443,GLL3,120L,-21,0.0
443,GLL3,120L,-22,0.0
443,GLL3,120L,-23,0.0
443,GLL3,120L,-24,0.0
443,GLL3,120L,-25,0.0
443,GLL3,120L,-26,0.0
443,GLL3,120L,-27,0.0
443,GLL3,120L,-28,0.0
443,GLL3,120L,-29,0.0
444,DQ7X,120L,0,24.0
444,DQ7X,120L,-1,16.89601516027963
444,DQ7X,120L,-2,14.178811577231015
444,DQ7X,120L,-3,10.378683738519266
444,DQ7X,120L,-4,6.925315387998968
444,DQ7X,120L,-5,0.8939020272056477
444,DQ7X,120L,-6,0.0
444,DQ7X,120L,-7,0.0
444,DQ7X,120L,-8,0.0
444,DQ7X,120L,-9,0.0
444,DQ7X,120L,-10,0.0
444,DQ7X,120L,-11,0.0
444,DQ7X,120L,-12,0.0
444,DQ7X,120L,-13,0.0
444,DQ7X,120L,-14,0.0
444,DQ7X,120L,-15,0.0
444,DQ7X,120L,-16,0.0
444,DQ7X,120L,-17,0.0
444,DQ7X,120L,-18,0.0
444,DQ7X,120L,-19,0.18578384964431294
444,DQ7X,120L,-20,0.0
444,DQ7X,120L,-21,0.0
444,DQ7X,120L,-22,0.0
444,DQ7X,120L,-23,0.0
444,DQ7X,120L,-24,0.0
444,DQ7X,120L,-25,0.0
444,DQ7X,120L,-26,0.0
444,DQ7X,120L,-27,0.0
444,DQ7X,120L,-28,0.0
444,DQ7X,120L,-29,0.0
445,KZ5DQA,120L,0,57.0
445,KZ5DQA,120L,-1,54.557782690791065
445,KZ5DQA,120L,-2,48.36582194715342
445,KZ5DQA,120L,-3,44.48745434718789
445,KZ5DQA,120L,-4,40.00399530677347
445,KZ5DQA,120L,-5,34.04553739285107
445,KZ5DQA,120L,-6,29.195853257138126
445,KZ5DQA,120L,-7,23.476583756227324
445,KZ5DQA,120L,-8,18.826410377114268
445,KZ5DQA,120L,-9,13.354083166313513
445,KZ5DQA,120L,-10,8.764384046061966
445,KZ5DQA,120L,-11,3.5762299593891327
445,KZ5DQA,120L,-12,0.0
445,KZ5DQA,120L,-13,0.0
445,KZ5DQA,120L,-14,0.0
445,KZ5DQA,120L,-15,0.0
445,KZ5DQA,120L,-16,0.0
445,KZ5DQA,120L,-17,0.0
445,KZ5DQA,120L,-18,0.0
445,KZ5DQA,120L,-19,0.0
445,KZ5DQA,120L,-20,0.0
445,KZ5DQA,120L,-21,0.0
445,KZ5DQA,120L,-22,0.0
445,KZ5DQA,120L,-23,0.0
445,KZ5DQA,120L,-24,0.0
445,KZ5DQA,120L,-25,0.0
445,KZ5DQA,120L,-26,0.0
445,KZ5DQA,120L,-27,0.0
445,KZ5DQA,120L,-28,0.0
445,KZ5DQA,120L,-29,0.0
446,E5JX,120L,0,62.0
446,E5JX,120L,-1,59.38964872588848
446,E5JX,120L,-2,57.086704772279305
446,E5JX,120L,-3,55.05396618708353
446,E5JX,120L,-4,47.42435931442526
446,E5JX,120L,-5,46.73393121043476
446,E5JX,120L,-6,44.37139961066699
446,E5JX,120L,-7,39.3137940225191
446,E5JX,120L,-8,35.79584766389828
446,E5JX,120L,-9,32.65399134027297
446,E5JX,120L,-10,30.1490173619029
446,E5JX,120L,-11,23.914806654069185
446,E5JX,120L,-12,17.282416644508245
446,E5JX,120L,-13,14.756578513196049
446,E5JX,120L,-14,11.8344632543568
446,E5JX,120L,-15,5.999111478194591
446,E5JX,120L,-16,0.8241295906823758
446,E5JX,120L,-17,0.0
446,E5JX,120L,-18,0.0
446,E5JX,120L,-19,0.0
446,E5JX,120L,-20,0.0
446,E5JX,120L,-21,0.0
446,E5JX,120L,-22,0.0
446,E5JX,120L,-23,0.0
446,E5JX,120L,-24,0.0
446,E5JX,120L,-25,0.0
446,E5JX,120L,-26,0.0
446,E5JX,120L,-27,0.0
446,E5JX,120L,-28,0.0
446,E5JX,120L,-29,0.0
447,FZFR2E,120L,0,61.0
447,FZFR2E,120L,-1,53.77371428739672
447,FZFR2E,120L,-2,51.064795954332254
447,FZFR2E,120L,-3,48.32807763726507
447,FZFR2E,120L,-4,43.63111101070302
447,FZFR2E,120L,-5,42.08374354525227
447,FZFR2E,120L,-6,36.007055912213815
447,FZFR2E,120L,-7,31.042131803429275
447,FZFR2E,120L,-8,27.150806130186396
447,FZFR2E,120L,-9,23.005701195362477
447,FZFR2E,120L,-10,18.409329096495483
447,FZFR2E,120L,-11,16.845062403135195
447,FZFR2E,120L,-12,14.241046903613181
447,FZFR2E,120L,-13,12.01125261521726
447,FZFR2E,120L,-14,6.51122357313508
447,FZFR2E,120L,-15,2.10188722142239
447,FZFR2E,120L,-16,0.0
447,FZFR2E,120L,-17,0.0
447,FZFR2E,120L,-18,0.0
447,FZFR2E,120L,-19,0.0
447,FZFR2E,120L,-20,0.0
447,FZFR2E,120L,-21,0.0
447,FZFR2E,120L,-22,0.0
447,FZFR2E,120L,-23,0.0
447,FZFR2E,120L,-24,0.0
447,FZFR2E,120L,-25,0.0
447,FZFR2E,120L,-26,0.0
447,FZFR2E,120L,-27,0.0
447,FZFR2E,120L,-28,0.0
447,FZFR2E,120L,-29,0.0
448,DFFQ,120L,0,21.0
448,DFFQ,120L,-1,15.368915179598453
448,DFFQ,120L,-2,9.816463562317638
448,DFFQ,120L,-3,5.55278214343047
448,DFFQ,120L,-4,1.7087654011896731
448,DFFQ,120L,-5,0.0
448,DFFQ,120L,-6,0.0
448,DFFQ,120L,-7,0.0
448,DFFQ,120L,-8,0.0
448,DFFQ,120L,-9,0.0
448,DFFQ,120L,-10,0.0
448,DFFQ,120L,-11,0.0
448,DFFQ,120L,-12,0.0
448,DFFQ,120L,-13,0.0
448,DFFQ,120L,-14,0.0
448,DFFQ,120L,-15,0.0
448,DFFQ,120L,-16,0.0
448,DFFQ,120L,-17,0.0
448,DFFQ,120L,-18,0.0
448,DFFQ,120L,-19,0.0
448,DFFQ,120L,-20,0.0
448,DFFQ,120L,-21,0.0
448,DFFQ,120L,-22,0.0
448,DFFQ,120L,-23,0.0
448,DFFQ,120L,-24,0.0
448,DFFQ,120L,-25,0.0
448,DFFQ,120L,-26,0.0
448,DFFQ,120L,-27,0.0
448,DFFQ,120L,-28,0.0
448,DFFQ,120L,-29,0.0
449,XSDX,120L,0,57.0
449,XSDX,120L,-1,53.76008801450544
449,XSDX,120L,-2,49.0407767436035
449,XSDX,120L,-3,46.99804367780449
449,XSDX,120L,-4,40.61828582185127
449,XSDX,120L,-5,38.59507926709723
449,XSDX,120L,-6,31.66212285615271
449,XSDX,120L,-7,28.13230308180691
449,XSDX,120L,-8,26.628512266522634
449,XSDX,120L,-9,25.06902439107566
449,XSDX,120L,-10,19.84223389342287
449,XSDX,120L,-11,15.546810798784183
449,XSDX,120L,-12,11.663463871377541
449,XSDX,120L,-13,7.821370513136915
449,XSDX,120L,-14,2.528526915571246
449,XSDX,120L,-15,0.0
449,XSDX,120L,-16,0.0
449,XSDX,120L,-17,0.0
449,XSDX,120L,-18,0.0
449,XSDX,120L,-19,0.0
449,XSDX,120L,-20,0.0
449,XSDX,120L,-21,0.0
449,XSDX,120L,-22,0.0
449,XSDX,120L,-23,0.0
449,XSDX,120L,-24,0.0
449,XSDX,120L,-25,0.0
449,XSDX,120L,-26,0.0
449,XSDX,120L,-27,0.0
449,XSDX,120L,-28,0.0
449,XSDX,120L,-29,0.0
450,DDMJ,120L,0,57.0
450,DDMJ,120L,-1,53.073329475952704
450,DDMJ,120L,-2,46.388997450242854
450,DDMJ,120L,-3,41.80838015008393
450,DDMJ,120L,-4,38.91389535541208
450,DDMJ,120L,-5,37.15601808571812
450,DDMJ,120L,-6,32.609777193134285
450,DDMJ,120L,-7,29.841937815065663
450,DDMJ,120L,-8,22.713346564611513
450,DDMJ,120L,-9,18.162629968649348
450,DDMJ,120L,-10,12.134222882269187
450,DDMJ,120L,-11,8.281580063546642
450,DDMJ,120L,-12,3.7125540995613417
450,DDMJ,120L,-13,0.0
450,DDMJ,120L,-14,0.0
450,DDMJ,120L,-15,0.0
450,DDMJ,120L,-16,0.0
450,DDMJ,120L,-17,0.0
450,DDMJ,120L,-18,0.0
450,DDMJ,120L,-19,0.0
450,DDMJ,120L,-20,0.0
450,DDMJ,120L,-21,0.0
450,DDMJ,120L,-22,0.0
450,DDMJ,120L,-23,0.0
450,DDMJ,120L,-24,0.0
450,DDMJ,120L,-25,0.0
450,DDMJ,120L,-26,0.0
450,DDMJ,120L,-27,0.0
450,DDMJ,120L,-28,0.0
450,DDMJ,120L,-29,0.0
451,KOT4,120L,0,85.0
451,KOT4,120L,-1,82.87457546184181
451,KOT4,120L,-2,79.96585293289404
451,KOT4,120L,-3,75.96251219957846
451,KOT4,120L,-4,72.52145117176707
451,KOT4,120L,-5,66.33938915507548
451,KOT4,120L,-6,66.09190065229646
451,KOT4,120L,-7,61.01519060140426
451,KOT4,120L,-8,56.83787966340148
451,KOT4,120L,-9,53.429111222656616
451,KOT4,120L,-10,47.523811874522075
451,KOT4,120L,-11,45.24616268822574
451,KOT4,120L,-12,41.90621322652645
451,KOT4,120L,-13,38.396833422087546
451,KOT4,120L,-14,31.297899754202568
451,KOT4,120L,-15,26.84436487230104
451,KOT4,120L,-16,23.96131971924024
451,KOT4,120L,-17,18.160074986442986
451,KOT4,120L,-18,13.614993075108986
451,KOT4,120L,-19,11.351757887375879
451,KOT4,120L,-20,5.8035363726219185
451,KOT4,120L,-21,0.31267583238369634
451,KOT4,120L,-22,0.0
451,KOT4,120L,-23,0.0
451,KOT4,120L,-24,0.0
451,KOT4,120L,-25,0.0
451,KOT4,120L,-26,0.0
451,KOT4,120L,-27,0.0
451,KOT4,120L,-28,0.0
451,KOT4,120L,-29,0.0
452,MG73,120L,0,48.0
452,MG73,120L,-1,43.84619153662519
452,MG73,120L,-2,38.20164580711461
452,MG73,120L,-3,32.570066941932886
452,MG73,120L,-4,28.97498173401114
452,MG73,120L,-5,25.29846621079828
452,MG73,120L,-6,22.092757992790588
452,MG73,120L,-7,17.769837847493694
452,MG73,120L,-8,10.4731651197311
452,MG73,120L,-9,4.444913494107393
452,MG73,120L,-10,0.0
452,MG73,120L,-11,0.0
452,MG73,120L,-12,0.0
452,MG73,120L,-13,0.0
452,MG73,120L,-14,0.0
452,MG73,120L,-15,0.0
452,MG73,120L,-16,0.0
452,MG73,120L,-17,0.0
452,MG73,120L,-18,0.0
452,MG73,120L,-19,0.0
452,MG73,120L,-20,0.0
452,MG73,120L,-21,0.0
452,MG73,120L,-22,0.0
452,MG73,120L,-23,0.0
452,MG73,120L,-24,0.0
452,MG73,120L,-25,0.0
452,MG73,120L,-26,0.0
452,MG73,120L,-27,0.0
452,MG73,120L,-28,0.0
452,MG73,120L,-29,0.0
453,GCGR,120L,0,51.0
453,GCGR,120L,-1,44.77668325085633
453,GCGR,120L,-2,40.31069614605009
453,GCGR,120L,-3,35.828272672442615
453,GCGR,120L,-4,32.1495084336537
453,GCGR,120L,-5,27.36158084731022
453,GCGR,120L,-6,22.889247670090686
453,GCGR,120L,-7,18.51916884161894
453,GCGR,120L,-8,10.443332792307311
453,GCGR,120L,-9,8.14507263605667
453,GCGR,120L,-10,2.7827372020337853
453,GCGR,120L,-11,0.0
453,GCGR,120L,-12,0.0
453,GCGR,120L,-13,0.0
453,GCGR,120L,-14,0.0
453,GCGR,120L,-15,0.0
453,GCGR,120L,-16,0.0
453,GCGR,120L,-17,0.0
453,GCGR,120L,-18,0.0
453,GCGR,120L,-19,0.0
453,GCGR,120L,-20,0.0
453,GCGR,120L,-21,0.0
453,GCGR,120L,-22,0.0
453,GCGR,120L,-23,0.0
453,GCGR,120L,-24,0.0
453,GCGR,120L,-25,0.0
453,GCGR,120L,-26,0.0
453,GCGR,120L,-27,0.0
453,GCGR,120L,-28,0.0
453,GCGR,120L,-29,0.0
454,D4FX,120L,0,41.0
454,D4FX,120L,-1,35.9912446394738
454,D4FX,120L,-2,30.600543682325803
454,D4FX,120L,-3,27.611159303099914
454,D4FX,120L,-4,20.970000800828306
454,D4FX,120L,-5,14.91131106267236
454,D4FX,120L,-6,7.955845472818506
454,D4FX,120L,-7,3.4237069469113175
454,D4FX,120L,-8,0.0
454,D4FX,120L,-9,0.0
454,D4FX,120L,-10,0.0
454,D4FX,120L,-11,0.0
454,D4FX,120L,-12,0.0
454,D4FX,120L,-13,0.0
454,D4FX,120L,-14,0.0
454,D4FX,120L,-15,0.0
454,D4FX,120L,-16,0.0
454,D4FX,120L,-17,0.0
454,D4FX,120L,-18,0.0
454,D4FX,120L,-19,0.0
454,D4FX,120L,-20,0.0
454,D4FX,120L,-21,0.0
454,D4FX,120L,-22,0.0
454,D4FX,120L,-23,0.0
454,D4FX,120L,-24,0.0
454,D4FX,120L,-25,0.0
454,D4FX,120L,-26,0.0
454,D4FX,120L,-27,0.0
454,D4FX,120L,-28,0.0
454,D4FX,120L,-29,0.0
455,V7GD,120L,0,69.0
455,V7GD,120L,-1,63.893220958774805
455,V7GD,120L,-2,58.65827284330833
455,V7GD,120L,-3,55.964179145085055
455,V7GD,120L,-4,52.07299675321689
455,V7GD,120L,-5,47.8967720909658
455,V7GD,120L,-6,43.7720397327713
455,V7GD,120L,-7,40.04589683113292
455,V7GD,120L,-8,36.60689706683059
455,V7GD,120L,-9,33.2005447918054
455,V7GD,120L,-10,27.262314914395674
455,V7GD,120L,-11,18.899159549986603
455,V7GD,120L,-12,11.814039204239833
455,V7GD,120L,-13,8.505322063186822
455,V7GD,120L,-14,5.870315113609094
455,V7GD,120L,-15,0.9070340157637093
455,V7GD,120L,-16,0.0
455,V7GD,120L,-17,0.0
455,V7GD,120L,-18,0.0
455,V7GD,120L,-19,0.0
455,V7GD,120L,-20,0.0
455,V7GD,120L,-21,0.0
455,V7GD,120L,-22,0.0
455,V7GD,120L,-23,0.0
455,V7GD,120L,-24,0.0
455,V7GD,120L,-25,0.0
455,V7GD,120L,-26,0.0
455,V7GD,120L,-27,0.0
455,V7GD,120L,-28,0.0
455,V7GD,120L,-29,0.0
456,LTYP,120L,0,14.0
456,LTYP,120L,-1,9.976071958473643
456,LTYP,120L,-2,4.505263439050458
456,LTYP,120L,-3,2.6366326219959957
456,LTYP,120L,-4,0.3501833828326567
456,LTYP,120L,-5,0.0
456,LTYP,120L,-6,0.0
456,LTYP,120L,-7,0.0
456,LTYP,120L,-8,0.0
456,LTYP,120L,-9,0.0
456,LTYP,120L,-10,0.0
456,LTYP,120L,-11,0.0
456,LTYP,120L,-12,0.0
456,LTYP,120L,-13,0.0
456,LTYP,120L,-14,0.0
456,LTYP,120L,-15,0.0
456,LTYP,120L,-16,0.0
456,LTYP,120L,-17,0.0
456,LTYP,120L,-18,0.0
456,LTYP,120L,-19,0.0
456,LTYP,120L,-20,0.0
456,LTYP,120L,-21,0.0
456,LTYP,120L,-22,0.0
456,LTYP,120L,-23,0.0
456,LTYP,120L,-24,0.0
456,LTYP,120L,-25,0.0
456,LTYP,120L,-26,0.0
456,LTYP,120L,-27,0.0
456,LTYP,120L,-28,0.0
456,LTYP,120L,-29,0.0
457,EJU3,120L,0,53.0
457,EJU3,120L,-1,48.22203676690333
457,EJU3,120L,-2,44.19819575229302
457,EJU3,120L,-3,38.648491477482295
457,EJU3,120L,-4,34.243788029822575
457,EJU3,120L,-5,31.31802885479237
457,EJU3,120L,-6,25.55127416501632
457,EJU3,120L,-7,22.16464270977853
457,EJU3,120L,-8,17.137533346784473
457,EJU3,120L,-9,12.956132670040375
457,EJU3,120L,-10,8.909229038544021
457,EJU3,120L,-11,3.0393166220097134
457,EJU3,120L,-12,1.5187162421534226
457,EJU3,120L,-13,0.0
457,EJU3,120L,-14,0.0
457,EJU3,120L,-15,0.0
457,EJU3,120L,-16,0.0
457,EJU3,120L,-17,0.0
457,EJU3,120L,-18,0.0
457,EJU3,120L,-19,0.0
457,EJU3,120L,-20,0.0
457,EJU3,120L,-21,0.0
457,EJU3,120L,-22,0.0
457,EJU3,120L,-23,0.0
457,EJU3,120L,-24,0.0
457,EJU3,120L,-25,0.0
457,EJU3,120L,-26,0.0
457,EJU3,120L,-27,0.0
457,EJU3,120L,-28,0.0
457,EJU3,120L,-29,0.0
458,VT3W,120L,0,59.0
458,VT3W,120L,-1,52.94804492123071
458,VT3W,120L,-2,47.43107744055514
458,VT3W,120L,-3,44.32612025577558
458,VT3W,120L,-4,38.81531118941034
458,VT3W,120L,-5,37.48126523605216
458,VT3W,120L,-6,31.654831596844886
458,VT3W,120L,-7,28.312413301083723
458,VT3W,120L,-8,20.90541733306056
458,VT3W,120L,-9,16.107217459515677
458,VT3W,120L,-10,12.997169429925687
458,VT3W,120L,-11,7.6143152162301115
458,VT3W,120L,-12,3.5247379561622396
458,VT3W,120L,-13,0.0
458,VT3W,120L,-14,0.0
458,VT3W,120L,-15,0.0
458,VT3W,120L,-16,0.0
458,VT3W,120L,-17,0.0
458,VT3W,120L,-18,0.0
458,VT3W,120L,-19,0.0
458,VT3W,120L,-20,0.0
458,VT3W,120L,-21,0.0
458,VT3W,120L,-22,0.0
458,VT3W,120L,-23,0.0
458,VT3W,120L,-24,0.0
458,VT3W,120L,-25,0.0
458,VT3W,120L,-26,0.0
458,VT3W,120L,-27,0.0
458,VT3W,120L,-28,0.0
458,VT3W,120L,-29,0.0
459,T7XK,120L,0,100.0
459,T7XK,120L,-1,93.57105615566287
459,T7XK,120L,-2,86.5799491724876
459,T7XK,120L,-3,80.95913441874242
459,T7XK,120L,-4,76.93352720647059
459,T7XK,120L,-5,71.25343909017286
459,T7XK,120L,-6,67.60638203485993
459,T7XK,120L,-7,66.1517635668269
459,T7XK,120L,-8,64.750605766984
459,T7XK,120L,-9,59.42059019232661
459,T7XK,120L,-10,54.119527020934434
459,T7XK,120L,-11,48.92904143893802
459,T7XK,120L,-12,40.88720784355558
459,T7XK,120L,-13,36.78243784440686
459,T7XK,120L,-14,33.17678977334631
459,T7XK,120L,-15,28.503839585784913
459,T7XK,120L,-16,23.703141391041815
459,T7XK,120L,-17,21.52135779597737
459,T7XK,120L,-18,16.033484127404677
459,T7XK,120L,-19,13.051071489086688
459,T7XK,120L,-20,6.367245032410777
459,T7XK,120L,-21,0.0
459,T7XK,120L,-22,0.0
459,T7XK,120L,-23,0.0
459,T7XK,120L,-24,0.0
459,T7XK,120L,-25,0.0
459,T7XK,120L,-26,0.0
459,T7XK,120L,-27,0.0
459,T7XK,120L,-28,0.0
459,T7XK,120L,-29,0.0
460,NAV7,120L,0,96.0
460,NAV7,120L,-1,92.92595899551574
460,NAV7,120L,-2,85.47228026861619
460,NAV7,120L,-3,81.66507498373018
460,NAV7,120L,-4,77.23931587721624
460,NAV7,120L,-5,72.98148818904961
460,NAV7,120L,-6,64.33920768873915
460,NAV7,120L,-7,59.48422086282609
460,NAV7,120L,-8,57.21936485877718
460,NAV7,120L,-9,53.80978569068978
460,NAV7,120L,-10,48.96007215207228
460,NAV7,120L,-11,44.073386785369344
460,NAV7,120L,-12,37.99847311751303
460,NAV7,120L,-13,37.275432757456116
460,NAV7,120L,-14,32.13669342131225
460,NAV7,120L,-15,28.362471664512668
460,NAV7,120L,-16,26.415839830298786
460,NAV7,120L,-17,22.266679178596668
460,NAV7,120L,-18,17.939077135105173
460,NAV7,120L,-19,11.990811724619075
460,NAV7,120L,-20,5.391964687794552
460,NAV7,120L,-21,0.0
460,NAV7,120L,-22,0.0
460,NAV7,120L,-23,0.0
460,NAV7,120L,-24,0.0
460,NAV7,120L,-25,0.0
460,NAV7,120L,-26,0.0
460,NAV7,120L,-27,0.0
460,NAV7,120L,-28,0.0
460,NAV7,120L,-29,0.0
461,LSZK,120L,0,7.0
461,LSZK,120L,-1,2.6585075566307204
461,LSZK,120L,-2,0.0
461,LSZK,120L,-3,0.0
461,LSZK,120L,-4,0.0
461,LSZK,120L,-5,0.0
461,LSZK,120L,-6,0.0
461,LSZK,120L,-7,0.0
461,LSZK,120L,-8,0.0
461,LSZK,120L,-9,0.0
461,LSZK,120L,-10,0.0
461,LSZK,120L,-11,0.0
461,LSZK,120L,-12,0.0
461,LSZK,120L,-13,0.0
461,LSZK,120L,-14,0.0
461,LSZK,120L,-15,0.0
461,LSZK,120L,-16,0.0
461,LSZK,120L,-17,0.0
461,LSZK,120L,-18,0.0
461,LSZK,120L,-19,0.0
461,LSZK,120L,-20,0.0
461,LSZK,120L,-21,0.0
461,LSZK,120L,-22,0.0
461,LSZK,120L,-23,0.0
461,LSZK,120L,-24,0.0
461,LSZK,120L,-25,0.0
461,LSZK,120L,-26,0.0
461,LSZK,120L,-27,0.0
461,LSZK,120L,-28,0.0
461,LSZK,120L,-29,0.0
462,ZCAOHD,120L,0,52.0
462,ZCAOHD,120L,-1,50.1089158369068
462,ZCAOHD,120L,-2,42.64182690795553
462,ZCAOHD,120L,-3,37.984899586374084
462,ZCAOHD,120L,-4,30.99946879410063
462,ZCAOHD,120L,-5,24.891005377363246
462,ZCAOHD,120L,-6,19.851471253488178
462,ZCAOHD,120L,-7,14.055482139409149
462,ZCAOHD,120L,-8,9.414522938101738
462,ZCAOHD,120L,-9,3.6248367277540603
462,ZCAOHD,120L,-10,0.0
462,ZCAOHD,120L,-11,0.0
462,ZCAOHD,120L,-12,0.0
462,ZCAOHD,120L,-13,0.0
462,ZCAOHD,120L,-14,0.0
462,ZCAOHD,120L,-15,0.0
462,ZCAOHD,120L,-16,0.0
462,ZCAOHD,120L,-17,0.0
462,ZCAOHD,120L,-18,0.0
462,ZCAOHD,120L,-19,0.0
462,ZCAOHD,120L,-20,0.0
462,ZCAOHD,120L,-21,0.0
462,ZCAOHD,120L,-22,0.0
462,ZCAOHD,120L,-23,0.0
462,ZCAOHD,120L,-24,0.0
462,ZCAOHD,120L,-25,0.0
462,ZCAOHD,120L,-26,0.0
462,ZCAOHD,120L,-27,0.0
462,ZCAOHD,120L,-28,0.0
462,ZCAOHD,120L,-29,0.0
463,3ROR,120L,0,59.0
463,3ROR,120L,-1,51.92187668331345
463,3ROR,120L,-2,45.94043632225073
463,3ROR,120L,-3,42.38257002941697
463,3ROR,120L,-4,38.69845044828077
463,3ROR,120L,-5,29.766127389935903
463,3ROR,120L,-6,29.08390858975
463,3ROR,120L,-7,23.846413726867404
463,3ROR,120L,-8,17.32187922190209
463,3ROR,120L,-9,11.625373765838813
463,3ROR,120L,-10,7.533239565084528
463,3ROR,120L,-11,1.898057971531204
463,3ROR,120L,-12,0.0
463,3ROR,120L,-13,0.0
463,3ROR,120L,-14,0.0
463,3ROR,120L,-15,0.0
463,3ROR,120L,-16,0.0
463,3ROR,120L,-17,0.0
463,3ROR,120L,-18,0.0
463,3ROR,120L,-19,0.0
463,3ROR,120L,-20,0.0
463,3ROR,120L,-21,0.0
463,3ROR,120L,-22,0.0
463,3ROR,120L,-23,0.0
463,3ROR,120L,-24,0.0
463,3ROR,120L,-25,0.0
463,3ROR,120L,-26,0.0
463,3ROR,120L,-27,0.0
463,3ROR,120L,-28,0.0
463,3ROR,120L,-29,0.0
464,GGJR,120L,0,4.0
464,GGJR,120L,-1,0.20375197156388425
464,GGJR,120L,-2,0.0
464,GGJR,120L,-3,0.0
464,GGJR,120L,-4,0.0
464,GGJR,120L,-5,0.0
464,GGJR,120L,-6,0.0
464,GGJR,120L,-7,0.0
464,GGJR,120L,-8,0.0
464,GGJR,120L,-9,0.0
464,GGJR,120L,-10,0.0
464,GGJR,120L,-11,0.0
464,GGJR,120L,-12,0.0
464,GGJR,120L,-13,0.0
464,GGJR,120L,-14,0.0
464,GGJR,120L,-15,0.0
464,GGJR,120L,-16,0.0
464,GGJR,120L,-17,0.0
464,GGJR,120L,-18,0.0
464,GGJR,120L,-19,0.0
464,GGJR,120L,-20,0.0
464,GGJR,120L,-21,0.0
464,GGJR,120L,-22,0.0
464,GGJR,120L,-23,0.0
464,GGJR,120L,-24,0.0
464,GGJR,120L,-25,0.0
464,GGJR,120L,-26,0.0
464,GGJR,120L,-27,0.0
464,GGJR,120L,-28,0.0
464,GGJR,120L,-29,0.0
465,DHVY,120L,0,67.0
465,DHVY,120L,-1,62.589409302968726
465,DHVY,120L,-2,60.35874805631016
465,DHVY,120L,-3,58.49651772144892
465,DHVY,120L,-4,53.499596117019735
465,DHVY,120L,-5,50.049775642075595
465,DHVY,120L,-6,43.91478550522242
465,DHVY,120L,-7,42.08212200499909
465,DHVY,120L,-8,37.525916200064074
465,DHVY,120L,-9,31.903167445271748
465,DHVY,120L,-10,27.561233229678642
465,DHVY,120L,-11,23.21164960227557
465,DHVY,120L,-12,18.96995707420937
465,DHVY,120L,-13,14.15934288524888
465,DHVY,120L,-14,9.596261854831347
465,DHVY,120L,-15,5.550514973343025
465,DHVY,120L,-16,2.0480244946851514
465,DHVY,120L,-17,0.0
465,DHVY,120L,-18,0.0
465,DHVY,120L,-19,0.0
465,DHVY,120L,-20,0.0
465,DHVY,120L,-21,0.0
465,DHVY,120L,-22,0.0
465,DHVY,120L,-23,0.0
465,DHVY,120L,-24,0.0
465,DHVY,120L,-25,0.0
465,DHVY,120L,-26,0.0
465,DHVY,120L,-27,0.0
465,DHVY,120L,-28,0.0
465,DHVY,120L,-29,0.0
466,Z3Q6ZS,120L,0,5.0
466,Z3Q6ZS,120L,-1,0.0
466,Z3Q6ZS,120L,-2,0.0
466,Z3Q6ZS,120L,-3,0.0
466,Z3Q6ZS,120L,-4,0.0
466,Z3Q6ZS,120L,-5,0.0
466,Z3Q6ZS,120L,-6,0.0
466,Z3Q6ZS,120L,-7,0.0
466,Z3Q6ZS,120L,-8,0.0
466,Z3Q6ZS,120L,-9,0.0
466,Z3Q6ZS,120L,-10,0.0
466,Z3Q6ZS,120L,-11,0.0
466,Z3Q6ZS,120L,-12,0.0
466,Z3Q6ZS,120L,-13,0.0
466,Z3Q6ZS,120L,-14,0.0
466,Z3Q6ZS,120L,-15,0.0
466,Z3Q6ZS,120L,-16,0.0
466,Z3Q6ZS,120L,-17,0.0
466,Z3Q6ZS,120L,-18,0.0
466,Z3Q6ZS,120L,-19,0.0
466,Z3Q6ZS,120L,-20,0.0
466,Z3Q6ZS,120L,-21,0.0
466,Z3Q6ZS,120L,-22,0.0
466,Z3Q6ZS,120L,-23,0.0
466,Z3Q6ZS,120L,-24,0.0
466,Z3Q6ZS,120L,-25,0.0
466,Z3Q6ZS,120L,-26,0.0
466,Z3Q6ZS,120L,-27,0.0
466,Z3Q6ZS,120L,-28,0.0
466,Z3Q6ZS,120L,-29,0.0
467,L7HU,120L,0,95.0
467,L7HU,120L,-1,92.72618722443377
467,L7HU,120L,-2,86.8792678950061
467,L7HU,120L,-3,80.15004963012113
467,L7HU,120L,-4,76.28718419098932
467,L7HU,120L,-5,75.06263230654352
467,L7HU,120L,-6,69.24001551456047
467,L7HU,120L,-7,66.53124581091325
467,L7HU,120L,-8,62.510547504246965
467,L7HU,120L,-9,58.40941621255993
467,L7HU,120L,-10,55.84920775073982
467,L7HU,120L,-11,51.24843429673594
467,L7HU,120L,-12,48.53778750666307
467,L7HU,120L,-13,42.22708028884823
467,L7HU,120L,-14,36.121485677799996
467,L7HU,120L,-15,30.111495977185527
467,L7HU,120L,-16,26.405509687087033
467,L7HU,120L,-17,25.429348200169514
467,L7HU,120L,-18,21.546689529223592
467,L7HU,120L,-19,17.860450685339675
467,L7HU,120L,-20,12.54127097439693
467,L7HU,120L,-21,9.399821221922283
467,L7HU,120L,-22,5.433950722131541
467,L7HU,120L,-23,0.0
467,L7HU,120L,-24,0.0
467,L7HU,120L,-25,0.0
467,L7HU,120L,-26,0.0
467,L7HU,120L,-27,0.0
467,L7HU,120L,-28,0.0
467,L7HU,120L,-29,0.0
468,I5QG,120L,0,93.0
468,I5QG,120L,-1,90.37070415420766
468,I5QG,120L,-2,83.00461443908996
468,I5QG,120L,-3,76.31543968348767
468,I5QG,120L,-4,72.80811694707366
468,I5QG,120L,-5,70.64427657333559
468,I5QG,120L,-6,65.08241684126348
468,I5QG,120L,-7,61.376274598791994
468,I5QG,120L,-8,55.77905118632625
468,I5QG,120L,-9,51.56280201701111
468,I5QG,120L,-10,50.05160542674936
468,I5QG,120L,-11,46.125885050747954
468,I5QG,120L,-12,40.457250681095374
468,I5QG,120L,-13,36.05559484950767
468,I5QG,120L,-14,32.84013703588582
468,I5QG,120L,-15,31.238520144665255
468,I5QG,120L,-16,25.842855108264438
468,I5QG,120L,-17,23.47444910848027
468,I5QG,120L,-18,16.454288459141154
468,I5QG,120L,-19,15.20815721899374
468,I5QG,120L,-20,9.18526595379757
468,I5QG,120L,-21,4.16366253852398
468,I5QG,120L,-22,0.3686249132336864
468,I5QG,120L,-23,0.0
468,I5QG,120L,-24,0.0
468,I5QG,120L,-25,0.0
468,I5QG,120L,-26,0.0
468,I5QG,120L,-27,0.0
468,I5QG,120L,-28,0.0
468,I5QG,120L,-29,0.0
469,FUQBCW,120L,0,46.0
469,FUQBCW,120L,-1,40.90631710397541
469,FUQBCW,120L,-2,37.45403044029778
469,FUQBCW,120L,-3,33.68929122928671
469,FUQBCW,120L,-4,30.438029418688735
469,FUQBCW,120L,-5,24.51002574903775
469,FUQBCW,120L,-6,21.110671340642973
469,FUQBCW,120L,-7,17.94727897103352
469,FUQBCW,120L,-8,13.78989704702163
469,FUQBCW,120L,-9,8.088326135008769
469,FUQBCW,120L,-10,5.349405413853205
469,FUQBCW,120L,-11,0.668428052628724
469,FUQBCW,120L,-12,0.0
469,FUQBCW,120L,-13,0.0
469,FUQBCW,120L,-14,0.0
469,FUQBCW,120L,-15,0.0
469,FUQBCW,120L,-16,0.0
469,FUQBCW,120L,-17,0.0
469,FUQBCW,120L,-18,0.0
469,FUQBCW,120L,-19,0.0
469,FUQBCW,120L,-20,0.0
469,FUQBCW,120L,-21,0.0
469,FUQBCW,120L,-22,0.0
469,FUQBCW,120L,-23,0.0
469,FUQBCW,120L,-24,0.0
469,FUQBCW,120L,-25,0.0
469,FUQBCW,120L,-26,0.0
469,FUQBCW,120L,-27,0.0
469,FUQBCW,120L,-28,0.0
469,FUQBCW,120L,-29,0.0
470,D3OBAA,240L,0,98.0
470,D3OBAA,240L,-1,91.43636935838953
470,D3OBAA,240L,-2,86.42698916952567
470,D3OBAA,240L,-3,80.54793165233552
470,D3OBAA,240L,-4,71.1944978784094
470,D3OBAA,240L,-5,67.76599271603271
470,D3OBAA,240L,-6,63.468328824015636
470,D3OBAA,240L,-7,57.67115756386622
470,D3OBAA,240L,-8,54.48962105895889
470,D3OBAA,240L,-9,50.13118758391431
470,D3OBAA,240L,-10,46.35290569687425
470,D3OBAA,240L,-11,41.057043113175325
470,D3OBAA,240L,-12,36.372063660623866
470,D3OBAA,240L,-13,28.748807816494757
470,D3OBAA,240L,-14,21.1330835564445
470,D3OBAA,240L,-15,14.656093570030283
470,D3OBAA,240L,-16,7.649021949003169
470,D3OBAA,240L,-17,5.4758364191863365
470,D3OBAA,240L,-18,0.0
470,D3OBAA,240L,-19,0.0
470,D3OBAA,240L,-20,0.0
470,D3OBAA,240L,-21,0.0
470,D3OBAA,240L,-22,0.0
470,D3OBAA,240L,-23,0.0
470,D3OBAA,240L,-24,0.0
470,D3OBAA,240L,-25,0.0
470,D3OBAA,240L,-26,0.0
470,D3OBAA,240L,-27,0.0
470,D3OBAA,240L,-28,0.0
470,D3OBAA,240L,-29,0.0
471,GPBCWR,120L,0,54.0
471,GPBCWR,120L,-1,48.24519297137085
471,GPBCWR,120L,-2,45.37440485681939
471,GPBCWR,120L,-3,41.282625326239945
471,GPBCWR,120L,-4,36.171577495063595
471,GPBCWR,120L,-5,32.62536821405093
471,GPBCWR,120L,-6,28.35261579846591
471,GPBCWR,120L,-7,24.382555363516147
471,GPBCWR,120L,-8,17.963212785828933
471,GPBCWR,120L,-9,14.837926160412032
471,GPBCWR,120L,-10,9.02779384242137
471,GPBCWR,120L,-11,3.8210826378768705
471,GPBCWR,120L,-12,0.0
471,GPBCWR,120L,-13,0.0
471,GPBCWR,120L,-14,0.0
471,GPBCWR,120L,-15,0.0
471,GPBCWR,120L,-16,0.0
471,GPBCWR,120L,-17,0.0
471,GPBCWR,120L,-18,0.0
471,GPBCWR,120L,-19,0.0
471,GPBCWR,120L,-20,0.0
471,GPBCWR,120L,-21,0.0
471,GPBCWR,120L,-22,0.0
471,GPBCWR,120L,-23,0.0
471,GPBCWR,120L,-24,0.0
471,GPBCWR,120L,-25,0.0
471,GPBCWR,120L,-26,0.0
471,GPBCWR,120L,-27,0.0
471,GPBCWR,120L,-28,0.0
471,GPBCWR,120L,-29,0.0
472,3V624D,120L,0,39.0
472,3V624D,120L,-1,34.62610540089312
472,3V624D,120L,-2,30.806203766460417
472,3V624D,120L,-3,28.395352745070582
472,3V624D,120L,-4,21.638159348320887
472,3V624D,120L,-5,16.340653614990153
472,3V624D,120L,-6,11.720563837843423
472,3V624D,120L,-7,7.318223708368104
472,3V624D,120L,-8,3.6387677410761268
472,3V624D,120L,-9,0.0
472,3V624D,120L,-10,0.0
472,3V624D,120L,-11,0.0
472,3V624D,120L,-12,0.0
472,3V624D,120L,-13,0.0
472,3V624D,120L,-14,0.0
472,3V624D,120L,-15,0.0
472,3V624D,120L,-16,0.0
472,3V624D,120L,-17,0.0
472,3V624D,120L,-18,0.0
472,3V624D,120L,-19,0.0
472,3V624D,120L,-20,0.0
472,3V624D,120L,-21,0.0
472,3V624D,120L,-22,0.0
472,3V624D,120L,-23,0.0
472,3V624D,120L,-24,0.0
472,3V624D,120L,-25,0.0
472,3V624D,120L,-26,0.0
472,3V624D,120L,-27,0.0
472,3V624D,120L,-28,0.0
472,3V624D,120L,-29,0.0
473,UYY7,120L,0,51.0
473,UYY7,120L,-1,46.89252172822918
473,UYY7,120L,-2,43.31438349599335
473,UYY7,120L,-3,36.87262192428562
473,UYY7,120L,-4,31.534063194908033
473,UYY7,120L,-5,26.98050872750765
473,UYY7,120L,-6,22.85209022850491
473,UYY7,120L,-7,19.176062089826242
473,UYY7,120L,-8,13.08996695010933
473,UYY7,120L,-9,8.508702295444461
473,UYY7,120L,-10,3.6944401893851917
473,UYY7,120L,-11,0.0
473,UYY7,120L,-12,0.0
473,UYY7,120L,-13,0.0
473,UYY7,120L,-14,0.0
473,UYY7,120L,-15,0.0
473,UYY7,120L,-16,0.0
473,UYY7,120L,-17,0.0
473,UYY7,120L,-18,0.0
473,UYY7,120L,-19,0.0
473,UYY7,120L,-20,0.0
473,UYY7,120L,-21,0.0
473,UYY7,120L,-22,0.0
473,UYY7,120L,-23,0.0
473,UYY7,120L,-24,0.0
473,UYY7,120L,-25,0.0
473,UYY7,120L,-26,0.0
473,UYY7,120L,-27,0.0
473,UYY7,120L,-28,0.0
473,UYY7,120L,-29,0.0
474,XSW3,120L,0,15.0
474,XSW3,120L,-1,13.88429567074799
474,XSW3,120L,-2,11.775729676474109
474,XSW3,120L,-3,7.753829447754053
474,XSW3,120L,-4,3.306737884151172
474,XSW3,120L,-5,0.0
474,XSW3,120L,-6,0.0
474,XSW3,120L,-7,0.0
474,XSW3,120L,-8,0.0
474,XSW3,120L,-9,0.0
474,XSW3,120L,-10,0.0
474,XSW3,120L,-11,0.0
474,XSW3,120L,-12,0.0
474,XSW3,120L,-13,0.0
474,XSW3,120L,-14,0.0
474,XSW3,120L,-15,0.0
474,XSW3,120L,-16,0.0
474,XSW3,120L,-17,0.0
474,XSW3,120L,-18,0.0
474,XSW3,120L,-19,0.0
474,XSW3,120L,-20,0.0
474,XSW3,120L,-21,0.0
474,XSW3,120L,-22,0.0
474,XSW3,120L,-23,0.0
474,XSW3,120L,-24,0.0
474,XSW3,120L,-25,0.0
474,XSW3,120L,-26,0.0
474,XSW3,120L,-27,0.0
474,XSW3,120L,-28,0.0
474,XSW3,120L,-29,0.0
475,KPWA,120L,0,12.0
475,KPWA,120L,-1,6.2606130890974985
475,KPWA,120L,-2,3.0443101952995377
475,KPWA,120L,-3,0.0
475,KPWA,120L,-4,0.0
475,KPWA,120L,-5,0.0
475,KPWA,120L,-6,0.0
475,KPWA,120L,-7,0.0
475,KPWA,120L,-8,0.0
475,KPWA,120L,-9,0.0
475,KPWA,120L,-10,0.0
475,KPWA,120L,-11,0.0
475,KPWA,120L,-12,0.0
475,KPWA,120L,-13,0.0
475,KPWA,120L,-14,0.0
475,KPWA,120L,-15,0.0
475,KPWA,120L,-16,0.0
475,KPWA,120L,-17,0.0
475,KPWA,120L,-18,0.0
475,KPWA,120L,-19,0.0
475,KPWA,120L,-20,0.0
475,KPWA,120L,-21,0.0
475,KPWA,120L,-22,0.0
475,KPWA,120L,-23,0.0
475,KPWA,120L,-24,0.0
475,KPWA,120L,-25,0.0
475,KPWA,120L,-26,0.0
475,KPWA,120L,-27,0.0
475,KPWA,120L,-28,0.0
475,KPWA,120L,-29,0.0
476,FA6J,120L,0,29.0
476,FA6J,120L,-1,26.722169261287156
476,FA6J,120L,-2,22.106020466689404
476,FA6J,120L,-3,16.33895709894123
476,FA6J,120L,-4,8.901006012735508
476,FA6J,120L,-5,5.288975322062949
476,FA6J,120L,-6,0.5876161144874796
476,FA6J,120L,-7,0.0
476,FA6J,120L,-8,0.0
476,FA6J,120L,-9,0.0
476,FA6J,120L,-10,0.0
476,FA6J,120L,-11,0.0
476,FA6J,120L,-12,0.0
476,FA6J,120L,-13,0.0
476,FA6J,120L,-14,0.0
476,FA6J,120L,-15,0.0
476,FA6J,120L,-16,0.0
476,FA6J,120L,-17,0.0
476,FA6J,120L,-18,0.0
476,FA6J,120L,-19,0.0
476,FA6J,120L,-20,0.0
476,FA6J,120L,-21,0.0
476,FA6J,120L,-22,0.0
476,FA6J,120L,-23,0.0
476,FA6J,120L,-24,0.0
476,FA6J,120L,-25,0.0
476,FA6J,120L,-26,0.0
476,FA6J,120L,-27,0.0
476,FA6J,120L,-28,0.0
476,FA6J,120L,-29,0.0
477,GLGN,120L,0,18.0
477,GLGN,120L,-1,13.92323739669804
477,GLGN,120L,-2,9.73954138091942
477,GLGN,120L,-3,2.366298613678036
477,GLGN,120L,-4,0.0
477,GLGN,120L,-5,0.0
477,GLGN,120L,-6,0.0
477,GLGN,120L,-7,0.0
477,GLGN,120L,-8,0.0
477,GLGN,120L,-9,0.0
477,GLGN,120L,-10,0.0
477,GLGN,120L,-11,0.0
477,GLGN,120L,-12,0.0
477,GLGN,120L,-13,0.0
477,GLGN,120L,-14,0.0
477,GLGN,120L,-15,0.0
477,GLGN,120L,-16,0.0
477,GLGN,120L,-17,0.0
477,GLGN,120L,-18,0.0
477,GLGN,120L,-19,0.0
477,GLGN,120L,-20,0.0
477,GLGN,120L,-21,0.0
477,GLGN,120L,-22,0.0
477,GLGN,120L,-23,0.0
477,GLGN,120L,-24,0.0
477,GLGN,120L,-25,0.0
477,GLGN,120L,-26,0.0
477,GLGN,120L,-27,0.0
477,GLGN,120L,-28,0.0
477,GLGN,120L,-29,0.0
478,QQAP,120L,0,16.0
478,QQAP,120L,-1,11.163242743655276
478,QQAP,120L,-2,11.405036457967476
478,QQAP,120L,-3,5.822605659360007
478,QQAP,120L,-4,0.0
478,QQAP,120L,-5,0.0
478,QQAP,120L,-6,0.0
478,QQAP,120L,-7,0.0
478,QQAP,120L,-8,0.0
478,QQAP,120L,-9,0.0
478,QQAP,120L,-10,0.0
478,QQAP,120L,-11,0.0
478,QQAP,120L,-12,0.0
478,QQAP,120L,-13,0.0
478,QQAP,120L,-14,0.0
478,QQAP,120L,-15,0.0
478,QQAP,120L,-16,0.0
478,QQAP,120L,-17,0.0
478,QQAP,120L,-18,0.0
478,QQAP,120L,-19,0.0
478,QQAP,120L,-20,0.0
478,QQAP,120L,-21,0.0
478,QQAP,120L,-22,0.0
478,QQAP,120L,-23,0.0
478,QQAP,120L,-24,0.0
478,QQAP,120L,-25,0.0
478,QQAP,120L,-26,0.0
478,QQAP,120L,-27,0.0
478,QQAP,120L,-28,0.0
478,QQAP,120L,-29,0.0
479,G7FJ,120L,0,62.0
479,G7FJ,120L,-1,56.21502012621693
479,G7FJ,120L,-2,51.45400755314123
479,G7FJ,120L,-3,46.35217411672354
479,G7FJ,120L,-4,41.70598560586883
479,G7FJ,120L,-5,34.255889395624926
479,G7FJ,120L,-6,29.92915440952406
479,G7FJ,120L,-7,23.718141131193715
479,G7FJ,120L,-8,17.75873504778048
479,G7FJ,120L,-9,14.756446712813311
479,G7FJ,120L,-10,12.79019842617419
479,G7FJ,120L,-11,7.031019630954875
479,G7FJ,120L,-12,1.7566676562936046
479,G7FJ,120L,-13,0.0
479,G7FJ,120L,-14,0.0
479,G7FJ,120L,-15,0.0
479,G7FJ,120L,-16,0.0
479,G7FJ,120L,-17,0.0
479,G7FJ,120L,-18,0.0
479,G7FJ,120L,-19,0.0
479,G7FJ,120L,-20,0.0
479,G7FJ,120L,-21,0.0
479,G7FJ,120L,-22,0.0
479,G7FJ,120L,-23,0.0
479,G7FJ,120L,-24,0.0
479,G7FJ,120L,-25,0.0
479,G7FJ,120L,-26,0.0
479,G7FJ,120L,-27,0.0
479,G7FJ,120L,-28,0.0
479,G7FJ,120L,-29,0.0
480,N67S,120L,0,18.0
480,N67S,120L,-1,13.736891589398862
480,N67S,120L,-2,8.96178893382425
480,N67S,120L,-3,6.074899456311227
480,N67S,120L,-4,2.393696070947409
480,N67S,120L,-5,0.0
480,N67S,120L,-6,0.0
480,N67S,120L,-7,0.0
480,N67S,120L,-8,0.0
480,N67S,120L,-9,0.0
480,N67S,120L,-10,0.0
480,N67S,120L,-11,0.0
480,N67S,120L,-12,0.0
480,N67S,120L,-13,0.0
480,N67S,120L,-14,0.0
480,N67S,120L,-15,0.0
480,N67S,120L,-16,0.0
480,N67S,120L,-17,0.0
480,N67S,120L,-18,0.0
480,N67S,120L,-19,0.0
480,N67S,120L,-20,0.0
480,N67S,120L,-21,0.0
480,N67S,120L,-22,0.0
480,N67S,120L,-23,0.0
480,N67S,120L,-24,0.0
480,N67S,120L,-25,0.0
480,N67S,120L,-26,0.0
480,N67S,120L,-27,0.0
480,N67S,120L,-28,0.0
480,N67S,120L,-29,0.0
481,G5QV,120L,0,91.0
481,G5QV,120L,-1,86.09534152503367
481,G5QV,120L,-2,81.95414574489708
481,G5QV,120L,-3,79.90809942438537
481,G5QV,120L,-4,74.34586997393862
481,G5QV,120L,-5,67.74762347107968
481,G5QV,120L,-6,62.26052521142294
481,G5QV,120L,-7,56.81842612812472
481,G5QV,120L,-8,52.56397632461285
481,G5QV,120L,-9,44.716396914542784
481,G5QV,120L,-10,40.80660293300542
481,G5QV,120L,-11,39.0831951745861
481,G5QV,120L,-12,32.23297008335666
481,G5QV,120L,-13,24.448037229774997
481,G5QV,120L,-14,22.5120674223382
481,G5QV,120L,-15,16.826738980976334
481,G5QV,120L,-16,13.16918078216963
481,G5QV,120L,-17,10.286799266004088
481,G5QV,120L,-18,6.726269721178234
481,G5QV,120L,-19,4.2341241853867295
481,G5QV,120L,-20,0.0
481,G5QV,120L,-21,0.0
481,G5QV,120L,-22,0.0
481,G5QV,120L,-23,0.0
481,G5QV,120L,-24,0.0
481,G5QV,120L,-25,0.0
481,G5QV,120L,-26,0.0
481,G5QV,120L,-27,0.0
481,G5QV,120L,-28,0.0
481,G5QV,120L,-29,0.0
482,G3LE,120L,0,57.0
482,G3LE,120L,-1,49.953076844287686
482,G3LE,120L,-2,44.17499787996108
482,G3LE,120L,-3,36.64411912848849
482,G3LE,120L,-4,30.519900547192343
482,G3LE,120L,-5,24.812627262885307
482,G3LE,120L,-6,22.639563002601722
482,G3LE,120L,-7,16.11897012350944
482,G3LE,120L,-8,11.864059686165525
482,G3LE,120L,-9,9.347904700073812
482,G3LE,120L,-10,4.981607104525312
482,G3LE,120L,-11,0.14014861993609767
482,G3LE,120L,-12,0.0
482,G3LE,120L,-13,0.0
482,G3LE,120L,-14,0.0
482,G3LE,120L,-15,0.0
482,G3LE,120L,-16,0.0
482,G3LE,120L,-17,0.0
482,G3LE,120L,-18,0.0
482,G3LE,120L,-19,0.0
482,G3LE,120L,-20,0.0
482,G3LE,120L,-21,0.0
482,G3LE,120L,-22,0.0
482,G3LE,120L,-23,0.0
482,G3LE,120L,-24,0.0
482,G3LE,120L,-25,0.0
482,G3LE,120L,-26,0.0
482,G3LE,120L,-27,0.0
482,G3LE,120L,-28,0.0
482,G3LE,120L,-29,0.0
483,G2YI,120L,0,54.0
483,G2YI,120L,-1,50.89617004785547
483,G2YI,120L,-2,46.724368330980425
483,G2YI,120L,-3,44.54560320917607
483,G2YI,120L,-4,38.40250461243229
483,G2YI,120L,-5,32.34740431564991
483,G2YI,120L,-6,26.580032970131583
483,G2YI,120L,-7,21.115432585907786
483,G2YI,120L,-8,17.315175752949784
483,G2YI,120L,-9,14.000511544226136
483,G2YI,120L,-10,11.24905113110195
483,G2YI,120L,-11,8.339935140131194
483,G2YI,120L,-12,1.8587147654916296
483,G2YI,120L,-13,0.0
483,G2YI,120L,-14,0.0
483,G2YI,120L,-15,0.0
483,G2YI,120L,-16,0.0
483,G2YI,120L,-17,0.0
483,G2YI,120L,-18,0.0
483,G2YI,120L,-19,0.0
483,G2YI,120L,-20,0.0
483,G2YI,120L,-21,0.0
483,G2YI,120L,-22,0.0
483,G2YI,120L,-23,0.0
483,G2YI,120L,-24,0.0
483,G2YI,120L,-25,0.0
483,G2YI,120L,-26,0.0
483,G2YI,120L,-27,0.0
483,G2YI,120L,-28,0.0
483,G2YI,120L,-29,0.0
484,G2MC,120L,0,89.0
484,G2MC,120L,-1,83.99291586740308
484,G2MC,120L,-2,78.42649725687843
484,G2MC,120L,-3,77.46184927641222
484,G2MC,120L,-4,72.00102049714275
484,G2MC,120L,-5,65.6112149394256
484,G2MC,120L,-6,62.322431514165565
484,G2MC,120L,-7,56.92503551565212
484,G2MC,120L,-8,51.83419485989736
484,G2MC,120L,-9,45.83837233597663
484,G2MC,120L,-10,41.809852749395205
484,G2MC,120L,-11,35.566998834405624
484,G2MC,120L,-12,33.22362008800096
484,G2MC,120L,-13,30.064517222119502
484,G2MC,120L,-14,22.66821036437004
484,G2MC,120L,-15,17.7966399405589
484,G2MC,120L,-16,10.819050588287377
484,G2MC,120L,-17,6.390057828215906
484,G2MC,120L,-18,0.0
484,G2MC,120L,-19,0.0
484,G2MC,120L,-20,0.0
484,G2MC,120L,-21,0.0
484,G2MC,120L,-22,0.0
484,G2MC,120L,-23,0.0
484,G2MC,120L,-24,0.0
484,G2MC,120L,-25,0.0
484,G2MC,120L,-26,0.0
484,G2MC,120L,-27,0.0
484,G2MC,120L,-28,0.0
484,G2MC,120L,-29,0.0
485,6W7P,120L,0,100.0
485,6W7P,120L,-1,95.79746781389342
485,6W7P,120L,-2,89.94930588439865
485,6W7P,120L,-3,87.83552192317543
485,6W7P,120L,-4,85.43217414717986
485,6W7P,120L,-5,83.24670808678964
485,6W7P,120L,-6,80.76723143993571
485,6W7P,120L,-7,75.78787314308815
485,6W7P,120L,-8,74.21132293842761
485,6W7P,120L,-9,66.0457991460948
485,6W7P,120L,-10,62.43167313739846
485,6W7P,120L,-11,59.749622066014204
485,6W7P,120L,-12,55.19243398737218
485,6W7P,120L,-13,48.6114317065168
485,6W7P,120L,-14,44.49592614418774
485,6W7P,120L,-15,40.72277665342075
485,6W7P,120L,-16,33.75797307818016
485,6W7P,120L,-17,27.428186953071247
485,6W7P,120L,-18,24.238085999341774
485,6W7P,120L,-19,21.608491685858795
485,6W7P,120L,-20,18.364640583235094
485,6W7P,120L,-21,11.600942214581606
485,6W7P,120L,-22,9.097353009265463
485,6W7P,120L,-23,5.041924056507373
485,6W7P,120L,-24,0.0
485,6W7P,120L,-25,0.0
485,6W7P,120L,-26,0.0
485,6W7P,120L,-27,0.0
485,6W7P,120L,-28,0.0
485,6W7P,120L,-29,0.0
486,FYQD,120L,0,89.0
486,FYQD,120L,-1,87.83554027942331
486,FYQD,120L,-2,84.84970820824681
486,FYQD,120L,-3,79.53387897805447
486,FYQD,120L,-4,76.38741052532612
486,FYQD,120L,-5,68.01411359123942
486,FYQD,120L,-6,61.85242870192875
486,FYQD,120L,-7,60.37975201120765
486,FYQD,120L,-8,54.74850595502179
486,FYQD,120L,-9,47.69825500231741
486,FYQD,120L,-10,40.98243944247975
486,FYQD,120L,-11,37.310610582262065
486,FYQD,120L,-12,33.91439419083974
486,FYQD,120L,-13,30.173226680009556
486,FYQD,120L,-14,27.678456271513188
486,FYQD,120L,-15,24.068283307296262
486,FYQD,120L,-16,18.994282051498228
486,FYQD,120L,-17,14.83652629653143
486,FYQD,120L,-18,14.987885270570452
486,FYQD,120L,-19,11.508351165066163
486,FYQD,120L,-20,6.460053035972738
486,FYQD,120L,-21,0.5770126422620971
486,FYQD,120L,-22,0.0
486,FYQD,120L,-23,0.0
486,FYQD,120L,-24,0.0
486,FYQD,120L,-25,0.0
486,FYQD,120L,-26,0.0
486,FYQD,120L,-27,0.0
486,FYQD,120L,-28,0.0
486,FYQD,120L,-29,0.0
487,5X5M,120L,0,61.0
487,5X5M,120L,-1,56.355535144331164
487,5X5M,120L,-2,52.77006051465722
487,5X5M,120L,-3,48.381745721918705
487,5X5M,120L,-4,44.412091981582755
487,5X5M,120L,-5,37.4122788860652
487,5X5M,120L,-6,34.610601122910026
487,5X5M,120L,-7,31.66157949166677
487,5X5M,120L,-8,24.727023206963782
487,5X5M,120L,-9,20.508436099233958
487,5X5M,120L,-10,14.893300219422692
487,5X5M,120L,-11,9.845613712382335
487,5X5M,120L,-12,5.72266778188481
487,5X5M,120L,-13,0.0
487,5X5M,120L,-14,0.0
487,5X5M,120L,-15,0.0
487,5X5M,120L,-16,0.0
487,5X5M,120L,-17,0.0
487,5X5M,120L,-18,0.0
487,5X5M,120L,-19,0.0
487,5X5M,120L,-20,0.0
487,5X5M,120L,-21,0.0
487,5X5M,120L,-22,0.0
487,5X5M,120L,-23,0.0
487,5X5M,120L,-24,0.0
487,5X5M,120L,-25,0.0
487,5X5M,120L,-26,0.0
487,5X5M,120L,-27,0.0
487,5X5M,120L,-28,0.0
487,5X5M,120L,-29,0.0
488,65WS,120L,0,22.0
488,65WS,120L,-1,19.550635681712247
488,65WS,120L,-2,15.856468521739574
488,65WS,120L,-3,13.363225874415738
488,65WS,120L,-4,9.452100311501205
488,65WS,120L,-5,5.439606328078513
488,65WS,120L,-6,0.0
488,65WS,120L,-7,0.0
488,65WS,120L,-8,0.0
488,65WS,120L,-9,0.0
488,65WS,120L,-10,0.0
488,65WS,120L,-11,0.0
488,65WS,120L,-12,0.0
488,65WS,120L,-13,0.0
488,65WS,120L,-14,0.0
488,65WS,120L,-15,0.0
488,65WS,120L,-16,0.0
488,65WS,120L,-17,0.0
488,65WS,120L,-18,0.0
488,65WS,120L,-19,0.0
488,65WS,120L,-20,0.0
488,65WS,120L,-21,0.0
488,65WS,120L,-22,0.0
488,65WS,120L,-23,0.0
488,65WS,120L,-24,0.0
488,65WS,120L,-25,0.0
488,65WS,120L,-26,0.0
488,65WS,120L,-27,0.0
488,65WS,120L,-28,0.05137143021504409
488,65WS,120L,-29,0.0
489,5ZYU,120L,0,8.0
489,5ZYU,120L,-1,5.135341703859893
489,5ZYU,120L,-2,1.8680109432876204
489,5ZYU,120L,-3,0.0
489,5ZYU,120L,-4,0.0
489,5ZYU,120L,-5,0.0
489,5ZYU,120L,-6,0.0
489,5ZYU,120L,-7,0.0
489,5ZYU,120L,-8,0.0
489,5ZYU,120L,-9,0.0
489,5ZYU,120L,-10,0.0
489,5ZYU,120L,-11,0.0
489,5ZYU,120L,-12,0.0
489,5ZYU,120L,-13,0.0
489,5ZYU,120L,-14,0.05794064080933525
489,5ZYU,120L,-15,0.0
489,5ZYU,120L,-16,0.0
489,5ZYU,120L,-17,0.0
489,5ZYU,120L,-18,0.0
489,5ZYU,120L,-19,0.0
489,5ZYU,120L,-20,0.0
489,5ZYU,120L,-21,0.0
489,5ZYU,120L,-22,0.0
489,5ZYU,120L,-23,0.0
489,5ZYU,120L,-24,0.0
489,5ZYU,120L,-25,0.0
489,5ZYU,120L,-26,0.0
489,5ZYU,120L,-27,0.0
489,5ZYU,120L,-28,0.0
489,5ZYU,120L,-29,0.0
490,FXZW,120L,0,11.0
490,FXZW,120L,-1,6.173707998480979
490,FXZW,120L,-2,4.514097093587747
490,FXZW,120L,-3,0.0
490,FXZW,120L,-4,0.0
490,FXZW,120L,-5,0.0
490,FXZW,120L,-6,0.0
490,FXZW,120L,-7,0.0
490,FXZW,120L,-8,0.0
490,FXZW,120L,-9,0.0
490,FXZW,120L,-10,0.0
490,FXZW,120L,-11,0.0
490,FXZW,120L,-12,0.0
490,FXZW,120L,-13,0.0
490,FXZW,120L,-14,0.0
490,FXZW,120L,-15,0.0
490,FXZW,120L,-16,0.0
490,FXZW,120L,-17,0.0
490,FXZW,120L,-18,0.0
490,FXZW,120L,-19,0.0
490,FXZW,120L,-20,1.1460244317335917
490,FXZW,120L,-21,0.0
490,FXZW,120L,-22,0.0
490,FXZW,120L,-23,0.0
490,FXZW,120L,-24,0.0
490,FXZW,120L,-25,0.0
490,FXZW,120L,-26,0.0
490,FXZW,120L,-27,0.0
490,FXZW,120L,-28,0.0
490,FXZW,120L,-29,0.0
491,FWEG,120L,0,0.0
491,FWEG,120L,-1,0.0
491,FWEG,120L,-2,0.0
491,FWEG,120L,-3,0.0
491,FWEG,120L,-4,0.0
491,FWEG,120L,-5,0.0
491,FWEG,120L,-6,0.0
491,FWEG,120L,-7,0.0
491,FWEG,120L,-8,0.0
491,FWEG,120L,-9,0.0
491,FWEG,120L,-10,0.0
491,FWEG,120L,-11,0.0
491,FWEG,120L,-12,0.0
491,FWEG,120L,-13,0.0
491,FWEG,120L,-14,0.0
491,FWEG,120L,-15,0.0
491,FWEG,120L,-16,0.0
491,FWEG,120L,-17,0.0
491,FWEG,120L,-18,0.0
491,FWEG,120L,-19,0.0
491,FWEG,120L,-20,0.0
491,FWEG,120L,-21,0.0
491,FWEG,120L,-22,0.0
491,FWEG,120L,-23,0.0
491,FWEG,120L,-24,0.0
491,FWEG,120L,-25,0.0
491,FWEG,120L,-26,0.0
491,FWEG,120L,-27,0.0
491,FWEG,120L,-28,0.0
491,FWEG,120L,-29,0.0
492,FYNH,120L,0,57.0
492,FYNH,120L,-1,55.13834142277299
492,FYNH,120L,-2,50.01202520458844
492,FYNH,120L,-3,41.51491423275942
492,FYNH,120L,-4,36.762730170386185
492,FYNH,120L,-5,31.27841988255669
492,FYNH,120L,-6,25.523575239571016
492,FYNH,120L,-7,22.621626608303846
492,FYNH,120L,-8,20.4179658407933
492,FYNH,120L,-9,18.337601096552028
492,FYNH,120L,-10,11.592650956788422
492,FYNH,120L,-11,6.225629011249145
492,FYNH,120L,-12,0.9192561681552849
492,FYNH,120L,-13,0.0
492,FYNH,120L,-14,0.0
492,FYNH,120L,-15,0.0
492,FYNH,120L,-16,0.0
492,FYNH,120L,-17,0.0
492,FYNH,120L,-18,0.0
492,FYNH,120L,-19,0.0
492,FYNH,120L,-20,0.0
492,FYNH,120L,-21,0.0
492,FYNH,120L,-22,0.0
492,FYNH,120L,-23,0.0
492,FYNH,120L,-24,0.0
492,FYNH,120L,-25,0.0
492,FYNH,120L,-26,0.0
492,FYNH,120L,-27,0.0
492,FYNH,120L,-28,0.0
492,FYNH,120L,-29,0.0
493,CCPU,120L,0,0.0
493,CCPU,120L,-1,0.0
493,CCPU,120L,-2,0.0
493,CCPU,120L,-3,0.47733616371863663
493,CCPU,120L,-4,0.0
493,CCPU,120L,-5,0.0
493,CCPU,120L,-6,0.0
493,CCPU,120L,-7,0.0
493,CCPU,120L,-8,0.0
493,CCPU,120L,-9,0.0
493,CCPU,120L,-10,0.0
493,CCPU,120L,-11,0.0
493,CCPU,120L,-12,0.0
493,CCPU,120L,-13,0.0
493,CCPU,120L,-14,0.0
493,CCPU,120L,-15,0.0
493,CCPU,120L,-16,0.0
493,CCPU,120L,-17,0.0
493,CCPU,120L,-18,0.0
493,CCPU,120L,-19,0.0
493,CCPU,120L,-20,0.0
493,CCPU,120L,-21,0.0
493,CCPU,120L,-22,0.0
493,CCPU,120L,-23,0.0
493,CCPU,120L,-24,0.0
493,CCPU,120L,-25,0.0
493,CCPU,120L,-26,0.0
493,CCPU,120L,-27,0.0
493,CCPU,120L,-28,0.0
493,CCPU,120L,-29,0.0
494,FRNB,120L,0,33.0
494,FRNB,120L,-1,25.967766252459263
494,FRNB,120L,-2,22.764263122807247
494,FRNB,120L,-3,19.96051030226458
494,FRNB,120L,-4,16.207513254894508
494,FRNB,120L,-5,10.16571946670167
494,FRNB,120L,-6,7.571363408442015
494,FRNB,120L,-7,2.9007906931906167
494,FRNB,120L,-8,0.8171534689128941
494,FRNB,120L,-9,0.0
494,FRNB,120L,-10,0.0
494,FRNB,120L,-11,0.0
494,FRNB,120L,-12,0.0
494,FRNB,120L,-13,0.0
494,FRNB,120L,-14,0.0
494,FRNB,120L,-15,0.0
494,FRNB,120L,-16,0.0
494,FRNB,120L,-17,0.0
494,FRNB,120L,-18,0.0
494,FRNB,120L,-19,0.0
494,FRNB,120L,-20,0.0
494,FRNB,120L,-21,0.0
494,FRNB,120L,-22,0.0
494,FRNB,120L,-23,0.0
494,FRNB,120L,-24,0.0
494,FRNB,120L,-25,0.0
494,FRNB,120L,-26,0.0
494,FRNB,120L,-27,0.0
494,FRNB,120L,-28,0.0
494,FRNB,120L,-29,0.0
495,FT7Y,120L,0,95.0
495,FT7Y,120L,-1,91.4582323364192
495,FT7Y,120L,-2,86.63058732256175
495,FT7Y,120L,-3,82.38835381760587
495,FT7Y,120L,-4,76.88119532918694
495,FT7Y,120L,-5,69.42078351850401
495,FT7Y,120L,-6,67.05797424657239
495,FT7Y,120L,-7,62.38182438625368
495,FT7Y,120L,-8,56.49336652413358
495,FT7Y,120L,-9,53.625527329407234
495,FT7Y,120L,-10,46.94183634490323
495,FT7Y,120L,-11,38.99178211255774
495,FT7Y,120L,-12,35.725370602721114
495,FT7Y,120L,-13,33.23547884829764
495,FT7Y,120L,-14,27.175754701603765
495,FT7Y,120L,-15,24.634863005394013
495,FT7Y,120L,-16,22.010359384658166
495,FT7Y,120L,-17,17.464105869797063
495,FT7Y,120L,-18,14.954150438703444
495,FT7Y,120L,-19,9.468791289576995
495,FT7Y,120L,-20,6.878254088111528
495,FT7Y,120L,-21,3.246275693034054
495,FT7Y,120L,-22,0.2022778161785671
495,FT7Y,120L,-23,0.0
495,FT7Y,120L,-24,0.0
495,FT7Y,120L,-25,0.0
495,FT7Y,120L,-26,0.0
495,FT7Y,120L,-27,0.0
495,FT7Y,120L,-28,0.0
495,FT7Y,120L,-29,0.0
496,AW4G,120L,0,47.0
496,AW4G,120L,-1,43.444619307125045
496,AW4G,120L,-2,37.68486850602606
496,AW4G,120L,-3,34.16522782713582
496,AW4G,120L,-4,29.901902218361695
496,AW4G,120L,-5,27.29252932096201
496,AW4G,120L,-6,22.867767015345347
496,AW4G,120L,-7,16.455378101010023
496,AW4G,120L,-8,10.728738478336282
496,AW4G,120L,-9,6.756348879518393
496,AW4G,120L,-10,2.561289994108958
496,AW4G,120L,-11,0.0
496,AW4G,120L,-12,0.0
496,AW4G,120L,-13,0.0
496,AW4G,120L,-14,0.0
496,AW4G,120L,-15,0.0
496,AW4G,120L,-16,0.0
496,AW4G,120L,-17,0.0
496,AW4G,120L,-18,0.0
496,AW4G,120L,-19,0.0
496,AW4G,120L,-20,0.0
496,AW4G,120L,-21,0.0
496,AW4G,120L,-22,0.0
496,AW4G,120L,-23,0.0
496,AW4G,120L,-24,0.0
496,AW4G,120L,-25,0.0
496,AW4G,120L,-26,0.0
496,AW4G,120L,-27,0.0
496,AW4G,120L,-28,0.0
496,AW4G,120L,-29,0.0
497,NZQI,120L,0,88.0
497,NZQI,120L,-1,84.23419134331209
497,NZQI,120L,-2,77.29127265647615
497,NZQI,120L,-3,72.70905012255655
497,NZQI,120L,-4,68.59689678827125
497,NZQI,120L,-5,61.59757729569059
497,NZQI,120L,-6,57.247209138245175
497,NZQI,120L,-7,52.29289330219491
497,NZQI,120L,-8,47.80092457854017
497,NZQI,120L,-9,44.336271109969005
497,NZQI,120L,-10,40.50947866526895
497,NZQI,120L,-11,37.25665172247187
497,NZQI,120L,-12,33.69331476285319
497,NZQI,120L,-13,28.113423675735806
497,NZQI,120L,-14,20.78319813970498
497,NZQI,120L,-15,15.635172527787498
497,NZQI,120L,-16,10.617872456724903
497,NZQI,120L,-17,1.6109717593871045
497,NZQI,120L,-18,0.0
497,NZQI,120L,-19,0.0
497,NZQI,120L,-20,0.0
497,NZQI,120L,-21,0.0
497,NZQI,120L,-22,0.0
497,NZQI,120L,-23,0.0
497,NZQI,120L,-24,0.0
497,NZQI,120L,-25,0.0
497,NZQI,120L,-26,0.0
497,NZQI,120L,-27,0.0
497,NZQI,120L,-28,0.0
497,NZQI,120L,-29,0.0
498,CKFH5G,120L,0,0.0
498,CKFH5G,120L,-1,0.0
498,CKFH5G,120L,-2,0.0
498,CKFH5G,120L,-3,0.0
498,CKFH5G,120L,-4,0.0
498,CKFH5G,120L,-5,0.0
498,CKFH5G,120L,-6,0.0
498,CKFH5G,120L,-7,0.0
498,CKFH5G,120L,-8,0.0
498,CKFH5G,120L,-9,0.0
498,CKFH5G,120L,-10,0.0
498,CKFH5G,120L,-11,0.0
498,CKFH5G,120L,-12,0.0
498,CKFH5G,120L,-13,0.0
498,CKFH5G,120L,-14,0.0
498,CKFH5G,120L,-15,0.0
498,CKFH5G,120L,-16,0.0
498,CKFH5G,120L,-17,0.0
498,CKFH5G,120L,-18,0.0
498,CKFH5G,120L,-19,0.0
498,CKFH5G,120L,-20,0.0
498,CKFH5G,120L,-21,0.0
498,CKFH5G,120L,-22,0.0
498,CKFH5G,120L,-23,0.0
498,CKFH5G,120L,-24,0.0
498,CKFH5G,120L,-25,0.0
498,CKFH5G,120L,-26,0.0
498,CKFH5G,120L,-27,0.0
498,CKFH5G,120L,-28,0.0
498,CKFH5G,120L,-29,0.0
499,TEIH26,120L,0,15.0
499,TEIH26,120L,-1,14.115459584985917
499,TEIH26,120L,-2,12.166153928693799
499,TEIH26,120L,-3,8.43825198123647
499,TEIH26,120L,-4,3.8975797682814597
499,TEIH26,120L,-5,0.1342865753181698
499,TEIH26,120L,-6,0.0
499,TEIH26,120L,-7,0.0
499,TEIH26,120L,-8,0.0
499,TEIH26,120L,-9,0.0
499,TEIH26,120L,-10,0.0
499,TEIH26,120L,-11,0.0
499,TEIH26,120L,-12,0.0
499,TEIH26,120L,-13,0.0
499,TEIH26,120L,-14,0.0
499,TEIH26,120L,-15,0.0
499,TEIH26,120L,-16,0.0
499,TEIH26,120L,-17,0.0
499,TEIH26,120L,-18,0.0
499,TEIH26,120L,-19,0.0
499,TEIH26,120L,-20,0.0
499,TEIH26,120L,-21,0.0
499,TEIH26,120L,-22,0.0
499,TEIH26,120L,-23,0.0
499,TEIH26,120L,-24,0.0
499,TEIH26,120L,-25,0.0
499,TEIH26,120L,-26,0.0
499,TEIH26,120L,-27,0.0
499,TEIH26,120L,-28,0.0
499,TEIH26,120L,-29,0.0
500,FPAB,120L,0,60.0
500,FPAB,120L,-1,53.24606998894312
500,FPAB,120L,-2,49.56571826650352
500,FPAB,120L,-3,44.49809437817269
500,FPAB,120L,-4,42.992481871841946
500,FPAB,120L,-5,38.438686974094175
500,FPAB,120L,-6,37.80556748827036
500,FPAB,120L,-7,32.8498497993847
500,FPAB,120L,-8,26.736096386883275
500,FPAB,120L,-9,20.301712843192668
500,FPAB,120L,-10,12.254077960680814
500,FPAB,120L,-11,6.242396224865409
500,FPAB,120L,-12,4.532062498693588
500,FPAB,120L,-13,0.0
500,FPAB,120L,-14,0.0
500,FPAB,120L,-15,0.0
500,FPAB,120L,-16,0.0
500,FPAB,120L,-17,0.0
500,FPAB,120L,-18,0.0
500,FPAB,120L,-19,0.0
500,FPAB,120L,-20,0.0
500,FPAB,120L,-21,0.0
500,FPAB,120L,-22,0.0
500,FPAB,120L,-23,0.0
500,FPAB,120L,-24,0.0
500,FPAB,120L,-25,0.0
500,FPAB,120L,-26,0.0
500,FPAB,120L,-27,0.0
500,FPAB,120L,-28,0.0
500,FPAB,120L,-29,0.0
501,AFPX,120L,0,63.0
501,AFPX,120L,-1,59.69865440984137
501,AFPX,120L,-2,55.52929268413976
501,AFPX,120L,-3,51.62425014144447
501,AFPX,120L,-4,49.99053466808093
501,AFPX,120L,-5,44.73381675261879
501,AFPX,120L,-6,40.441735141313764
501,AFPX,120L,-7,34.792801848033584
501,AFPX,120L,-8,32.97344745261756
501,AFPX,120L,-9,27.475191261565847
501,AFPX,120L,-10,22.74082492433433
501,AFPX,120L,-11,15.833719760284144
501,AFPX,120L,-12,9.318734727036237
501,AFPX,120L,-13,4.048294522689238
501,AFPX,120L,-14,0.0
501,AFPX,120L,-15,0.0
501,AFPX,120L,-16,0.0
501,AFPX,120L,-17,0.0
501,AFPX,120L,-18,0.13670873300921427
501,AFPX,120L,-19,0.0
501,AFPX,120L,-20,0.0
501,AFPX,120L,-21,0.0
501,AFPX,120L,-22,0.0
501,AFPX,120L,-23,0.0
501,AFPX,120L,-24,0.0
501,AFPX,120L,-25,0.0
501,AFPX,120L,-26,0.0
501,AFPX,120L,-27,0.0
501,AFPX,120L,-28,0.0
501,AFPX,120L,-29,0.0
502,FOII,120L,0,62.0
502,FOII,120L,-1,58.944735376489696
502,FOII,120L,-2,53.28390567570704
502,FOII,120L,-3,48.61388110290002
502,FOII,120L,-4,44.09251980753601
502,FOII,120L,-5,40.25606990302343
502,FOII,120L,-6,35.01442418834231
502,FOII,120L,-7,29.073874349364708
502,FOII,120L,-8,22.425073937480427
502,FOII,120L,-9,20.120761447713807
502,FOII,120L,-10,16.070831282560412
502,FOII,120L,-11,12.36948821402116
502,FOII,120L,-12,6.016017780223642
502,FOII,120L,-13,0.9524260689159961
502,FOII,120L,-14,0.0
502,FOII,120L,-15,0.0
502,FOII,120L,-16,0.0
502,FOII,120L,-17,0.0
502,FOII,120L,-18,0.0
502,FOII,120L,-19,0.0
502,FOII,120L,-20,0.0
502,FOII,120L,-21,0.0
502,FOII,120L,-22,0.0
502,FOII,120L,-23,0.0
502,FOII,120L,-24,0.7776571315447769
502,FOII,120L,-25,0.0
502,FOII,120L,-26,0.0
502,FOII,120L,-27,0.0
502,FOII,120L,-28,0.0
502,FOII,120L,-29,0.0
503,3JPC,120L,0,68.0
503,3JPC,120L,-1,63.36965058907299
503,3JPC,120L,-2,58.23111349266247
503,3JPC,120L,-3,52.58512162420168
503,3JPC,120L,-4,47.56384625055003
503,3JPC,120L,-5,43.61598305658175
503,3JPC,120L,-6,40.30708172825015
503,3JPC,120L,-7,37.67969599724378
503,3JPC,120L,-8,33.6672838593648
503,3JPC,120L,-9,27.34066451836136
503,3JPC,120L,-10,25.079837775773875
503,3JPC,120L,-11,20.678219757215846
503,3JPC,120L,-12,14.96028692839135
503,3JPC,120L,-13,12.850054494089814
503,3JPC,120L,-14,7.1279582722196
503,3JPC,120L,-15,2.6771240759372064
503,3JPC,120L,-16,0.0
503,3JPC,120L,-17,0.0
503,3JPC,120L,-18,0.0
503,3JPC,120L,-19,0.0
503,3JPC,120L,-20,0.0
503,3JPC,120L,-21,0.0
503,3JPC,120L,-22,0.0
503,3JPC,120L,-23,0.0
503,3JPC,120L,-24,0.0
503,3JPC,120L,-25,0.0
503,3JPC,120L,-26,0.0
503,3JPC,120L,-27,0.0
503,3JPC,120L,-28,0.0
503,3JPC,120L,-29,0.0
504,JMFE,120L,0,21.0
504,JMFE,120L,-1,16.269695023838384
504,JMFE,120L,-2,10.224925692790478
504,JMFE,120L,-3,8.138992498083278
504,JMFE,120L,-4,1.6851978566837973
504,JMFE,120L,-5,0.0
504,JMFE,120L,-6,0.0
504,JMFE,120L,-7,0.0
504,JMFE,120L,-8,0.0
504,JMFE,120L,-9,0.0
504,JMFE,120L,-10,0.0
504,JMFE,120L,-11,0.0
504,JMFE,120L,-12,0.0
504,JMFE,120L,-13,0.0
504,JMFE,120L,-14,0.0
504,JMFE,120L,-15,0.0
504,JMFE,120L,-16,0.0
504,JMFE,120L,-17,0.0
504,JMFE,120L,-18,0.0
504,JMFE,120L,-19,0.0
504,JMFE,120L,-20,0.0
504,JMFE,120L,-21,0.0
504,JMFE,120L,-22,0.0
504,JMFE,120L,-23,0.0
504,JMFE,120L,-24,0.0
504,JMFE,120L,-25,0.0
504,JMFE,120L,-26,0.0
504,JMFE,120L,-27,0.0
504,JMFE,120L,-28,0.0
504,JMFE,120L,-29,0.0
505,INLF2G,240L,0,92.0
505,INLF2G,240L,-1,86.58528183328171
505,INLF2G,240L,-2,82.52702776415707
505,INLF2G,240L,-3,73.8606161721865
505,INLF2G,240L,-4,68.05063519390755
505,INLF2G,240L,-5,59.34624130938296
505,INLF2G,240L,-6,54.821900302901
505,INLF2G,240L,-7,51.73953683395525
505,INLF2G,240L,-8,44.844290325060065
505,INLF2G,240L,-9,36.92763730040451
505,INLF2G,240L,-10,30.230641553428182
505,INLF2G,240L,-11,25.195144986228478
505,INLF2G,240L,-12,18.919864247481264
505,INLF2G,240L,-13,15.67713713686664
505,INLF2G,240L,-14,13.452250743211264
505,INLF2G,240L,-15,10.749675999575262
505,INLF2G,240L,-16,6.558818432580366
505,INLF2G,240L,-17,5.02637012144308
505,INLF2G,240L,-18,0.08360315474633734
505,INLF2G,240L,-19,0.0
505,INLF2G,240L,-20,0.0
505,INLF2G,240L,-21,0.0
505,INLF2G,240L,-22,0.0
505,INLF2G,240L,-23,0.0
505,INLF2G,240L,-24,0.0
505,INLF2G,240L,-25,0.0
505,INLF2G,240L,-26,0.0
505,INLF2G,240L,-27,0.0
505,INLF2G,240L,-28,0.0
505,INLF2G,240L,-29,0.0
506,H2TG,120L,0,66.0
506,H2TG,120L,-1,60.05868840485352
506,H2TG,120L,-2,53.14637255600273
506,H2TG,120L,-3,46.94356286812016
506,H2TG,120L,-4,44.44107914503617
506,H2TG,120L,-5,37.679408869192734
506,H2TG,120L,-6,31.09597956450468
506,H2TG,120L,-7,26.131946711257733
506,H2TG,120L,-8,23.976418508813236
506,H2TG,120L,-9,20.74605913674773
506,H2TG,120L,-10,11.701993564311943
506,H2TG,120L,-11,10.270417899005642
506,H2TG,120L,-12,7.091264084571554
506,H2TG,120L,-13,0.0
506,H2TG,120L,-14,0.0
506,H2TG,120L,-15,0.0
506,H2TG,120L,-16,0.0
506,H2TG,120L,-17,0.0
506,H2TG,120L,-18,0.0
506,H2TG,120L,-19,0.0
506,H2TG,120L,-20,0.0
506,H2TG,120L,-21,0.0
506,H2TG,120L,-22,0.0
506,H2TG,120L,-23,0.0
506,H2TG,120L,-24,0.0
506,H2TG,120L,-25,0.0
506,H2TG,120L,-26,0.0
506,H2TG,120L,-27,0.0
506,H2TG,120L,-28,0.0
506,H2TG,120L,-29,0.0
507,6ZAW,120L,0,75.0
507,6ZAW,120L,-1,69.42145274267594
507,6ZAW,120L,-2,65.69162021969616
507,6ZAW,120L,-3,58.816567779937614
507,6ZAW,120L,-4,54.6378093395307
507,6ZAW,120L,-5,48.31880580610165
507,6ZAW,120L,-6,43.5769395271222
507,6ZAW,120L,-7,40.350988086925184
507,6ZAW,120L,-8,36.53013233232049
507,6ZAW,120L,-9,34.357328926865286
507,6ZAW,120L,-10,30.38956595417622
507,6ZAW,120L,-11,24.410385775374532
507,6ZAW,120L,-12,17.399678515809338
507,6ZAW,120L,-13,11.166025827832767
507,6ZAW,120L,-14,7.1065024052998504
507,6ZAW,120L,-15,2.043391048204071
507,6ZAW,120L,-16,0.0
507,6ZAW,120L,-17,0.0
507,6ZAW,120L,-18,0.0
507,6ZAW,120L,-19,0.0
507,6ZAW,120L,-20,0.0
507,6ZAW,120L,-21,0.0
507,6ZAW,120L,-22,0.0
507,6ZAW,120L,-23,0.0
507,6ZAW,120L,-24,0.0
507,6ZAW,120L,-25,0.0
507,6ZAW,120L,-26,0.0
507,6ZAW,120L,-27,0.0
507,6ZAW,120L,-28,0.0
507,6ZAW,120L,-29,0.0
508,4QKUNQ,240L,0,25.0
508,4QKUNQ,240L,-1,20.96255851628128
508,4QKUNQ,240L,-2,17.544997097722693
508,4QKUNQ,240L,-3,14.516309467160928
508,4QKUNQ,240L,-4,9.047296309659117
508,4QKUNQ,240L,-5,4.065095083476407
508,4QKUNQ,240L,-6,0.0
508,4QKUNQ,240L,-7,0.0
508,4QKUNQ,240L,-8,0.0
508,4QKUNQ,240L,-9,0.0
508,4QKUNQ,240L,-10,0.0
508,4QKUNQ,240L,-11,0.0
508,4QKUNQ,240L,-12,0.0
508,4QKUNQ,240L,-13,0.0
508,4QKUNQ,240L,-14,0.0
508,4QKUNQ,240L,-15,0.0
508,4QKUNQ,240L,-16,0.0
508,4QKUNQ,240L,-17,0.0
508,4QKUNQ,240L,-18,0.0
508,4QKUNQ,240L,-19,0.0
508,4QKUNQ,240L,-20,0.0
508,4QKUNQ,240L,-21,0.0
508,4QKUNQ,240L,-22,0.0
508,4QKUNQ,240L,-23,0.0
508,4QKUNQ,240L,-24,0.0
508,4QKUNQ,240L,-25,0.0
508,4QKUNQ,240L,-26,0.0
508,4QKUNQ,240L,-27,0.0
508,4QKUNQ,240L,-28,0.0
508,4QKUNQ,240L,-29,0.0
509,IAUD,120L,0,15.0
509,IAUD,120L,-1,12.520347354109195
509,IAUD,120L,-2,12.40692121781147
509,IAUD,120L,-3,10.993472226530494
509,IAUD,120L,-4,6.370953037847888
509,IAUD,120L,-5,2.973981577216169
509,IAUD,120L,-6,2.652524886567242
509,IAUD,120L,-7,0.0
509,IAUD,120L,-8,0.0
509,IAUD,120L,-9,0.0
509,IAUD,120L,-10,0.0
509,IAUD,120L,-11,0.0
509,IAUD,120L,-12,0.0
509,IAUD,120L,-13,0.0
509,IAUD,120L,-14,0.0
509,IAUD,120L,-15,0.0
509,IAUD,120L,-16,0.0
509,IAUD,120L,-17,0.0
509,IAUD,120L,-18,0.0
509,IAUD,120L,-19,0.0
509,IAUD,120L,-20,0.0
509,IAUD,120L,-21,0.0
509,IAUD,120L,-22,0.0
509,IAUD,120L,-23,0.0
509,IAUD,120L,-24,0.0
509,IAUD,120L,-25,0.0
509,IAUD,120L,-26,0.0
509,IAUD,120L,-27,0.0
509,IAUD,120L,-28,0.0
509,IAUD,120L,-29,0.0
510,R4WTEU,120L,0,50.0
510,R4WTEU,120L,-1,45.65510588945494
510,R4WTEU,120L,-2,41.53419946907667
510,R4WTEU,120L,-3,36.083377826149594
510,R4WTEU,120L,-4,33.31392374744044
510,R4WTEU,120L,-5,30.742880792954537
510,R4WTEU,120L,-6,22.975756617993472
510,R4WTEU,120L,-7,20.98031915416862
510,R4WTEU,120L,-8,17.891824663906867
510,R4WTEU,120L,-9,12.734798160956263
510,R4WTEU,120L,-10,9.438286735654078
510,R4WTEU,120L,-11,5.793569622591021
510,R4WTEU,120L,-12,1.4760133677834992
510,R4WTEU,120L,-13,0.0
510,R4WTEU,120L,-14,0.0
510,R4WTEU,120L,-15,0.0
510,R4WTEU,120L,-16,0.0
510,R4WTEU,120L,-17,0.0
510,R4WTEU,120L,-18,0.0
510,R4WTEU,120L,-19,0.0
510,R4WTEU,120L,-20,0.0
510,R4WTEU,120L,-21,0.0
510,R4WTEU,120L,-22,0.0
510,R4WTEU,120L,-23,0.0
510,R4WTEU,120L,-24,0.0
510,R4WTEU,120L,-25,0.0
510,R4WTEU,120L,-26,0.0
510,R4WTEU,120L,-27,0.0
510,R4WTEU,120L,-28,0.0
510,R4WTEU,120L,-29,0.0
511,NMLTD3,120L,0,100.0
511,NMLTD3,120L,-1,94.17936722846443
511,NMLTD3,120L,-2,92.96813058849709
511,NMLTD3,120L,-3,88.0944825792796
511,NMLTD3,120L,-4,85.06285804335455
511,NMLTD3,120L,-5,78.24070187654844
511,NMLTD3,120L,-6,71.09614021327704
511,NMLTD3,120L,-7,69.70666044866537
511,NMLTD3,120L,-8,67.18133883653077
511,NMLTD3,120L,-9,63.30433417447089
511,NMLTD3,120L,-10,56.09132343223641
511,NMLTD3,120L,-11,50.94927274321543
511,NMLTD3,120L,-12,44.17616508414858
511,NMLTD3,120L,-13,36.713226756804715
511,NMLTD3,120L,-14,32.993431641791666
511,NMLTD3,120L,-15,28.844221808648417
511,NMLTD3,120L,-16,23.95544945300154
511,NMLTD3,120L,-17,21.631230520900903
511,NMLTD3,120L,-18,17.231670718172587
511,NMLTD3,120L,-19,13.166996895845255
511,NMLTD3,120L,-20,10.244169765293194
511,NMLTD3,120L,-21,4.528557834181346
511,NMLTD3,120L,-22,0.0
511,NMLTD3,120L,-23,0.0
511,NMLTD3,120L,-24,0.0
511,NMLTD3,120L,-25,0.0
511,NMLTD3,120L,-26,0.0
511,NMLTD3,120L,-27,0.0
511,NMLTD3,120L,-28,0.0
511,NMLTD3,120L,-29,0.0
512,G5FQOZ,120L,0,85.0
512,G5FQOZ,120L,-1,81.19798215697568
512,G5FQOZ,120L,-2,76.03916106977859
512,G5FQOZ,120L,-3,69.49595737425965
512,G5FQOZ,120L,-4,65.13114699700354
512,G5FQOZ,120L,-5,60.360029688542674
512,G5FQOZ,120L,-6,56.46823129505396
512,G5FQOZ,120L,-7,53.423942454075934
512,G5FQOZ,120L,-8,52.23675017008547
512,G5FQOZ,120L,-9,49.073036629750185
512,G5FQOZ,120L,-10,43.39770045493601
512,G5FQOZ,120L,-11,37.63845986430889
512,G5FQOZ,120L,-12,33.02438113470678
512,G5FQOZ,120L,-13,32.112584969603695
512,G5FQOZ,120L,-14,28.03795380241985
512,G5FQOZ,120L,-15,21.957479171784094
512,G5FQOZ,120L,-16,18.86864427345781
512,G5FQOZ,120L,-17,16.14401411228757
512,G5FQOZ,120L,-18,12.012244105665722
512,G5FQOZ,120L,-19,8.493900268066376
512,G5FQOZ,120L,-20,9.089225335526741
512,G5FQOZ,120L,-21,5.109604469437949
512,G5FQOZ,120L,-22,0.0
512,G5FQOZ,120L,-23,0.0
512,G5FQOZ,120L,-24,0.0
512,G5FQOZ,120L,-25,0.0
512,G5FQOZ,120L,-26,0.0
512,G5FQOZ,120L,-27,0.0
512,G5FQOZ,120L,-28,0.0
512,G5FQOZ,120L,-29,0.0
513,5WP3P7,120L,0,56.0
513,5WP3P7,120L,-1,53.13100634522117
513,5WP3P7,120L,-2,48.20579966147217
513,5WP3P7,120L,-3,45.15388717026375
513,5WP3P7,120L,-4,42.86042273794198
513,5WP3P7,120L,-5,41.165096713983516
513,5WP3P7,120L,-6,38.28602848275416
513,5WP3P7,120L,-7,31.26057499592786
513,5WP3P7,120L,-8,28.442810067402483
513,5WP3P7,120L,-9,25.812994241061784
513,5WP3P7,120L,-10,23.94274266522767
513,5WP3P7,120L,-11,23.4606683441792
513,5WP3P7,120L,-12,19.990392593962024
513,5WP3P7,120L,-13,14.02862613688356
513,5WP3P7,120L,-14,8.7066684901365
513,5WP3P7,120L,-15,1.439256905387432
513,5WP3P7,120L,-16,0.05837548928138414
513,5WP3P7,120L,-17,0.0
513,5WP3P7,120L,-18,0.0
513,5WP3P7,120L,-19,0.0
513,5WP3P7,120L,-20,0.0
513,5WP3P7,120L,-21,0.0
513,5WP3P7,120L,-22,0.0
513,5WP3P7,120L,-23,0.0
513,5WP3P7,120L,-24,0.0
513,5WP3P7,120L,-25,0.0
513,5WP3P7,120L,-26,0.0
513,5WP3P7,120L,-27,0.0
513,5WP3P7,120L,-28,0.0
513,5WP3P7,120L,-29,0.0
514,TSPC,120L,0,28.0
514,TSPC,120L,-1,22.886605291882383
514,TSPC,120L,-2,20.876032774648394
514,TSPC,120L,-3,17.224424771911362
514,TSPC,120L,-4,9.586146972473404
514,TSPC,120L,-5,3.3911282825172884
514,TSPC,120L,-6,0.0
514,TSPC,120L,-7,0.0
514,TSPC,120L,-8,0.0
514,TSPC,120L,-9,0.0
514,TSPC,120L,-10,0.0
514,TSPC,120L,-11,0.0
514,TSPC,120L,-12,0.0
514,TSPC,120L,-13,0.0
514,TSPC,120L,-14,0.0
514,TSPC,120L,-15,0.0
514,TSPC,120L,-16,0.0
514,TSPC,120L,-17,0.0
514,TSPC,120L,-18,0.0
514,TSPC,120L,-19,0.0
514,TSPC,120L,-20,0.0
514,TSPC,120L,-21,0.0
514,TSPC,120L,-22,0.0
514,TSPC,120L,-23,0.0
514,TSPC,120L,-24,0.0
514,TSPC,120L,-25,0.0
514,TSPC,120L,-26,0.0
514,TSPC,120L,-27,0.0
514,TSPC,120L,-28,0.0
514,TSPC,120L,-29,0.0
515,7KPVEF,1.100L,0,77.0
515,7KPVEF,1.100L,-1,68.42767290415446
515,7KPVEF,1.100L,-2,61.10830563080841
515,7KPVEF,1.100L,-3,50.79703647144658
515,7KPVEF,1.100L,-4,45.049178800307594
515,7KPVEF,1.100L,-5,36.1186908451662
515,7KPVEF,1.100L,-6,29.574237464818292
515,7KPVEF,1.100L,-7,23.40968938724401
515,7KPVEF,1.100L,-8,15.812583136261862
515,7KPVEF,1.100L,-9,9.902537209836346
515,7KPVEF,1.100L,-10,2.3087774121576023
515,7KPVEF,1.100L,-11,0.0
515,7KPVEF,1.100L,-12,0.0
515,7KPVEF,1.100L,-13,0.0
515,7KPVEF,1.100L,-14,0.0
515,7KPVEF,1.100L,-15,0.0
515,7KPVEF,1.100L,-16,0.0
515,7KPVEF,1.100L,-17,0.0
515,7KPVEF,1.100L,-18,0.0
515,7KPVEF,1.100L,-19,0.0
515,7KPVEF,1.100L,-20,0.0
515,7KPVEF,1.100L,-21,0.0
515,7KPVEF,1.100L,-22,0.0
515,7KPVEF,1.100L,-23,0.0
515,7KPVEF,1.100L,-24,0.0
515,7KPVEF,1.100L,-25,0.0
515,7KPVEF,1.100L,-26,0.0
515,7KPVEF,1.100L,-27,0.0
515,7KPVEF,1.100L,-28,0.0
515,7KPVEF,1.100L,-29,0.0
516,2XBH6X,1.100L,0,91.0
516,2XBH6X,1.100L,-1,80.84285958065668
516,2XBH6X,1.100L,-2,72.7456226484485
516,2XBH6X,1.100L,-3,64.42454278595285
516,2XBH6X,1.100L,-4,53.208327150607396
516,2XBH6X,1.100L,-5,42.00022097489175
516,2XBH6X,1.100L,-6,33.40435949392418
516,2XBH6X,1.100L,-7,23.20180646367833
516,2XBH6X,1.100L,-8,14.772610985947383
516,2XBH6X,1.100L,-9,7.795634643366736
516,2XBH6X,1.100L,-10,0.23745014902777167
516,2XBH6X,1.100L,-11,0.0
516,2XBH6X,1.100L,-12,0.0
516,2XBH6X,1.100L,-13,0.0
516,2XBH6X,1.100L,-14,0.0
516,2XBH6X,1.100L,-15,0.0
516,2XBH6X,1.100L,-16,0.0
516,2XBH6X,1.100L,-17,0.0
516,2XBH6X,1.100L,-18,0.0
516,2XBH6X,1.100L,-19,0.0
516,2XBH6X,1.100L,-20,0.0
516,2XBH6X,1.100L,-21,0.0
516,2XBH6X,1.100L,-22,0.0
516,2XBH6X,1.100L,-23,0.0
516,2XBH6X,1.100L,-24,0.0
516,2XBH6X,1.100L,-25,0.0
516,2XBH6X,1.100L,-26,0.0
516,2XBH6X,1.100L,-27,0.0
516,2XBH6X,1.100L,-28,0.0
516,2XBH6X,1.100L,-29,0.0
517,KAN4FM,1.100L,0,68.0
517,KAN4FM,1.100L,-1,61.374486897241255
517,KAN4FM,1.100L,-2,56.729073780081244
517,KAN4FM,1.100L,-3,47.54899978331697
517,KAN4FM,1.100L,-4,40.99147607956631
517,KAN4FM,1.100L,-5,34.523840165616924
517,KAN4FM,1.100L,-6,26.389815915263494
517,KAN4FM,1.100L,-7,19.549416186513785
517,KAN4FM,1.100L,-8,12.356860862671958
517,KAN4FM,1.100L,-9,1.874696457844607
517,KAN4FM,1.100L,-10,0.0
517,KAN4FM,1.100L,-11,0.0
517,KAN4FM,1.100L,-12,0.0
517,KAN4FM,1.100L,-13,0.0
517,KAN4FM,1.100L,-14,0.0
517,KAN4FM,1.100L,-15,0.0
517,KAN4FM,1.100L,-16,0.0
517,KAN4FM,1.100L,-17,0.0
517,KAN4FM,1.100L,-18,0.0
517,KAN4FM,1.100L,-19,0.0
517,KAN4FM,1.100L,-20,0.0
517,KAN4FM,1.100L,-21,0.0
517,KAN4FM,1.100L,-22,0.0
517,KAN4FM,1.100L,-23,0.0
517,KAN4FM,1.100L,-24,0.0
517,KAN4FM,1.100L,-25,0.0
517,KAN4FM,1.100L,-26,0.0
517,KAN4FM,1.100L,-27,0.0
517,KAN4FM,1.100L,-28,0.0
517,KAN4FM,1.100L,-29,0.0
518,SUQIZF,1.100L,0,46.0
518,SUQIZF,1.100L,-1,38.61848659304076
518,SUQIZF,1.100L,-2,28.28153474324757
518,SUQIZF,1.100L,-3,20.180294384649976
518,SUQIZF,1.100L,-4,14.46206959627489
518,SUQIZF,1.100L,-5,8.94051321748263
518,SUQIZF,1.100L,-6,1.8674917535202227
518,SUQIZF,1.100L,-7,0.0
518,SUQIZF,1.100L,-8,0.0
518,SUQIZF,1.100L,-9,0.0
518,SUQIZF,1.100L,-10,0.0
518,SUQIZF,1.100L,-11,0.0
518,SUQIZF,1.100L,-12,0.0
518,SUQIZF,1.100L,-13,0.0
518,SUQIZF,1.100L,-14,0.0
518,SUQIZF,1.100L,-15,0.0
518,SUQIZF,1.100L,-16,0.0
518,SUQIZF,1.100L,-17,0.0
518,SUQIZF,1.100L,-18,0.0
518,SUQIZF,1.100L,-19,0.0
518,SUQIZF,1.100L,-20,0.0
518,SUQIZF,1.100L,-21,0.0
518,SUQIZF,1.100L,-22,0.0
518,SUQIZF,1.100L,-23,0.0
518,SUQIZF,1.100L,-24,0.0
518,SUQIZF,1.100L,-25,0.0
518,SUQIZF,1.100L,-26,0.0
518,SUQIZF,1.100L,-27,0.0
518,SUQIZF,1.100L,-28,0.0
518,SUQIZF,1.100L,-29,0.0
519,OTBUCR,1.100L,0,93.0
519,OTBUCR,1.100L,-1,84.40219114888399
519,OTBUCR,1.100L,-2,74.9521271935453
519,OTBUCR,1.100L,-3,63.451755949566845
519,OTBUCR,1.100L,-4,56.45696409940191
519,OTBUCR,1.100L,-5,48.08198536508807
519,OTBUCR,1.100L,-6,41.887038319331495
519,OTBUCR,1.100L,-7,33.27545170816138
519,OTBUCR,1.100L,-8,24.210279871968186
519,OTBUCR,1.100L,-9,15.626769404097756
519,OTBUCR,1.100L,-10,8.193467573967535
519,OTBUCR,1.100L,-11,0.816057394493068
519,OTBUCR,1.100L,-12,0.0
519,OTBUCR,1.100L,-13,0.0
519,OTBUCR,1.100L,-14,0.0
519,OTBUCR,1.100L,-15,0.0
519,OTBUCR,1.100L,-16,0.0
519,OTBUCR,1.100L,-17,0.0
519,OTBUCR,1.100L,-18,0.0
519,OTBUCR,1.100L,-19,0.0
519,OTBUCR,1.100L,-20,0.0
519,OTBUCR,1.100L,-21,0.0
519,OTBUCR,1.100L,-22,0.0
519,OTBUCR,1.100L,-23,0.0
519,OTBUCR,1.100L,-24,0.0
519,OTBUCR,1.100L,-25,0.0
519,OTBUCR,1.100L,-26,0.0
519,OTBUCR,1.100L,-27,0.0
519,OTBUCR,1.100L,-28,0.0
519,OTBUCR,1.100L,-29,0.0
520,J5ZR2S,1.100L,0,61.0
520,J5ZR2S,1.100L,-1,50.34142918294373
520,J5ZR2S,1.100L,-2,43.85809558246583
520,J5ZR2S,1.100L,-3,39.83445827336962
520,J5ZR2S,1.100L,-4,33.0393060547695
520,J5ZR2S,1.100L,-5,23.50889506053034
520,J5ZR2S,1.100L,-6,18.76685331794779
520,J5ZR2S,1.100L,-7,10.53852582075491
520,J5ZR2S,1.100L,-8,3.8297656223006165
520,J5ZR2S,1.100L,-9,0.0
520,J5ZR2S,1.100L,-10,0.0
520,J5ZR2S,1.100L,-11,0.0
520,J5ZR2S,1.100L,-12,0.0
520,J5ZR2S,1.100L,-13,0.0
520,J5ZR2S,1.100L,-14,0.0
520,J5ZR2S,1.100L,-15,0.0
520,J5ZR2S,1.100L,-16,0.0
520,J5ZR2S,1.100L,-17,0.0
520,J5ZR2S,1.100L,-18,0.0
520,J5ZR2S,1.100L,-19,0.0
520,J5ZR2S,1.100L,-20,0.0
520,J5ZR2S,1.100L,-21,0.0
520,J5ZR2S,1.100L,-22,0.0
520,J5ZR2S,1.100L,-23,0.0
520,J5ZR2S,1.100L,-24,0.0
520,J5ZR2S,1.100L,-25,0.0
520,J5ZR2S,1.100L,-26,0.0
520,J5ZR2S,1.100L,-27,0.0
520,J5ZR2S,1.100L,-28,0.0
520,J5ZR2S,1.100L,-29,0.0
521,E7LF5S,1.100L,0,68.0
521,E7LF5S,1.100L,-1,59.34918720981393
521,E7LF5S,1.100L,-2,48.33265345973471
521,E7LF5S,1.100L,-3,39.62330060513138
521,E7LF5S,1.100L,-4,32.29968611027601
521,E7LF5S,1.100L,-5,22.221279701306678
521,E7LF5S,1.100L,-6,11.174073080828512
521,E7LF5S,1.100L,-7,1.9132348569486537
521,E7LF5S,1.100L,-8,0.0
521,E7LF5S,1.100L,-9,0.0
521,E7LF5S,1.100L,-10,0.0
521,E7LF5S,1.100L,-11,0.0
521,E7LF5S,1.100L,-12,0.0
521,E7LF5S,1.100L,-13,0.0
521,E7LF5S,1.100L,-14,0.0
521,E7LF5S,1.100L,-15,0.0
521,E7LF5S,1.100L,-16,0.0
521,E7LF5S,1.100L,-17,0.0
521,E7LF5S,1.100L,-18,0.0
521,E7LF5S,1.100L,-19,0.0
521,E7LF5S,1.100L,-20,0.0
521,E7LF5S,1.100L,-21,0.0
521,E7LF5S,1.100L,-22,0.0
521,E7LF5S,1.100L,-23,0.0
521,E7LF5S,1.100L,-24,0.0
521,E7LF5S,1.100L,-25,0.0
521,E7LF5S,1.100L,-26,0.0
521,E7LF5S,1.100L,-27,0.0
521,E7LF5S,1.100L,-28,0.0
521,E7LF5S,1.100L,-29,0.0
522,R2STNH,120L,0,75.0
522,R2STNH,120L,-1,69.53731821284913
522,R2STNH,120L,-2,65.02881643416771
522,R2STNH,120L,-3,63.69603559005604
522,R2STNH,120L,-4,60.620981867674104
522,R2STNH,120L,-5,55.05847028255261
522,R2STNH,120L,-6,52.92551043538603
522,R2STNH,120L,-7,48.18556106019993
522,R2STNH,120L,-8,43.7968404088725
522,R2STNH,120L,-9,41.02583312378139
522,R2STNH,120L,-10,35.55678666594792
522,R2STNH,120L,-11,34.80121678576402
522,R2STNH,120L,-12,31.52866820409405
522,R2STNH,120L,-13,26.49226453029082
522,R2STNH,120L,-14,21.303157583739804
522,R2STNH,120L,-15,18.457200481444307
522,R2STNH,120L,-16,12.993023328786567
522,R2STNH,120L,-17,7.565353934818519
522,R2STNH,120L,-18,1.145328623478578
522,R2STNH,120L,-19,0.0
522,R2STNH,120L,-20,0.0
522,R2STNH,120L,-21,0.0
522,R2STNH,120L,-22,0.0
522,R2STNH,120L,-23,0.0
522,R2STNH,120L,-24,0.0
522,R2STNH,120L,-25,0.0
522,R2STNH,120L,-26,0.0
522,R2STNH,120L,-27,0.0
522,R2STNH,120L,-28,0.0
522,R2STNH,120L,-29,0.0
523,ZOTG,120L,0,15.0
523,ZOTG,120L,-1,11.849582624639305
523,ZOTG,120L,-2,6.423605876221204
523,ZOTG,120L,-3,2.8438708417725866
523,ZOTG,120L,-4,0.0
523,ZOTG,120L,-5,0.0
523,ZOTG,120L,-6,0.0
523,ZOTG,120L,-7,0.0
523,ZOTG,120L,-8,0.0
523,ZOTG,120L,-9,0.0
523,ZOTG,120L,-10,0.0
523,ZOTG,120L,-11,0.0
523,ZOTG,120L,-12,0.0
523,ZOTG,120L,-13,0.0
523,ZOTG,120L,-14,0.0
523,ZOTG,120L,-15,0.0
523,ZOTG,120L,-16,0.0
523,ZOTG,120L,-17,0.0
523,ZOTG,120L,-18,0.0
523,ZOTG,120L,-19,0.0
523,ZOTG,120L,-20,0.0
523,ZOTG,120L,-21,0.0
523,ZOTG,120L,-22,0.0
523,ZOTG,120L,-23,0.0
523,ZOTG,120L,-24,0.0
523,ZOTG,120L,-25,0.0
523,ZOTG,120L,-26,0.0
523,ZOTG,120L,-27,0.0
523,ZOTG,120L,-28,0.0
523,ZOTG,120L,-29,0.0
524,6OLS,120L,0,89.0
524,6OLS,120L,-1,83.53448954566475
524,6OLS,120L,-2,77.18481738870553
524,6OLS,120L,-3,73.38696189763054
524,6OLS,120L,-4,68.27239909734944
524,6OLS,120L,-5,64.16904119507883
524,6OLS,120L,-6,58.92170611104404
524,6OLS,120L,-7,54.30270901065698
524,6OLS,120L,-8,51.23757815396596
524,6OLS,120L,-9,45.422665565282934
524,6OLS,120L,-10,40.50254248698861
524,6OLS,120L,-11,34.09128543474748
524,6OLS,120L,-12,28.58676531992415
524,6OLS,120L,-13,25.182399476933305
524,6OLS,120L,-14,17.319498627868594
524,6OLS,120L,-15,14.097156898016122
524,6OLS,120L,-16,11.55763551483794
524,6OLS,120L,-17,8.17309414492396
524,6OLS,120L,-18,3.7033980144568073
524,6OLS,120L,-19,1.2686373262541282
524,6OLS,120L,-20,0.0
524,6OLS,120L,-21,0.0
524,6OLS,120L,-22,0.0
524,6OLS,120L,-23,0.0
524,6OLS,120L,-24,0.0
524,6OLS,120L,-25,0.0
524,6OLS,120L,-26,0.0
524,6OLS,120L,-27,0.0
524,6OLS,120L,-28,0.0
524,6OLS,120L,-29,0.0
525,RYBY,120L,0,89.0
525,RYBY,120L,-1,85.32778586084144
525,RYBY,120L,-2,80.4665994058639
525,RYBY,120L,-3,75.71724686034142
525,RYBY,120L,-4,68.8680618493352
525,RYBY,120L,-5,66.22036842508133
525,RYBY,120L,-6,60.781162348848255
525,RYBY,120L,-7,56.375862438775165
525,RYBY,120L,-8,53.7200120648992
525,RYBY,120L,-9,52.09268695164319
525,RYBY,120L,-10,46.97108525439737
525,RYBY,120L,-11,42.112433049279545
525,RYBY,120L,-12,39.034362266154254
525,RYBY,120L,-13,35.597228456289834
525,RYBY,120L,-14,32.24385445489188
525,RYBY,120L,-15,28.186840401438577
525,RYBY,120L,-16,17.7169538431359
525,RYBY,120L,-17,16.185259832426304
525,RYBY,120L,-18,11.614161497493418
525,RYBY,120L,-19,8.300035271380326
525,RYBY,120L,-20,4.408461196893538
525,RYBY,120L,-21,0.0
525,RYBY,120L,-22,0.0
525,RYBY,120L,-23,0.0
525,RYBY,120L,-24,0.0
525,RYBY,120L,-25,0.0
525,RYBY,120L,-26,0.0
525,RYBY,120L,-27,0.0
525,RYBY,120L,-28,0.0
525,RYBY,120L,-29,0.0
526,QUMGAG,1.100L,0,47.0
526,QUMGAG,1.100L,-1,39.003422714543184
526,QUMGAG,1.100L,-2,34.200391374305966
526,QUMGAG,1.100L,-3,26.97717900939186
526,QUMGAG,1.100L,-4,16.954607246965033
526,QUMGAG,1.100L,-5,7.2473910004660675
526,QUMGAG,1.100L,-6,0.0
526,QUMGAG,1.100L,-7,0.0
526,QUMGAG,1.100L,-8,0.0
526,QUMGAG,1.100L,-9,0.0
526,QUMGAG,1.100L,-10,0.0
526,QUMGAG,1.100L,-11,0.0
526,QUMGAG,1.100L,-12,0.0
526,QUMGAG,1.100L,-13,0.0
526,QUMGAG,1.100L,-14,0.0
526,QUMGAG,1.100L,-15,0.0
526,QUMGAG,1.100L,-16,0.0
526,QUMGAG,1.100L,-17,0.0
526,QUMGAG,1.100L,-18,0.0
526,QUMGAG,1.100L,-19,0.0
526,QUMGAG,1.100L,-20,0.0
526,QUMGAG,1.100L,-21,0.0
526,QUMGAG,1.100L,-22,0.0
526,QUMGAG,1.100L,-23,0.0
526,QUMGAG,1.100L,-24,0.0
526,QUMGAG,1.100L,-25,0.0
526,QUMGAG,1.100L,-26,0.0
526,QUMGAG,1.100L,-27,0.0
526,QUMGAG,1.100L,-28,0.0
526,QUMGAG,1.100L,-29,0.0
527,LGKG,120L,0,84.0
527,LGKG,120L,-1,80.34415000204858
527,LGKG,120L,-2,76.53954361418415
527,LGKG,120L,-3,70.33802691834556
527,LGKG,120L,-4,65.5767160471302
527,LGKG,120L,-5,61.02341357226301
527,LGKG,120L,-6,56.435782849410565
527,LGKG,120L,-7,54.48546992851837
527,LGKG,120L,-8,48.373461640750136
527,LGKG,120L,-9,44.770349283206585
527,LGKG,120L,-10,39.40115689980743
527,LGKG,120L,-11,33.982566362732996
527,LGKG,120L,-12,29.051345990577886
527,LGKG,120L,-13,25.313422126299418
527,LGKG,120L,-14,22.84377227627556
527,LGKG,120L,-15,19.46298493325344
527,LGKG,120L,-16,14.296151778171044
527,LGKG,120L,-17,11.669645472228522
527,LGKG,120L,-18,7.056694043269446
527,LGKG,120L,-19,3.7935708638146663
527,LGKG,120L,-20,0.0
527,LGKG,120L,-21,0.0
527,LGKG,120L,-22,0.0
527,LGKG,120L,-23,0.0
527,LGKG,120L,-24,0.0
527,LGKG,120L,-25,0.0
527,LGKG,120L,-26,0.0
527,LGKG,120L,-27,0.0
527,LGKG,120L,-28,0.0
527,LGKG,120L,-29,0.0
528,PINFYG,120L,0,38.0
528,PINFYG,120L,-1,34.522850220761505
528,PINFYG,120L,-2,29.895311249835217
528,PINFYG,120L,-3,25.254319725065333
528,PINFYG,120L,-4,16.34460812092116
528,PINFYG,120L,-5,11.88734915355354
528,PINFYG,120L,-6,8.71577212133804
528,PINFYG,120L,-7,2.9776394082033173
528,PINFYG,120L,-8,0.0
528,PINFYG,120L,-9,0.0
528,PINFYG,120L,-10,0.0
528,PINFYG,120L,-11,0.0
528,PINFYG,120L,-12,0.0
528,PINFYG,120L,-13,0.0
528,PINFYG,120L,-14,0.0
528,PINFYG,120L,-15,0.0
528,PINFYG,120L,-16,0.0
528,PINFYG,120L,-17,0.0
528,PINFYG,120L,-18,0.0
528,PINFYG,120L,-19,0.0
528,PINFYG,120L,-20,0.0
528,PINFYG,120L,-21,0.0
528,PINFYG,120L,-22,0.0
528,PINFYG,120L,-23,0.0
528,PINFYG,120L,-24,0.0
528,PINFYG,120L,-25,0.0
528,PINFYG,120L,-26,0.0
528,PINFYG,120L,-27,0.0
528,PINFYG,120L,-28,0.0
528,PINFYG,120L,-29,0.0
529,OWQY,120L,0,99.0
529,OWQY,120L,-1,93.77162704557996
529,OWQY,120L,-2,88.74139289049928
529,OWQY,120L,-3,84.12330296832074
529,OWQY,120L,-4,79.40237406418507
529,OWQY,120L,-5,74.2940764841505
529,OWQY,120L,-6,70.12791606168257
529,OWQY,120L,-7,65.84924997909513
529,OWQY,120L,-8,61.85145240464921
529,OWQY,120L,-9,56.236019398226325
529,OWQY,120L,-10,52.8886066980005
529,OWQY,120L,-11,51.299245025003096
529,OWQY,120L,-12,44.921231148408616
529,OWQY,120L,-13,43.37621374917789
529,OWQY,120L,-14,42.48660888119199
529,OWQY,120L,-15,39.56613826745105
529,OWQY,120L,-16,34.57373822444233
529,OWQY,120L,-17,31.159329624647185
529,OWQY,120L,-18,28.065152610847367
529,OWQY,120L,-19,23.81495181775998
529,OWQY,120L,-20,21.18158327278294
529,OWQY,120L,-21,18.655974226227794
529,OWQY,120L,-22,12.132587514070996
529,OWQY,120L,-23,8.1830466263104
529,OWQY,120L,-24,4.646369383513871
529,OWQY,120L,-25,0.0
529,OWQY,120L,-26,0.0
529,OWQY,120L,-27,0.0
529,OWQY,120L,-28,0.0
529,OWQY,120L,-29,0.0
530,OYQE,120L,0,32.0
530,OYQE,120L,-1,28.918584753721074
530,OYQE,120L,-2,25.747136491386772
530,OYQE,120L,-3,20.87051658341883
530,OYQE,120L,-4,14.239288603619453
530,OYQE,120L,-5,13.71611118641875
530,OYQE,120L,-6,7.201873686638022
530,OYQE,120L,-7,2.4625902526962467
530,OYQE,120L,-8,0.0
530,OYQE,120L,-9,0.0
530,OYQE,120L,-10,0.0
530,OYQE,120L,-11,0.0
530,OYQE,120L,-12,0.0
530,OYQE,120L,-13,0.0
530,OYQE,120L,-14,0.0
530,OYQE,120L,-15,0.0
530,OYQE,120L,-16,0.0
530,OYQE,120L,-17,0.0
530,OYQE,120L,-18,0.0
530,OYQE,120L,-19,0.0
530,OYQE,120L,-20,0.0
530,OYQE,120L,-21,0.0
530,OYQE,120L,-22,0.0
530,OYQE,120L,-23,0.0
530,OYQE,120L,-24,0.0
530,OYQE,120L,-25,0.0
530,OYQE,120L,-26,0.0
530,OYQE,120L,-27,0.0
530,OYQE,120L,-28,0.0
530,OYQE,120L,-29,0.0
531,OYZ4,120L,0,93.0
531,OYZ4,120L,-1,87.34429999200623
531,OYZ4,120L,-2,83.98300883902506
531,OYZ4,120L,-3,77.2893447452604
531,OYZ4,120L,-4,71.38211193720733
531,OYZ4,120L,-5,67.44195562981926
531,OYZ4,120L,-6,63.83539428750201
531,OYZ4,120L,-7,57.6728684722751
531,OYZ4,120L,-8,52.36704453895429
531,OYZ4,120L,-9,46.999602612137046
531,OYZ4,120L,-10,39.73605373196645
531,OYZ4,120L,-11,34.59970404650129
531,OYZ4,120L,-12,28.360804069898577
531,OYZ4,120L,-13,25.385381220521417
531,OYZ4,120L,-14,21.86021662657707
531,OYZ4,120L,-15,16.10768057003863
531,OYZ4,120L,-16,13.712196781499827
531,OYZ4,120L,-17,7.780964260946273
531,OYZ4,120L,-18,2.9915033655108747
531,OYZ4,120L,-19,0.0
531,OYZ4,120L,-20,0.0
531,OYZ4,120L,-21,0.0
531,OYZ4,120L,-22,0.0
531,OYZ4,120L,-23,0.0
531,OYZ4,120L,-24,0.0
531,OYZ4,120L,-25,0.0
531,OYZ4,120L,-26,0.0
531,OYZ4,120L,-27,0.0
531,OYZ4,120L,-28,0.0
531,OYZ4,120L,-29,0.0
532,6B5I,120L,0,100.0
532,6B5I,120L,-1,95.85518717752291
532,6B5I,120L,-2,89.37753984358537
532,6B5I,120L,-3,85.35164576325636
532,6B5I,120L,-4,78.64546706462757
532,6B5I,120L,-5,75.76247679092046
532,6B5I,120L,-6,72.34413628770457
532,6B5I,120L,-7,68.82149287883288
532,6B5I,120L,-8,68.23721508388591
532,6B5I,120L,-9,65.68079762612895
532,6B5I,120L,-10,59.989152598077936
532,6B5I,120L,-11,54.44019341862188
532,6B5I,120L,-12,50.31405091614595
532,6B5I,120L,-13,44.28364099128324
532,6B5I,120L,-14,38.878347127380636
532,6B5I,120L,-15,33.516513412139105
532,6B5I,120L,-16,28.294811043885492
532,6B5I,120L,-17,22.35911140818659
532,6B5I,120L,-18,18.33032893612175
532,6B5I,120L,-19,12.73305454382826
532,6B5I,120L,-20,10.138302566780723
532,6B5I,120L,-21,5.1147286156642044
532,6B5I,120L,-22,0.0
532,6B5I,120L,-23,0.0
532,6B5I,120L,-24,0.0
532,6B5I,120L,-25,0.0
532,6B5I,120L,-26,0.0
532,6B5I,120L,-27,0.0
532,6B5I,120L,-28,0.0
532,6B5I,120L,-29,0.0
533,Y6KM,120L,0,22.0
533,Y6KM,120L,-1,18.115072687758026
533,Y6KM,120L,-2,13.250205373472122
533,Y6KM,120L,-3,11.902737962186096
533,Y6KM,120L,-4,5.016955780598011
533,Y6KM,120L,-5,3.0025609890393823
533,Y6KM,120L,-6,0.0
533,Y6KM,120L,-7,0.0
533,Y6KM,120L,-8,0.0
533,Y6KM,120L,-9,0.0
533,Y6KM,120L,-10,0.0
533,Y6KM,120L,-11,0.0
533,Y6KM,120L,-12,0.0
533,Y6KM,120L,-13,0.0
533,Y6KM,120L,-14,0.0
533,Y6KM,120L,-15,0.0
533,Y6KM,120L,-16,0.0
533,Y6KM,120L,-17,0.0
533,Y6KM,120L,-18,0.0
533,Y6KM,120L,-19,0.0
533,Y6KM,120L,-20,0.0
533,Y6KM,120L,-21,0.0
533,Y6KM,120L,-22,0.0
533,Y6KM,120L,-23,0.0
533,Y6KM,120L,-24,0.0
533,Y6KM,120L,-25,0.0
533,Y6KM,120L,-26,0.0
533,Y6KM,120L,-27,0.0
533,Y6KM,120L,-28,0.0
533,Y6KM,120L,-29,0.0
534,PAED,120L,0,9.0
534,PAED,120L,-1,5.905647912966253
534,PAED,120L,-2,0.9151153411976263
534,PAED,120L,-3,0.0
534,PAED,120L,-4,0.0
534,PAED,120L,-5,0.0
534,PAED,120L,-6,0.0
534,PAED,120L,-7,0.0
534,PAED,120L,-8,0.0
534,PAED,120L,-9,0.0
534,PAED,120L,-10,0.0
534,PAED,120L,-11,0.0
534,PAED,120L,-12,0.0
534,PAED,120L,-13,0.0
534,PAED,120L,-14,0.0
534,PAED,120L,-15,0.0
534,PAED,120L,-16,0.0
534,PAED,120L,-17,0.0
534,PAED,120L,-18,0.0
534,PAED,120L,-19,0.0
534,PAED,120L,-20,0.0
534,PAED,120L,-21,0.0
534,PAED,120L,-22,0.0
534,PAED,120L,-23,0.0
534,PAED,120L,-24,0.0
534,PAED,120L,-25,0.0
534,PAED,120L,-26,0.0
534,PAED,120L,-27,0.0
534,PAED,120L,-28,0.0
534,PAED,120L,-29,0.0
535,PAFF,120L,0,68.0
535,PAFF,120L,-1,65.2832011959326
535,PAFF,120L,-2,59.51452926064523
535,PAFF,120L,-3,53.75264721754161
535,PAFF,120L,-4,50.707061673002585
535,PAFF,120L,-5,43.79295773016746
535,PAFF,120L,-6,39.73514285594412
535,PAFF,120L,-7,34.273504988184406
535,PAFF,120L,-8,27.13953107515856
535,PAFF,120L,-9,24.84226442368523
535,PAFF,120L,-10,21.069177637434183
535,PAFF,120L,-11,16.003823219650215
535,PAFF,120L,-12,12.241258841759034
535,PAFF,120L,-13,6.610975062698083
535,PAFF,120L,-14,1.5576736969466336
535,PAFF,120L,-15,0.0
535,PAFF,120L,-16,0.0
535,PAFF,120L,-17,0.0
535,PAFF,120L,-18,0.0
535,PAFF,120L,-19,0.0
535,PAFF,120L,-20,0.0
535,PAFF,120L,-21,0.0
535,PAFF,120L,-22,0.0
535,PAFF,120L,-23,0.0
535,PAFF,120L,-24,0.0
535,PAFF,120L,-25,0.0
535,PAFF,120L,-26,0.0
535,PAFF,120L,-27,0.0
535,PAFF,120L,-28,0.0
535,PAFF,120L,-29,0.0
536,PABD,120L,0,99.0
536,PABD,120L,-1,95.66691605098596
536,PABD,120L,-2,89.64926378473763
536,PABD,120L,-3,85.31799835574553
536,PABD,120L,-4,82.04877291222824
536,PABD,120L,-5,78.13879155055326
536,PABD,120L,-6,71.34465476585166
536,PABD,120L,-7,65.59412358653739
536,PABD,120L,-8,58.11059747655865
536,PABD,120L,-9,52.80445466718637
536,PABD,120L,-10,45.488786795818974
536,PABD,120L,-11,41.14549974071329
536,PABD,120L,-12,39.70611788294874
536,PABD,120L,-13,36.70517837314067
536,PABD,120L,-14,32.64856637817821
536,PABD,120L,-15,25.82591102295119
536,PABD,120L,-16,19.264580360488743
536,PABD,120L,-17,14.972641915545797
536,PABD,120L,-18,10.81123049771407
536,PABD,120L,-19,4.672486639281288
536,PABD,120L,-20,2.1691879805996086
536,PABD,120L,-21,0.0
536,PABD,120L,-22,0.0
536,PABD,120L,-23,0.0
536,PABD,120L,-24,0.0
536,PABD,120L,-25,0.0
536,PABD,120L,-26,0.0
536,PABD,120L,-27,0.0
536,PABD,120L,-28,0.0
536,PABD,120L,-29,0.0
537,6VNM,120L,0,33.0
537,6VNM,120L,-1,27.926718924033988
537,6VNM,120L,-2,21.312531312801823
537,6VNM,120L,-3,16.98801003046338
537,6VNM,120L,-4,16.75404988419847
537,6VNM,120L,-5,14.63173934895295
537,6VNM,120L,-6,11.49279300808676
537,6VNM,120L,-7,8.852443097488806
537,6VNM,120L,-8,1.7368582003669388
537,6VNM,120L,-9,0.2970147356150159
537,6VNM,120L,-10,0.0
537,6VNM,120L,-11,0.0
537,6VNM,120L,-12,0.0
537,6VNM,120L,-13,0.0
537,6VNM,120L,-14,0.0
537,6VNM,120L,-15,0.0
537,6VNM,120L,-16,0.0
537,6VNM,120L,-17,0.0
537,6VNM,120L,-18,0.0
537,6VNM,120L,-19,0.0
537,6VNM,120L,-20,0.0
537,6VNM,120L,-21,0.0
537,6VNM,120L,-22,0.0
537,6VNM,120L,-23,0.0
537,6VNM,120L,-24,0.0
537,6VNM,120L,-25,0.0
537,6VNM,120L,-26,0.0
537,6VNM,120L,-27,0.0
537,6VNM,120L,-28,0.0
537,6VNM,120L,-29,0.0
538,73FS,120L,0,51.0
538,73FS,120L,-1,48.33460885003564
538,73FS,120L,-2,43.86601952199426
538,73FS,120L,-3,40.381528231746586
538,73FS,120L,-4,37.87909427548835
538,73FS,120L,-5,35.411883237149304
538,73FS,120L,-6,27.8199575466868
538,73FS,120L,-7,23.360148777023927
538,73FS,120L,-8,19.21299626597155
538,73FS,120L,-9,14.462190383676731
538,73FS,120L,-10,11.183786062518877
538,73FS,120L,-11,6.045960801404597
538,73FS,120L,-12,3.6800509032766024
538,73FS,120L,-13,0.0
538,73FS,120L,-14,0.0
538,73FS,120L,-15,0.0
538,73FS,120L,-16,0.0
538,73FS,120L,-17,0.0
538,73FS,120L,-18,0.0
538,73FS,120L,-19,0.0
538,73FS,120L,-20,0.0
538,73FS,120L,-21,0.0
538,73FS,120L,-22,0.0
538,73FS,120L,-23,0.0
538,73FS,120L,-24,0.0
538,73FS,120L,-25,0.0
538,73FS,120L,-26,0.0
538,73FS,120L,-27,0.0
538,73FS,120L,-28,0.0
538,73FS,120L,-29,0.0
539,FQWK,120L,0,94.0
539,FQWK,120L,-1,89.36675972932714
539,FQWK,120L,-2,85.05197004597242
539,FQWK,120L,-3,82.98773669759814
539,FQWK,120L,-4,78.23541347851156
539,FQWK,120L,-5,74.19521412052156
539,FQWK,120L,-6,71.47657249839277
539,FQWK,120L,-7,63.38528291502596
539,FQWK,120L,-8,59.615007708465754
539,FQWK,120L,-9,58.782641569423454
539,FQWK,120L,-10,53.04238309214206
539,FQWK,120L,-11,51.082908522805795
539,FQWK,120L,-12,45.396707108267385
539,FQWK,120L,-13,40.39621292802808
539,FQWK,120L,-14,35.77215407002271
539,FQWK,120L,-15,33.12841030263619
539,FQWK,120L,-16,28.29925906320393
539,FQWK,120L,-17,24.029651380500983
539,FQWK,120L,-18,18.01318435205452
539,FQWK,120L,-19,11.035986679809254
539,FQWK,120L,-20,5.219277384641764
539,FQWK,120L,-21,0.0
539,FQWK,120L,-22,0.0
539,FQWK,120L,-23,0.0
539,FQWK,120L,-24,0.0
539,FQWK,120L,-25,0.0
539,FQWK,120L,-26,0.0
539,FQWK,120L,-27,0.0
539,FQWK,120L,-28,0.0
539,FQWK,120L,-29,0.0
540,PBTE,120L,0,9.0
540,PBTE,120L,-1,7.39276710694574
540,PBTE,120L,-2,3.354691286822211
540,PBTE,120L,-3,0.0
540,PBTE,120L,-4,0.0
540,PBTE,120L,-5,0.0
540,PBTE,120L,-6,0.0
540,PBTE,120L,-7,0.0
540,PBTE,120L,-8,0.0
540,PBTE,120L,-9,0.0
540,PBTE,120L,-10,0.0
540,PBTE,120L,-11,0.0
540,PBTE,120L,-12,0.0
540,PBTE,120L,-13,0.0
540,PBTE,120L,-14,0.0
540,PBTE,120L,-15,0.0
540,PBTE,120L,-16,0.0
540,PBTE,120L,-17,0.0
540,PBTE,120L,-18,0.0
540,PBTE,120L,-19,0.0
540,PBTE,120L,-20,0.0
540,PBTE,120L,-21,0.0
540,PBTE,120L,-22,0.0
540,PBTE,120L,-23,0.0
540,PBTE,120L,-24,0.0
540,PBTE,120L,-25,0.0
540,PBTE,120L,-26,0.0
540,PBTE,120L,-27,0.0
540,PBTE,120L,-28,0.0
540,PBTE,120L,-29,0.0
541,DNFC,120L,0,18.0
541,DNFC,120L,-1,13.530844103448896
541,DNFC,120L,-2,11.519294104232515
541,DNFC,120L,-3,5.7713341676716015
541,DNFC,120L,-4,3.640984387943316
541,DNFC,120L,-5,0.0
541,DNFC,120L,-6,0.0
541,DNFC,120L,-7,0.0
541,DNFC,120L,-8,0.0
541,DNFC,120L,-9,0.0
541,DNFC,120L,-10,0.0
541,DNFC,120L,-11,0.0
541,DNFC,120L,-12,0.0
541,DNFC,120L,-13,0.0
541,DNFC,120L,-14,0.0
541,DNFC,120L,-15,0.0
541,DNFC,120L,-16,0.0
541,DNFC,120L,-17,0.0
541,DNFC,120L,-18,0.0
541,DNFC,120L,-19,0.0
541,DNFC,120L,-20,0.0
541,DNFC,120L,-21,0.0
541,DNFC,120L,-22,0.0
541,DNFC,120L,-23,0.0
541,DNFC,120L,-24,0.0
541,DNFC,120L,-25,0.0
541,DNFC,120L,-26,0.0
541,DNFC,120L,-27,0.0
541,DNFC,120L,-28,0.0
541,DNFC,120L,-29,0.0
542,632O,120L,0,57.0
542,632O,120L,-1,52.9529244757568
542,632O,120L,-2,47.34014848051784
542,632O,120L,-3,44.04257083275253
542,632O,120L,-4,36.64369080280109
542,632O,120L,-5,32.83216822422541
542,632O,120L,-6,27.64444672151451
542,632O,120L,-7,24.58558812868167
542,632O,120L,-8,21.556203733452907
542,632O,120L,-9,15.552441892561445
542,632O,120L,-10,9.96347987566811
542,632O,120L,-11,3.9309464968898404
542,632O,120L,-12,0.05303772212610994
542,632O,120L,-13,0.0
542,632O,120L,-14,0.0
542,632O,120L,-15,0.0
542,632O,120L,-16,0.0
542,632O,120L,-17,0.0
542,632O,120L,-18,0.0
542,632O,120L,-19,0.0
542,632O,120L,-20,0.0
542,632O,120L,-21,0.0
542,632O,120L,-22,0.0
542,632O,120L,-23,0.0
542,632O,120L,-24,0.0
542,632O,120L,-25,0.0
542,632O,120L,-26,0.0
542,632O,120L,-27,0.0
542,632O,120L,-28,0.1700100285407573
542,632O,120L,-29,0.0
543,6EFC,120L,0,95.0
543,6EFC,120L,-1,88.33822146791567
543,6EFC,120L,-2,86.75464878187822
543,6EFC,120L,-3,81.7594752205563
543,6EFC,120L,-4,77.60077929189538
543,6EFC,120L,-5,71.84100016133702
543,6EFC,120L,-6,69.96920549739129
543,6EFC,120L,-7,67.35155201043248
543,6EFC,120L,-8,61.87244070658305
543,6EFC,120L,-9,57.54014434783826
543,6EFC,120L,-10,54.07640145438708
543,6EFC,120L,-11,46.97603565778112
543,6EFC,120L,-12,41.06042336616766
543,6EFC,120L,-13,36.575886718409045
543,6EFC,120L,-14,32.30085243536284
543,6EFC,120L,-15,30.257007669804924
543,6EFC,120L,-16,25.294234311334606
543,6EFC,120L,-17,19.69405427490463
543,6EFC,120L,-18,14.133473485134989
543,6EFC,120L,-19,10.048214053136379
543,6EFC,120L,-20,6.876527112193361
543,6EFC,120L,-21,4.3108776169436
543,6EFC,120L,-22,0.0
543,6EFC,120L,-23,0.0
543,6EFC,120L,-24,0.0
543,6EFC,120L,-25,0.0
543,6EFC,120L,-26,0.0
543,6EFC,120L,-27,0.0
543,6EFC,120L,-28,0.0
543,6EFC,120L,-29,0.0
544,GFIUQ4,120L,0,0.0
544,GFIUQ4,120L,-1,0.0
544,GFIUQ4,120L,-2,0.0
544,GFIUQ4,120L,-3,0.0
544,GFIUQ4,120L,-4,0.0
544,GFIUQ4,120L,-5,0.0
544,GFIUQ4,120L,-6,0.0
544,GFIUQ4,120L,-7,0.0
544,GFIUQ4,120L,-8,0.0
544,GFIUQ4,120L,-9,0.0
544,GFIUQ4,120L,-10,0.0
544,GFIUQ4,120L,-11,0.0
544,GFIUQ4,120L,-12,0.0
544,GFIUQ4,120L,-13,0.0
544,GFIUQ4,120L,-14,0.0
544,GFIUQ4,120L,-15,0.0
544,GFIUQ4,120L,-16,0.0
544,GFIUQ4,120L,-17,0.0
544,GFIUQ4,120L,-18,0.0
544,GFIUQ4,120L,-19,0.0
544,GFIUQ4,120L,-20,0.0
544,GFIUQ4,120L,-21,0.0
544,GFIUQ4,120L,-22,0.0
544,GFIUQ4,120L,-23,0.0
544,GFIUQ4,120L,-24,0.0
544,GFIUQ4,120L,-25,0.0
544,GFIUQ4,120L,-26,0.0
544,GFIUQ4,120L,-27,0.0
544,GFIUQ4,120L,-28,0.0
544,GFIUQ4,120L,-29,0.0
545,GSIDPB,240L,0,68.0
545,GSIDPB,240L,-1,60.28612566895842
545,GSIDPB,240L,-2,57.811401229828995
545,GSIDPB,240L,-3,53.497528847224885
545,GSIDPB,240L,-4,49.29066285515551
545,GSIDPB,240L,-5,43.0383476922735
545,GSIDPB,240L,-6,39.13971559965595
545,GSIDPB,240L,-7,35.42177893970997
545,GSIDPB,240L,-8,30.338824368548888
545,GSIDPB,240L,-9,24.27051476977565
545,GSIDPB,240L,-10,18.82126096653602
545,GSIDPB,240L,-11,12.042088466184719
545,GSIDPB,240L,-12,6.588452470407964
545,GSIDPB,240L,-13,3.1295416945958383
545,GSIDPB,240L,-14,0.0
545,GSIDPB,240L,-15,0.0
545,GSIDPB,240L,-16,0.0
545,GSIDPB,240L,-17,0.0
545,GSIDPB,240L,-18,0.0
545,GSIDPB,240L,-19,0.0
545,GSIDPB,240L,-20,0.0
545,GSIDPB,240L,-21,0.0
545,GSIDPB,240L,-22,0.0
545,GSIDPB,240L,-23,0.0
545,GSIDPB,240L,-24,0.0
545,GSIDPB,240L,-25,0.0
545,GSIDPB,240L,-26,0.0
545,GSIDPB,240L,-27,0.0
545,GSIDPB,240L,-28,0.0
545,GSIDPB,240L,-29,0.0
546,EF55AH,1.100L,0,3.0
546,EF55AH,1.100L,-1,0.0
546,EF55AH,1.100L,-2,0.0
546,EF55AH,1.100L,-3,0.0
546,EF55AH,1.100L,-4,0.0
546,EF55AH,1.100L,-5,0.0
546,EF55AH,1.100L,-6,0.0
546,EF55AH,1.100L,-7,0.0
546,EF55AH,1.100L,-8,0.0
546,EF55AH,1.100L,-9,0.0
546,EF55AH,1.100L,-10,0.0
546,EF55AH,1.100L,-11,0.0
546,EF55AH,1.100L,-12,0.0
546,EF55AH,1.100L,-13,0.0
546,EF55AH,1.100L,-14,0.0
546,EF55AH,1.100L,-15,0.0
546,EF55AH,1.100L,-16,0.0
546,EF55AH,1.100L,-17,0.0
546,EF55AH,1.100L,-18,0.0
546,EF55AH,1.100L,-19,0.0
546,EF55AH,1.100L,-20,0.0
546,EF55AH,1.100L,-21,0.0
546,EF55AH,1.100L,-22,0.0
546,EF55AH,1.100L,-23,0.0
546,EF55AH,1.100L,-24,0.0
546,EF55AH,1.100L,-25,0.0
546,EF55AH,1.100L,-26,0.0
546,EF55AH,1.100L,-27,0.0
546,EF55AH,1.100L,-28,0.0
546,EF55AH,1.100L,-29,0.0
547,F4OF6F,240L,0,15.0
547,F4OF6F,240L,-1,11.557178079486702
547,F4OF6F,240L,-2,5.812906988925104
547,F4OF6F,240L,-3,1.5113641319347977
547,F4OF6F,240L,-4,0.0
547,F4OF6F,240L,-5,0.0
547,F4OF6F,240L,-6,0.0
547,F4OF6F,240L,-7,0.0
547,F4OF6F,240L,-8,0.0
547,F4OF6F,240L,-9,0.0
547,F4OF6F,240L,-10,0.0
547,F4OF6F,240L,-11,0.0
547,F4OF6F,240L,-12,0.0
547,F4OF6F,240L,-13,0.0
547,F4OF6F,240L,-14,0.0
547,F4OF6F,240L,-15,0.0
547,F4OF6F,240L,-16,0.0
547,F4OF6F,240L,-17,0.0
547,F4OF6F,240L,-18,0.0
547,F4OF6F,240L,-19,0.0
547,F4OF6F,240L,-20,0.0
547,F4OF6F,240L,-21,0.0
547,F4OF6F,240L,-22,0.0
547,F4OF6F,240L,-23,0.0
547,F4OF6F,240L,-24,0.0
547,F4OF6F,240L,-25,0.0
547,F4OF6F,240L,-26,0.0
547,F4OF6F,240L,-27,0.0
547,F4OF6F,240L,-28,0.0
547,F4OF6F,240L,-29,0.0
548,FHKIOX,240L,0,23.0
548,FHKIOX,240L,-1,15.246389069169457
548,FHKIOX,240L,-2,10.727358894768223
548,FHKIOX,240L,-3,6.844275385104293
548,FHKIOX,240L,-4,1.4283532827517464
548,FHKIOX,240L,-5,0.0
548,FHKIOX,240L,-6,0.0
548,FHKIOX,240L,-7,0.0
548,FHKIOX,240L,-8,0.0
548,FHKIOX,240L,-9,0.0
548,FHKIOX,240L,-10,0.0
548,FHKIOX,240L,-11,0.0
548,FHKIOX,240L,-12,0.0
548,FHKIOX,240L,-13,0.0
548,FHKIOX,240L,-14,0.0
548,FHKIOX,240L,-15,0.0
548,FHKIOX,240L,-16,0.0
548,FHKIOX,240L,-17,0.0
548,FHKIOX,240L,-18,0.0
548,FHKIOX,240L,-19,0.0
548,FHKIOX,240L,-20,0.0
548,FHKIOX,240L,-21,0.0
548,FHKIOX,240L,-22,0.0
548,FHKIOX,240L,-23,0.0
548,FHKIOX,240L,-24,0.0
548,FHKIOX,240L,-25,0.0
548,FHKIOX,240L,-26,0.0
548,FHKIOX,240L,-27,0.0
548,FHKIOX,240L,-28,0.0
548,FHKIOX,240L,-29,0.0
549,ALEZ,240L,0,79.0
549,ALEZ,240L,-1,73.90016216056476
549,ALEZ,240L,-2,67.76996880285445
549,ALEZ,240L,-3,62.16043948631667
549,ALEZ,240L,-4,59.98888139518713
549,ALEZ,240L,-5,51.784985526939415
549,ALEZ,240L,-6,44.253257763945854
549,ALEZ,240L,-7,36.18519811205252
549,ALEZ,240L,-8,29.92126382564272
549,ALEZ,240L,-9,26.184794985860442
549,ALEZ,240L,-10,20.420660712412335
549,ALEZ,240L,-11,14.35659994852224
549,ALEZ,240L,-12,9.398768574859638
549,ALEZ,240L,-13,3.9628549933133206
549,ALEZ,240L,-14,0.0
549,ALEZ,240L,-15,0.0
549,ALEZ,240L,-16,0.0
549,ALEZ,240L,-17,0.0
549,ALEZ,240L,-18,0.0
549,ALEZ,240L,-19,0.0
549,ALEZ,240L,-20,0.0
549,ALEZ,240L,-21,0.0
549,ALEZ,240L,-22,0.0
549,ALEZ,240L,-23,0.0
549,ALEZ,240L,-24,0.0
549,ALEZ,240L,-25,0.0
549,ALEZ,240L,-26,0.0
549,ALEZ,240L,-27,0.0
549,ALEZ,240L,-28,0.0
549,ALEZ,240L,-29,0.0
550,OREE,120L,0,1.0
550,OREE,120L,-1,0.0
550,OREE,120L,-2,0.0
550,OREE,120L,-3,0.0
550,OREE,120L,-4,0.0
550,OREE,120L,-5,0.0
550,OREE,120L,-6,0.0
550,OREE,120L,-7,0.0
550,OREE,120L,-8,0.0
550,OREE,120L,-9,0.0
550,OREE,120L,-10,0.0
550,OREE,120L,-11,0.0
550,OREE,120L,-12,0.0
550,OREE,120L,-13,0.0
550,OREE,120L,-14,0.0
550,OREE,120L,-15,0.0
550,OREE,120L,-16,0.0
550,OREE,120L,-17,0.0
550,OREE,120L,-18,0.0
550,OREE,120L,-19,0.0
550,OREE,120L,-20,0.0
550,OREE,120L,-21,0.0
550,OREE,120L,-22,0.0
550,OREE,120L,-23,0.0
550,OREE,120L,-24,0.0
550,OREE,120L,-25,0.0
550,OREE,120L,-26,0.0
550,OREE,120L,-27,0.0
550,OREE,120L,-28,0.0
550,OREE,120L,-29,0.0
551,CKBYOO,120L,0,91.0
551,CKBYOO,120L,-1,85.06087737059786
551,CKBYOO,120L,-2,82.3024195232126
551,CKBYOO,120L,-3,78.76228739276301
551,CKBYOO,120L,-4,75.41300051552003
551,CKBYOO,120L,-5,71.79380189777264
551,CKBYOO,120L,-6,68.06951003420184
551,CKBYOO,120L,-7,63.27892995346281
551,CKBYOO,120L,-8,57.406079531056925
551,CKBYOO,120L,-9,55.27074435497452
551,CKBYOO,120L,-10,50.7332433733083
551,CKBYOO,120L,-11,47.437895307537005
551,CKBYOO,120L,-12,40.94594320827493
551,CKBYOO,120L,-13,35.470279652206294
551,CKBYOO,120L,-14,32.96406486825805
551,CKBYOO,120L,-15,25.595621038606474
551,CKBYOO,120L,-16,16.115378177726196
551,CKBYOO,120L,-17,9.096854174195837
551,CKBYOO,120L,-18,6.174728132391614
551,CKBYOO,120L,-19,0.5588227986558734
551,CKBYOO,120L,-20,0.0
551,CKBYOO,120L,-21,0.0
551,CKBYOO,120L,-22,0.0
551,CKBYOO,120L,-23,0.0
551,CKBYOO,120L,-24,0.0
551,CKBYOO,120L,-25,0.0
551,CKBYOO,120L,-26,0.0
551,CKBYOO,120L,-27,0.0
551,CKBYOO,120L,-28,0.0
551,CKBYOO,120L,-29,0.0
552,W4NG,120L,0,31.0
552,W4NG,120L,-1,25.944908986601998
552,W4NG,120L,-2,19.947926213830204
552,W4NG,120L,-3,15.52927946579591
552,W4NG,120L,-4,8.811330822112236
552,W4NG,120L,-5,5.41301187095307
552,W4NG,120L,-6,0.23540444617525239
552,W4NG,120L,-7,0.0
552,W4NG,120L,-8,0.0
552,W4NG,120L,-9,0.0
552,W4NG,120L,-10,0.0
552,W4NG,120L,-11,0.0
552,W4NG,120L,-12,0.0
552,W4NG,120L,-13,0.0
552,W4NG,120L,-14,0.0
552,W4NG,120L,-15,0.0
552,W4NG,120L,-16,0.0
552,W4NG,120L,-17,0.0
552,W4NG,120L,-18,0.0
552,W4NG,120L,-19,0.0
552,W4NG,120L,-20,0.0
552,W4NG,120L,-21,0.0
552,W4NG,120L,-22,0.0
552,W4NG,120L,-23,0.0
552,W4NG,120L,-24,0.0
552,W4NG,120L,-25,0.0
552,W4NG,120L,-26,0.0
552,W4NG,120L,-27,0.0
552,W4NG,120L,-28,0.0
552,W4NG,120L,-29,0.0
553,R7EWOS,240L,0,90.0
553,R7EWOS,240L,-1,85.62901948850445
553,R7EWOS,240L,-2,81.31557759725948
553,R7EWOS,240L,-3,80.66201506419588
553,R7EWOS,240L,-4,74.93702130674839
553,R7EWOS,240L,-5,69.61015211803438
553,R7EWOS,240L,-6,65.9013354952325
553,R7EWOS,240L,-7,58.18532583469088
553,R7EWOS,240L,-8,54.468691697195304
553,R7EWOS,240L,-9,47.88055646829238
553,R7EWOS,240L,-10,41.590473602118934
553,R7EWOS,240L,-11,37.76857908375459
553,R7EWOS,240L,-12,31.419749708127082
553,R7EWOS,240L,-13,26.16788764020549
553,R7EWOS,240L,-14,22.767373014137103
553,R7EWOS,240L,-15,18.27031489909066
553,R7EWOS,240L,-16,12.132802754349578
553,R7EWOS,240L,-17,10.213917892496985
553,R7EWOS,240L,-18,6.504285341731608
553,R7EWOS,240L,-19,1.7050834235569798
553,R7EWOS,240L,-20,0.0
553,R7EWOS,240L,-21,0.0
553,R7EWOS,240L,-22,0.0
553,R7EWOS,240L,-23,0.0
553,R7EWOS,240L,-24,0.0
553,R7EWOS,240L,-25,0.0
553,R7EWOS,240L,-26,0.0
553,R7EWOS,240L,-27,0.0
553,R7EWOS,240L,-28,0.0
553,R7EWOS,240L,-29,0.0
554,GWMTJB,240L,0,83.0
554,GWMTJB,240L,-1,76.11727667524553
554,GWMTJB,240L,-2,69.52968980329344
554,GWMTJB,240L,-3,66.09565171479959
554,GWMTJB,240L,-4,57.58470800829207
554,GWMTJB,240L,-5,53.561026159042896
554,GWMTJB,240L,-6,43.80995462051769
554,GWMTJB,240L,-7,37.784257382824585
554,GWMTJB,240L,-8,33.97623320975204
554,GWMTJB,240L,-9,30.605731581288104
554,GWMTJB,240L,-10,27.341799568330043
554,GWMTJB,240L,-11,24.50048977837047
554,GWMTJB,240L,-12,18.89091415126054
554,GWMTJB,240L,-13,16.517406739815723
554,GWMTJB,240L,-14,12.47733683388685
554,GWMTJB,240L,-15,5.299524199822493
554,GWMTJB,240L,-16,0.0
554,GWMTJB,240L,-17,0.0
554,GWMTJB,240L,-18,0.0
554,GWMTJB,240L,-19,0.0
554,GWMTJB,240L,-20,0.0
554,GWMTJB,240L,-21,0.0
554,GWMTJB,240L,-22,0.0
554,GWMTJB,240L,-23,0.0
554,GWMTJB,240L,-24,0.0
554,GWMTJB,240L,-25,0.0
554,GWMTJB,240L,-26,0.0
554,GWMTJB,240L,-27,0.0
554,GWMTJB,240L,-28,0.0
554,GWMTJB,240L,-29,0.0
555,JEZC,120L,0,23.0
555,JEZC,120L,-1,17.16231916707386
555,JEZC,120L,-2,14.421024221563833
555,JEZC,120L,-3,9.033420125121681
555,JEZC,120L,-4,4.143252189065819
555,JEZC,120L,-5,0.0
555,JEZC,120L,-6,0.0
555,JEZC,120L,-7,0.0
555,JEZC,120L,-8,0.0
555,JEZC,120L,-9,0.0
555,JEZC,120L,-10,0.0
555,JEZC,120L,-11,0.0
555,JEZC,120L,-12,0.0
555,JEZC,120L,-13,0.0
555,JEZC,120L,-14,0.0
555,JEZC,120L,-15,0.0
555,JEZC,120L,-16,0.0
555,JEZC,120L,-17,0.0
555,JEZC,120L,-18,0.0
555,JEZC,120L,-19,0.0
555,JEZC,120L,-20,0.0
555,JEZC,120L,-21,0.0
555,JEZC,120L,-22,0.0
555,JEZC,120L,-23,0.0
555,JEZC,120L,-24,0.0
555,JEZC,120L,-25,0.0
555,JEZC,120L,-26,0.0
555,JEZC,120L,-27,0.0
555,JEZC,120L,-28,0.0
555,JEZC,120L,-29,0.0
556,UUJUCY,1.100L,0,11.0
556,UUJUCY,1.100L,-1,1.1375086739544562
556,UUJUCY,1.100L,-2,0.0
556,UUJUCY,1.100L,-3,0.0
556,UUJUCY,1.100L,-4,0.0
556,UUJUCY,1.100L,-5,0.0
556,UUJUCY,1.100L,-6,0.0
556,UUJUCY,1.100L,-7,0.0
556,UUJUCY,1.100L,-8,0.0
556,UUJUCY,1.100L,-9,0.0
556,UUJUCY,1.100L,-10,0.0
556,UUJUCY,1.100L,-11,0.0
556,UUJUCY,1.100L,-12,0.0
556,UUJUCY,1.100L,-13,0.0
556,UUJUCY,1.100L,-14,0.0
556,UUJUCY,1.100L,-15,0.0
556,UUJUCY,1.100L,-16,0.0
556,UUJUCY,1.100L,-17,0.0
556,UUJUCY,1.100L,-18,0.0
556,UUJUCY,1.100L,-19,0.0
556,UUJUCY,1.100L,-20,0.0
556,UUJUCY,1.100L,-21,0.0
556,UUJUCY,1.100L,-22,0.0
556,UUJUCY,1.100L,-23,0.0
556,UUJUCY,1.100L,-24,0.0
556,UUJUCY,1.100L,-25,0.0
556,UUJUCY,1.100L,-26,0.0
556,UUJUCY,1.100L,-27,0.0
556,UUJUCY,1.100L,-28,0.0
556,UUJUCY,1.100L,-29,0.0
557,YHGA,1.100L,0,49.0
557,YHGA,1.100L,-1,40.10414529672649
557,YHGA,1.100L,-2,30.379196476944244
557,YHGA,1.100L,-3,22.733348279621154
557,YHGA,1.100L,-4,16.959281535131637
557,YHGA,1.100L,-5,8.498023833281923
557,YHGA,1.100L,-6,0.0
557,YHGA,1.100L,-7,0.0
557,YHGA,1.100L,-8,0.0
557,YHGA,1.100L,-9,0.0
557,YHGA,1.100L,-10,0.0
557,YHGA,1.100L,-11,0.0
557,YHGA,1.100L,-12,0.0
557,YHGA,1.100L,-13,0.0
557,YHGA,1.100L,-14,0.0
557,YHGA,1.100L,-15,0.0
557,YHGA,1.100L,-16,0.0
557,YHGA,1.100L,-17,0.0
557,YHGA,1.100L,-18,0.0
557,YHGA,1.100L,-19,0.0
557,YHGA,1.100L,-20,0.0
557,YHGA,1.100L,-21,0.0
557,YHGA,1.100L,-22,0.0
557,YHGA,1.100L,-23,0.0
557,YHGA,1.100L,-24,0.0
557,YHGA,1.100L,-25,0.0
557,YHGA,1.100L,-26,0.0
557,YHGA,1.100L,-27,0.0
557,YHGA,1.100L,-28,0.0
557,YHGA,1.100L,-29,0.0
558,D4XT,240L,0,34.0
558,D4XT,240L,-1,27.340213490426066
558,D4XT,240L,-2,23.833703603201027
558,D4XT,240L,-3,19.84878358967369
558,D4XT,240L,-4,10.365274025261312
558,D4XT,240L,-5,4.809789686675008
558,D4XT,240L,-6,0.7203725170228069
558,D4XT,240L,-7,0.0
558,D4XT,240L,-8,0.0
558,D4XT,240L,-9,0.0
558,D4XT,240L,-10,0.0
558,D4XT,240L,-11,0.0
558,D4XT,240L,-12,0.0
558,D4XT,240L,-13,0.0
558,D4XT,240L,-14,0.0
558,D4XT,240L,-15,0.0
558,D4XT,240L,-16,0.0
558,D4XT,240L,-17,0.0
558,D4XT,240L,-18,0.0
558,D4XT,240L,-19,0.0
558,D4XT,240L,-20,0.0
558,D4XT,240L,-21,0.0
558,D4XT,240L,-22,0.0
558,D4XT,240L,-23,0.0
558,D4XT,240L,-24,0.0
558,D4XT,240L,-25,0.0
558,D4XT,240L,-26,0.0
558,D4XT,240L,-27,0.0
558,D4XT,240L,-28,0.0
558,D4XT,240L,-29,0.0
559,2GHMIL,240L,0,32.0
559,2GHMIL,240L,-1,25.431493752769658
559,2GHMIL,240L,-2,19.13658278971252
559,2GHMIL,240L,-3,12.72282041640388
559,2GHMIL,240L,-4,3.382976903388265
559,2GHMIL,240L,-5,0.0
559,2GHMIL,240L,-6,0.0
559,2GHMIL,240L,-7,0.0
559,2GHMIL,240L,-8,0.0
559,2GHMIL,240L,-9,0.0
559,2GHMIL,240L,-10,0.0
559,2GHMIL,240L,-11,0.0
559,2GHMIL,240L,-12,0.0
559,2GHMIL,240L,-13,0.0
559,2GHMIL,240L,-14,0.0
559,2GHMIL,240L,-15,0.0
559,2GHMIL,240L,-16,0.0
559,2GHMIL,240L,-17,0.0
559,2GHMIL,240L,-18,0.0
559,2GHMIL,240L,-19,0.0
559,2GHMIL,240L,-20,0.0
559,2GHMIL,240L,-21,0.0
559,2GHMIL,240L,-22,0.0
559,2GHMIL,240L,-23,0.0
559,2GHMIL,240L,-24,0.0
559,2GHMIL,240L,-25,0.0
559,2GHMIL,240L,-26,0.0
559,2GHMIL,240L,-27,0.0
559,2GHMIL,240L,-28,0.0
559,2GHMIL,240L,-29,0.0
560,XMDUYK,120L,0,32.0
560,XMDUYK,120L,-1,28.133730884385496
560,XMDUYK,120L,-2,22.215420939924485
560,XMDUYK,120L,-3,16.504182127337707
560,XMDUYK,120L,-4,12.522812685884475
560,XMDUYK,120L,-5,8.467696703076273
560,XMDUYK,120L,-6,3.8819886486760167
560,XMDUYK,120L,-7,0.0
560,XMDUYK,120L,-8,0.0
560,XMDUYK,120L,-9,0.0
560,XMDUYK,120L,-10,0.0
560,XMDUYK,120L,-11,0.0
560,XMDUYK,120L,-12,0.0
560,XMDUYK,120L,-13,0.0
560,XMDUYK,120L,-14,0.0
560,XMDUYK,120L,-15,0.0
560,XMDUYK,120L,-16,0.0
560,XMDUYK,120L,-17,0.0
560,XMDUYK,120L,-18,0.0
560,XMDUYK,120L,-19,0.0
560,XMDUYK,120L,-20,0.0
560,XMDUYK,120L,-21,0.0
560,XMDUYK,120L,-22,0.0
560,XMDUYK,120L,-23,0.0
560,XMDUYK,120L,-24,0.0
560,XMDUYK,120L,-25,0.0
560,XMDUYK,120L,-26,0.0
560,XMDUYK,120L,-27,0.0
560,XMDUYK,120L,-28,0.0
560,XMDUYK,120L,-29,0.0
561,CPLKJX,120L,0,60.0
561,CPLKJX,120L,-1,54.45988872510766
561,CPLKJX,120L,-2,52.137938767624995
561,CPLKJX,120L,-3,52.47654717672352
561,CPLKJX,120L,-4,44.636899755871895
561,CPLKJX,120L,-5,41.3655245158831
561,CPLKJX,120L,-6,37.22884300085134
561,CPLKJX,120L,-7,33.18449925681491
561,CPLKJX,120L,-8,29.254940407786147
561,CPLKJX,120L,-9,25.24779279739121
561,CPLKJX,120L,-10,21.66543093011643
561,CPLKJX,120L,-11,19.881208650593422
561,CPLKJX,120L,-12,15.389076273070502
561,CPLKJX,120L,-13,14.683172221133187
561,CPLKJX,120L,-14,7.506589589834892
561,CPLKJX,120L,-15,2.544569405461318
561,CPLKJX,120L,-16,0.0
561,CPLKJX,120L,-17,0.0
561,CPLKJX,120L,-18,0.0
561,CPLKJX,120L,-19,0.0
561,CPLKJX,120L,-20,0.0
561,CPLKJX,120L,-21,0.0
561,CPLKJX,120L,-22,0.0
561,CPLKJX,120L,-23,0.0
561,CPLKJX,120L,-24,0.0
561,CPLKJX,120L,-25,0.0
561,CPLKJX,120L,-26,0.0
561,CPLKJX,120L,-27,0.0
561,CPLKJX,120L,-28,0.0
561,CPLKJX,120L,-29,0.0
562,Z65N,120L,0,50.0
562,Z65N,120L,-1,47.20353503982573
562,Z65N,120L,-2,42.156933707892556
562,Z65N,120L,-3,38.06170344820599
562,Z65N,120L,-4,33.91211700413093
562,Z65N,120L,-5,29.521750682952398
562,Z65N,120L,-6,27.104924737903158
562,Z65N,120L,-7,21.258025690707264
562,Z65N,120L,-8,18.03137305207661
562,Z65N,120L,-9,14.39038409316162
562,Z65N,120L,-10,8.303459263962992
562,Z65N,120L,-11,3.7490286612665034
562,Z65N,120L,-12,1.517352881255238
562,Z65N,120L,-13,0.0
562,Z65N,120L,-14,0.0
562,Z65N,120L,-15,0.0
562,Z65N,120L,-16,0.0
562,Z65N,120L,-17,0.0
562,Z65N,120L,-18,0.0
562,Z65N,120L,-19,0.0
562,Z65N,120L,-20,0.0
562,Z65N,120L,-21,0.0
562,Z65N,120L,-22,0.0
562,Z65N,120L,-23,0.0
562,Z65N,120L,-24,0.0
562,Z65N,120L,-25,0.0
562,Z65N,120L,-26,0.0
562,Z65N,120L,-27,0.0
562,Z65N,120L,-28,0.0
562,Z65N,120L,-29,0.0
563,4UFQ,120L,0,42.0
563,4UFQ,120L,-1,34.72499487053173
563,4UFQ,120L,-2,25.67750483628301
563,4UFQ,120L,-3,22.90754027158434
563,4UFQ,120L,-4,18.093986829066175
563,4UFQ,120L,-5,12.603303049593379
563,4UFQ,120L,-6,12.05099694923067
563,4UFQ,120L,-7,9.313082207549572
563,4UFQ,120L,-8,6.311687741205308
563,4UFQ,120L,-9,3.241784615606295
563,4UFQ,120L,-10,0.0
563,4UFQ,120L,-11,0.0
563,4UFQ,120L,-12,0.0
563,4UFQ,120L,-13,0.0
563,4UFQ,120L,-14,0.0
563,4UFQ,120L,-15,0.0
563,4UFQ,120L,-16,0.0
563,4UFQ,120L,-17,0.0
563,4UFQ,120L,-18,0.0
563,4UFQ,120L,-19,0.0
563,4UFQ,120L,-20,0.0
563,4UFQ,120L,-21,0.0
563,4UFQ,120L,-22,0.0
563,4UFQ,120L,-23,0.0
563,4UFQ,120L,-24,0.0
563,4UFQ,120L,-25,0.0
563,4UFQ,120L,-26,0.0
563,4UFQ,120L,-27,0.0
563,4UFQ,120L,-28,0.0
563,4UFQ,120L,-29,0.0
564,J7WC7W,240L,0,100.0
564,J7WC7W,240L,-1,94.66824481092642
564,J7WC7W,240L,-2,90.35771194504156
564,J7WC7W,240L,-3,83.10403736245979
564,J7WC7W,240L,-4,76.86079086630036
564,J7WC7W,240L,-5,71.20255511493178
564,J7WC7W,240L,-6,67.43530760201455
564,J7WC7W,240L,-7,61.167372594395715
564,J7WC7W,240L,-8,52.531913358397006
564,J7WC7W,240L,-9,47.592146121166095
564,J7WC7W,240L,-10,44.941215034077075
564,J7WC7W,240L,-11,37.80130985647669
564,J7WC7W,240L,-12,31.801779473036984
564,J7WC7W,240L,-13,25.206615243279852
564,J7WC7W,240L,-14,20.34216987322528
564,J7WC7W,240L,-15,13.552667189842612
564,J7WC7W,240L,-16,8.535159540352632
564,J7WC7W,240L,-17,2.16774194094071
564,J7WC7W,240L,-18,0.0
564,J7WC7W,240L,-19,0.0
564,J7WC7W,240L,-20,0.0
564,J7WC7W,240L,-21,0.0
564,J7WC7W,240L,-22,0.0
564,J7WC7W,240L,-23,0.0
564,J7WC7W,240L,-24,0.0
564,J7WC7W,240L,-25,0.0
564,J7WC7W,240L,-26,0.0
564,J7WC7W,240L,-27,0.0
564,J7WC7W,240L,-28,0.0
564,J7WC7W,240L,-29,0.0
565,AFXGZC,1.100L,0,11.0
565,AFXGZC,1.100L,-1,2.6725567654218643
565,AFXGZC,1.100L,-2,0.0
565,AFXGZC,1.100L,-3,0.0
565,AFXGZC,1.100L,-4,0.0
565,AFXGZC,1.100L,-5,0.0
565,AFXGZC,1.100L,-6,0.0
565,AFXGZC,1.100L,-7,0.0
565,AFXGZC,1.100L,-8,0.0
565,AFXGZC,1.100L,-9,0.0
565,AFXGZC,1.100L,-10,0.0
565,AFXGZC,1.100L,-11,0.0
565,AFXGZC,1.100L,-12,0.0
565,AFXGZC,1.100L,-13,0.0
565,AFXGZC,1.100L,-14,0.0
565,AFXGZC,1.100L,-15,0.0
565,AFXGZC,1.100L,-16,0.0
565,AFXGZC,1.100L,-17,0.0
565,AFXGZC,1.100L,-18,0.0
565,AFXGZC,1.100L,-19,0.0
565,AFXGZC,1.100L,-20,0.0
565,AFXGZC,1.100L,-21,0.0
565,AFXGZC,1.100L,-22,0.0
565,AFXGZC,1.100L,-23,0.0
565,AFXGZC,1.100L,-24,0.0
565,AFXGZC,1.100L,-25,0.0
565,AFXGZC,1.100L,-26,0.0
565,AFXGZC,1.100L,-27,0.0
565,AFXGZC,1.100L,-28,0.0
565,AFXGZC,1.100L,-29,0.0
566,5YJ5US,120L,0,66.0
566,5YJ5US,120L,-1,60.45606702484901
566,5YJ5US,120L,-2,54.835334737478114
566,5YJ5US,120L,-3,48.515093379830354
566,5YJ5US,120L,-4,44.3360796109036
566,5YJ5US,120L,-5,39.94481878505552
566,5YJ5US,120L,-6,36.4495587546228
566,5YJ5US,120L,-7,34.6325024568179
566,5YJ5US,120L,-8,32.36861050120041
566,5YJ5US,120L,-9,30.27852218498279
566,5YJ5US,120L,-10,28.823335150153124
566,5YJ5US,120L,-11,26.50070291457267
566,5YJ5US,120L,-12,21.604217366822315
566,5YJ5US,120L,-13,19.470042139886758
566,5YJ5US,120L,-14,14.988490844571336
566,5YJ5US,120L,-15,6.545596884201196
566,5YJ5US,120L,-16,3.3921740996440546
566,5YJ5US,120L,-17,0.0
566,5YJ5US,120L,-18,0.0
566,5YJ5US,120L,-19,0.0
566,5YJ5US,120L,-20,0.0
566,5YJ5US,120L,-21,0.0
566,5YJ5US,120L,-22,0.0
566,5YJ5US,120L,-23,0.0
566,5YJ5US,120L,-24,0.0
566,5YJ5US,120L,-25,0.0
566,5YJ5US,120L,-26,0.0
566,5YJ5US,120L,-27,0.0
566,5YJ5US,120L,-28,0.0
566,5YJ5US,120L,-29,0.0
567,7Z5OJV,120L,0,64.0
567,7Z5OJV,120L,-1,61.291557139288614
567,7Z5OJV,120L,-2,57.209829588948686
567,7Z5OJV,120L,-3,54.39834346063602
567,7Z5OJV,120L,-4,50.937849544538494
567,7Z5OJV,120L,-5,45.58882768272898
567,7Z5OJV,120L,-6,39.018578750307
567,7Z5OJV,120L,-7,37.523268148644654
567,7Z5OJV,120L,-8,33.44551129205141
567,7Z5OJV,120L,-9,28.787151747583035
567,7Z5OJV,120L,-10,22.030055953300483
567,7Z5OJV,120L,-11,20.309803813526234
567,7Z5OJV,120L,-12,16.446782116684577
567,7Z5OJV,120L,-13,10.356413149742542
567,7Z5OJV,120L,-14,6.208626607580824
567,7Z5OJV,120L,-15,4.298790969388287
567,7Z5OJV,120L,-16,0.0
567,7Z5OJV,120L,-17,0.0
567,7Z5OJV,120L,-18,0.0
567,7Z5OJV,120L,-19,0.0
567,7Z5OJV,120L,-20,0.0
567,7Z5OJV,120L,-21,0.0
567,7Z5OJV,120L,-22,0.0
567,7Z5OJV,120L,-23,0.0
567,7Z5OJV,120L,-24,0.0
567,7Z5OJV,120L,-25,0.0
567,7Z5OJV,120L,-26,0.0
567,7Z5OJV,120L,-27,0.0
567,7Z5OJV,120L,-28,0.0
567,7Z5OJV,120L,-29,0.0
568,3BSO,120L,0,32.0
568,3BSO,120L,-1,27.05617874443244
568,3BSO,120L,-2,22.213077196971884
568,3BSO,120L,-3,18.86631890630422
568,3BSO,120L,-4,12.879225466542419
568,3BSO,120L,-5,9.64177294603182
568,3BSO,120L,-6,5.158179668790884
568,3BSO,120L,-7,1.0910824188829844
568,3BSO,120L,-8,0.0
568,3BSO,120L,-9,0.0
568,3BSO,120L,-10,0.0
568,3BSO,120L,-11,0.0
568,3BSO,120L,-12,0.0
568,3BSO,120L,-13,0.0
568,3BSO,120L,-14,0.0
568,3BSO,120L,-15,0.0
568,3BSO,120L,-16,0.0
568,3BSO,120L,-17,0.0
568,3BSO,120L,-18,0.0
568,3BSO,120L,-19,0.0
568,3BSO,120L,-20,0.0
568,3BSO,120L,-21,0.0
568,3BSO,120L,-22,0.0
568,3BSO,120L,-23,0.0
568,3BSO,120L,-24,0.0
568,3BSO,120L,-25,0.0
568,3BSO,120L,-26,0.0
568,3BSO,120L,-27,0.0
568,3BSO,120L,-28,0.0
568,3BSO,120L,-29,0.0
569,JOYK,240L,0,39.0
569,JOYK,240L,-1,36.45870677678322
569,JOYK,240L,-2,32.3400119561168
569,JOYK,240L,-3,29.79766515342544
569,JOYK,240L,-4,23.30457637778961
569,JOYK,240L,-5,15.400296794689236
569,JOYK,240L,-6,10.06199529336142
569,JOYK,240L,-7,4.612784939493483
569,JOYK,240L,-8,0.0
569,JOYK,240L,-9,0.0
569,JOYK,240L,-10,0.0
569,JOYK,240L,-11,0.0
569,JOYK,240L,-12,0.0
569,JOYK,240L,-13,0.0
569,JOYK,240L,-14,0.0
569,JOYK,240L,-15,0.0
569,JOYK,240L,-16,0.0
569,JOYK,240L,-17,0.0
569,JOYK,240L,-18,0.0
569,JOYK,240L,-19,0.0
569,JOYK,240L,-20,0.0
569,JOYK,240L,-21,0.0
569,JOYK,240L,-22,0.0
569,JOYK,240L,-23,0.0
569,JOYK,240L,-24,0.0
569,JOYK,240L,-25,0.0
569,JOYK,240L,-26,0.0
569,JOYK,240L,-27,0.0
569,JOYK,240L,-28,0.0
569,JOYK,240L,-29,0.0
570,SRWL,120L,0,73.0
570,SRWL,120L,-1,68.36865729378995
570,SRWL,120L,-2,64.48289768620383
570,SRWL,120L,-3,60.602415833089275
570,SRWL,120L,-4,56.98330052737223
570,SRWL,120L,-5,50.37406990039652
570,SRWL,120L,-6,46.16123743564768
570,SRWL,120L,-7,40.64476709833617
570,SRWL,120L,-8,34.11199095694358
570,SRWL,120L,-9,28.708537669553728
570,SRWL,120L,-10,23.478555464742712
570,SRWL,120L,-11,19.39522600321869
570,SRWL,120L,-12,16.789081754588434
570,SRWL,120L,-13,12.85654819713424
570,SRWL,120L,-14,10.182842571681958
570,SRWL,120L,-15,4.376891170336639
570,SRWL,120L,-16,0.0
570,SRWL,120L,-17,0.0
570,SRWL,120L,-18,0.0
570,SRWL,120L,-19,0.0
570,SRWL,120L,-20,0.0
570,SRWL,120L,-21,0.0
570,SRWL,120L,-22,0.0
570,SRWL,120L,-23,0.0
570,SRWL,120L,-24,0.0
570,SRWL,120L,-25,0.0
570,SRWL,120L,-26,0.0
570,SRWL,120L,-27,0.0
570,SRWL,120L,-28,0.0
570,SRWL,120L,-29,0.0
571,GP43,240L,0,42.0
571,GP43,240L,-1,38.02382032521807
571,GP43,240L,-2,33.3016886728864
571,GP43,240L,-3,29.899159890725073
571,GP43,240L,-4,21.960707738885237
571,GP43,240L,-5,15.565958904184768
571,GP43,240L,-6,10.088875972049266
571,GP43,240L,-7,6.9564162107850365
571,GP43,240L,-8,0.8151655727117234
571,GP43,240L,-9,0.0
571,GP43,240L,-10,0.0
571,GP43,240L,-11,0.0
571,GP43,240L,-12,0.0
571,GP43,240L,-13,0.0
571,GP43,240L,-14,0.0
571,GP43,240L,-15,0.0
571,GP43,240L,-16,0.0
571,GP43,240L,-17,0.0
571,GP43,240L,-18,0.0
571,GP43,240L,-19,0.0
571,GP43,240L,-20,0.0
571,GP43,240L,-21,0.0
571,GP43,240L,-22,0.0
571,GP43,240L,-23,0.0
571,GP43,240L,-24,0.0
571,GP43,240L,-25,0.0
571,GP43,240L,-26,0.0
571,GP43,240L,-27,0.0
571,GP43,240L,-28,0.0
571,GP43,240L,-29,0.0
572,Q7BX,120L,0,43.0
572,Q7BX,120L,-1,38.29917650955203
572,Q7BX,120L,-2,32.56490622411181
572,Q7BX,120L,-3,25.48978453038015
572,Q7BX,120L,-4,20.320403974273287
572,Q7BX,120L,-5,17.156076033567402
572,Q7BX,120L,-6,14.40359137788857
572,Q7BX,120L,-7,9.805293924811638
572,Q7BX,120L,-8,3.802071850076252
572,Q7BX,120L,-9,0.0
572,Q7BX,120L,-10,0.0
572,Q7BX,120L,-11,0.0
572,Q7BX,120L,-12,0.0
572,Q7BX,120L,-13,0.0
572,Q7BX,120L,-14,0.0
572,Q7BX,120L,-15,0.0
572,Q7BX,120L,-16,0.0
572,Q7BX,120L,-17,0.0
572,Q7BX,120L,-18,0.0
572,Q7BX,120L,-19,0.0
572,Q7BX,120L,-20,0.0
572,Q7BX,120L,-21,0.0
572,Q7BX,120L,-22,0.0
572,Q7BX,120L,-23,0.0
572,Q7BX,120L,-24,0.0
572,Q7BX,120L,-25,0.0
572,Q7BX,120L,-26,0.0
572,Q7BX,120L,-27,0.0
572,Q7BX,120L,-28,0.0
572,Q7BX,120L,-29,0.0
573,LLYONC,240L,0,28.0
573,LLYONC,240L,-1,20.9267342222051
573,LLYONC,240L,-2,16.43329733358528
573,LLYONC,240L,-3,14.855640729863747
573,LLYONC,240L,-4,9.865905692344311
573,LLYONC,240L,-5,4.462946324863661
573,LLYONC,240L,-6,1.7055753085115364
573,LLYONC,240L,-7,0.0
573,LLYONC,240L,-8,0.0
573,LLYONC,240L,-9,0.0
573,LLYONC,240L,-10,0.0
573,LLYONC,240L,-11,0.0
573,LLYONC,240L,-12,0.0
573,LLYONC,240L,-13,0.0
573,LLYONC,240L,-14,0.0
573,LLYONC,240L,-15,0.0
573,LLYONC,240L,-16,0.0
573,LLYONC,240L,-17,0.0
573,LLYONC,240L,-18,0.0
573,LLYONC,240L,-19,0.0
573,LLYONC,240L,-20,0.0
573,LLYONC,240L,-21,0.0
573,LLYONC,240L,-22,0.0
573,LLYONC,240L,-23,0.0
573,LLYONC,240L,-24,0.0
573,LLYONC,240L,-25,0.0
573,LLYONC,240L,-26,0.0
573,LLYONC,240L,-27,0.0
573,LLYONC,240L,-28,0.0
573,LLYONC,240L,-29,0.0
574,4JT6V5,240L,0,12.0
574,4JT6V5,240L,-1,7.6128498695600015
574,4JT6V5,240L,-2,0.0
574,4JT6V5,240L,-3,0.0
574,4JT6V5,240L,-4,0.0
574,4JT6V5,240L,-5,0.0
574,4JT6V5,240L,-6,0.0
574,4JT6V5,240L,-7,0.0
574,4JT6V5,240L,-8,0.0
574,4JT6V5,240L,-9,0.0
574,4JT6V5,240L,-10,0.0
574,4JT6V5,240L,-11,0.0
574,4JT6V5,240L,-12,0.0
574,4JT6V5,240L,-13,0.0
574,4JT6V5,240L,-14,0.0
574,4JT6V5,240L,-15,0.0
574,4JT6V5,240L,-16,0.0
574,4JT6V5,240L,-17,0.0
574,4JT6V5,240L,-18,0.0
574,4JT6V5,240L,-19,0.0
574,4JT6V5,240L,-20,0.0
574,4JT6V5,240L,-21,0.0
574,4JT6V5,240L,-22,0.0
574,4JT6V5,240L,-23,0.0
574,4JT6V5,240L,-24,0.0
574,4JT6V5,240L,-25,0.0
574,4JT6V5,240L,-26,0.0
574,4JT6V5,240L,-27,0.0
574,4JT6V5,240L,-28,0.0
574,4JT6V5,240L,-29,0.0
575,ICJFIE,240L,0,11.0
575,ICJFIE,240L,-1,6.599161021378774
575,ICJFIE,240L,-2,0.0
575,ICJFIE,240L,-3,0.0
575,ICJFIE,240L,-4,0.0
575,ICJFIE,240L,-5,0.0
575,ICJFIE,240L,-6,0.0
575,ICJFIE,240L,-7,0.0
575,ICJFIE,240L,-8,0.0
575,ICJFIE,240L,-9,0.0
575,ICJFIE,240L,-10,0.0
575,ICJFIE,240L,-11,0.0
575,ICJFIE,240L,-12,0.0
575,ICJFIE,240L,-13,0.0
575,ICJFIE,240L,-14,0.0
575,ICJFIE,240L,-15,0.0
575,ICJFIE,240L,-16,0.0
575,ICJFIE,240L,-17,0.0
575,ICJFIE,240L,-18,0.0
575,ICJFIE,240L,-19,0.0
575,ICJFIE,240L,-20,0.0
575,ICJFIE,240L,-21,0.0
575,ICJFIE,240L,-22,0.0
575,ICJFIE,240L,-23,0.0
575,ICJFIE,240L,-24,0.0
575,ICJFIE,240L,-25,0.0
575,ICJFIE,240L,-26,0.0
575,ICJFIE,240L,-27,0.0
575,ICJFIE,240L,-28,0.0
575,ICJFIE,240L,-29,0.0
576,AE5BTG,240L,0,94.0
576,AE5BTG,240L,-1,88.44824737514499
576,AE5BTG,240L,-2,83.68479986902994
576,AE5BTG,240L,-3,74.71037940013507
576,AE5BTG,240L,-4,67.5879311926758
576,AE5BTG,240L,-5,62.17149643054173
576,AE5BTG,240L,-6,55.96571411990495
576,AE5BTG,240L,-7,51.689284858319816
576,AE5BTG,240L,-8,48.46855579586418
576,AE5BTG,240L,-9,44.754341033761534
576,AE5BTG,240L,-10,40.50378927383557
576,AE5BTG,240L,-11,33.95857504465114
576,AE5BTG,240L,-12,31.50957711574693
576,AE5BTG,240L,-13,26.0644227305436
576,AE5BTG,240L,-14,23.549551149131663
576,AE5BTG,240L,-15,16.792918371177976
576,AE5BTG,240L,-16,13.161287740458256
576,AE5BTG,240L,-17,7.553588401333118
576,AE5BTG,240L,-18,0.6744241998587698
576,AE5BTG,240L,-19,0.0
576,AE5BTG,240L,-20,0.0
576,AE5BTG,240L,-21,0.0
576,AE5BTG,240L,-22,0.0
576,AE5BTG,240L,-23,0.0
576,AE5BTG,240L,-24,0.0
576,AE5BTG,240L,-25,0.0
576,AE5BTG,240L,-26,0.0
576,AE5BTG,240L,-27,0.0
576,AE5BTG,240L,-28,0.0
576,AE5BTG,240L,-29,0.0
577,HZCYJJ,240L,0,45.0
577,HZCYJJ,240L,-1,38.46498229448715
577,HZCYJJ,240L,-2,27.787954088703028
577,HZCYJJ,240L,-3,21.105198492310613
577,HZCYJJ,240L,-4,15.346196805611179
577,HZCYJJ,240L,-5,6.073701098750734
577,HZCYJJ,240L,-6,0.8195396664644135
577,HZCYJJ,240L,-7,0.0
577,HZCYJJ,240L,-8,0.0
577,HZCYJJ,240L,-9,0.0
577,HZCYJJ,240L,-10,0.0
577,HZCYJJ,240L,-11,0.0
577,HZCYJJ,240L,-12,0.0
577,HZCYJJ,240L,-13,0.0
577,HZCYJJ,240L,-14,0.0
577,HZCYJJ,240L,-15,0.0
577,HZCYJJ,240L,-16,0.0
577,HZCYJJ,240L,-17,0.0
577,HZCYJJ,240L,-18,0.0
577,HZCYJJ,240L,-19,0.0
577,HZCYJJ,240L,-20,0.0
577,HZCYJJ,240L,-21,0.0
577,HZCYJJ,240L,-22,0.0
577,HZCYJJ,240L,-23,0.0
577,HZCYJJ,240L,-24,0.0
577,HZCYJJ,240L,-25,0.0
577,HZCYJJ,240L,-26,0.0
577,HZCYJJ,240L,-27,0.0
577,HZCYJJ,240L,-28,0.0
577,HZCYJJ,240L,-29,0.0
578,M2F7,120L,0,1.0
578,M2F7,120L,-1,0.0
578,M2F7,120L,-2,0.0
578,M2F7,120L,-3,0.0
578,M2F7,120L,-4,0.0
578,M2F7,120L,-5,0.0
578,M2F7,120L,-6,0.0
578,M2F7,120L,-7,0.0
578,M2F7,120L,-8,0.0
578,M2F7,120L,-9,0.0
578,M2F7,120L,-10,0.0
578,M2F7,120L,-11,0.0
578,M2F7,120L,-12,0.0
578,M2F7,120L,-13,0.0
578,M2F7,120L,-14,0.0
578,M2F7,120L,-15,0.0
578,M2F7,120L,-16,0.0
578,M2F7,120L,-17,0.0
578,M2F7,120L,-18,0.0
578,M2F7,120L,-19,0.0
578,M2F7,120L,-20,0.0
578,M2F7,120L,-21,0.0
578,M2F7,120L,-22,0.0
578,M2F7,120L,-23,0.0
578,M2F7,120L,-24,0.0
578,M2F7,120L,-25,0.0
578,M2F7,120L,-26,0.0
578,M2F7,120L,-27,0.0
578,M2F7,120L,-28,0.0
578,M2F7,120L,-29,0.0
579,M3VLEF,240L,0,34.0
579,M3VLEF,240L,-1,26.775080884535257
579,M3VLEF,240L,-2,23.033515003583332
579,M3VLEF,240L,-3,18.88919595082145
579,M3VLEF,240L,-4,12.764823348568752
579,M3VLEF,240L,-5,4.912766692067024
579,M3VLEF,240L,-6,0.0
579,M3VLEF,240L,-7,0.0
579,M3VLEF,240L,-8,0.0
579,M3VLEF,240L,-9,0.0
579,M3VLEF,240L,-10,0.0
579,M3VLEF,240L,-11,0.0
579,M3VLEF,240L,-12,0.0
579,M3VLEF,240L,-13,0.0
579,M3VLEF,240L,-14,0.0
579,M3VLEF,240L,-15,0.0
579,M3VLEF,240L,-16,0.0
579,M3VLEF,240L,-17,0.0
579,M3VLEF,240L,-18,0.0
579,M3VLEF,240L,-19,0.0
579,M3VLEF,240L,-20,0.0
579,M3VLEF,240L,-21,0.0
579,M3VLEF,240L,-22,0.0
579,M3VLEF,240L,-23,0.0
579,M3VLEF,240L,-24,0.0
579,M3VLEF,240L,-25,0.0
579,M3VLEF,240L,-26,0.0
579,M3VLEF,240L,-27,0.0
579,M3VLEF,240L,-28,0.0
579,M3VLEF,240L,-29,0.0
580,ZQZCLD,240L,0,86.0
580,ZQZCLD,240L,-1,75.3563919982269
580,ZQZCLD,240L,-2,68.50609312448562
580,ZQZCLD,240L,-3,63.49589414898981
580,ZQZCLD,240L,-4,53.8930520644475
580,ZQZCLD,240L,-5,47.48813647803034
580,ZQZCLD,240L,-6,42.183095280496524
580,ZQZCLD,240L,-7,36.1553993970477
580,ZQZCLD,240L,-8,32.219151244761925
580,ZQZCLD,240L,-9,27.224202503897526
580,ZQZCLD,240L,-10,19.79646540131714
580,ZQZCLD,240L,-11,11.566747833243188
580,ZQZCLD,240L,-12,9.023945627249644
580,ZQZCLD,240L,-13,0.0
580,ZQZCLD,240L,-14,0.0
580,ZQZCLD,240L,-15,0.0
580,ZQZCLD,240L,-16,0.0
580,ZQZCLD,240L,-17,0.0
580,ZQZCLD,240L,-18,0.0
580,ZQZCLD,240L,-19,0.0
580,ZQZCLD,240L,-20,0.0
580,ZQZCLD,240L,-21,0.0
580,ZQZCLD,240L,-22,0.0
580,ZQZCLD,240L,-23,0.0
580,ZQZCLD,240L,-24,0.0
580,ZQZCLD,240L,-25,0.0
580,ZQZCLD,240L,-26,0.0
580,ZQZCLD,240L,-27,0.0
580,ZQZCLD,240L,-28,0.0
580,ZQZCLD,240L,-29,0.0
581,EWSTO2,240L,0,80.0
581,EWSTO2,240L,-1,71.2045748869868
581,EWSTO2,240L,-2,64.87759350148696
581,EWSTO2,240L,-3,61.078920790187794
581,EWSTO2,240L,-4,53.71139053442304
581,EWSTO2,240L,-5,48.98285122802552
581,EWSTO2,240L,-6,44.91156837504027
581,EWSTO2,240L,-7,41.041142680759755
581,EWSTO2,240L,-8,36.23863397265371
581,EWSTO2,240L,-9,31.287098595926047
581,EWSTO2,240L,-10,26.286410244823898
581,EWSTO2,240L,-11,25.061577721448025
581,EWSTO2,240L,-12,18.75513951779589
581,EWSTO2,240L,-13,13.953686588344576
581,EWSTO2,240L,-14,9.185921692536068
581,EWSTO2,240L,-15,1.1134019670986732
581,EWSTO2,240L,-16,0.0
581,EWSTO2,240L,-17,0.0
581,EWSTO2,240L,-18,0.0
581,EWSTO2,240L,-19,0.0
581,EWSTO2,240L,-20,0.0
581,EWSTO2,240L,-21,0.0
581,EWSTO2,240L,-22,0.0
581,EWSTO2,240L,-23,0.0
581,EWSTO2,240L,-24,0.0
581,EWSTO2,240L,-25,0.0
581,EWSTO2,240L,-26,0.0
581,EWSTO2,240L,-27,0.0
581,EWSTO2,240L,-28,0.0
581,EWSTO2,240L,-29,0.0
582,STNZIZ,240L,0,89.0
582,STNZIZ,240L,-1,82.71363835698398
582,STNZIZ,240L,-2,77.45248369901873
582,STNZIZ,240L,-3,74.23617624875568
582,STNZIZ,240L,-4,69.32872581348599
582,STNZIZ,240L,-5,63.273147313020814
582,STNZIZ,240L,-6,62.24437362269662
582,STNZIZ,240L,-7,59.09240638296273
582,STNZIZ,240L,-8,56.43095501181056
582,STNZIZ,240L,-9,48.492287010933524
582,STNZIZ,240L,-10,42.54887482375699
582,STNZIZ,240L,-11,38.92481746914393
582,STNZIZ,240L,-12,31.827475034209375
582,STNZIZ,240L,-13,23.984554355980656
582,STNZIZ,240L,-14,17.60968011847932
582,STNZIZ,240L,-15,14.299214296446202
582,STNZIZ,240L,-16,7.024453726442767
582,STNZIZ,240L,-17,2.877809715438371
582,STNZIZ,240L,-18,0.0
582,STNZIZ,240L,-19,0.0
582,STNZIZ,240L,-20,0.0
582,STNZIZ,240L,-21,0.0
582,STNZIZ,240L,-22,0.0
582,STNZIZ,240L,-23,0.0
582,STNZIZ,240L,-24,0.0
582,STNZIZ,240L,-25,0.0
582,STNZIZ,240L,-26,0.0
582,STNZIZ,240L,-27,0.0
582,STNZIZ,240L,-28,0.0
582,STNZIZ,240L,-29,0.0
583,ZW62PU,240L,0,7.0
583,ZW62PU,240L,-1,0.0
583,ZW62PU,240L,-2,0.0
583,ZW62PU,240L,-3,0.0
583,ZW62PU,240L,-4,0.0
583,ZW62PU,240L,-5,0.0
583,ZW62PU,240L,-6,0.0
583,ZW62PU,240L,-7,0.0
583,ZW62PU,240L,-8,0.0
583,ZW62PU,240L,-9,0.0
583,ZW62PU,240L,-10,0.0
583,ZW62PU,240L,-11,0.0
583,ZW62PU,240L,-12,0.0
583,ZW62PU,240L,-13,0.0
583,ZW62PU,240L,-14,0.0
583,ZW62PU,240L,-15,0.0
583,ZW62PU,240L,-16,0.0
583,ZW62PU,240L,-17,0.0
583,ZW62PU,240L,-18,0.0
583,ZW62PU,240L,-19,0.0
583,ZW62PU,240L,-20,0.0
583,ZW62PU,240L,-21,0.0
583,ZW62PU,240L,-22,0.0
583,ZW62PU,240L,-23,0.0
583,ZW62PU,240L,-24,0.0
583,ZW62PU,240L,-25,0.0
583,ZW62PU,240L,-26,0.0
583,ZW62PU,240L,-27,0.0
583,ZW62PU,240L,-28,0.0
583,ZW62PU,240L,-29,0.0
584,V4LT5O,120L,0,92.0
584,V4LT5O,120L,-1,87.40318029712752
584,V4LT5O,120L,-2,78.52663282131924
584,V4LT5O,120L,-3,76.00999362154768
584,V4LT5O,120L,-4,71.26661398153827
584,V4LT5O,120L,-5,66.37909081290572
584,V4LT5O,120L,-6,61.599033354895994
584,V4LT5O,120L,-7,56.968025191047275
584,V4LT5O,120L,-8,50.98682117926057
584,V4LT5O,120L,-9,46.58459360781134
584,V4LT5O,120L,-10,42.512344603720024
584,V4LT5O,120L,-11,38.86696335116224
584,V4LT5O,120L,-12,34.97537304931106
584,V4LT5O,120L,-13,30.316764846577062
584,V4LT5O,120L,-14,26.3317695012004
584,V4LT5O,120L,-15,20.512573177937572
584,V4LT5O,120L,-16,18.502003891303303
584,V4LT5O,120L,-17,12.701960622636475
584,V4LT5O,120L,-18,10.682246059405369
584,V4LT5O,120L,-19,3.898934923112536
584,V4LT5O,120L,-20,2.8491333533254846
584,V4LT5O,120L,-21,0.0
584,V4LT5O,120L,-22,0.0
584,V4LT5O,120L,-23,0.0
584,V4LT5O,120L,-24,0.0
584,V4LT5O,120L,-25,0.0
584,V4LT5O,120L,-26,0.0
584,V4LT5O,120L,-27,0.0
584,V4LT5O,120L,-28,0.0
584,V4LT5O,120L,-29,0.0
585,TUOP4X,120L,0,25.0
585,TUOP4X,120L,-1,19.696790783759955
585,TUOP4X,120L,-2,14.668036514364019
585,TUOP4X,120L,-3,9.56561797119892
585,TUOP4X,120L,-4,5.001902210208039
585,TUOP4X,120L,-5,0.0
585,TUOP4X,120L,-6,0.0
585,TUOP4X,120L,-7,0.0
585,TUOP4X,120L,-8,0.0
585,TUOP4X,120L,-9,0.0
585,TUOP4X,120L,-10,0.0
585,TUOP4X,120L,-11,0.0
585,TUOP4X,120L,-12,0.0
585,TUOP4X,120L,-13,0.0
585,TUOP4X,120L,-14,0.0
585,TUOP4X,120L,-15,0.0
585,TUOP4X,120L,-16,0.0
585,TUOP4X,120L,-17,0.0
585,TUOP4X,120L,-18,0.0
585,TUOP4X,120L,-19,0.0
585,TUOP4X,120L,-20,0.0
585,TUOP4X,120L,-21,0.0
585,TUOP4X,120L,-22,0.0
585,TUOP4X,120L,-23,0.0
585,TUOP4X,120L,-24,0.0
585,TUOP4X,120L,-25,0.0
585,TUOP4X,120L,-26,0.0
585,TUOP4X,120L,-27,0.0
585,TUOP4X,120L,-28,0.0
585,TUOP4X,120L,-29,0.0
586,X2LIGZ,240L,0,73.0
586,X2LIGZ,240L,-1,68.24950653682077
586,X2LIGZ,240L,-2,61.443510447028856
586,X2LIGZ,240L,-3,53.924845222475156
586,X2LIGZ,240L,-4,47.70192032158414
586,X2LIGZ,240L,-5,43.069607588915574
586,X2LIGZ,240L,-6,39.28231986171372
586,X2LIGZ,240L,-7,34.42639991870356
586,X2LIGZ,240L,-8,31.562012994752862
586,X2LIGZ,240L,-9,28.017840106294972
586,X2LIGZ,240L,-10,22.83899866751654
586,X2LIGZ,240L,-11,17.600718573558872
586,X2LIGZ,240L,-12,10.676235695754254
586,X2LIGZ,240L,-13,3.616913549661386
586,X2LIGZ,240L,-14,0.0
586,X2LIGZ,240L,-15,0.0
586,X2LIGZ,240L,-16,0.0
586,X2LIGZ,240L,-17,0.0
586,X2LIGZ,240L,-18,0.0
586,X2LIGZ,240L,-19,0.0
586,X2LIGZ,240L,-20,0.0
586,X2LIGZ,240L,-21,0.0
586,X2LIGZ,240L,-22,0.0
586,X2LIGZ,240L,-23,0.0
586,X2LIGZ,240L,-24,0.0
586,X2LIGZ,240L,-25,0.0
586,X2LIGZ,240L,-26,0.0
586,X2LIGZ,240L,-27,0.0
586,X2LIGZ,240L,-28,0.0
586,X2LIGZ,240L,-29,0.0
587,MQP7,120L,0,89.0
587,MQP7,120L,-1,82.59698314145386
587,MQP7,120L,-2,76.17256181185398
587,MQP7,120L,-3,72.74304068947778
587,MQP7,120L,-4,67.72489436638088
587,MQP7,120L,-5,62.49803384165769
587,MQP7,120L,-6,59.68057525140872
587,MQP7,120L,-7,54.853882502078825
587,MQP7,120L,-8,49.77205594912549
587,MQP7,120L,-9,46.3666800813511
587,MQP7,120L,-10,43.027427299955924
587,MQP7,120L,-11,39.16283919228604
587,MQP7,120L,-12,36.86764762431374
587,MQP7,120L,-13,27.516158669709775
587,MQP7,120L,-14,26.151949778602603
587,MQP7,120L,-15,18.214200207930897
587,MQP7,120L,-16,13.425462181072515
587,MQP7,120L,-17,7.176161304309902
587,MQP7,120L,-18,1.0013252775402646
587,MQP7,120L,-19,0.0
587,MQP7,120L,-20,0.0
587,MQP7,120L,-21,0.0
587,MQP7,120L,-22,0.0
587,MQP7,120L,-23,0.0
587,MQP7,120L,-24,0.0
587,MQP7,120L,-25,0.0
587,MQP7,120L,-26,0.0
587,MQP7,120L,-27,0.0
587,MQP7,120L,-28,0.0
587,MQP7,120L,-29,0.0
588,OLSL,120L,0,33.0
588,OLSL,120L,-1,27.341198141572054
588,OLSL,120L,-2,23.366056797914254
588,OLSL,120L,-3,16.95753455757875
588,OLSL,120L,-4,11.675840401168966
588,OLSL,120L,-5,9.107709497264937
588,OLSL,120L,-6,3.9699365889164433
588,OLSL,120L,-7,0.978236259655404
588,OLSL,120L,-8,0.0
588,OLSL,120L,-9,0.0
588,OLSL,120L,-10,0.0
588,OLSL,120L,-11,0.0
588,OLSL,120L,-12,0.0
588,OLSL,120L,-13,0.41609083183109963
588,OLSL,120L,-14,0.0
588,OLSL,120L,-15,0.0
588,OLSL,120L,-16,0.0
588,OLSL,120L,-17,0.0
588,OLSL,120L,-18,0.0
588,OLSL,120L,-19,0.0
588,OLSL,120L,-20,0.0
588,OLSL,120L,-21,0.0
588,OLSL,120L,-22,0.0
588,OLSL,120L,-23,0.0
588,OLSL,120L,-24,0.0
588,OLSL,120L,-25,0.0
588,OLSL,120L,-26,0.0
588,OLSL,120L,-27,0.0
588,OLSL,120L,-28,0.0
588,OLSL,120L,-29,0.0
589,TNGM,120L,0,6.0
589,TNGM,120L,-1,0.0
589,TNGM,120L,-2,0.0
589,TNGM,120L,-3,0.0
589,TNGM,120L,-4,0.0
589,TNGM,120L,-5,0.0
589,TNGM,120L,-6,0.0
589,TNGM,120L,-7,0.0
589,TNGM,120L,-8,0.0
589,TNGM,120L,-9,0.0
589,TNGM,120L,-10,0.0
589,TNGM,120L,-11,0.0
589,TNGM,120L,-12,0.0
589,TNGM,120L,-13,0.0
589,TNGM,120L,-14,0.0
589,TNGM,120L,-15,0.0
589,TNGM,120L,-16,0.0
589,TNGM,120L,-17,0.0
589,TNGM,120L,-18,0.0
589,TNGM,120L,-19,0.0
589,TNGM,120L,-20,0.0
589,TNGM,120L,-21,0.0
589,TNGM,120L,-22,0.0
589,TNGM,120L,-23,0.0
589,TNGM,120L,-24,0.0
589,TNGM,120L,-25,0.0
589,TNGM,120L,-26,0.0
589,TNGM,120L,-27,0.0
589,TNGM,120L,-28,0.0
589,TNGM,120L,-29,0.0
590,XG6O,120L,0,67.0
590,XG6O,120L,-1,62.22342768109693
590,XG6O,120L,-2,56.55915819527268
590,XG6O,120L,-3,51.454514079161775
590,XG6O,120L,-4,49.00592259547879
590,XG6O,120L,-5,43.1794687745493
590,XG6O,120L,-6,38.67791516476683
590,XG6O,120L,-7,33.62288243126004
590,XG6O,120L,-8,28.507294706282664
590,XG6O,120L,-9,22.82410687321806
590,XG6O,120L,-10,16.200299553219367
590,XG6O,120L,-11,9.2924757894582
590,XG6O,120L,-12,3.609420734107697
590,XG6O,120L,-13,0.0
590,XG6O,120L,-14,0.0
590,XG6O,120L,-15,0.0
590,XG6O,120L,-16,0.0
590,XG6O,120L,-17,0.0
590,XG6O,120L,-18,0.0
590,XG6O,120L,-19,0.0
590,XG6O,120L,-20,0.0
590,XG6O,120L,-21,0.0
590,XG6O,120L,-22,0.0
590,XG6O,120L,-23,0.0
590,XG6O,120L,-24,0.0
590,XG6O,120L,-25,0.0
590,XG6O,120L,-26,0.0
590,XG6O,120L,-27,0.0
590,XG6O,120L,-28,0.0
590,XG6O,120L,-29,0.0
591,ZKJCGY,120L,0,57.0
591,ZKJCGY,120L,-1,52.78277116443711
591,ZKJCGY,120L,-2,50.485386577978325
591,ZKJCGY,120L,-3,47.361022965113825
591,ZKJCGY,120L,-4,40.497214864712035
591,ZKJCGY,120L,-5,37.059914917545115
591,ZKJCGY,120L,-6,32.38449417604509
591,ZKJCGY,120L,-7,26.438002835381578
591,ZKJCGY,120L,-8,16.67018993238977
591,ZKJCGY,120L,-9,11.109944702697
591,ZKJCGY,120L,-10,6.537724431284223
591,ZKJCGY,120L,-11,1.745906162909245
591,ZKJCGY,120L,-12,0.0
591,ZKJCGY,120L,-13,0.0
591,ZKJCGY,120L,-14,0.0
591,ZKJCGY,120L,-15,0.0
591,ZKJCGY,120L,-16,0.0
591,ZKJCGY,120L,-17,0.0
591,ZKJCGY,120L,-18,0.0
591,ZKJCGY,120L,-19,0.0
591,ZKJCGY,120L,-20,0.0
591,ZKJCGY,120L,-21,0.0
591,ZKJCGY,120L,-22,0.0
591,ZKJCGY,120L,-23,0.0
591,ZKJCGY,120L,-24,0.0
591,ZKJCGY,120L,-25,0.0
591,ZKJCGY,120L,-26,0.0
591,ZKJCGY,120L,-27,0.0
591,ZKJCGY,120L,-28,0.0
591,ZKJCGY,120L,-29,0.0
592,ZC27JX,240L,0,74.0
592,ZC27JX,240L,-1,68.22121548698249
592,ZC27JX,240L,-2,62.479375007924936
592,ZC27JX,240L,-3,58.201649533920964
592,ZC27JX,240L,-4,51.95272829740905
592,ZC27JX,240L,-5,47.04420822541079
592,ZC27JX,240L,-6,41.748330014966115
592,ZC27JX,240L,-7,39.57976430735254
592,ZC27JX,240L,-8,37.94951952675093
592,ZC27JX,240L,-9,30.02812571486287
592,ZC27JX,240L,-10,23.74973570943239
592,ZC27JX,240L,-11,18.263707046666514
592,ZC27JX,240L,-12,13.194630718286156
592,ZC27JX,240L,-13,8.003711693336601
592,ZC27JX,240L,-14,1.2762361191418674
592,ZC27JX,240L,-15,0.0
592,ZC27JX,240L,-16,0.0
592,ZC27JX,240L,-17,0.0
592,ZC27JX,240L,-18,0.0
592,ZC27JX,240L,-19,0.0
592,ZC27JX,240L,-20,0.0
592,ZC27JX,240L,-21,0.0
592,ZC27JX,240L,-22,0.0
592,ZC27JX,240L,-23,0.0
592,ZC27JX,240L,-24,0.0
592,ZC27JX,240L,-25,0.0
592,ZC27JX,240L,-26,0.0
592,ZC27JX,240L,-27,0.0
592,ZC27JX,240L,-28,0.0
592,ZC27JX,240L,-29,0.0
593,U656,120L,0,28.0
593,U656,120L,-1,24.600392774941742
593,U656,120L,-2,22.27019459299856
593,U656,120L,-3,19.494895012955396
593,U656,120L,-4,15.664864494224679
593,U656,120L,-5,12.94247326705786
593,U656,120L,-6,10.617600984120491
593,U656,120L,-7,5.919059112381084
593,U656,120L,-8,4.282185110885145
593,U656,120L,-9,2.7854645378792897
593,U656,120L,-10,0.0
593,U656,120L,-11,0.0
593,U656,120L,-12,0.0
593,U656,120L,-13,0.0
593,U656,120L,-14,0.0
593,U656,120L,-15,0.0
593,U656,120L,-16,0.0
593,U656,120L,-17,0.0
593,U656,120L,-18,0.0
593,U656,120L,-19,0.0
593,U656,120L,-20,0.0
593,U656,120L,-21,0.0
593,U656,120L,-22,0.0
593,U656,120L,-23,0.0
593,U656,120L,-24,0.0
593,U656,120L,-25,0.0
593,U656,120L,-26,0.0
593,U656,120L,-27,0.0
593,U656,120L,-28,0.0
593,U656,120L,-29,0.0
594,E65XU2,240L,0,35.0
594,E65XU2,240L,-1,31.45927158509962
594,E65XU2,240L,-2,25.383378477628728
594,E65XU2,240L,-3,19.722594908440925
594,E65XU2,240L,-4,11.708425189794609
594,E65XU2,240L,-5,6.883306604534029
594,E65XU2,240L,-6,0.0
594,E65XU2,240L,-7,0.0
594,E65XU2,240L,-8,0.0
594,E65XU2,240L,-9,0.0
594,E65XU2,240L,-10,0.0
594,E65XU2,240L,-11,0.0
594,E65XU2,240L,-12,0.0
594,E65XU2,240L,-13,0.0
594,E65XU2,240L,-14,0.0
594,E65XU2,240L,-15,0.0
594,E65XU2,240L,-16,0.0
594,E65XU2,240L,-17,0.0
594,E65XU2,240L,-18,0.0
594,E65XU2,240L,-19,0.0
594,E65XU2,240L,-20,0.0
594,E65XU2,240L,-21,0.0
594,E65XU2,240L,-22,0.0
594,E65XU2,240L,-23,0.0
594,E65XU2,240L,-24,0.0
594,E65XU2,240L,-25,0.0
594,E65XU2,240L,-26,0.0
594,E65XU2,240L,-27,0.0
594,E65XU2,240L,-28,0.0
594,E65XU2,240L,-29,0.0
595,MCUN5O,120L,0,88.0
595,MCUN5O,120L,-1,82.18484629399796
595,MCUN5O,120L,-2,76.31664780633456
595,MCUN5O,120L,-3,71.8415816121297
595,MCUN5O,120L,-4,67.39699898818328
595,MCUN5O,120L,-5,62.759568524437185
595,MCUN5O,120L,-6,57.05285421252089
595,MCUN5O,120L,-7,52.83876076992563
595,MCUN5O,120L,-8,48.062958849827154
595,MCUN5O,120L,-9,41.40312020741902
595,MCUN5O,120L,-10,38.04472582217601
595,MCUN5O,120L,-11,33.6093041952518
595,MCUN5O,120L,-12,31.002742499282732
595,MCUN5O,120L,-13,26.832171900950147
595,MCUN5O,120L,-14,20.9303548309358
595,MCUN5O,120L,-15,18.598191250799935
595,MCUN5O,120L,-16,14.24410510435179
595,MCUN5O,120L,-17,8.622394745236138
595,MCUN5O,120L,-18,5.161662167302481
595,MCUN5O,120L,-19,0.0
595,MCUN5O,120L,-20,0.0
595,MCUN5O,120L,-21,0.0
595,MCUN5O,120L,-22,0.0
595,MCUN5O,120L,-23,0.0
595,MCUN5O,120L,-24,0.0
595,MCUN5O,120L,-25,0.0
595,MCUN5O,120L,-26,0.0
595,MCUN5O,120L,-27,0.0
595,MCUN5O,120L,-28,0.0
595,MCUN5O,120L,-29,0.0
596,NKXK3O,1.100L,0,20.0
596,NKXK3O,1.100L,-1,10.921362873456825
596,NKXK3O,1.100L,-2,2.1763552241977475
596,NKXK3O,1.100L,-3,0.0
596,NKXK3O,1.100L,-4,0.0
596,NKXK3O,1.100L,-5,0.0
596,NKXK3O,1.100L,-6,0.0
596,NKXK3O,1.100L,-7,0.0
596,NKXK3O,1.100L,-8,0.0
596,NKXK3O,1.100L,-9,0.0
596,NKXK3O,1.100L,-10,0.0
596,NKXK3O,1.100L,-11,0.0
596,NKXK3O,1.100L,-12,0.0
596,NKXK3O,1.100L,-13,0.0
596,NKXK3O,1.100L,-14,0.0
596,NKXK3O,1.100L,-15,0.0
596,NKXK3O,1.100L,-16,0.0
596,NKXK3O,1.100L,-17,0.0
596,NKXK3O,1.100L,-18,0.0
596,NKXK3O,1.100L,-19,0.0
596,NKXK3O,1.100L,-20,0.0
596,NKXK3O,1.100L,-21,0.0
596,NKXK3O,1.100L,-22,0.0
596,NKXK3O,1.100L,-23,0.0
596,NKXK3O,1.100L,-24,0.0
596,NKXK3O,1.100L,-25,0.0
596,NKXK3O,1.100L,-26,0.0
596,NKXK3O,1.100L,-27,0.0
596,NKXK3O,1.100L,-28,0.0
596,NKXK3O,1.100L,-29,0.0
597,DSGBQY,120L,0,35.0
597,DSGBQY,120L,-1,32.69113731176656
597,DSGBQY,120L,-2,26.963033361292336
597,DSGBQY,120L,-3,19.51901770008475
597,DSGBQY,120L,-4,12.2794323833898
597,DSGBQY,120L,-5,7.1232275589774865
597,DSGBQY,120L,-6,0.0
597,DSGBQY,120L,-7,0.0
597,DSGBQY,120L,-8,0.0
597,DSGBQY,120L,-9,0.0
597,DSGBQY,120L,-10,0.0
597,DSGBQY,120L,-11,0.0
597,DSGBQY,120L,-12,0.0
597,DSGBQY,120L,-13,0.0
597,DSGBQY,120L,-14,0.0
597,DSGBQY,120L,-15,0.0
597,DSGBQY,120L,-16,0.0
597,DSGBQY,120L,-17,0.0
597,DSGBQY,120L,-18,0.0
597,DSGBQY,120L,-19,0.0
597,DSGBQY,120L,-20,0.0
597,DSGBQY,120L,-21,0.0
597,DSGBQY,120L,-22,0.0
597,DSGBQY,120L,-23,0.0
597,DSGBQY,120L,-24,0.0
597,DSGBQY,120L,-25,0.0
597,DSGBQY,120L,-26,0.0
597,DSGBQY,120L,-27,0.0
597,DSGBQY,120L,-28,0.07271466717734221
597,DSGBQY,120L,-29,0.0
598,LOCZQ2,240L,0,9.0
598,LOCZQ2,240L,-1,4.696920089621654
598,LOCZQ2,240L,-2,0.21065379078084934
598,LOCZQ2,240L,-3,0.0
598,LOCZQ2,240L,-4,0.0
598,LOCZQ2,240L,-5,0.0
598,LOCZQ2,240L,-6,0.0
598,LOCZQ2,240L,-7,0.0
598,LOCZQ2,240L,-8,0.0
598,LOCZQ2,240L,-9,0.0
598,LOCZQ2,240L,-10,0.0
598,LOCZQ2,240L,-11,0.0
598,LOCZQ2,240L,-12,0.0
598,LOCZQ2,240L,-13,0.0
598,LOCZQ2,240L,-14,0.0
598,LOCZQ2,240L,-15,0.0
598,LOCZQ2,240L,-16,0.0
598,LOCZQ2,240L,-17,0.0
598,LOCZQ2,240L,-18,0.0
598,LOCZQ2,240L,-19,0.0
598,LOCZQ2,240L,-20,0.0
598,LOCZQ2,240L,-21,0.0
598,LOCZQ2,240L,-22,0.0
598,LOCZQ2,240L,-23,0.0
598,LOCZQ2,240L,-24,0.0
598,LOCZQ2,240L,-25,0.0
598,LOCZQ2,240L,-26,0.0
598,LOCZQ2,240L,-27,0.0
598,LOCZQ2,240L,-28,0.0
598,LOCZQ2,240L,-29,0.0
599,LOCZQ2,240L,0,100.0
599,LOCZQ2,240L,-1,95.0395970677029
599,LOCZQ2,240L,-2,91.33177294292167
599,LOCZQ2,240L,-3,84.50040552767909
599,LOCZQ2,240L,-4,77.49350151456133
599,LOCZQ2,240L,-5,69.08978783679122
599,LOCZQ2,240L,-6,63.12617356928986
599,LOCZQ2,240L,-7,57.367460017281275
599,LOCZQ2,240L,-8,49.04218105048553
599,LOCZQ2,240L,-9,44.607581559412885
599,LOCZQ2,240L,-10,38.61141386123969
599,LOCZQ2,240L,-11,34.26591926117374
599,LOCZQ2,240L,-12,29.326984768941532
599,LOCZQ2,240L,-13,20.315615671891322
599,LOCZQ2,240L,-14,12.793964010430908
599,LOCZQ2,240L,-15,5.284485337467844
599,LOCZQ2,240L,-16,0.0
599,LOCZQ2,240L,-17,0.0
599,LOCZQ2,240L,-18,0.0
599,LOCZQ2,240L,-19,0.0
599,LOCZQ2,240L,-20,0.0
599,LOCZQ2,240L,-21,0.0
599,LOCZQ2,240L,-22,0.0
599,LOCZQ2,240L,-23,0.0
599,LOCZQ2,240L,-24,0.0
599,LOCZQ2,240L,-25,0.0
599,LOCZQ2,240L,-26,0.0
599,LOCZQ2,240L,-27,0.0
599,LOCZQ2,240L,-28,0.0
599,LOCZQ2,240L,-29,0.0
600,3WEG,120L,0,72.0
600,3WEG,120L,-1,66.52462775145216
600,3WEG,120L,-2,64.14204981209178
600,3WEG,120L,-3,60.538742519861344
600,3WEG,120L,-4,57.03350981185537
600,3WEG,120L,-5,52.9659890829907
600,3WEG,120L,-6,49.81191058015241
600,3WEG,120L,-7,45.65361437090044
600,3WEG,120L,-8,40.667819798635236
600,3WEG,120L,-9,35.37877750390078
600,3WEG,120L,-10,31.401157047517493
600,3WEG,120L,-11,29.201636256287582
600,3WEG,120L,-12,24.9676045139924
600,3WEG,120L,-13,19.013886122584516
600,3WEG,120L,-14,15.957481191403394
600,3WEG,120L,-15,14.859604705785753
600,3WEG,120L,-16,10.00144211606859
600,3WEG,120L,-17,6.531184214852113
600,3WEG,120L,-18,0.18656121448783636
600,3WEG,120L,-19,0.0
600,3WEG,120L,-20,0.0
600,3WEG,120L,-21,0.0
600,3WEG,120L,-22,0.0
600,3WEG,120L,-23,0.0
600,3WEG,120L,-24,0.0
600,3WEG,120L,-25,0.0
600,3WEG,120L,-26,0.0
600,3WEG,120L,-27,0.0
600,3WEG,120L,-28,0.0
600,3WEG,120L,-29,0.0
601,CZBI,120L,0,23.0
601,CZBI,120L,-1,18.69413967605297
601,CZBI,120L,-2,13.898189844297157
601,CZBI,120L,-3,5.695446986675753
601,CZBI,120L,-4,3.767050628085964
601,CZBI,120L,-5,2.059839461867482
601,CZBI,120L,-6,0.0
601,CZBI,120L,-7,0.0
601,CZBI,120L,-8,0.0
601,CZBI,120L,-9,0.0
601,CZBI,120L,-10,0.0
601,CZBI,120L,-11,0.0
601,CZBI,120L,-12,0.0
601,CZBI,120L,-13,0.0
601,CZBI,120L,-14,0.0
601,CZBI,120L,-15,0.0
601,CZBI,120L,-16,0.0
601,CZBI,120L,-17,0.0
601,CZBI,120L,-18,0.0
601,CZBI,120L,-19,0.0
601,CZBI,120L,-20,0.0
601,CZBI,120L,-21,0.0
601,CZBI,120L,-22,0.0
601,CZBI,120L,-23,0.0
601,CZBI,120L,-24,0.0
601,CZBI,120L,-25,0.0
601,CZBI,120L,-26,0.0
601,CZBI,120L,-27,0.0
601,CZBI,120L,-28,0.0
601,CZBI,120L,-29,0.0
602,2JRZ,120L,0,63.0
602,2JRZ,120L,-1,60.43084492263118
602,2JRZ,120L,-2,56.427000461811524
602,2JRZ,120L,-3,52.00470458836029
602,2JRZ,120L,-4,49.1648817300461
602,2JRZ,120L,-5,43.344464991985255
602,2JRZ,120L,-6,35.909948688951275
602,2JRZ,120L,-7,31.333007581174336
602,2JRZ,120L,-8,29.18663472408946
602,2JRZ,120L,-9,24.855822777600952
602,2JRZ,120L,-10,20.383499873885874
602,2JRZ,120L,-11,16.47023598482211
602,2JRZ,120L,-12,15.234318702791725
602,2JRZ,120L,-13,13.43022316116334
602,2JRZ,120L,-14,11.377642464923884
602,2JRZ,120L,-15,7.280824077922378
602,2JRZ,120L,-16,0.5949455855694785
602,2JRZ,120L,-17,0.0
602,2JRZ,120L,-18,0.0
602,2JRZ,120L,-19,0.0
602,2JRZ,120L,-20,0.0
602,2JRZ,120L,-21,0.0
602,2JRZ,120L,-22,0.0
602,2JRZ,120L,-23,0.0
602,2JRZ,120L,-24,0.0
602,2JRZ,120L,-25,0.0
602,2JRZ,120L,-26,0.0
602,2JRZ,120L,-27,0.0
602,2JRZ,120L,-28,0.0
602,2JRZ,120L,-29,0.0
603,CEAV,120L,0,98.0
603,CEAV,120L,-1,91.85869913837173
603,CEAV,120L,-2,87.78202403066727
603,CEAV,120L,-3,79.26698883634572
603,CEAV,120L,-4,75.19515444113647
603,CEAV,120L,-5,68.09642173633826
603,CEAV,120L,-6,64.47261266700387
603,CEAV,120L,-7,58.83696541094442
603,CEAV,120L,-8,57.17741418234186
603,CEAV,120L,-9,56.095000364573266
603,CEAV,120L,-10,52.44626577698947
603,CEAV,120L,-11,46.89354401231793
603,CEAV,120L,-12,43.27669001528427
603,CEAV,120L,-13,39.001084899995554
603,CEAV,120L,-14,34.143421122732626
603,CEAV,120L,-15,30.407184528534003
603,CEAV,120L,-16,26.54650541585373
603,CEAV,120L,-17,21.642232255608526
603,CEAV,120L,-18,18.7206270722697
603,CEAV,120L,-19,12.795547493376002
603,CEAV,120L,-20,9.056819473774997
603,CEAV,120L,-21,2.977793652382447
603,CEAV,120L,-22,0.0
603,CEAV,120L,-23,0.0
603,CEAV,120L,-24,0.0
603,CEAV,120L,-25,0.0
603,CEAV,120L,-26,0.0
603,CEAV,120L,-27,0.0
603,CEAV,120L,-28,0.0
603,CEAV,120L,-29,0.0
604,R3HR,120L,0,48.0
604,R3HR,120L,-1,43.03764744181753
604,R3HR,120L,-2,36.83120497716521
604,R3HR,120L,-3,30.821246430785703
604,R3HR,120L,-4,24.836571717251495
604,R3HR,120L,-5,22.915597040065283
604,R3HR,120L,-6,21.36488586710945
604,R3HR,120L,-7,18.157616449526344
604,R3HR,120L,-8,14.311870346964623
604,R3HR,120L,-9,10.442932892709887
604,R3HR,120L,-10,4.736165710733578
604,R3HR,120L,-11,0.0
604,R3HR,120L,-12,0.0
604,R3HR,120L,-13,0.0
604,R3HR,120L,-14,0.0
604,R3HR,120L,-15,0.0
604,R3HR,120L,-16,0.0
604,R3HR,120L,-17,0.0
604,R3HR,120L,-18,0.0
604,R3HR,120L,-19,0.0
604,R3HR,120L,-20,0.0
604,R3HR,120L,-21,0.0
604,R3HR,120L,-22,0.0
604,R3HR,120L,-23,0.0
604,R3HR,120L,-24,0.0
604,R3HR,120L,-25,0.0
604,R3HR,120L,-26,0.0
604,R3HR,120L,-27,0.0
604,R3HR,120L,-28,0.0
604,R3HR,120L,-29,0.0
605,EC56ZN,120L,0,98.0
605,EC56ZN,120L,-1,90.92599628648773
605,EC56ZN,120L,-2,83.3334499765638
605,EC56ZN,120L,-3,79.82768007866629
605,EC56ZN,120L,-4,76.47760265032552
605,EC56ZN,120L,-5,73.68528083547902
605,EC56ZN,120L,-6,69.57272394087194
605,EC56ZN,120L,-7,64.51888327444841
605,EC56ZN,120L,-8,58.71299374329166
605,EC56ZN,120L,-9,55.21491904486555
605,EC56ZN,120L,-10,49.953061450652015
605,EC56ZN,120L,-11,50.48438457813759
605,EC56ZN,120L,-12,47.17862547977292
605,EC56ZN,120L,-13,42.30235933537182
605,EC56ZN,120L,-14,36.53834948452545
605,EC56ZN,120L,-15,30.082585799539007
605,EC56ZN,120L,-16,26.607008557643407
605,EC56ZN,120L,-17,23.054801570330127
605,EC56ZN,120L,-18,21.284530688249227
605,EC56ZN,120L,-19,16.132364678336394
605,EC56ZN,120L,-20,11.310134462326237
605,EC56ZN,120L,-21,5.392724043163027
605,EC56ZN,120L,-22,2.4843641837217527
605,EC56ZN,120L,-23,0.0
605,EC56ZN,120L,-24,0.0
605,EC56ZN,120L,-25,0.0
605,EC56ZN,120L,-26,0.0
605,EC56ZN,120L,-27,0.0
605,EC56ZN,120L,-28,0.0
605,EC56ZN,120L,-29,0.0
606,5GTH,120L,0,35.0
606,5GTH,120L,-1,30.57303913280682
606,5GTH,120L,-2,25.90887926106315
606,5GTH,120L,-3,23.918923805703635
606,5GTH,120L,-4,20.566216976962355
606,5GTH,120L,-5,14.676322807959307
606,5GTH,120L,-6,13.514907411072732
606,5GTH,120L,-7,9.638493371142065
606,5GTH,120L,-8,5.528248628094889
606,5GTH,120L,-9,0.6724527845597992
606,5GTH,120L,-10,0.0
606,5GTH,120L,-11,0.0
606,5GTH,120L,-12,0.0
606,5GTH,120L,-13,0.0
606,5GTH,120L,-14,0.0
606,5GTH,120L,-15,0.0
606,5GTH,120L,-16,0.0
606,5GTH,120L,-17,0.0
606,5GTH,120L,-18,0.0
606,5GTH,120L,-19,0.0
606,5GTH,120L,-20,0.0
606,5GTH,120L,-21,0.0
606,5GTH,120L,-22,0.0
606,5GTH,120L,-23,0.0
606,5GTH,120L,-24,0.0
606,5GTH,120L,-25,0.0
606,5GTH,120L,-26,0.0
606,5GTH,120L,-27,0.0
606,5GTH,120L,-28,0.0
606,5GTH,120L,-29,0.0
607,XQZ5,120L,0,81.0
607,XQZ5,120L,-1,79.46451129235325
607,XQZ5,120L,-2,73.8946960967383
607,XQZ5,120L,-3,70.55466026607067
607,XQZ5,120L,-4,67.42565597196361
607,XQZ5,120L,-5,65.58556335618975
607,XQZ5,120L,-6,64.00155441306042
607,XQZ5,120L,-7,60.77914357275818
607,XQZ5,120L,-8,55.73250087750653
607,XQZ5,120L,-9,50.119069840298714
607,XQZ5,120L,-10,44.50908066734513
607,XQZ5,120L,-11,39.083094064297995
607,XQZ5,120L,-12,36.26478870137177
607,XQZ5,120L,-13,31.45763774785626
607,XQZ5,120L,-14,25.36871294363355
607,XQZ5,120L,-15,16.69400266308773
607,XQZ5,120L,-16,12.075406443756533
607,XQZ5,120L,-17,6.522164112813003
607,XQZ5,120L,-18,2.0681660917970546
607,XQZ5,120L,-19,0.0
607,XQZ5,120L,-20,0.0
607,XQZ5,120L,-21,0.0
607,XQZ5,120L,-22,0.0
607,XQZ5,120L,-23,0.0
607,XQZ5,120L,-24,0.0
607,XQZ5,120L,-25,0.0
607,XQZ5,120L,-26,0.0
607,XQZ5,120L,-27,0.0
607,XQZ5,120L,-28,0.0
607,XQZ5,120L,-29,0.0
608,YL4U,120L,0,95.0
608,YL4U,120L,-1,93.21586667472755
608,YL4U,120L,-2,87.55293904340786
608,YL4U,120L,-3,83.93580360908224
608,YL4U,120L,-4,80.35491813113954
608,YL4U,120L,-5,76.79691702049378
608,YL4U,120L,-6,70.54357643061576
608,YL4U,120L,-7,66.08958068157376
608,YL4U,120L,-8,60.54520968725173
608,YL4U,120L,-9,56.784049901578385
608,YL4U,120L,-10,50.49455519087895
608,YL4U,120L,-11,45.383228306828535
608,YL4U,120L,-12,39.42426870285227
608,YL4U,120L,-13,36.66575910655237
608,YL4U,120L,-14,31.051594507687117
608,YL4U,120L,-15,24.832934003002247
608,YL4U,120L,-16,19.97009469300804
608,YL4U,120L,-17,17.405118983481316
608,YL4U,120L,-18,13.354241563942438
608,YL4U,120L,-19,9.045726467584812
608,YL4U,120L,-20,3.5369882793999947
608,YL4U,120L,-21,0.0
608,YL4U,120L,-22,0.0
608,YL4U,120L,-23,0.0
608,YL4U,120L,-24,0.0
608,YL4U,120L,-25,0.0
608,YL4U,120L,-26,0.0
608,YL4U,120L,-27,0.0
608,YL4U,120L,-28,0.0
608,YL4U,120L,-29,0.0
609,QRBP,120L,0,23.0
609,QRBP,120L,-1,18.645255982671507
609,QRBP,120L,-2,18.28600492831792
609,QRBP,120L,-3,12.507937264965305
609,QRBP,120L,-4,6.614378834595152
609,QRBP,120L,-5,2.2510982436737805
609,QRBP,120L,-6,0.0
609,QRBP,120L,-7,0.0
609,QRBP,120L,-8,0.0
609,QRBP,120L,-9,0.0
609,QRBP,120L,-10,0.0
609,QRBP,120L,-11,0.0
609,QRBP,120L,-12,0.0
609,QRBP,120L,-13,0.0
609,QRBP,120L,-14,0.0
609,QRBP,120L,-15,0.0
609,QRBP,120L,-16,0.0
609,QRBP,120L,-17,0.5642769178438836
609,QRBP,120L,-18,0.0
609,QRBP,120L,-19,0.0
609,QRBP,120L,-20,0.0
609,QRBP,120L,-21,0.0
609,QRBP,120L,-22,0.0
609,QRBP,120L,-23,0.0
609,QRBP,120L,-24,0.0
609,QRBP,120L,-25,0.0
609,QRBP,120L,-26,0.0
609,QRBP,120L,-27,0.0
609,QRBP,120L,-28,0.0
609,QRBP,120L,-29,0.0
610,SQT33G,120L,0,22.0
610,SQT33G,120L,-1,16.664838142391496
610,SQT33G,120L,-2,11.425893555450532
610,SQT33G,120L,-3,5.872779111172072
610,SQT33G,120L,-4,4.374439984317549
610,SQT33G,120L,-5,0.0
610,SQT33G,120L,-6,0.0
610,SQT33G,120L,-7,0.0
610,SQT33G,120L,-8,0.0
610,SQT33G,120L,-9,0.0
610,SQT33G,120L,-10,0.0
610,SQT33G,120L,-11,0.0
610,SQT33G,120L,-12,0.0
610,SQT33G,120L,-13,0.0
610,SQT33G,120L,-14,0.0
610,SQT33G,120L,-15,0.0
610,SQT33G,120L,-16,0.0
610,SQT33G,120L,-17,0.0
610,SQT33G,120L,-18,0.0
610,SQT33G,120L,-19,0.0
610,SQT33G,120L,-20,0.0
610,SQT33G,120L,-21,0.0
610,SQT33G,120L,-22,0.0
610,SQT33G,120L,-23,0.0
610,SQT33G,120L,-24,0.0
610,SQT33G,120L,-25,0.0
610,SQT33G,120L,-26,0.0
610,SQT33G,120L,-27,0.0
610,SQT33G,120L,-28,0.0
610,SQT33G,120L,-29,0.0
611,RPN47O,240L,0,61.0
611,RPN47O,240L,-1,54.3103852289352
611,RPN47O,240L,-2,46.797735876666245
611,RPN47O,240L,-3,41.86237910980514
611,RPN47O,240L,-4,37.490437187097086
611,RPN47O,240L,-5,30.58265157954441
611,RPN47O,240L,-6,24.691562191017375
611,RPN47O,240L,-7,20.772120181924215
611,RPN47O,240L,-8,18.948212410686587
611,RPN47O,240L,-9,15.380905668194178
611,RPN47O,240L,-10,6.271294134895891
611,RPN47O,240L,-11,1.4520196178622529
611,RPN47O,240L,-12,0.0
611,RPN47O,240L,-13,0.0
611,RPN47O,240L,-14,0.0
611,RPN47O,240L,-15,0.0
611,RPN47O,240L,-16,0.0
611,RPN47O,240L,-17,0.0
611,RPN47O,240L,-18,0.0
611,RPN47O,240L,-19,0.0
611,RPN47O,240L,-20,0.0
611,RPN47O,240L,-21,0.0
611,RPN47O,240L,-22,0.0
611,RPN47O,240L,-23,0.0
611,RPN47O,240L,-24,0.0
611,RPN47O,240L,-25,0.0
611,RPN47O,240L,-26,0.0
611,RPN47O,240L,-27,0.0
611,RPN47O,240L,-28,0.0
611,RPN47O,240L,-29,0.0
612,ZKSMUP,120L,0,95.0
612,ZKSMUP,120L,-1,91.28101530384986
612,ZKSMUP,120L,-2,88.3479779225409
612,ZKSMUP,120L,-3,83.68830123628021
612,ZKSMUP,120L,-4,78.6398736087455
612,ZKSMUP,120L,-5,73.85849056484791
612,ZKSMUP,120L,-6,67.69666208781905
612,ZKSMUP,120L,-7,63.39158909887444
612,ZKSMUP,120L,-8,61.80161209146985
612,ZKSMUP,120L,-9,52.81871391069052
612,ZKSMUP,120L,-10,47.36182023811284
612,ZKSMUP,120L,-11,43.27725678897912
612,ZKSMUP,120L,-12,41.3796598677636
612,ZKSMUP,120L,-13,35.4207921687299
612,ZKSMUP,120L,-14,31.479526743026348
612,ZKSMUP,120L,-15,28.83207948031628
612,ZKSMUP,120L,-16,24.00112538401145
612,ZKSMUP,120L,-17,18.433982296702066
612,ZKSMUP,120L,-18,14.614407728902696
612,ZKSMUP,120L,-19,9.741309425647774
612,ZKSMUP,120L,-20,5.652919924378613
612,ZKSMUP,120L,-21,2.153349388694877
612,ZKSMUP,120L,-22,0.0
612,ZKSMUP,120L,-23,0.0
612,ZKSMUP,120L,-24,0.0
612,ZKSMUP,120L,-25,0.0
612,ZKSMUP,120L,-26,0.0
612,ZKSMUP,120L,-27,0.0
612,ZKSMUP,120L,-28,0.0
612,ZKSMUP,120L,-29,0.0
613,P7IQ,120L,0,36.0
613,P7IQ,120L,-1,30.22268604381195
613,P7IQ,120L,-2,29.017199555747887
613,P7IQ,120L,-3,28.064737279237637
613,P7IQ,120L,-4,23.45819213302853
613,P7IQ,120L,-5,21.136026536735695
613,P7IQ,120L,-6,14.896811632593847
613,P7IQ,120L,-7,11.79090155810392
613,P7IQ,120L,-8,3.921355569479399
613,P7IQ,120L,-9,0.0
613,P7IQ,120L,-10,0.0
613,P7IQ,120L,-11,0.0
613,P7IQ,120L,-12,0.0
613,P7IQ,120L,-13,0.0
613,P7IQ,120L,-14,0.0
613,P7IQ,120L,-15,0.0
613,P7IQ,120L,-16,0.0
613,P7IQ,120L,-17,0.0
613,P7IQ,120L,-18,0.0
613,P7IQ,120L,-19,0.0
613,P7IQ,120L,-20,0.0
613,P7IQ,120L,-21,0.0
613,P7IQ,120L,-22,0.0
613,P7IQ,120L,-23,0.0
613,P7IQ,120L,-24,0.0
613,P7IQ,120L,-25,0.0
613,P7IQ,120L,-26,0.0
613,P7IQ,120L,-27,0.0
613,P7IQ,120L,-28,0.0
613,P7IQ,120L,-29,0.0
614,XDM2,120L,0,11.0
614,XDM2,120L,-1,8.939449177548909
614,XDM2,120L,-2,2.8580728464938128
614,XDM2,120L,-3,0.19495805153175638
614,XDM2,120L,-4,0.0
614,XDM2,120L,-5,0.0
614,XDM2,120L,-6,0.0
614,XDM2,120L,-7,0.0
614,XDM2,120L,-8,0.0
614,XDM2,120L,-9,0.0
614,XDM2,120L,-10,0.0
614,XDM2,120L,-11,0.0
614,XDM2,120L,-12,0.0
614,XDM2,120L,-13,0.0
614,XDM2,120L,-14,0.0
614,XDM2,120L,-15,0.0
614,XDM2,120L,-16,0.0
614,XDM2,120L,-17,0.0
614,XDM2,120L,-18,0.0
614,XDM2,120L,-19,0.0
614,XDM2,120L,-20,0.0
614,XDM2,120L,-21,0.0
614,XDM2,120L,-22,0.0
614,XDM2,120L,-23,0.0
614,XDM2,120L,-24,0.0
614,XDM2,120L,-25,0.0
614,XDM2,120L,-26,0.0
614,XDM2,120L,-27,0.0
614,XDM2,120L,-28,0.0
614,XDM2,120L,-29,0.0
615,TPCE6T,120L,0,54.0
615,TPCE6T,120L,-1,53.88944983440306
615,TPCE6T,120L,-2,47.885119873949975
615,TPCE6T,120L,-3,42.858157944542604
615,TPCE6T,120L,-4,40.7849067804232
615,TPCE6T,120L,-5,36.67934175965394
615,TPCE6T,120L,-6,34.209373548955924
615,TPCE6T,120L,-7,27.146252894827917
615,TPCE6T,120L,-8,20.65686275876205
615,TPCE6T,120L,-9,16.945474436790224
615,TPCE6T,120L,-10,12.608374416881674
615,TPCE6T,120L,-11,6.705087180353083
615,TPCE6T,120L,-12,2.591242481184948
615,TPCE6T,120L,-13,0.0
615,TPCE6T,120L,-14,0.0
615,TPCE6T,120L,-15,0.0
615,TPCE6T,120L,-16,0.0
615,TPCE6T,120L,-17,0.0
615,TPCE6T,120L,-18,0.0
615,TPCE6T,120L,-19,0.0
615,TPCE6T,120L,-20,0.0
615,TPCE6T,120L,-21,0.0
615,TPCE6T,120L,-22,0.0
615,TPCE6T,120L,-23,0.0
615,TPCE6T,120L,-24,0.0
615,TPCE6T,120L,-25,0.0
615,TPCE6T,120L,-26,0.0
615,TPCE6T,120L,-27,0.0
615,TPCE6T,120L,-28,0.0
615,TPCE6T,120L,-29,0.0
616,Q7U2GS,120L,0,12.0
616,Q7U2GS,120L,-1,7.2823201627540906
616,Q7U2GS,120L,-2,3.6313085629219573
616,Q7U2GS,120L,-3,0.0
616,Q7U2GS,120L,-4,0.0
616,Q7U2GS,120L,-5,0.0
616,Q7U2GS,120L,-6,0.0
616,Q7U2GS,120L,-7,0.0
616,Q7U2GS,120L,-8,1.0429270031977822
616,Q7U2GS,120L,-9,0.0
616,Q7U2GS,120L,-10,0.0
616,Q7U2GS,120L,-11,0.0
616,Q7U2GS,120L,-12,0.0
616,Q7U2GS,120L,-13,0.0
616,Q7U2GS,120L,-14,0.0
616,Q7U2GS,120L,-15,0.0
616,Q7U2GS,120L,-16,0.0
616,Q7U2GS,120L,-17,0.0
616,Q7U2GS,120L,-18,0.0
616,Q7U2GS,120L,-19,0.0
616,Q7U2GS,120L,-20,0.0
616,Q7U2GS,120L,-21,0.0
616,Q7U2GS,120L,-22,0.0
616,Q7U2GS,120L,-23,0.0
616,Q7U2GS,120L,-24,0.0
616,Q7U2GS,120L,-25,0.0
616,Q7U2GS,120L,-26,0.0
616,Q7U2GS,120L,-27,0.0
616,Q7U2GS,120L,-28,0.0
616,Q7U2GS,120L,-29,0.0
617,XYLCCQ,1.100L,0,22.0
617,XYLCCQ,1.100L,-1,14.904895587724265
617,XYLCCQ,1.100L,-2,6.4273921685215845
617,XYLCCQ,1.100L,-3,0.0
617,XYLCCQ,1.100L,-4,0.0
617,XYLCCQ,1.100L,-5,0.0
617,XYLCCQ,1.100L,-6,0.0
617,XYLCCQ,1.100L,-7,0.0
617,XYLCCQ,1.100L,-8,0.0
617,XYLCCQ,1.100L,-9,0.0
617,XYLCCQ,1.100L,-10,0.0
617,XYLCCQ,1.100L,-11,0.0
617,XYLCCQ,1.100L,-12,0.0
617,XYLCCQ,1.100L,-13,0.0
617,XYLCCQ,1.100L,-14,0.0
617,XYLCCQ,1.100L,-15,0.0
617,XYLCCQ,1.100L,-16,0.0
617,XYLCCQ,1.100L,-17,0.0
617,XYLCCQ,1.100L,-18,0.0
617,XYLCCQ,1.100L,-19,0.0
617,XYLCCQ,1.100L,-20,0.0
617,XYLCCQ,1.100L,-21,0.0
617,XYLCCQ,1.100L,-22,0.0
617,XYLCCQ,1.100L,-23,0.0
617,XYLCCQ,1.100L,-24,0.0
617,XYLCCQ,1.100L,-25,0.0
617,XYLCCQ,1.100L,-26,0.0
617,XYLCCQ,1.100L,-27,0.0
617,XYLCCQ,1.100L,-28,0.0
617,XYLCCQ,1.100L,-29,0.0
618,RVTUKK,1.100L,0,88.0
618,RVTUKK,1.100L,-1,80.26999911145914
618,RVTUKK,1.100L,-2,74.32755799780931
618,RVTUKK,1.100L,-3,66.89538851909161
618,RVTUKK,1.100L,-4,56.17540557463637
618,RVTUKK,1.100L,-5,49.33944505252513
618,RVTUKK,1.100L,-6,43.93726640032059
618,RVTUKK,1.100L,-7,35.22552164405036
618,RVTUKK,1.100L,-8,29.66045750650713
618,RVTUKK,1.100L,-9,20.8613570064661
618,RVTUKK,1.100L,-10,13.078244590314231
618,RVTUKK,1.100L,-11,10.561440572982043
618,RVTUKK,1.100L,-12,4.656216693121627
618,RVTUKK,1.100L,-13,0.0
618,RVTUKK,1.100L,-14,0.0
618,RVTUKK,1.100L,-15,0.0
618,RVTUKK,1.100L,-16,0.0
618,RVTUKK,1.100L,-17,0.0
618,RVTUKK,1.100L,-18,0.0
618,RVTUKK,1.100L,-19,0.0
618,RVTUKK,1.100L,-20,0.0
618,RVTUKK,1.100L,-21,0.0
618,RVTUKK,1.100L,-22,0.0
618,RVTUKK,1.100L,-23,0.0
618,RVTUKK,1.100L,-24,0.0
618,RVTUKK,1.100L,-25,0.0
618,RVTUKK,1.100L,-26,0.0
618,RVTUKK,1.100L,-27,0.0
618,RVTUKK,1.100L,-28,0.0
618,RVTUKK,1.100L,-29,0.0
619,C6ZHR2,1.100L,0,98.0
619,C6ZHR2,1.100L,-1,88.8363791131432
619,C6ZHR2,1.100L,-2,80.14129123123995
619,C6ZHR2,1.100L,-3,71.58792568014402
619,C6ZHR2,1.100L,-4,60.028814174985555
619,C6ZHR2,1.100L,-5,49.800194885678025
619,C6ZHR2,1.100L,-6,44.83460650450417
619,C6ZHR2,1.100L,-7,33.329678237358685
619,C6ZHR2,1.100L,-8,24.037576929106088
619,C6ZHR2,1.100L,-9,15.977428942340856
619,C6ZHR2,1.100L,-10,9.156019928829409
619,C6ZHR2,1.100L,-11,1.2787121548070557
619,C6ZHR2,1.100L,-12,0.0
619,C6ZHR2,1.100L,-13,0.0
619,C6ZHR2,1.100L,-14,0.0
619,C6ZHR2,1.100L,-15,0.0
619,C6ZHR2,1.100L,-16,0.0
619,C6ZHR2,1.100L,-17,0.0
619,C6ZHR2,1.100L,-18,0.0
619,C6ZHR2,1.100L,-19,0.0
619,C6ZHR2,1.100L,-20,0.0
619,C6ZHR2,1.100L,-21,0.0
619,C6ZHR2,1.100L,-22,0.0
619,C6ZHR2,1.100L,-23,0.0
619,C6ZHR2,1.100L,-24,0.0
619,C6ZHR2,1.100L,-25,0.0
619,C6ZHR2,1.100L,-26,0.0
619,C6ZHR2,1.100L,-27,0.0
619,C6ZHR2,1.100L,-28,0.0
619,C6ZHR2,1.100L,-29,0.0
620,NCOS,1.100L,0,29.0
620,NCOS,1.100L,-1,23.225939512509186
620,NCOS,1.100L,-2,12.147615929397713
620,NCOS,1.100L,-3,0.3789278062342678
620,NCOS,1.100L,-4,0.0
620,NCOS,1.100L,-5,0.0
620,NCOS,1.100L,-6,0.0
620,NCOS,1.100L,-7,0.0
620,NCOS,1.100L,-8,0.0
620,NCOS,1.100L,-9,0.0
620,NCOS,1.100L,-10,0.0
620,NCOS,1.100L,-11,0.0
620,NCOS,1.100L,-12,0.0
620,NCOS,1.100L,-13,0.0
620,NCOS,1.100L,-14,0.0
620,NCOS,1.100L,-15,0.0
620,NCOS,1.100L,-16,0.0
620,NCOS,1.100L,-17,0.0
620,NCOS,1.100L,-18,0.0
620,NCOS,1.100L,-19,0.0
620,NCOS,1.100L,-20,0.0
620,NCOS,1.100L,-21,0.0
620,NCOS,1.100L,-22,0.0
620,NCOS,1.100L,-23,0.0
620,NCOS,1.100L,-24,0.0
620,NCOS,1.100L,-25,0.0
620,NCOS,1.100L,-26,0.0
620,NCOS,1.100L,-27,0.0
620,NCOS,1.100L,-28,0.0
620,NCOS,1.100L,-29,0.0
621,E6PUYX,1.100L,0,16.0
621,E6PUYX,1.100L,-1,10.89828907210247
621,E6PUYX,1.100L,-2,4.821829629539399
621,E6PUYX,1.100L,-3,0.0
621,E6PUYX,1.100L,-4,0.0
621,E6PUYX,1.100L,-5,0.0
621,E6PUYX,1.100L,-6,0.0
621,E6PUYX,1.100L,-7,0.0
621,E6PUYX,1.100L,-8,0.0
621,E6PUYX,1.100L,-9,0.0
621,E6PUYX,1.100L,-10,0.0
621,E6PUYX,1.100L,-11,0.0
621,E6PUYX,1.100L,-12,0.0
621,E6PUYX,1.100L,-13,0.0
621,E6PUYX,1.100L,-14,0.0
621,E6PUYX,1.100L,-15,0.0
621,E6PUYX,1.100L,-16,0.0
621,E6PUYX,1.100L,-17,0.0
621,E6PUYX,1.100L,-18,0.0
621,E6PUYX,1.100L,-19,0.0
621,E6PUYX,1.100L,-20,0.0
621,E6PUYX,1.100L,-21,0.0
621,E6PUYX,1.100L,-22,0.0
621,E6PUYX,1.100L,-23,0.0
621,E6PUYX,1.100L,-24,0.0
621,E6PUYX,1.100L,-25,0.0
621,E6PUYX,1.100L,-26,0.0
621,E6PUYX,1.100L,-27,0.0
621,E6PUYX,1.100L,-28,0.0
621,E6PUYX,1.100L,-29,0.0
622,WOQ7CW,1.100L,0,61.0
622,WOQ7CW,1.100L,-1,51.325645476600826
622,WOQ7CW,1.100L,-2,43.24566087757492
622,WOQ7CW,1.100L,-3,37.14108585974358
622,WOQ7CW,1.100L,-4,29.137521605705864
622,WOQ7CW,1.100L,-5,23.156749756386226
622,WOQ7CW,1.100L,-6,16.214347363730578
622,WOQ7CW,1.100L,-7,10.852430888517734
622,WOQ7CW,1.100L,-8,0.7350107107097752
622,WOQ7CW,1.100L,-9,0.0
622,WOQ7CW,1.100L,-10,0.0
622,WOQ7CW,1.100L,-11,0.0
622,WOQ7CW,1.100L,-12,0.0
622,WOQ7CW,1.100L,-13,0.0
622,WOQ7CW,1.100L,-14,0.0
622,WOQ7CW,1.100L,-15,0.0
622,WOQ7CW,1.100L,-16,0.0
622,WOQ7CW,1.100L,-17,0.0
622,WOQ7CW,1.100L,-18,0.0
622,WOQ7CW,1.100L,-19,0.0
622,WOQ7CW,1.100L,-20,0.0
622,WOQ7CW,1.100L,-21,0.0
622,WOQ7CW,1.100L,-22,0.0
622,WOQ7CW,1.100L,-23,0.0
622,WOQ7CW,1.100L,-24,0.0
622,WOQ7CW,1.100L,-25,0.0
622,WOQ7CW,1.100L,-26,0.0
622,WOQ7CW,1.100L,-27,0.0
622,WOQ7CW,1.100L,-28,0.0
622,WOQ7CW,1.100L,-29,0.0
623,WOQ7CW,1.100L,0,83.0
623,WOQ7CW,1.100L,-1,77.66526338460508
623,WOQ7CW,1.100L,-2,70.32253786789093
623,WOQ7CW,1.100L,-3,63.17758896798972
623,WOQ7CW,1.100L,-4,55.83319848511049
623,WOQ7CW,1.100L,-5,45.01339669091425
623,WOQ7CW,1.100L,-6,35.56705121040253
623,WOQ7CW,1.100L,-7,27.243249178387963
623,WOQ7CW,1.100L,-8,19.207475337163103
623,WOQ7CW,1.100L,-9,13.108786364955787
623,WOQ7CW,1.100L,-10,3.718947317497951
623,WOQ7CW,1.100L,-11,0.0
623,WOQ7CW,1.100L,-12,0.0
623,WOQ7CW,1.100L,-13,0.0
623,WOQ7CW,1.100L,-14,0.0
623,WOQ7CW,1.100L,-15,0.0
623,WOQ7CW,1.100L,-16,0.0
623,WOQ7CW,1.100L,-17,0.0
623,WOQ7CW,1.100L,-18,0.0
623,WOQ7CW,1.100L,-19,0.0
623,WOQ7CW,1.100L,-20,0.0
623,WOQ7CW,1.100L,-21,0.0
623,WOQ7CW,1.100L,-22,0.0
623,WOQ7CW,1.100L,-23,0.0
623,WOQ7CW,1.100L,-24,0.0
623,WOQ7CW,1.100L,-25,0.0
623,WOQ7CW,1.100L,-26,0.0
623,WOQ7CW,1.100L,-27,0.0
623,WOQ7CW,1.100L,-28,0.0
623,WOQ7CW,1.100L,-29,0.0
624,OVU6LL,1.100L,0,88.0
624,OVU6LL,1.100L,-1,80.68941126417184
624,OVU6LL,1.100L,-2,73.82329975991925
624,OVU6LL,1.100L,-3,66.94402519054907
624,OVU6LL,1.100L,-4,59.92952998851141
624,OVU6LL,1.100L,-5,53.42817555511101
624,OVU6LL,1.100L,-6,41.228951476823134
624,OVU6LL,1.100L,-7,34.07392938720894
624,OVU6LL,1.100L,-8,26.26179627021608
624,OVU6LL,1.100L,-9,16.83094389267263
624,OVU6LL,1.100L,-10,10.784378543610165
624,OVU6LL,1.100L,-11,0.3015942929837836
624,OVU6LL,1.100L,-12,0.0
624,OVU6LL,1.100L,-13,0.0
624,OVU6LL,1.100L,-14,0.0
624,OVU6LL,1.100L,-15,0.0
624,OVU6LL,1.100L,-16,0.0
624,OVU6LL,1.100L,-17,0.0
624,OVU6LL,1.100L,-18,0.0
624,OVU6LL,1.100L,-19,0.0
624,OVU6LL,1.100L,-20,0.0
624,OVU6LL,1.100L,-21,0.0
624,OVU6LL,1.100L,-22,0.0
624,OVU6LL,1.100L,-23,0.0
624,OVU6LL,1.100L,-24,0.0
624,OVU6LL,1.100L,-25,0.0
624,OVU6LL,1.100L,-26,0.0
624,OVU6LL,1.100L,-27,0.0
624,OVU6LL,1.100L,-28,0.0
624,OVU6LL,1.100L,-29,0.0
625,KXCA,120L,0,85.0
625,KXCA,120L,-1,80.22468401734643
625,KXCA,120L,-2,72.9796080030702
625,KXCA,120L,-3,67.56431694159761
625,KXCA,120L,-4,59.61315526310917
625,KXCA,120L,-5,53.208563974643035
625,KXCA,120L,-6,50.5703955239632
625,KXCA,120L,-7,46.04764022095474
625,KXCA,120L,-8,41.29937495353454
625,KXCA,120L,-9,38.523045661269705
625,KXCA,120L,-10,32.848860589522914
625,KXCA,120L,-11,30.475127204156628
625,KXCA,120L,-12,25.481512776169982
625,KXCA,120L,-13,20.254887935495873
625,KXCA,120L,-14,16.411985907978092
625,KXCA,120L,-15,11.163450807188905
625,KXCA,120L,-16,8.224629014400104
625,KXCA,120L,-17,2.4025222125214527
625,KXCA,120L,-18,0.0
625,KXCA,120L,-19,0.0
625,KXCA,120L,-20,0.0
625,KXCA,120L,-21,0.0
625,KXCA,120L,-22,0.0
625,KXCA,120L,-23,0.0
625,KXCA,120L,-24,0.0
625,KXCA,120L,-25,0.0
625,KXCA,120L,-26,0.0
625,KXCA,120L,-27,0.0
625,KXCA,120L,-28,0.0
625,KXCA,120L,-29,0.0
626,JVLS,1.100L,0,12.0
626,JVLS,1.100L,-1,5.709947909038815
626,JVLS,1.100L,-2,0.0
626,JVLS,1.100L,-3,0.0
626,JVLS,1.100L,-4,0.0
626,JVLS,1.100L,-5,0.0
626,JVLS,1.100L,-6,0.0
626,JVLS,1.100L,-7,0.0
626,JVLS,1.100L,-8,0.0
626,JVLS,1.100L,-9,0.0
626,JVLS,1.100L,-10,0.0
626,JVLS,1.100L,-11,0.0
626,JVLS,1.100L,-12,0.0
626,JVLS,1.100L,-13,0.0
626,JVLS,1.100L,-14,0.0
626,JVLS,1.100L,-15,0.0
626,JVLS,1.100L,-16,0.0
626,JVLS,1.100L,-17,0.0
626,JVLS,1.100L,-18,0.0
626,JVLS,1.100L,-19,0.0
626,JVLS,1.100L,-20,0.0
626,JVLS,1.100L,-21,0.0
626,JVLS,1.100L,-22,0.0
626,JVLS,1.100L,-23,0.0
626,JVLS,1.100L,-24,0.0
626,JVLS,1.100L,-25,0.0
626,JVLS,1.100L,-26,0.0
626,JVLS,1.100L,-27,0.0
626,JVLS,1.100L,-28,0.0
626,JVLS,1.100L,-29,0.0
627,5OAGB7,1.100L,0,58.0
627,5OAGB7,1.100L,-1,53.03377207437809
627,5OAGB7,1.100L,-2,43.08399169748396
627,5OAGB7,1.100L,-3,35.31266071659767
627,5OAGB7,1.100L,-4,25.034653320477055
627,5OAGB7,1.100L,-5,16.92779273938019
627,5OAGB7,1.100L,-6,10.960495339932951
627,5OAGB7,1.100L,-7,3.336762126094041
627,5OAGB7,1.100L,-8,0.0
627,5OAGB7,1.100L,-9,0.0
627,5OAGB7,1.100L,-10,0.0
627,5OAGB7,1.100L,-11,0.0
627,5OAGB7,1.100L,-12,0.0
627,5OAGB7,1.100L,-13,0.0
627,5OAGB7,1.100L,-14,0.0
627,5OAGB7,1.100L,-15,0.0
627,5OAGB7,1.100L,-16,0.0
627,5OAGB7,1.100L,-17,0.0
627,5OAGB7,1.100L,-18,0.0
627,5OAGB7,1.100L,-19,0.0
627,5OAGB7,1.100L,-20,0.0
627,5OAGB7,1.100L,-21,0.0
627,5OAGB7,1.100L,-22,0.0
627,5OAGB7,1.100L,-23,0.0
627,5OAGB7,1.100L,-24,0.0
627,5OAGB7,1.100L,-25,0.0
627,5OAGB7,1.100L,-26,0.0
627,5OAGB7,1.100L,-27,0.0
627,5OAGB7,1.100L,-28,0.0
627,5OAGB7,1.100L,-29,0.0
628,MKURSO,1.100L,0,18.0
628,MKURSO,1.100L,-1,9.671925807790325
628,MKURSO,1.100L,-2,0.22987177754335664
628,MKURSO,1.100L,-3,0.0
628,MKURSO,1.100L,-4,0.0
628,MKURSO,1.100L,-5,0.0
628,MKURSO,1.100L,-6,0.0
628,MKURSO,1.100L,-7,0.0
628,MKURSO,1.100L,-8,0.0
628,MKURSO,1.100L,-9,0.0
628,MKURSO,1.100L,-10,0.0
628,MKURSO,1.100L,-11,0.0
628,MKURSO,1.100L,-12,0.0
628,MKURSO,1.100L,-13,0.0
628,MKURSO,1.100L,-14,0.0
628,MKURSO,1.100L,-15,0.0
628,MKURSO,1.100L,-16,0.0
628,MKURSO,1.100L,-17,0.0
628,MKURSO,1.100L,-18,0.0
628,MKURSO,1.100L,-19,0.0
628,MKURSO,1.100L,-20,0.0
628,MKURSO,1.100L,-21,0.0
628,MKURSO,1.100L,-22,0.0
628,MKURSO,1.100L,-23,0.0
628,MKURSO,1.100L,-24,0.0
628,MKURSO,1.100L,-25,0.0
628,MKURSO,1.100L,-26,0.0
628,MKURSO,1.100L,-27,0.0
628,MKURSO,1.100L,-28,0.0
628,MKURSO,1.100L,-29,0.0
629,XOXCRA,1.100L,0,48.0
629,XOXCRA,1.100L,-1,37.848855051530876
629,XOXCRA,1.100L,-2,28.647474731272403
629,XOXCRA,1.100L,-3,19.956125996791283
629,XOXCRA,1.100L,-4,12.288718986179738
629,XOXCRA,1.100L,-5,1.8127364745136862
629,XOXCRA,1.100L,-6,0.0
629,XOXCRA,1.100L,-7,0.0
629,XOXCRA,1.100L,-8,0.0
629,XOXCRA,1.100L,-9,0.0
629,XOXCRA,1.100L,-10,0.0
629,XOXCRA,1.100L,-11,0.0
629,XOXCRA,1.100L,-12,0.0
629,XOXCRA,1.100L,-13,0.0
629,XOXCRA,1.100L,-14,0.0
629,XOXCRA,1.100L,-15,0.0
629,XOXCRA,1.100L,-16,0.0
629,XOXCRA,1.100L,-17,0.0
629,XOXCRA,1.100L,-18,0.0
629,XOXCRA,1.100L,-19,0.0
629,XOXCRA,1.100L,-20,0.0
629,XOXCRA,1.100L,-21,0.0
629,XOXCRA,1.100L,-22,0.0
629,XOXCRA,1.100L,-23,0.0
629,XOXCRA,1.100L,-24,0.0
629,XOXCRA,1.100L,-25,0.0
629,XOXCRA,1.100L,-26,0.0
629,XOXCRA,1.100L,-27,0.0
629,XOXCRA,1.100L,-28,0.0
629,XOXCRA,1.100L,-29,0.0
630,2SSUON,1.100L,0,99.0
630,2SSUON,1.100L,-1,89.95645271933307
630,2SSUON,1.100L,-2,83.13999419327303
630,2SSUON,1.100L,-3,73.72044839994274
630,2SSUON,1.100L,-4,65.56825153095467
630,2SSUON,1.100L,-5,54.472074696865114
630,2SSUON,1.100L,-6,45.37176799635891
630,2SSUON,1.100L,-7,34.13738300308084
630,2SSUON,1.100L,-8,29.231972260169165
630,2SSUON,1.100L,-9,20.42558185657989
630,2SSUON,1.100L,-10,16.773507055646217
630,2SSUON,1.100L,-11,10.194863738152623
630,2SSUON,1.100L,-12,0.0
630,2SSUON,1.100L,-13,0.0
630,2SSUON,1.100L,-14,0.0
630,2SSUON,1.100L,-15,0.0
630,2SSUON,1.100L,-16,0.0
630,2SSUON,1.100L,-17,0.0
630,2SSUON,1.100L,-18,0.0
630,2SSUON,1.100L,-19,0.0
630,2SSUON,1.100L,-20,0.0
630,2SSUON,1.100L,-21,0.0
630,2SSUON,1.100L,-22,0.0
630,2SSUON,1.100L,-23,0.0
630,2SSUON,1.100L,-24,0.0
630,2SSUON,1.100L,-25,0.0
630,2SSUON,1.100L,-26,0.0
630,2SSUON,1.100L,-27,0.0
630,2SSUON,1.100L,-28,0.0
630,2SSUON,1.100L,-29,0.0
631,WDMXDG,1.100L,0,11.0
631,WDMXDG,1.100L,-1,1.8518806007811432
631,WDMXDG,1.100L,-2,0.0
631,WDMXDG,1.100L,-3,0.0
631,WDMXDG,1.100L,-4,0.0
631,WDMXDG,1.100L,-5,0.0
631,WDMXDG,1.100L,-6,0.0
631,WDMXDG,1.100L,-7,0.0
631,WDMXDG,1.100L,-8,0.0
631,WDMXDG,1.100L,-9,0.0
631,WDMXDG,1.100L,-10,0.0
631,WDMXDG,1.100L,-11,0.0
631,WDMXDG,1.100L,-12,0.0
631,WDMXDG,1.100L,-13,0.0
631,WDMXDG,1.100L,-14,0.0
631,WDMXDG,1.100L,-15,0.0
631,WDMXDG,1.100L,-16,0.0
631,WDMXDG,1.100L,-17,0.0
631,WDMXDG,1.100L,-18,0.0
631,WDMXDG,1.100L,-19,0.0
631,WDMXDG,1.100L,-20,0.0
631,WDMXDG,1.100L,-21,0.0
631,WDMXDG,1.100L,-22,0.0
631,WDMXDG,1.100L,-23,0.0
631,WDMXDG,1.100L,-24,0.0
631,WDMXDG,1.100L,-25,0.0
631,WDMXDG,1.100L,-26,0.0
631,WDMXDG,1.100L,-27,0.0
631,WDMXDG,1.100L,-28,0.0
631,WDMXDG,1.100L,-29,0.0
