key,Id,route_id,Capacity,day,fill_level
0,O5AHDP,1,1.100L,-29,3.3
0,O5AHDP,1,1.100L,-28,12.7
0,O5AHDP,1,1.100L,-27,17.5
0,O5AHDP,1,1.100L,-26,27.6
0,O5AHDP,1,1.100L,-25,38.8
0,O5AHDP,1,1.100L,-24,47.2
0,O5AHDP,1,1.100L,-23,56.8
0,O5AHDP,1,1.100L,-22,64.6
0,O5AHDP,1,1.100L,-21,76.3
0,O5AHDP,1,1.100L,-20,85.3
0,O5AHDP,1,1.100L,-19,93.3
0,O5AHDP,1,1.100L,-18,4.0
0,O5AHDP,1,1.100L,-17,12.1
0,O5AHDP,1,1.100L,-16,19.2
0,O5AHDP,1,1.100L,-15,30.1
0,O5AHDP,1,1.100L,-14,37.2
0,O5AHDP,1,1.100L,-13,49.1
0,O5AHDP,1,1.100L,-12,56.8
0,O5AHDP,1,1.100L,-11,65.7
0,O5AHDP,1,1.100L,-10,74.0
0,O5AHDP,1,1.100L,-9,86.0
0,O5AHDP,1,1.100L,-8,93.0
0,O5AHDP,1,1.100L,-7,1.7
0,O5AHDP,1,1.100L,-6,10.9
0,O5AHDP,1,1.100L,-5,21.3
0,O5AHDP,1,1.100L,-4,30.2
0,O5AHDP,1,1.100L,-3,39.3
0,O5AHDP,1,1.100L,-2,48.5
0,O5AHDP,1,1.100L,-1,60.1
0,O5AHDP,1,1.100L,0,65.4
1,O5AHDP,1,1.100L,-29,31.0
1,O5AHDP,1,1.100L,-28,40.4
1,O5AHDP,1,1.100L,-27,48.5
1,O5AHDP,1,1.100L,-26,53.9
1,O5AHDP,1,1.100L,-25,60.2
1,O5AHDP,1,1.100L,-24,67.5
1,O5AHDP,1,1.100L,-23,77.0
1,O5AHDP,1,1.100L,-22,84.4
1,O5AHDP,1,1.100L,-21,91.4
1,O5AHDP,1,1.100L,-20,96.9
1,O5AHDP,1,1.100L,-19,5.6
1,O5AHDP,1,1.100L,-18,12.7
1,O5AHDP,1,1.100L,-17,20.2
1,O5AHDP,1,1.100L,-16,28.5
1,O5AHDP,1,1.100L,-15,34.8
1,O5AHDP,1,1.100L,-14,42.8
1,O5AHDP,1,1.100L,-13,49.2
1,O5AHDP,1,1.100L,-12,56.8
1,O5AHDP,1,1.100L,-11,64.6
1,O5AHDP,1,1.100L,-10,68.8
1,O5AHDP,1,1.100L,-9,77.8
1,O5AHDP,1,1.100L,-8,84.9
1,O5AHDP,1,1.100L,-7,91.9
1,O5AHDP,1,1.100L,-6,0.0
1,O5AHDP,1,1.100L,-5,9.7
1,O5AHDP,1,1.100L,-4,13.5
1,O5AHDP,1,1.100L,-3,23.5
1,O5AHDP,1,1.100L,-2,26.9
1,O5AHDP,1,1.100L,-1,36.2
1,O5AHDP,1,1.100L,0,44.2
2,NH7XHL,1,1.100L,-29,72.0
2,NH7XHL,1,1.100L,-28,78.5
2,NH7XHL,1,1.100L,-27,86.5
2,NH7XHL,1,1.100L,-26,96.7
2,NH7XHL,1,1.100L,-25,3.4
2,NH7XHL,1,1.100L,-24,9.9
2,NH7XHL,1,1.100L,-23,18.4
2,NH7XHL,1,1.100L,-22,26.9
2,NH7XHL,1,1.100L,-21,37.2
2,NH7XHL,1,1.100L,-20,44.9
2,NH7XHL,1,1.100L,-19,54.0
2,NH7XHL,1,1.100L,-18,60.5
2,NH7XHL,1,1.100L,-17,69.6
2,NH7XHL,1,1.100L,-16,78.5
2,NH7XHL,1,1.100L,-15,85.3
2,NH7XHL,1,1.100L,-14,94.7
2,NH7XHL,1,1.100L,-13,1.2
2,NH7XHL,1,1.100L,-12,9.9
2,NH7XHL,1,1.100L,-11,18.1
2,NH7XHL,1,1.100L,-10,25.1
2,NH7XHL,1,1.100L,-9,35.8
2,NH7XHL,1,1.100L,-8,42.6
2,NH7XHL,1,1.100L,-7,51.5
2,NH7XHL,1,1.100L,-6,60.4
2,NH7XHL,1,1.100L,-5,68.6
2,NH7XHL,1,1.100L,-4,77.1
2,NH7XHL,1,1.100L,-3,84.2
2,NH7XHL,1,1.100L,-2,91.9
2,NH7XHL,1,1.100L,-1,0.7
2,NH7XHL,1,1.100L,0,6.5
3,HPDZUE,1,1.100L,-29,69.8
3,HPDZUE,1,1.100L,-28,76.7
3,HPDZUE,1,1.100L,-27,85.1
3,HPDZUE,1,1.100L,-26,89.5
3,HPDZUE,1,1.100L,-25,96.7
3,HPDZUE,1,1.100L,-24,5.5
3,HPDZUE,1,1.100L,-23,9.4
3,HPDZUE,1,1.100L,-22,17.4
3,HPDZUE,1,1.100L,-21,21.2
3,HPDZUE,1,1.100L,-20,28.7
3,HPDZUE,1,1.100L,-19,33.9
3,HPDZUE,1,1.100L,-18,41.2
3,HPDZUE,1,1.100L,-17,49.3
3,HPDZUE,1,1.100L,-16,51.8
3,HPDZUE,1,1.100L,-15,61.4
3,HPDZUE,1,1.100L,-14,67.4
3,HPDZUE,1,1.100L,-13,72.6
3,HPDZUE,1,1.100L,-12,77.6
3,HPDZUE,1,1.100L,-11,86.3
3,HPDZUE,1,1.100L,-10,91.7
3,HPDZUE,1,1.100L,-9,99.2
3,HPDZUE,1,1.100L,-8,5.2
3,HPDZUE,1,1.100L,-7,13.9
3,HPDZUE,1,1.100L,-6,17.5
3,HPDZUE,1,1.100L,-5,22.7
3,HPDZUE,1,1.100L,-4,30.9
3,HPDZUE,1,1.100L,-3,37.3
3,HPDZUE,1,1.100L,-2,45.3
3,HPDZUE,1,1.100L,-1,50.9
3,HPDZUE,1,1.100L,0,56.5
4,BNY3U5,1,120L,-29,20.0
4,BNY3U5,1,120L,-28,22.9
4,BNY3U5,1,120L,-27,27.0
4,BNY3U5,1,120L,-26,28.9
4,BNY3U5,1,120L,-25,35.2
4,BNY3U5,1,120L,-24,37.2
4,BNY3U5,1,120L,-23,38.7
4,BNY3U5,1,120L,-22,42.7
4,BNY3U5,1,120L,-21,48.0
4,BNY3U5,1,120L,-20,52.1
4,BNY3U5,1,120L,-19,57.1
4,BNY3U5,1,120L,-18,61.8
4,BNY3U5,1,120L,-17,61.3
4,BNY3U5,1,120L,-16,62.6
4,BNY3U5,1,120L,-15,64.1
4,BNY3U5,1,120L,-14,71.1
4,BNY3U5,1,120L,-13,72.7
4,BNY3U5,1,120L,-12,76.7
4,BNY3U5,1,120L,-11,79.7
4,BNY3U5,1,120L,-10,83.7
4,BNY3U5,1,120L,-9,88.8
4,BNY3U5,1,120L,-8,90.8
4,BNY3U5,1,120L,-7,93.6
4,BNY3U5,1,120L,-6,95.6
4,BNY3U5,1,120L,-5,0.0
4,BNY3U5,1,120L,-4,3.0
4,BNY3U5,1,120L,-3,7.0
4,BNY3U5,1,120L,-2,13.0
4,BNY3U5,1,120L,-1,13.9
4,BNY3U5,1,120L,0,18.5
5,J4LA,1,120L,-29,90.5
5,J4LA,1,120L,-28,96.6
5,J4LA,1,120L,-27,2.7
5,J4LA,1,120L,-26,12.7
5,J4LA,1,120L,-25,14.1
5,J4LA,1,120L,-24,22.3
5,J4LA,1,120L,-23,25.4
5,J4LA,1,120L,-22,33.9
5,J4LA,1,120L,-21,38.9
5,J4LA,1,120L,-20,43.8
5,J4LA,1,120L,-19,49.7
5,J4LA,1,120L,-18,54.6
5,J4LA,1,120L,-17,62.0
5,J4LA,1,120L,-16,66.3
5,J4LA,1,120L,-15,70.9
5,J4LA,1,120L,-14,76.6
5,J4LA,1,120L,-13,84.5
5,J4LA,1,120L,-12,92.4
5,J4LA,1,120L,-11,96.0
5,J4LA,1,120L,-10,1.3
5,J4LA,1,120L,-9,7.7
5,J4LA,1,120L,-8,15.0
5,J4LA,1,120L,-7,19.1
5,J4LA,1,120L,-6,23.9
5,J4LA,1,120L,-5,31.9
5,J4LA,1,120L,-4,36.7
5,J4LA,1,120L,-3,44.1
5,J4LA,1,120L,-2,47.8
5,J4LA,1,120L,-1,51.4
5,J4LA,1,120L,0,56.9
6,HLQKX5,1,1.100L,-29,17.5
6,HLQKX5,1,1.100L,-28,23.7
6,HLQKX5,1,1.100L,-27,32.9
6,HLQKX5,1,1.100L,-26,35.6
6,HLQKX5,1,1.100L,-25,42.4
6,HLQKX5,1,1.100L,-24,51.2
6,HLQKX5,1,1.100L,-23,56.1
6,HLQKX5,1,1.100L,-22,63.2
6,HLQKX5,1,1.100L,-21,69.4
6,HLQKX5,1,1.100L,-20,76.7
6,HLQKX5,1,1.100L,-19,84.8
6,HLQKX5,1,1.100L,-18,89.3
6,HLQKX5,1,1.100L,-17,96.6
6,HLQKX5,1,1.100L,-16,0.0
6,HLQKX5,1,1.100L,-15,8.6
6,HLQKX5,1,1.100L,-14,13.9
6,HLQKX5,1,1.100L,-13,19.8
6,HLQKX5,1,1.100L,-12,26.8
6,HLQKX5,1,1.100L,-11,34.1
6,HLQKX5,1,1.100L,-10,42.5
6,HLQKX5,1,1.100L,-9,45.6
6,HLQKX5,1,1.100L,-8,54.1
6,HLQKX5,1,1.100L,-7,59.8
6,HLQKX5,1,1.100L,-6,66.6
6,HLQKX5,1,1.100L,-5,75.0
6,HLQKX5,1,1.100L,-4,80.8
6,HLQKX5,1,1.100L,-3,88.5
6,HLQKX5,1,1.100L,-2,92.8
6,HLQKX5,1,1.100L,-1,98.5
6,HLQKX5,1,1.100L,0,5.7
7,MO25A3,1,1.100L,-29,44.9
7,MO25A3,1,1.100L,-28,51.2
7,MO25A3,1,1.100L,-27,61.2
7,MO25A3,1,1.100L,-26,69.6
7,MO25A3,1,1.100L,-25,81.3
7,MO25A3,1,1.100L,-24,88.5
7,MO25A3,1,1.100L,-23,92.6
7,MO25A3,1,1.100L,-22,1.7
7,MO25A3,1,1.100L,-21,8.2
7,MO25A3,1,1.100L,-20,17.7
7,MO25A3,1,1.100L,-19,27.3
7,MO25A3,1,1.100L,-18,36.8
7,MO25A3,1,1.100L,-17,42.2
7,MO25A3,1,1.100L,-16,50.5
7,MO25A3,1,1.100L,-15,56.5
7,MO25A3,1,1.100L,-14,67.7
7,MO25A3,1,1.100L,-13,74.5
7,MO25A3,1,1.100L,-12,83.6
7,MO25A3,1,1.100L,-11,91.3
7,MO25A3,1,1.100L,-10,0.7
7,MO25A3,1,1.100L,-9,6.4
7,MO25A3,1,1.100L,-8,15.0
7,MO25A3,1,1.100L,-7,28.6
7,MO25A3,1,1.100L,-6,31.7
7,MO25A3,1,1.100L,-5,40.3
7,MO25A3,1,1.100L,-4,52.9
7,MO25A3,1,1.100L,-3,62.7
7,MO25A3,1,1.100L,-2,64.8
7,MO25A3,1,1.100L,-1,74.2
7,MO25A3,1,1.100L,0,83.5
8,OVR7LU,1,1.100L,-29,62.0
8,OVR7LU,1,1.100L,-28,72.8
8,OVR7LU,1,1.100L,-27,81.6
8,OVR7LU,1,1.100L,-26,89.7
8,OVR7LU,1,1.100L,-25,99.3
8,OVR7LU,1,1.100L,-24,6.8
8,OVR7LU,1,1.100L,-23,17.8
8,OVR7LU,1,1.100L,-22,27.0
8,OVR7LU,1,1.100L,-21,37.1
8,OVR7LU,1,1.100L,-20,45.2
8,OVR7LU,1,1.100L,-19,56.0
8,OVR7LU,1,1.100L,-18,66.1
8,OVR7LU,1,1.100L,-17,74.2
8,OVR7LU,1,1.100L,-16,83.7
8,OVR7LU,1,1.100L,-15,92.6
8,OVR7LU,1,1.100L,-14,1.8
8,OVR7LU,1,1.100L,-13,10.0
8,OVR7LU,1,1.100L,-12,20.9
8,OVR7LU,1,1.100L,-11,29.6
8,OVR7LU,1,1.100L,-10,42.2
8,OVR7LU,1,1.100L,-9,50.7
8,OVR7LU,1,1.100L,-8,58.2
8,OVR7LU,1,1.100L,-7,65.8
8,OVR7LU,1,1.100L,-6,74.5
8,OVR7LU,1,1.100L,-5,87.3
8,OVR7LU,1,1.100L,-4,95.2
8,OVR7LU,1,1.100L,-3,4.8
8,OVR7LU,1,1.100L,-2,10.8
8,OVR7LU,1,1.100L,-1,24.1
8,OVR7LU,1,1.100L,0,32.7
9,M4FF,1,240L,-29,29.1
9,M4FF,1,240L,-28,37.1
9,M4FF,1,240L,-27,43.7
9,M4FF,1,240L,-26,50.2
9,M4FF,1,240L,-25,57.4
9,M4FF,1,240L,-24,64.1
9,M4FF,1,240L,-23,71.6
9,M4FF,1,240L,-22,80.6
9,M4FF,1,240L,-21,81.4
9,M4FF,1,240L,-20,91.9
9,M4FF,1,240L,-19,99.4
9,M4FF,1,240L,-18,6.5
9,M4FF,1,240L,-17,12.5
9,M4FF,1,240L,-16,17.3
9,M4FF,1,240L,-15,27.4
9,M4FF,1,240L,-14,36.4
9,M4FF,1,240L,-13,38.5
9,M4FF,1,240L,-12,49.0
9,M4FF,1,240L,-11,54.2
9,M4FF,1,240L,-10,61.5
9,M4FF,1,240L,-9,67.0
9,M4FF,1,240L,-8,75.0
9,M4FF,1,240L,-7,84.4
9,M4FF,1,240L,-6,90.2
9,M4FF,1,240L,-5,98.9
9,M4FF,1,240L,-4,5.0
9,M4FF,1,240L,-3,10.8
9,M4FF,1,240L,-2,19.7
9,M4FF,1,240L,-1,24.7
9,M4FF,1,240L,0,32.2
10,MNQ5,1,120L,-29,42.6
10,MNQ5,1,120L,-28,49.7
10,MNQ5,1,120L,-27,51.1
10,MNQ5,1,120L,-26,58.6
10,MNQ5,1,120L,-25,61.8
10,MNQ5,1,120L,-24,68.4
10,MNQ5,1,120L,-23,72.4
10,MNQ5,1,120L,-22,78.6
10,MNQ5,1,120L,-21,81.5
10,MNQ5,1,120L,-20,82.7
10,MNQ5,1,120L,-19,89.5
10,MNQ5,1,120L,-18,92.5
10,MNQ5,1,120L,-17,98.1
10,MNQ5,1,120L,-16,5.7
10,MNQ5,1,120L,-15,9.0
10,MNQ5,1,120L,-14,11.6
10,MNQ5,1,120L,-13,15.7
10,MNQ5,1,120L,-12,21.9
10,MNQ5,1,120L,-11,24.6
10,MNQ5,1,120L,-10,30.0
10,MNQ5,1,120L,-9,36.1
10,MNQ5,1,120L,-8,41.9
10,MNQ5,1,120L,-7,45.7
10,MNQ5,1,120L,-6,46.0
10,MNQ5,1,120L,-5,54.5
10,MNQ5,1,120L,-4,58.7
10,MNQ5,1,120L,-3,63.8
10,MNQ5,1,120L,-2,70.2
10,MNQ5,1,120L,-1,69.3
10,MNQ5,1,120L,0,76.1
11,R2LY,1,120L,-29,63.2
11,R2LY,1,120L,-28,71.2
11,R2LY,1,120L,-27,72.9
11,R2LY,1,120L,-26,76.9
11,R2LY,1,120L,-25,78.2
11,R2LY,1,120L,-24,83.6
11,R2LY,1,120L,-23,87.3
11,R2LY,1,120L,-22,89.4
11,R2LY,1,120L,-21,92.8
11,R2LY,1,120L,-20,96.2
11,R2LY,1,120L,-19,97.9
11,R2LY,1,120L,-18,2.3
11,R2LY,1,120L,-17,5.7
11,R2LY,1,120L,-16,9.8
11,R2LY,1,120L,-15,14.1
11,R2LY,1,120L,-14,14.4
11,R2LY,1,120L,-13,19.1
11,R2LY,1,120L,-12,24.9
11,R2LY,1,120L,-11,24.9
11,R2LY,1,120L,-10,28.2
11,R2LY,1,120L,-9,33.1
11,R2LY,1,120L,-8,37.4
11,R2LY,1,120L,-7,39.5
11,R2LY,1,120L,-6,44.8
11,R2LY,1,120L,-5,47.5
11,R2LY,1,120L,-4,50.8
11,R2LY,1,120L,-3,53.8
11,R2LY,1,120L,-2,59.8
11,R2LY,1,120L,-1,59.3
11,R2LY,1,120L,0,60.0
12,AGGC,1,120L,-29,65.0
12,AGGC,1,120L,-28,71.6
12,AGGC,1,120L,-27,71.9
12,AGGC,1,120L,-26,77.2
12,AGGC,1,120L,-25,81.5
12,AGGC,1,120L,-24,87.5
12,AGGC,1,120L,-23,94.1
12,AGGC,1,120L,-22,99.0
12,AGGC,1,120L,-21,3.4
12,AGGC,1,120L,-20,5.6
12,AGGC,1,120L,-19,9.0
12,AGGC,1,120L,-18,17.3
12,AGGC,1,120L,-17,21.3
12,AGGC,1,120L,-16,27.5
12,AGGC,1,120L,-15,32.6
12,AGGC,1,120L,-14,36.5
12,AGGC,1,120L,-13,42.2
12,AGGC,1,120L,-12,46.2
12,AGGC,1,120L,-11,51.4
12,AGGC,1,120L,-10,54.3
12,AGGC,1,120L,-9,59.8
12,AGGC,1,120L,-8,65.2
12,AGGC,1,120L,-7,70.9
12,AGGC,1,120L,-6,73.8
12,AGGC,1,120L,-5,80.0
12,AGGC,1,120L,-4,83.5
12,AGGC,1,120L,-3,88.5
12,AGGC,1,120L,-2,94.7
12,AGGC,1,120L,-1,95.2
12,AGGC,1,120L,0,1.1
13,3WT5,1,1.100L,-29,63.8
13,3WT5,1,1.100L,-28,73.3
13,3WT5,1,1.100L,-27,82.4
13,3WT5,1,1.100L,-26,87.8
13,3WT5,1,1.100L,-25,95.4
13,3WT5,1,1.100L,-24,3.7
13,3WT5,1,1.100L,-23,11.0
13,3WT5,1,1.100L,-22,15.9
13,3WT5,1,1.100L,-21,25.0
13,3WT5,1,1.100L,-20,30.1
13,3WT5,1,1.100L,-19,35.6
13,3WT5,1,1.100L,-18,42.9
13,3WT5,1,1.100L,-17,48.6
13,3WT5,1,1.100L,-16,56.4
13,3WT5,1,1.100L,-15,64.1
13,3WT5,1,1.100L,-14,72.8
13,3WT5,1,1.100L,-13,81.2
13,3WT5,1,1.100L,-12,83.5
13,3WT5,1,1.100L,-11,93.1
13,3WT5,1,1.100L,-10,97.9
13,3WT5,1,1.100L,-9,7.1
13,3WT5,1,1.100L,-8,13.2
13,3WT5,1,1.100L,-7,17.6
13,3WT5,1,1.100L,-6,28.7
13,3WT5,1,1.100L,-5,33.3
13,3WT5,1,1.100L,-4,40.4
13,3WT5,1,1.100L,-3,46.5
13,3WT5,1,1.100L,-2,54.1
13,3WT5,1,1.100L,-1,62.7
13,3WT5,1,1.100L,0,68.7
14,EXDE,1,1.100L,-29,6.6
14,EXDE,1,1.100L,-28,12.4
14,EXDE,1,1.100L,-27,19.0
14,EXDE,1,1.100L,-26,31.1
14,EXDE,1,1.100L,-25,37.3
14,EXDE,1,1.100L,-24,47.7
14,EXDE,1,1.100L,-23,54.9
14,EXDE,1,1.100L,-22,62.4
14,EXDE,1,1.100L,-21,71.4
14,EXDE,1,1.100L,-20,82.1
14,EXDE,1,1.100L,-19,90.6
14,EXDE,1,1.100L,-18,95.9
14,EXDE,1,1.100L,-17,4.3
14,EXDE,1,1.100L,-16,14.0
14,EXDE,1,1.100L,-15,19.4
14,EXDE,1,1.100L,-14,29.4
14,EXDE,1,1.100L,-13,37.2
14,EXDE,1,1.100L,-12,46.0
14,EXDE,1,1.100L,-11,52.6
14,EXDE,1,1.100L,-10,59.7
14,EXDE,1,1.100L,-9,67.3
14,EXDE,1,1.100L,-8,77.0
14,EXDE,1,1.100L,-7,86.3
14,EXDE,1,1.100L,-6,94.8
14,EXDE,1,1.100L,-5,6.5
14,EXDE,1,1.100L,-4,13.5
14,EXDE,1,1.100L,-3,18.7
14,EXDE,1,1.100L,-2,28.9
14,EXDE,1,1.100L,-1,36.1
14,EXDE,1,1.100L,0,44.6
15,RSUZ,1,120L,-29,71.2
15,RSUZ,1,120L,-28,74.7
15,RSUZ,1,120L,-27,81.7
15,RSUZ,1,120L,-26,83.4
15,RSUZ,1,120L,-25,90.1
15,RSUZ,1,120L,-24,98.9
15,RSUZ,1,120L,-23,100.0
15,RSUZ,1,120L,-22,7.1
15,RSUZ,1,120L,-21,10.0
15,RSUZ,1,120L,-20,15.7
15,RSUZ,1,120L,-19,19.7
15,RSUZ,1,120L,-18,24.5
15,RSUZ,1,120L,-17,28.6
15,RSUZ,1,120L,-16,35.3
15,RSUZ,1,120L,-15,38.4
15,RSUZ,1,120L,-14,45.6
15,RSUZ,1,120L,-13,51.2
15,RSUZ,1,120L,-12,55.1
15,RSUZ,1,120L,-11,59.0
15,RSUZ,1,120L,-10,65.1
15,RSUZ,1,120L,-9,68.9
15,RSUZ,1,120L,-8,75.7
15,RSUZ,1,120L,-7,76.6
15,RSUZ,1,120L,-6,83.8
15,RSUZ,1,120L,-5,86.2
15,RSUZ,1,120L,-4,91.9
15,RSUZ,1,120L,-3,100.0
15,RSUZ,1,120L,-2,5.4
15,RSUZ,1,120L,-1,8.0
15,RSUZ,1,120L,0,11.7
16,ICLYI5,1,120L,-29,34.9
16,ICLYI5,1,120L,-28,36.0
16,ICLYI5,1,120L,-27,38.6
16,ICLYI5,1,120L,-26,44.2
16,ICLYI5,1,120L,-25,45.3
16,ICLYI5,1,120L,-24,51.3
16,ICLYI5,1,120L,-23,56.0
16,ICLYI5,1,120L,-22,59.8
16,ICLYI5,1,120L,-21,65.2
16,ICLYI5,1,120L,-20,68.6
16,ICLYI5,1,120L,-19,73.2
16,ICLYI5,1,120L,-18,75.3
16,ICLYI5,1,120L,-17,81.7
16,ICLYI5,1,120L,-16,86.9
16,ICLYI5,1,120L,-15,87.1
16,ICLYI5,1,120L,-14,91.3
16,ICLYI5,1,120L,-13,98.8
16,ICLYI5,1,120L,-12,0.6
16,ICLYI5,1,120L,-11,7.1
16,ICLYI5,1,120L,-10,8.4
16,ICLYI5,1,120L,-9,15.3
16,ICLYI5,1,120L,-8,17.4
16,ICLYI5,1,120L,-7,21.7
16,ICLYI5,1,120L,-6,27.8
16,ICLYI5,1,120L,-5,29.0
16,ICLYI5,1,120L,-4,32.2
16,ICLYI5,1,120L,-3,37.0
16,ICLYI5,1,120L,-2,42.5
16,ICLYI5,1,120L,-1,43.6
16,ICLYI5,1,120L,0,51.0
17,FZRC,1,120L,-29,68.1
17,FZRC,1,120L,-28,67.2
17,FZRC,1,120L,-27,74.1
17,FZRC,1,120L,-26,77.2
17,FZRC,1,120L,-25,83.0
17,FZRC,1,120L,-24,89.1
17,FZRC,1,120L,-23,92.9
17,FZRC,1,120L,-22,97.3
17,FZRC,1,120L,-21,1.9
17,FZRC,1,120L,-20,6.9
17,FZRC,1,120L,-19,9.5
17,FZRC,1,120L,-18,16.6
17,FZRC,1,120L,-17,21.0
17,FZRC,1,120L,-16,25.0
17,FZRC,1,120L,-15,29.8
17,FZRC,1,120L,-14,33.9
17,FZRC,1,120L,-13,40.9
17,FZRC,1,120L,-12,42.2
17,FZRC,1,120L,-11,46.4
17,FZRC,1,120L,-10,50.2
17,FZRC,1,120L,-9,54.2
17,FZRC,1,120L,-8,58.4
17,FZRC,1,120L,-7,63.4
17,FZRC,1,120L,-6,69.1
17,FZRC,1,120L,-5,74.1
17,FZRC,1,120L,-4,78.2
17,FZRC,1,120L,-3,81.4
17,FZRC,1,120L,-2,88.4
17,FZRC,1,120L,-1,92.6
17,FZRC,1,120L,0,95.8
18,QO42KH,1,120L,-29,1.6
18,QO42KH,1,120L,-28,4.9
18,QO42KH,1,120L,-27,12.8
18,QO42KH,1,120L,-26,19.1
18,QO42KH,1,120L,-25,23.1
18,QO42KH,1,120L,-24,30.5
18,QO42KH,1,120L,-23,33.8
18,QO42KH,1,120L,-22,43.8
18,QO42KH,1,120L,-21,49.4
18,QO42KH,1,120L,-20,53.0
18,QO42KH,1,120L,-19,59.7
18,QO42KH,1,120L,-18,61.3
18,QO42KH,1,120L,-17,69.0
18,QO42KH,1,120L,-16,76.0
18,QO42KH,1,120L,-15,80.7
18,QO42KH,1,120L,-14,89.1
18,QO42KH,1,120L,-13,96.8
18,QO42KH,1,120L,-12,97.8
18,QO42KH,1,120L,-11,4.1
18,QO42KH,1,120L,-10,11.5
18,QO42KH,1,120L,-9,19.4
18,QO42KH,1,120L,-8,20.9
18,QO42KH,1,120L,-7,28.9
18,QO42KH,1,120L,-6,37.0
18,QO42KH,1,120L,-5,37.6
18,QO42KH,1,120L,-4,43.9
18,QO42KH,1,120L,-3,51.0
18,QO42KH,1,120L,-2,56.7
18,QO42KH,1,120L,-1,64.4
18,QO42KH,1,120L,0,69.4
19,L5FA,1,120L,-29,73.7
19,L5FA,1,120L,-28,78.0
19,L5FA,1,120L,-27,86.7
19,L5FA,1,120L,-26,89.8
19,L5FA,1,120L,-25,95.7
19,L5FA,1,120L,-24,3.4
19,L5FA,1,120L,-23,9.7
19,L5FA,1,120L,-22,15.1
19,L5FA,1,120L,-21,17.9
19,L5FA,1,120L,-20,27.1
19,L5FA,1,120L,-19,30.7
19,L5FA,1,120L,-18,38.5
19,L5FA,1,120L,-17,42.0
19,L5FA,1,120L,-16,50.7
19,L5FA,1,120L,-15,54.8
19,L5FA,1,120L,-14,60.0
19,L5FA,1,120L,-13,68.9
19,L5FA,1,120L,-12,74.2
19,L5FA,1,120L,-11,78.8
19,L5FA,1,120L,-10,87.8
19,L5FA,1,120L,-9,90.9
19,L5FA,1,120L,-8,97.6
19,L5FA,1,120L,-7,3.9
19,L5FA,1,120L,-6,8.5
19,L5FA,1,120L,-5,16.0
19,L5FA,1,120L,-4,20.5
19,L5FA,1,120L,-3,26.6
19,L5FA,1,120L,-2,35.2
19,L5FA,1,120L,-1,37.5
19,L5FA,1,120L,0,41.4
20,YMH42D,1,120L,-29,60.1
20,YMH42D,1,120L,-28,61.9
20,YMH42D,1,120L,-27,68.3
20,YMH42D,1,120L,-26,72.4
20,YMH42D,1,120L,-25,76.6
20,YMH42D,1,120L,-24,79.3
20,YMH42D,1,120L,-23,85.9
20,YMH42D,1,120L,-22,89.8
20,YMH42D,1,120L,-21,90.8
20,YMH42D,1,120L,-20,98.2
20,YMH42D,1,120L,-19,4.2
20,YMH42D,1,120L,-18,5.5
20,YMH42D,1,120L,-17,8.7
20,YMH42D,1,120L,-16,13.1
20,YMH42D,1,120L,-15,18.3
20,YMH42D,1,120L,-14,18.8
20,YMH42D,1,120L,-13,25.7
20,YMH42D,1,120L,-12,28.9
20,YMH42D,1,120L,-11,36.3
20,YMH42D,1,120L,-10,37.3
20,YMH42D,1,120L,-9,44.1
20,YMH42D,1,120L,-8,44.0
20,YMH42D,1,120L,-7,50.6
20,YMH42D,1,120L,-6,54.2
20,YMH42D,1,120L,-5,56.5
20,YMH42D,1,120L,-4,62.1
20,YMH42D,1,120L,-3,67.7
20,YMH42D,1,120L,-2,69.4
20,YMH42D,1,120L,-1,71.4
20,YMH42D,1,120L,0,78.0
21,DVRI,1,120L,-29,51.4
21,DVRI,1,120L,-28,56.4
21,DVRI,1,120L,-27,58.6
21,DVRI,1,120L,-26,63.4
21,DVRI,1,120L,-25,71.2
21,DVRI,1,120L,-24,74.3
21,DVRI,1,120L,-23,75.8
21,DVRI,1,120L,-22,85.5
21,DVRI,1,120L,-21,89.3
21,DVRI,1,120L,-20,92.5
21,DVRI,1,120L,-19,96.2
21,DVRI,1,120L,-18,4.0
21,DVRI,1,120L,-17,7.9
21,DVRI,1,120L,-16,15.6
21,DVRI,1,120L,-15,17.3
21,DVRI,1,120L,-14,21.9
21,DVRI,1,120L,-13,25.7
21,DVRI,1,120L,-12,31.8
21,DVRI,1,120L,-11,36.1
21,DVRI,1,120L,-10,41.7
21,DVRI,1,120L,-9,43.6
21,DVRI,1,120L,-8,48.4
21,DVRI,1,120L,-7,52.9
21,DVRI,1,120L,-6,59.5
21,DVRI,1,120L,-5,65.1
21,DVRI,1,120L,-4,66.8
21,DVRI,1,120L,-3,71.5
21,DVRI,1,120L,-2,77.2
21,DVRI,1,120L,-1,81.0
21,DVRI,1,120L,0,87.4
22,Y3UO,1,120L,-29,2.3
22,Y3UO,1,120L,-28,5.9
22,Y3UO,1,120L,-27,13.8
22,Y3UO,1,120L,-26,19.8
22,Y3UO,1,120L,-25,26.7
22,Y3UO,1,120L,-24,34.6
22,Y3UO,1,120L,-23,38.4
22,Y3UO,1,120L,-22,43.1
22,Y3UO,1,120L,-21,50.4
22,Y3UO,1,120L,-20,58.0
22,Y3UO,1,120L,-19,60.8
22,Y3UO,1,120L,-18,66.8
22,Y3UO,1,120L,-17,74.9
22,Y3UO,1,120L,-16,79.6
22,Y3UO,1,120L,-15,86.8
22,Y3UO,1,120L,-14,91.7
22,Y3UO,1,120L,-13,98.6
22,Y3UO,1,120L,-12,1.9
22,Y3UO,1,120L,-11,9.3
22,Y3UO,1,120L,-10,14.9
22,Y3UO,1,120L,-9,19.3
22,Y3UO,1,120L,-8,24.6
22,Y3UO,1,120L,-7,33.9
22,Y3UO,1,120L,-6,38.2
22,Y3UO,1,120L,-5,43.1
22,Y3UO,1,120L,-4,50.3
22,Y3UO,1,120L,-3,58.1
22,Y3UO,1,120L,-2,58.8
22,Y3UO,1,120L,-1,65.9
22,Y3UO,1,120L,0,72.6
23,OBFG,1,120L,-29,3.6
23,OBFG,1,120L,-28,8.0
23,OBFG,1,120L,-27,8.8
23,OBFG,1,120L,-26,12.5
23,OBFG,1,120L,-25,18.6
23,OBFG,1,120L,-24,21.7
23,OBFG,1,120L,-23,26.1
23,OBFG,1,120L,-22,28.7
23,OBFG,1,120L,-21,33.0
23,OBFG,1,120L,-20,36.5
23,OBFG,1,120L,-19,41.2
23,OBFG,1,120L,-18,44.9
23,OBFG,1,120L,-17,44.9
23,OBFG,1,120L,-16,47.7
23,OBFG,1,120L,-15,56.2
23,OBFG,1,120L,-14,60.2
23,OBFG,1,120L,-13,60.6
23,OBFG,1,120L,-12,63.0
23,OBFG,1,120L,-11,69.6
23,OBFG,1,120L,-10,74.5
23,OBFG,1,120L,-9,79.5
23,OBFG,1,120L,-8,81.3
23,OBFG,1,120L,-7,83.6
23,OBFG,1,120L,-6,86.6
23,OBFG,1,120L,-5,91.6
23,OBFG,1,120L,-4,94.8
23,OBFG,1,120L,-3,97.4
23,OBFG,1,120L,-2,5.7
23,OBFG,1,120L,-1,9.0
23,OBFG,1,120L,0,11.7
24,XYIKBN,1,120L,-29,57.2
24,XYIKBN,1,120L,-28,62.4
24,XYIKBN,1,120L,-27,69.0
24,XYIKBN,1,120L,-26,73.5
24,XYIKBN,1,120L,-25,79.1
24,XYIKBN,1,120L,-24,84.4
24,XYIKBN,1,120L,-23,89.4
24,XYIKBN,1,120L,-22,91.7
24,XYIKBN,1,120L,-21,99.9
24,XYIKBN,1,120L,-20,4.4
24,XYIKBN,1,120L,-19,8.7
24,XYIKBN,1,120L,-18,18.6
24,XYIKBN,1,120L,-17,24.1
24,XYIKBN,1,120L,-16,29.0
24,XYIKBN,1,120L,-15,32.8
24,XYIKBN,1,120L,-14,39.9
24,XYIKBN,1,120L,-13,43.3
24,XYIKBN,1,120L,-12,49.0
24,XYIKBN,1,120L,-11,52.5
24,XYIKBN,1,120L,-10,60.2
24,XYIKBN,1,120L,-9,65.1
24,XYIKBN,1,120L,-8,68.5
24,XYIKBN,1,120L,-7,75.8
24,XYIKBN,1,120L,-6,81.2
24,XYIKBN,1,120L,-5,89.5
24,XYIKBN,1,120L,-4,93.6
24,XYIKBN,1,120L,-3,97.7
24,XYIKBN,1,120L,-2,3.5
24,XYIKBN,1,120L,-1,8.6
24,XYIKBN,1,120L,0,13.7
25,PKH6XW,1,120L,-29,90.7
25,PKH6XW,1,120L,-28,94.7
25,PKH6XW,1,120L,-27,0.0
25,PKH6XW,1,120L,-26,6.3
25,PKH6XW,1,120L,-25,11.0
25,PKH6XW,1,120L,-24,12.6
25,PKH6XW,1,120L,-23,19.9
25,PKH6XW,1,120L,-22,26.5
25,PKH6XW,1,120L,-21,31.4
25,PKH6XW,1,120L,-20,36.2
25,PKH6XW,1,120L,-19,39.6
25,PKH6XW,1,120L,-18,43.2
25,PKH6XW,1,120L,-17,47.7
25,PKH6XW,1,120L,-16,54.7
25,PKH6XW,1,120L,-15,59.6
25,PKH6XW,1,120L,-14,65.8
25,PKH6XW,1,120L,-13,70.4
25,PKH6XW,1,120L,-12,73.4
25,PKH6XW,1,120L,-11,76.6
25,PKH6XW,1,120L,-10,82.9
25,PKH6XW,1,120L,-9,88.5
25,PKH6XW,1,120L,-8,92.8
25,PKH6XW,1,120L,-7,97.1
25,PKH6XW,1,120L,-6,3.2
25,PKH6XW,1,120L,-5,6.9
25,PKH6XW,1,120L,-4,11.6
25,PKH6XW,1,120L,-3,17.9
25,PKH6XW,1,120L,-2,21.7
25,PKH6XW,1,120L,-1,27.5
25,PKH6XW,1,120L,0,32.4
26,RW46BK,1,120L,-29,57.5
26,RW46BK,1,120L,-28,59.5
26,RW46BK,1,120L,-27,63.9
26,RW46BK,1,120L,-26,70.2
26,RW46BK,1,120L,-25,78.9
26,RW46BK,1,120L,-24,84.8
26,RW46BK,1,120L,-23,90.5
26,RW46BK,1,120L,-22,98.4
26,RW46BK,1,120L,-21,0.0
26,RW46BK,1,120L,-20,8.9
26,RW46BK,1,120L,-19,16.5
26,RW46BK,1,120L,-18,18.4
26,RW46BK,1,120L,-17,25.4
26,RW46BK,1,120L,-16,30.7
26,RW46BK,1,120L,-15,36.4
26,RW46BK,1,120L,-14,43.1
26,RW46BK,1,120L,-13,51.6
26,RW46BK,1,120L,-12,58.1
26,RW46BK,1,120L,-11,60.8
26,RW46BK,1,120L,-10,70.0
26,RW46BK,1,120L,-9,73.1
26,RW46BK,1,120L,-8,81.6
26,RW46BK,1,120L,-7,84.7
26,RW46BK,1,120L,-6,90.9
26,RW46BK,1,120L,-5,97.1
26,RW46BK,1,120L,-4,7.2
26,RW46BK,1,120L,-3,9.6
26,RW46BK,1,120L,-2,13.2
26,RW46BK,1,120L,-1,21.6
26,RW46BK,1,120L,0,25.5
27,FX3V,1,120L,-29,91.7
27,FX3V,1,120L,-28,94.8
27,FX3V,1,120L,-27,99.5
27,FX3V,1,120L,-26,3.5
27,FX3V,1,120L,-25,8.4
27,FX3V,1,120L,-24,13.0
27,FX3V,1,120L,-23,13.8
27,FX3V,1,120L,-22,22.1
27,FX3V,1,120L,-21,24.1
27,FX3V,1,120L,-20,27.8
27,FX3V,1,120L,-19,34.3
27,FX3V,1,120L,-18,38.9
27,FX3V,1,120L,-17,42.1
27,FX3V,1,120L,-16,48.8
27,FX3V,1,120L,-15,49.9
27,FX3V,1,120L,-14,55.7
27,FX3V,1,120L,-13,59.9
27,FX3V,1,120L,-12,65.1
27,FX3V,1,120L,-11,70.0
27,FX3V,1,120L,-10,72.5
27,FX3V,1,120L,-9,79.5
27,FX3V,1,120L,-8,82.9
27,FX3V,1,120L,-7,84.3
27,FX3V,1,120L,-6,88.6
27,FX3V,1,120L,-5,96.0
27,FX3V,1,120L,-4,0.1
27,FX3V,1,120L,-3,4.6
27,FX3V,1,120L,-2,9.2
27,FX3V,1,120L,-1,13.9
27,FX3V,1,120L,0,19.4
28,LTVP5I,1,120L,-29,60.9
28,LTVP5I,1,120L,-28,68.9
28,LTVP5I,1,120L,-27,76.3
28,LTVP5I,1,120L,-26,79.7
28,LTVP5I,1,120L,-25,82.6
28,LTVP5I,1,120L,-24,89.7
28,LTVP5I,1,120L,-23,97.0
28,LTVP5I,1,120L,-22,3.3
28,LTVP5I,1,120L,-21,9.5
28,LTVP5I,1,120L,-20,16.1
28,LTVP5I,1,120L,-19,21.5
28,LTVP5I,1,120L,-18,29.5
28,LTVP5I,1,120L,-17,32.9
28,LTVP5I,1,120L,-16,38.6
28,LTVP5I,1,120L,-15,46.5
28,LTVP5I,1,120L,-14,49.4
28,LTVP5I,1,120L,-13,58.3
28,LTVP5I,1,120L,-12,63.8
28,LTVP5I,1,120L,-11,69.4
28,LTVP5I,1,120L,-10,77.9
28,LTVP5I,1,120L,-9,80.5
28,LTVP5I,1,120L,-8,90.5
28,LTVP5I,1,120L,-7,93.0
28,LTVP5I,1,120L,-6,97.4
28,LTVP5I,1,120L,-5,5.4
28,LTVP5I,1,120L,-4,9.6
28,LTVP5I,1,120L,-3,16.0
28,LTVP5I,1,120L,-2,23.7
28,LTVP5I,1,120L,-1,29.9
28,LTVP5I,1,120L,0,34.1
29,H2JM,1,120L,-29,48.9
29,H2JM,1,120L,-28,54.5
29,H2JM,1,120L,-27,58.3
29,H2JM,1,120L,-26,64.6
29,H2JM,1,120L,-25,64.9
29,H2JM,1,120L,-24,72.4
29,H2JM,1,120L,-23,76.7
29,H2JM,1,120L,-22,83.3
29,H2JM,1,120L,-21,87.4
29,H2JM,1,120L,-20,93.1
29,H2JM,1,120L,-19,100.0
29,H2JM,1,120L,-18,3.4
29,H2JM,1,120L,-17,9.4
29,H2JM,1,120L,-16,13.6
29,H2JM,1,120L,-15,19.2
29,H2JM,1,120L,-14,24.2
29,H2JM,1,120L,-13,30.0
29,H2JM,1,120L,-12,36.2
29,H2JM,1,120L,-11,42.0
29,H2JM,1,120L,-10,45.2
29,H2JM,1,120L,-9,50.7
29,H2JM,1,120L,-8,53.2
29,H2JM,1,120L,-7,60.0
29,H2JM,1,120L,-6,66.6
29,H2JM,1,120L,-5,71.6
29,H2JM,1,120L,-4,75.8
29,H2JM,1,120L,-3,81.9
29,H2JM,1,120L,-2,86.5
29,H2JM,1,120L,-1,92.7
29,H2JM,1,120L,0,96.4
30,XJTO,1,120L,-29,28.3
30,XJTO,1,120L,-28,37.9
30,XJTO,1,120L,-27,36.4
30,XJTO,1,120L,-26,43.9
30,XJTO,1,120L,-25,51.8
30,XJTO,1,120L,-24,56.4
30,XJTO,1,120L,-23,58.6
30,XJTO,1,120L,-22,63.8
30,XJTO,1,120L,-21,71.5
30,XJTO,1,120L,-20,73.4
30,XJTO,1,120L,-19,82.0
30,XJTO,1,120L,-18,83.3
30,XJTO,1,120L,-17,88.5
30,XJTO,1,120L,-16,94.9
30,XJTO,1,120L,-15,97.3
30,XJTO,1,120L,-14,0.2
30,XJTO,1,120L,-13,6.1
30,XJTO,1,120L,-12,10.8
30,XJTO,1,120L,-11,13.4
30,XJTO,1,120L,-10,19.7
30,XJTO,1,120L,-9,23.5
30,XJTO,1,120L,-8,30.6
30,XJTO,1,120L,-7,33.9
30,XJTO,1,120L,-6,38.0
30,XJTO,1,120L,-5,42.9
30,XJTO,1,120L,-4,48.0
30,XJTO,1,120L,-3,53.1
30,XJTO,1,120L,-2,55.3
30,XJTO,1,120L,-1,59.8
30,XJTO,1,120L,0,67.7
31,BLI4,1,120L,-29,71.5
31,BLI4,1,120L,-28,79.2
31,BLI4,1,120L,-27,84.2
31,BLI4,1,120L,-26,86.2
31,BLI4,1,120L,-25,93.8
31,BLI4,1,120L,-24,99.6
31,BLI4,1,120L,-23,4.0
31,BLI4,1,120L,-22,9.4
31,BLI4,1,120L,-21,11.3
31,BLI4,1,120L,-20,18.9
31,BLI4,1,120L,-19,22.9
31,BLI4,1,120L,-18,27.6
31,BLI4,1,120L,-17,34.6
31,BLI4,1,120L,-16,40.5
31,BLI4,1,120L,-15,46.0
31,BLI4,1,120L,-14,50.3
31,BLI4,1,120L,-13,53.1
31,BLI4,1,120L,-12,58.8
31,BLI4,1,120L,-11,64.4
31,BLI4,1,120L,-10,68.4
31,BLI4,1,120L,-9,73.4
31,BLI4,1,120L,-8,79.4
31,BLI4,1,120L,-7,83.1
31,BLI4,1,120L,-6,87.0
31,BLI4,1,120L,-5,92.5
31,BLI4,1,120L,-4,99.0
31,BLI4,1,120L,-3,3.1
31,BLI4,1,120L,-2,8.6
31,BLI4,1,120L,-1,14.0
31,BLI4,1,120L,0,17.4
32,GVTV,1,120L,-29,83.5
32,GVTV,1,120L,-28,92.5
32,GVTV,1,120L,-27,94.6
32,GVTV,1,120L,-26,0.0
32,GVTV,1,120L,-25,3.7
32,GVTV,1,120L,-24,8.7
32,GVTV,1,120L,-23,15.3
32,GVTV,1,120L,-22,19.8
32,GVTV,1,120L,-21,24.7
32,GVTV,1,120L,-20,31.2
32,GVTV,1,120L,-19,35.7
32,GVTV,1,120L,-18,40.7
32,GVTV,1,120L,-17,45.8
32,GVTV,1,120L,-16,51.1
32,GVTV,1,120L,-15,52.0
32,GVTV,1,120L,-14,59.6
32,GVTV,1,120L,-13,61.9
32,GVTV,1,120L,-12,70.2
32,GVTV,1,120L,-11,75.1
32,GVTV,1,120L,-10,81.7
32,GVTV,1,120L,-9,86.9
32,GVTV,1,120L,-8,90.4
32,GVTV,1,120L,-7,94.3
32,GVTV,1,120L,-6,0.8
32,GVTV,1,120L,-5,4.3
32,GVTV,1,120L,-4,10.0
32,GVTV,1,120L,-3,16.5
32,GVTV,1,120L,-2,19.2
32,GVTV,1,120L,-1,26.2
32,GVTV,1,120L,0,31.0
33,2F2D,1,120L,-29,87.4
33,2F2D,1,120L,-28,91.0
33,2F2D,1,120L,-27,94.1
33,2F2D,1,120L,-26,96.7
33,2F2D,1,120L,-25,0.5
33,2F2D,1,120L,-24,5.0
33,2F2D,1,120L,-23,10.6
33,2F2D,1,120L,-22,12.3
33,2F2D,1,120L,-21,18.4
33,2F2D,1,120L,-20,19.8
33,2F2D,1,120L,-19,25.3
33,2F2D,1,120L,-18,29.8
33,2F2D,1,120L,-17,37.2
33,2F2D,1,120L,-16,35.5
33,2F2D,1,120L,-15,43.7
33,2F2D,1,120L,-14,45.7
33,2F2D,1,120L,-13,50.1
33,2F2D,1,120L,-12,53.6
33,2F2D,1,120L,-11,58.0
33,2F2D,1,120L,-10,61.1
33,2F2D,1,120L,-9,67.5
33,2F2D,1,120L,-8,68.6
33,2F2D,1,120L,-7,74.9
33,2F2D,1,120L,-6,76.2
33,2F2D,1,120L,-5,81.1
33,2F2D,1,120L,-4,83.5
33,2F2D,1,120L,-3,89.8
33,2F2D,1,120L,-2,95.2
33,2F2D,1,120L,-1,96.9
33,2F2D,1,120L,0,0.7
34,IRA5,1,120L,-29,11.5
34,IRA5,1,120L,-28,15.9
34,IRA5,1,120L,-27,21.0
34,IRA5,1,120L,-26,26.0
34,IRA5,1,120L,-25,31.5
34,IRA5,1,120L,-24,29.8
34,IRA5,1,120L,-23,36.2
34,IRA5,1,120L,-22,37.7
34,IRA5,1,120L,-21,40.5
34,IRA5,1,120L,-20,44.7
34,IRA5,1,120L,-19,47.5
34,IRA5,1,120L,-18,50.9
34,IRA5,1,120L,-17,53.5
34,IRA5,1,120L,-16,55.3
34,IRA5,1,120L,-15,58.5
34,IRA5,1,120L,-14,65.1
34,IRA5,1,120L,-13,67.1
34,IRA5,1,120L,-12,69.9
34,IRA5,1,120L,-11,74.2
34,IRA5,1,120L,-10,78.7
34,IRA5,1,120L,-9,81.1
34,IRA5,1,120L,-8,83.2
34,IRA5,1,120L,-7,89.4
34,IRA5,1,120L,-6,93.3
34,IRA5,1,120L,-5,95.0
34,IRA5,1,120L,-4,99.1
34,IRA5,1,120L,-3,2.8
34,IRA5,1,120L,-2,6.0
34,IRA5,1,120L,-1,8.6
34,IRA5,1,120L,0,11.9
35,WKDH,1,120L,-29,91.9
35,WKDH,1,120L,-28,99.6
35,WKDH,1,120L,-27,1.5
35,WKDH,1,120L,-26,7.4
35,WKDH,1,120L,-25,15.5
35,WKDH,1,120L,-24,19.9
35,WKDH,1,120L,-23,25.8
35,WKDH,1,120L,-22,28.2
35,WKDH,1,120L,-21,31.9
35,WKDH,1,120L,-20,38.3
35,WKDH,1,120L,-19,43.8
35,WKDH,1,120L,-18,48.8
35,WKDH,1,120L,-17,55.4
35,WKDH,1,120L,-16,58.2
35,WKDH,1,120L,-15,64.3
35,WKDH,1,120L,-14,67.3
35,WKDH,1,120L,-13,74.5
35,WKDH,1,120L,-12,78.8
35,WKDH,1,120L,-11,82.7
35,WKDH,1,120L,-10,88.5
35,WKDH,1,120L,-9,93.6
35,WKDH,1,120L,-8,98.5
35,WKDH,1,120L,-7,6.5
35,WKDH,1,120L,-6,8.8
35,WKDH,1,120L,-5,13.6
35,WKDH,1,120L,-4,15.8
35,WKDH,1,120L,-3,22.6
35,WKDH,1,120L,-2,28.6
35,WKDH,1,120L,-1,33.0
35,WKDH,1,120L,0,41.1
36,ZYZM,1,120L,-29,33.8
36,ZYZM,1,120L,-28,37.9
36,ZYZM,1,120L,-27,41.9
36,ZYZM,1,120L,-26,46.2
36,ZYZM,1,120L,-25,53.0
36,ZYZM,1,120L,-24,51.1
36,ZYZM,1,120L,-23,55.8
36,ZYZM,1,120L,-22,62.1
36,ZYZM,1,120L,-21,67.2
36,ZYZM,1,120L,-20,72.4
36,ZYZM,1,120L,-19,76.2
36,ZYZM,1,120L,-18,79.1
36,ZYZM,1,120L,-17,85.4
36,ZYZM,1,120L,-16,89.6
36,ZYZM,1,120L,-15,92.5
36,ZYZM,1,120L,-14,97.9
36,ZYZM,1,120L,-13,1.0
36,ZYZM,1,120L,-12,4.0
36,ZYZM,1,120L,-11,10.0
36,ZYZM,1,120L,-10,13.3
36,ZYZM,1,120L,-9,17.4
36,ZYZM,1,120L,-8,23.7
36,ZYZM,1,120L,-7,22.0
36,ZYZM,1,120L,-6,27.8
36,ZYZM,1,120L,-5,32.3
36,ZYZM,1,120L,-4,37.7
36,ZYZM,1,120L,-3,42.1
36,ZYZM,1,120L,-2,44.4
36,ZYZM,1,120L,-1,49.3
36,ZYZM,1,120L,0,53.7
37,ZMUL,1,120L,-29,17.6
37,ZMUL,1,120L,-28,19.8
37,ZMUL,1,120L,-27,25.3
37,ZMUL,1,120L,-26,29.6
37,ZMUL,1,120L,-25,34.0
37,ZMUL,1,120L,-24,42.2
37,ZMUL,1,120L,-23,46.3
37,ZMUL,1,120L,-22,53.2
37,ZMUL,1,120L,-21,56.4
37,ZMUL,1,120L,-20,63.1
37,ZMUL,1,120L,-19,70.0
37,ZMUL,1,120L,-18,75.8
37,ZMUL,1,120L,-17,81.4
37,ZMUL,1,120L,-16,84.2
37,ZMUL,1,120L,-15,93.0
37,ZMUL,1,120L,-14,96.0
37,ZMUL,1,120L,-13,3.6
37,ZMUL,1,120L,-12,8.2
37,ZMUL,1,120L,-11,11.6
37,ZMUL,1,120L,-10,18.7
37,ZMUL,1,120L,-9,25.2
37,ZMUL,1,120L,-8,31.0
37,ZMUL,1,120L,-7,35.4
37,ZMUL,1,120L,-6,43.4
37,ZMUL,1,120L,-5,48.1
37,ZMUL,1,120L,-4,51.7
37,ZMUL,1,120L,-3,58.7
37,ZMUL,1,120L,-2,65.9
37,ZMUL,1,120L,-1,71.5
37,ZMUL,1,120L,0,72.2
38,5FWEQY,1,120L,-29,54.3
38,5FWEQY,1,120L,-28,58.9
38,5FWEQY,1,120L,-27,65.2
38,5FWEQY,1,120L,-26,71.6
38,5FWEQY,1,120L,-25,75.9
38,5FWEQY,1,120L,-24,80.1
38,5FWEQY,1,120L,-23,85.1
38,5FWEQY,1,120L,-22,90.1
38,5FWEQY,1,120L,-21,94.9
38,5FWEQY,1,120L,-20,4.7
38,5FWEQY,1,120L,-19,6.7
38,5FWEQY,1,120L,-18,12.6
38,5FWEQY,1,120L,-17,15.6
38,5FWEQY,1,120L,-16,21.1
38,5FWEQY,1,120L,-15,25.4
38,5FWEQY,1,120L,-14,27.5
38,5FWEQY,1,120L,-13,34.4
38,5FWEQY,1,120L,-12,38.8
38,5FWEQY,1,120L,-11,43.2
38,5FWEQY,1,120L,-10,49.8
38,5FWEQY,1,120L,-9,58.6
38,5FWEQY,1,120L,-8,61.6
38,5FWEQY,1,120L,-7,68.7
38,5FWEQY,1,120L,-6,72.4
38,5FWEQY,1,120L,-5,78.0
38,5FWEQY,1,120L,-4,80.5
38,5FWEQY,1,120L,-3,87.7
38,5FWEQY,1,120L,-2,93.0
38,5FWEQY,1,120L,-1,96.1
38,5FWEQY,1,120L,0,2.8
39,4UZG,1,120L,-29,63.0
39,4UZG,1,120L,-28,67.6
39,4UZG,1,120L,-27,72.9
39,4UZG,1,120L,-26,80.2
39,4UZG,1,120L,-25,86.0
39,4UZG,1,120L,-24,89.8
39,4UZG,1,120L,-23,96.4
39,4UZG,1,120L,-22,2.6
39,4UZG,1,120L,-21,8.1
39,4UZG,1,120L,-20,15.0
39,4UZG,1,120L,-19,20.0
39,4UZG,1,120L,-18,22.0
39,4UZG,1,120L,-17,31.4
39,4UZG,1,120L,-16,33.5
39,4UZG,1,120L,-15,41.3
39,4UZG,1,120L,-14,45.2
39,4UZG,1,120L,-13,49.9
39,4UZG,1,120L,-12,53.3
39,4UZG,1,120L,-11,61.1
39,4UZG,1,120L,-10,64.5
39,4UZG,1,120L,-9,73.7
39,4UZG,1,120L,-8,79.9
39,4UZG,1,120L,-7,81.9
39,4UZG,1,120L,-6,88.9
39,4UZG,1,120L,-5,92.8
39,4UZG,1,120L,-4,98.4
39,4UZG,1,120L,-3,5.9
39,4UZG,1,120L,-2,10.1
39,4UZG,1,120L,-1,18.2
39,4UZG,1,120L,0,20.3
40,B6P3GH,1,120L,-29,48.3
40,B6P3GH,1,120L,-28,51.6
40,B6P3GH,1,120L,-27,57.4
40,B6P3GH,1,120L,-26,62.4
40,B6P3GH,1,120L,-25,66.5
40,B6P3GH,1,120L,-24,73.9
40,B6P3GH,1,120L,-23,79.1
40,B6P3GH,1,120L,-22,84.2
40,B6P3GH,1,120L,-21,90.7
40,B6P3GH,1,120L,-20,95.8
40,B6P3GH,1,120L,-19,98.2
40,B6P3GH,1,120L,-18,4.5
40,B6P3GH,1,120L,-17,8.2
40,B6P3GH,1,120L,-16,14.3
40,B6P3GH,1,120L,-15,18.6
40,B6P3GH,1,120L,-14,27.1
40,B6P3GH,1,120L,-13,30.3
40,B6P3GH,1,120L,-12,34.6
40,B6P3GH,1,120L,-11,41.9
40,B6P3GH,1,120L,-10,42.1
40,B6P3GH,1,120L,-9,47.5
40,B6P3GH,1,120L,-8,56.8
40,B6P3GH,1,120L,-7,60.9
40,B6P3GH,1,120L,-6,66.4
40,B6P3GH,1,120L,-5,69.2
40,B6P3GH,1,120L,-4,76.3
40,B6P3GH,1,120L,-3,84.5
40,B6P3GH,1,120L,-2,87.9
40,B6P3GH,1,120L,-1,92.1
40,B6P3GH,1,120L,0,96.3
41,KGBR,1,120L,-29,81.4
41,KGBR,1,120L,-28,90.3
41,KGBR,1,120L,-27,96.5
41,KGBR,1,120L,-26,0.0
41,KGBR,1,120L,-25,4.9
41,KGBR,1,120L,-24,9.5
41,KGBR,1,120L,-23,15.1
41,KGBR,1,120L,-22,21.9
41,KGBR,1,120L,-21,24.1
41,KGBR,1,120L,-20,33.4
41,KGBR,1,120L,-19,39.0
41,KGBR,1,120L,-18,42.8
41,KGBR,1,120L,-17,44.8
41,KGBR,1,120L,-16,52.3
41,KGBR,1,120L,-15,61.0
41,KGBR,1,120L,-14,60.3
41,KGBR,1,120L,-13,69.3
41,KGBR,1,120L,-12,73.3
41,KGBR,1,120L,-11,81.6
41,KGBR,1,120L,-10,84.7
41,KGBR,1,120L,-9,91.7
41,KGBR,1,120L,-8,97.3
41,KGBR,1,120L,-7,4.5
41,KGBR,1,120L,-6,6.7
41,KGBR,1,120L,-5,12.9
41,KGBR,1,120L,-4,15.5
41,KGBR,1,120L,-3,24.8
41,KGBR,1,120L,-2,27.2
41,KGBR,1,120L,-1,32.8
41,KGBR,1,120L,0,39.0
42,WAP3,1,120L,-29,73.6
42,WAP3,1,120L,-28,77.5
42,WAP3,1,120L,-27,79.5
42,WAP3,1,120L,-26,86.6
42,WAP3,1,120L,-25,92.7
42,WAP3,1,120L,-24,93.6
42,WAP3,1,120L,-23,0.0
42,WAP3,1,120L,-22,7.5
42,WAP3,1,120L,-21,11.4
42,WAP3,1,120L,-20,16.5
42,WAP3,1,120L,-19,23.5
42,WAP3,1,120L,-18,26.3
42,WAP3,1,120L,-17,31.4
42,WAP3,1,120L,-16,39.4
42,WAP3,1,120L,-15,39.8
42,WAP3,1,120L,-14,43.8
42,WAP3,1,120L,-13,50.5
42,WAP3,1,120L,-12,55.4
42,WAP3,1,120L,-11,58.8
42,WAP3,1,120L,-10,62.9
42,WAP3,1,120L,-9,72.8
42,WAP3,1,120L,-8,74.6
42,WAP3,1,120L,-7,77.9
42,WAP3,1,120L,-6,85.2
42,WAP3,1,120L,-5,88.6
42,WAP3,1,120L,-4,93.2
42,WAP3,1,120L,-3,99.3
42,WAP3,1,120L,-2,1.3
42,WAP3,1,120L,-1,8.7
42,WAP3,1,120L,0,15.9
43,ISKIQT,1,120L,-29,2.9
43,ISKIQT,1,120L,-28,6.2
43,ISKIQT,1,120L,-27,9.8
43,ISKIQT,1,120L,-26,13.5
43,ISKIQT,1,120L,-25,16.8
43,ISKIQT,1,120L,-24,22.2
43,ISKIQT,1,120L,-23,21.7
43,ISKIQT,1,120L,-22,29.0
43,ISKIQT,1,120L,-21,30.6
43,ISKIQT,1,120L,-20,35.2
43,ISKIQT,1,120L,-19,36.4
43,ISKIQT,1,120L,-18,43.6
43,ISKIQT,1,120L,-17,46.9
43,ISKIQT,1,120L,-16,50.0
43,ISKIQT,1,120L,-15,49.7
43,ISKIQT,1,120L,-14,56.7
43,ISKIQT,1,120L,-13,59.5
43,ISKIQT,1,120L,-12,60.0
43,ISKIQT,1,120L,-11,65.8
43,ISKIQT,1,120L,-10,69.9
43,ISKIQT,1,120L,-9,73.6
43,ISKIQT,1,120L,-8,76.5
43,ISKIQT,1,120L,-7,80.2
43,ISKIQT,1,120L,-6,85.4
43,ISKIQT,1,120L,-5,88.5
43,ISKIQT,1,120L,-4,85.8
43,ISKIQT,1,120L,-3,93.1
43,ISKIQT,1,120L,-2,96.8
43,ISKIQT,1,120L,-1,0.0
43,ISKIQT,1,120L,0,4.1
44,H5JO,1,120L,-29,78.7
44,H5JO,1,120L,-28,80.1
44,H5JO,1,120L,-27,83.7
44,H5JO,1,120L,-26,90.2
44,H5JO,1,120L,-25,90.5
44,H5JO,1,120L,-24,95.2
44,H5JO,1,120L,-23,95.0
44,H5JO,1,120L,-22,3.9
44,H5JO,1,120L,-21,5.2
44,H5JO,1,120L,-20,7.3
44,H5JO,1,120L,-19,11.7
44,H5JO,1,120L,-18,12.0
44,H5JO,1,120L,-17,19.2
44,H5JO,1,120L,-16,20.2
44,H5JO,1,120L,-15,23.7
44,H5JO,1,120L,-14,26.5
44,H5JO,1,120L,-13,29.6
44,H5JO,1,120L,-12,34.8
44,H5JO,1,120L,-11,37.4
44,H5JO,1,120L,-10,41.3
44,H5JO,1,120L,-9,43.6
44,H5JO,1,120L,-8,47.6
44,H5JO,1,120L,-7,49.5
44,H5JO,1,120L,-6,56.7
44,H5JO,1,120L,-5,54.3
44,H5JO,1,120L,-4,61.8
44,H5JO,1,120L,-3,65.2
44,H5JO,1,120L,-2,65.2
44,H5JO,1,120L,-1,73.1
44,H5JO,1,120L,0,74.5
45,RSVP,1,120L,-29,37.8
45,RSVP,1,120L,-28,43.2
45,RSVP,1,120L,-27,49.1
45,RSVP,1,120L,-26,55.8
45,RSVP,1,120L,-25,63.2
45,RSVP,1,120L,-24,67.2
45,RSVP,1,120L,-23,71.4
45,RSVP,1,120L,-22,79.8
45,RSVP,1,120L,-21,85.8
45,RSVP,1,120L,-20,91.2
45,RSVP,1,120L,-19,97.2
45,RSVP,1,120L,-18,1.5
45,RSVP,1,120L,-17,6.4
45,RSVP,1,120L,-16,12.3
45,RSVP,1,120L,-15,17.0
45,RSVP,1,120L,-14,25.6
45,RSVP,1,120L,-13,31.0
45,RSVP,1,120L,-12,36.3
45,RSVP,1,120L,-11,38.4
45,RSVP,1,120L,-10,46.8
45,RSVP,1,120L,-9,56.1
45,RSVP,1,120L,-8,59.3
45,RSVP,1,120L,-7,66.7
45,RSVP,1,120L,-6,69.9
45,RSVP,1,120L,-5,80.0
45,RSVP,1,120L,-4,83.4
45,RSVP,1,120L,-3,89.9
45,RSVP,1,120L,-2,98.8
45,RSVP,1,120L,-1,3.4
45,RSVP,1,120L,0,6.5
46,PBLT,1,120L,-29,44.4
46,PBLT,1,120L,-28,47.9
46,PBLT,1,120L,-27,51.9
46,PBLT,1,120L,-26,59.1
46,PBLT,1,120L,-25,61.2
46,PBLT,1,120L,-24,69.2
46,PBLT,1,120L,-23,70.3
46,PBLT,1,120L,-22,77.3
46,PBLT,1,120L,-21,79.6
46,PBLT,1,120L,-20,84.9
46,PBLT,1,120L,-19,86.8
46,PBLT,1,120L,-18,91.0
46,PBLT,1,120L,-17,97.4
46,PBLT,1,120L,-16,2.7
46,PBLT,1,120L,-15,5.7
46,PBLT,1,120L,-14,8.1
46,PBLT,1,120L,-13,12.4
46,PBLT,1,120L,-12,16.7
46,PBLT,1,120L,-11,20.7
46,PBLT,1,120L,-10,27.9
46,PBLT,1,120L,-9,33.8
46,PBLT,1,120L,-8,36.6
46,PBLT,1,120L,-7,37.6
46,PBLT,1,120L,-6,45.2
46,PBLT,1,120L,-5,49.6
46,PBLT,1,120L,-4,57.4
46,PBLT,1,120L,-3,56.5
46,PBLT,1,120L,-2,62.6
46,PBLT,1,120L,-1,70.1
46,PBLT,1,120L,0,72.7
47,BGLZ,1,120L,-29,73.1
47,BGLZ,1,120L,-28,78.0
47,BGLZ,1,120L,-27,83.3
47,BGLZ,1,120L,-26,85.5
47,BGLZ,1,120L,-25,92.6
47,BGLZ,1,120L,-24,93.8
47,BGLZ,1,120L,-23,1.0
47,BGLZ,1,120L,-22,5.3
47,BGLZ,1,120L,-21,8.7
47,BGLZ,1,120L,-20,14.2
47,BGLZ,1,120L,-19,17.9
47,BGLZ,1,120L,-18,21.8
47,BGLZ,1,120L,-17,27.5
47,BGLZ,1,120L,-16,30.9
47,BGLZ,1,120L,-15,37.7
47,BGLZ,1,120L,-14,40.0
47,BGLZ,1,120L,-13,47.4
47,BGLZ,1,120L,-12,49.2
47,BGLZ,1,120L,-11,54.7
47,BGLZ,1,120L,-10,59.2
47,BGLZ,1,120L,-9,66.7
47,BGLZ,1,120L,-8,69.8
47,BGLZ,1,120L,-7,73.6
47,BGLZ,1,120L,-6,79.2
47,BGLZ,1,120L,-5,79.9
47,BGLZ,1,120L,-4,87.6
47,BGLZ,1,120L,-3,95.2
47,BGLZ,1,120L,-2,97.0
47,BGLZ,1,120L,-1,1.5
47,BGLZ,1,120L,0,6.8
48,PKMB,1,120L,-29,70.1
48,PKMB,1,120L,-28,76.9
48,PKMB,1,120L,-27,79.4
48,PKMB,1,120L,-26,86.3
48,PKMB,1,120L,-25,87.8
48,PKMB,1,120L,-24,89.3
48,PKMB,1,120L,-23,94.2
48,PKMB,1,120L,-22,0.0
48,PKMB,1,120L,-21,3.6
48,PKMB,1,120L,-20,7.5
48,PKMB,1,120L,-19,11.1
48,PKMB,1,120L,-18,17.3
48,PKMB,1,120L,-17,21.3
48,PKMB,1,120L,-16,23.2
48,PKMB,1,120L,-15,24.2
48,PKMB,1,120L,-14,32.2
48,PKMB,1,120L,-13,36.0
48,PKMB,1,120L,-12,39.6
48,PKMB,1,120L,-11,44.5
48,PKMB,1,120L,-10,45.2
48,PKMB,1,120L,-9,53.8
48,PKMB,1,120L,-8,53.3
48,PKMB,1,120L,-7,59.8
48,PKMB,1,120L,-6,60.0
48,PKMB,1,120L,-5,65.1
48,PKMB,1,120L,-4,72.6
48,PKMB,1,120L,-3,73.9
48,PKMB,1,120L,-2,79.4
48,PKMB,1,120L,-1,82.4
48,PKMB,1,120L,0,85.8
49,WUKQ,1,120L,-29,96.9
49,WUKQ,1,120L,-28,0.0
49,WUKQ,1,120L,-27,5.7
49,WUKQ,1,120L,-26,12.5
49,WUKQ,1,120L,-25,17.1
49,WUKQ,1,120L,-24,19.0
49,WUKQ,1,120L,-23,25.1
49,WUKQ,1,120L,-22,30.1
49,WUKQ,1,120L,-21,35.3
49,WUKQ,1,120L,-20,38.6
49,WUKQ,1,120L,-19,44.5
49,WUKQ,1,120L,-18,49.2
49,WUKQ,1,120L,-17,56.2
49,WUKQ,1,120L,-16,61.1
49,WUKQ,1,120L,-15,64.5
49,WUKQ,1,120L,-14,68.9
49,WUKQ,1,120L,-13,74.6
49,WUKQ,1,120L,-12,77.9
49,WUKQ,1,120L,-11,82.3
49,WUKQ,1,120L,-10,87.4
49,WUKQ,1,120L,-9,92.7
49,WUKQ,1,120L,-8,96.7
49,WUKQ,1,120L,-7,3.5
49,WUKQ,1,120L,-6,9.2
49,WUKQ,1,120L,-5,10.5
49,WUKQ,1,120L,-4,17.8
49,WUKQ,1,120L,-3,22.2
49,WUKQ,1,120L,-2,27.9
49,WUKQ,1,120L,-1,32.2
49,WUKQ,1,120L,0,34.8
50,QLZATW,1,120L,-29,64.0
50,QLZATW,1,120L,-28,62.8
50,QLZATW,1,120L,-27,70.3
50,QLZATW,1,120L,-26,75.2
50,QLZATW,1,120L,-25,76.8
50,QLZATW,1,120L,-24,81.5
50,QLZATW,1,120L,-23,83.2
50,QLZATW,1,120L,-22,87.8
50,QLZATW,1,120L,-21,89.1
50,QLZATW,1,120L,-20,91.7
50,QLZATW,1,120L,-19,100.0
50,QLZATW,1,120L,-18,1.0
50,QLZATW,1,120L,-17,5.4
50,QLZATW,1,120L,-16,7.7
50,QLZATW,1,120L,-15,11.3
50,QLZATW,1,120L,-14,16.8
50,QLZATW,1,120L,-13,19.6
50,QLZATW,1,120L,-12,24.9
50,QLZATW,1,120L,-11,28.6
50,QLZATW,1,120L,-10,32.1
50,QLZATW,1,120L,-9,35.6
50,QLZATW,1,120L,-8,41.3
50,QLZATW,1,120L,-7,40.9
50,QLZATW,1,120L,-6,46.1
50,QLZATW,1,120L,-5,51.5
50,QLZATW,1,120L,-4,55.3
50,QLZATW,1,120L,-3,54.9
50,QLZATW,1,120L,-2,60.3
50,QLZATW,1,120L,-1,66.4
50,QLZATW,1,120L,0,68.8
51,75RA,1,120L,-29,43.4
51,75RA,1,120L,-28,48.6
51,75RA,1,120L,-27,55.0
51,75RA,1,120L,-26,59.5
51,75RA,1,120L,-25,65.2
51,75RA,1,120L,-24,70.8
51,75RA,1,120L,-23,75.1
51,75RA,1,120L,-22,82.3
51,75RA,1,120L,-21,91.2
51,75RA,1,120L,-20,89.6
51,75RA,1,120L,-19,98.1
51,75RA,1,120L,-18,1.9
51,75RA,1,120L,-17,9.3
51,75RA,1,120L,-16,13.9
51,75RA,1,120L,-15,20.3
51,75RA,1,120L,-14,26.3
51,75RA,1,120L,-13,30.2
51,75RA,1,120L,-12,37.0
51,75RA,1,120L,-11,37.2
51,75RA,1,120L,-10,48.5
51,75RA,1,120L,-9,52.1
51,75RA,1,120L,-8,58.5
51,75RA,1,120L,-7,60.5
51,75RA,1,120L,-6,66.4
51,75RA,1,120L,-5,73.3
51,75RA,1,120L,-4,78.4
51,75RA,1,120L,-3,84.3
51,75RA,1,120L,-2,90.9
51,75RA,1,120L,-1,92.0
51,75RA,1,120L,0,1.5
52,75RA,1,120L,-29,52.5
52,75RA,1,120L,-28,61.1
52,75RA,1,120L,-27,62.4
52,75RA,1,120L,-26,72.6
52,75RA,1,120L,-25,75.0
52,75RA,1,120L,-24,83.0
52,75RA,1,120L,-23,88.3
52,75RA,1,120L,-22,95.9
52,75RA,1,120L,-21,99.5
52,75RA,1,120L,-20,4.4
52,75RA,1,120L,-19,10.3
52,75RA,1,120L,-18,18.6
52,75RA,1,120L,-17,23.1
52,75RA,1,120L,-16,27.3
52,75RA,1,120L,-15,33.2
52,75RA,1,120L,-14,36.8
52,75RA,1,120L,-13,45.4
52,75RA,1,120L,-12,47.8
52,75RA,1,120L,-11,57.2
52,75RA,1,120L,-10,61.9
52,75RA,1,120L,-9,70.9
52,75RA,1,120L,-8,71.3
52,75RA,1,120L,-7,78.4
52,75RA,1,120L,-6,86.9
52,75RA,1,120L,-5,91.6
52,75RA,1,120L,-4,94.4
52,75RA,1,120L,-3,1.4
52,75RA,1,120L,-2,6.7
52,75RA,1,120L,-1,12.8
52,75RA,1,120L,0,17.0
53,6OIV,1,120L,-29,30.3
53,6OIV,1,120L,-28,37.0
53,6OIV,1,120L,-27,41.7
53,6OIV,1,120L,-26,44.8
53,6OIV,1,120L,-25,46.9
53,6OIV,1,120L,-24,54.9
53,6OIV,1,120L,-23,58.1
53,6OIV,1,120L,-22,60.6
53,6OIV,1,120L,-21,65.5
53,6OIV,1,120L,-20,67.8
53,6OIV,1,120L,-19,72.6
53,6OIV,1,120L,-18,77.5
53,6OIV,1,120L,-17,84.3
53,6OIV,1,120L,-16,85.7
53,6OIV,1,120L,-15,91.7
53,6OIV,1,120L,-14,94.1
53,6OIV,1,120L,-13,99.4
53,6OIV,1,120L,-12,3.0
53,6OIV,1,120L,-11,8.7
53,6OIV,1,120L,-10,10.7
53,6OIV,1,120L,-9,13.3
53,6OIV,1,120L,-8,17.7
53,6OIV,1,120L,-7,23.2
53,6OIV,1,120L,-6,26.2
53,6OIV,1,120L,-5,32.9
53,6OIV,1,120L,-4,35.7
53,6OIV,1,120L,-3,44.1
53,6OIV,1,120L,-2,42.1
53,6OIV,1,120L,-1,49.2
53,6OIV,1,120L,0,51.3
54,5KON,1,120L,-29,57.7
54,5KON,1,120L,-28,66.7
54,5KON,1,120L,-27,74.3
54,5KON,1,120L,-26,75.9
54,5KON,1,120L,-25,82.1
54,5KON,1,120L,-24,88.4
54,5KON,1,120L,-23,91.8
54,5KON,1,120L,-22,96.3
54,5KON,1,120L,-21,0.0
54,5KON,1,120L,-20,8.4
54,5KON,1,120L,-19,12.4
54,5KON,1,120L,-18,16.1
54,5KON,1,120L,-17,23.0
54,5KON,1,120L,-16,27.0
54,5KON,1,120L,-15,32.3
54,5KON,1,120L,-14,39.1
54,5KON,1,120L,-13,41.3
54,5KON,1,120L,-12,50.0
54,5KON,1,120L,-11,51.5
54,5KON,1,120L,-10,57.7
54,5KON,1,120L,-9,66.7
54,5KON,1,120L,-8,70.7
54,5KON,1,120L,-7,74.2
54,5KON,1,120L,-6,77.8
54,5KON,1,120L,-5,83.6
54,5KON,1,120L,-4,89.6
54,5KON,1,120L,-3,94.7
54,5KON,1,120L,-2,99.6
54,5KON,1,120L,-1,4.8
54,5KON,1,120L,0,9.7
55,L7GY,1,120L,-29,14.2
55,L7GY,1,120L,-28,21.5
55,L7GY,1,120L,-27,23.2
55,L7GY,1,120L,-26,30.1
55,L7GY,1,120L,-25,34.3
55,L7GY,1,120L,-24,40.8
55,L7GY,1,120L,-23,45.2
55,L7GY,1,120L,-22,53.2
55,L7GY,1,120L,-21,56.9
55,L7GY,1,120L,-20,59.3
55,L7GY,1,120L,-19,67.4
55,L7GY,1,120L,-18,70.3
55,L7GY,1,120L,-17,75.8
55,L7GY,1,120L,-16,82.3
55,L7GY,1,120L,-15,86.2
55,L7GY,1,120L,-14,93.4
55,L7GY,1,120L,-13,96.0
55,L7GY,1,120L,-12,1.4
55,L7GY,1,120L,-11,6.5
55,L7GY,1,120L,-10,11.8
55,L7GY,1,120L,-9,19.4
55,L7GY,1,120L,-8,23.8
55,L7GY,1,120L,-7,30.6
55,L7GY,1,120L,-6,36.6
55,L7GY,1,120L,-5,36.8
55,L7GY,1,120L,-4,43.6
55,L7GY,1,120L,-3,46.8
55,L7GY,1,120L,-2,52.6
55,L7GY,1,120L,-1,57.9
55,L7GY,1,120L,0,62.4
56,A4FK,1,120L,-29,77.3
56,A4FK,1,120L,-28,84.7
56,A4FK,1,120L,-27,86.4
56,A4FK,1,120L,-26,96.4
56,A4FK,1,120L,-25,95.8
56,A4FK,1,120L,-24,0.9
56,A4FK,1,120L,-23,3.2
56,A4FK,1,120L,-22,12.1
56,A4FK,1,120L,-21,15.5
56,A4FK,1,120L,-20,18.6
56,A4FK,1,120L,-19,20.5
56,A4FK,1,120L,-18,27.2
56,A4FK,1,120L,-17,29.5
56,A4FK,1,120L,-16,37.7
56,A4FK,1,120L,-15,41.1
56,A4FK,1,120L,-14,44.4
56,A4FK,1,120L,-13,44.9
56,A4FK,1,120L,-12,51.4
56,A4FK,1,120L,-11,58.3
56,A4FK,1,120L,-10,63.4
56,A4FK,1,120L,-9,67.6
56,A4FK,1,120L,-8,67.9
56,A4FK,1,120L,-7,75.1
56,A4FK,1,120L,-6,80.5
56,A4FK,1,120L,-5,80.8
56,A4FK,1,120L,-4,87.6
56,A4FK,1,120L,-3,92.4
56,A4FK,1,120L,-2,95.9
56,A4FK,1,120L,-1,0.0
56,A4FK,1,120L,0,4.5
57,AJ2FQV,1,120L,-29,4.2
57,AJ2FQV,1,120L,-28,8.3
57,AJ2FQV,1,120L,-27,13.2
57,AJ2FQV,1,120L,-26,18.5
57,AJ2FQV,1,120L,-25,23.9
57,AJ2FQV,1,120L,-24,27.5
57,AJ2FQV,1,120L,-23,32.1
57,AJ2FQV,1,120L,-22,37.5
57,AJ2FQV,1,120L,-21,39.2
57,AJ2FQV,1,120L,-20,47.5
57,AJ2FQV,1,120L,-19,51.5
57,AJ2FQV,1,120L,-18,56.3
57,AJ2FQV,1,120L,-17,62.4
57,AJ2FQV,1,120L,-16,62.7
57,AJ2FQV,1,120L,-15,67.4
57,AJ2FQV,1,120L,-14,75.5
57,AJ2FQV,1,120L,-13,79.8
57,AJ2FQV,1,120L,-12,84.7
57,AJ2FQV,1,120L,-11,88.5
57,AJ2FQV,1,120L,-10,94.9
57,AJ2FQV,1,120L,-9,100.0
57,AJ2FQV,1,120L,-8,4.0
57,AJ2FQV,1,120L,-7,7.6
57,AJ2FQV,1,120L,-6,9.6
57,AJ2FQV,1,120L,-5,18.6
57,AJ2FQV,1,120L,-4,24.0
57,AJ2FQV,1,120L,-3,27.8
57,AJ2FQV,1,120L,-2,30.3
57,AJ2FQV,1,120L,-1,37.3
57,AJ2FQV,1,120L,0,42.3
58,YJTH,1,120L,-29,71.9
58,YJTH,1,120L,-28,79.3
58,YJTH,1,120L,-27,84.3
58,YJTH,1,120L,-26,88.4
58,YJTH,1,120L,-25,96.7
58,YJTH,1,120L,-24,2.9
58,YJTH,1,120L,-23,8.1
58,YJTH,1,120L,-22,14.3
58,YJTH,1,120L,-21,19.5
58,YJTH,1,120L,-20,28.1
58,YJTH,1,120L,-19,30.5
58,YJTH,1,120L,-18,36.9
58,YJTH,1,120L,-17,43.7
58,YJTH,1,120L,-16,51.0
58,YJTH,1,120L,-15,53.4
58,YJTH,1,120L,-14,59.6
58,YJTH,1,120L,-13,64.5
58,YJTH,1,120L,-12,73.6
58,YJTH,1,120L,-11,77.8
58,YJTH,1,120L,-10,84.9
58,YJTH,1,120L,-9,92.4
58,YJTH,1,120L,-8,96.4
58,YJTH,1,120L,-7,3.6
58,YJTH,1,120L,-6,8.8
58,YJTH,1,120L,-5,16.2
58,YJTH,1,120L,-4,21.9
58,YJTH,1,120L,-3,26.1
58,YJTH,1,120L,-2,32.8
58,YJTH,1,120L,-1,40.6
58,YJTH,1,120L,0,45.6
59,A4NQ,1,120L,-29,60.2
59,A4NQ,1,120L,-28,62.4
59,A4NQ,1,120L,-27,71.0
59,A4NQ,1,120L,-26,75.2
59,A4NQ,1,120L,-25,78.9
59,A4NQ,1,120L,-24,83.6
59,A4NQ,1,120L,-23,87.8
59,A4NQ,1,120L,-22,94.0
59,A4NQ,1,120L,-21,97.2
59,A4NQ,1,120L,-20,3.0
59,A4NQ,1,120L,-19,8.7
59,A4NQ,1,120L,-18,11.4
59,A4NQ,1,120L,-17,16.1
59,A4NQ,1,120L,-16,20.1
59,A4NQ,1,120L,-15,25.1
59,A4NQ,1,120L,-14,28.8
59,A4NQ,1,120L,-13,37.4
59,A4NQ,1,120L,-12,43.9
59,A4NQ,1,120L,-11,48.1
59,A4NQ,1,120L,-10,48.4
59,A4NQ,1,120L,-9,56.7
59,A4NQ,1,120L,-8,62.6
59,A4NQ,1,120L,-7,64.6
59,A4NQ,1,120L,-6,70.2
59,A4NQ,1,120L,-5,71.9
59,A4NQ,1,120L,-4,80.1
59,A4NQ,1,120L,-3,82.9
59,A4NQ,1,120L,-2,89.7
59,A4NQ,1,120L,-1,91.8
59,A4NQ,1,120L,0,99.8
60,A4NQ,1,120L,-29,89.4
60,A4NQ,1,120L,-28,91.1
60,A4NQ,1,120L,-27,97.3
60,A4NQ,1,120L,-26,0.1
60,A4NQ,1,120L,-25,2.0
60,A4NQ,1,120L,-24,8.3
60,A4NQ,1,120L,-23,10.2
60,A4NQ,1,120L,-22,12.6
60,A4NQ,1,120L,-21,16.7
60,A4NQ,1,120L,-20,22.4
60,A4NQ,1,120L,-19,25.0
60,A4NQ,1,120L,-18,27.3
60,A4NQ,1,120L,-17,31.7
60,A4NQ,1,120L,-16,32.3
60,A4NQ,1,120L,-15,37.4
60,A4NQ,1,120L,-14,40.9
60,A4NQ,1,120L,-13,43.3
60,A4NQ,1,120L,-12,48.0
60,A4NQ,1,120L,-11,49.4
60,A4NQ,1,120L,-10,54.7
60,A4NQ,1,120L,-9,58.1
60,A4NQ,1,120L,-8,56.2
60,A4NQ,1,120L,-7,65.6
60,A4NQ,1,120L,-6,62.6
60,A4NQ,1,120L,-5,69.5
60,A4NQ,1,120L,-4,75.3
60,A4NQ,1,120L,-3,76.6
60,A4NQ,1,120L,-2,78.2
60,A4NQ,1,120L,-1,82.1
60,A4NQ,1,120L,0,88.5
61,AC4W,1,120L,-29,87.8
61,AC4W,1,120L,-28,91.6
61,AC4W,1,120L,-27,95.4
61,AC4W,1,120L,-26,1.9
61,AC4W,1,120L,-25,6.8
61,AC4W,1,120L,-24,15.2
61,AC4W,1,120L,-23,20.5
61,AC4W,1,120L,-22,22.4
61,AC4W,1,120L,-21,29.9
61,AC4W,1,120L,-20,34.8
61,AC4W,1,120L,-19,43.5
61,AC4W,1,120L,-18,45.1
61,AC4W,1,120L,-17,55.1
61,AC4W,1,120L,-16,58.2
61,AC4W,1,120L,-15,62.1
61,AC4W,1,120L,-14,68.3
61,AC4W,1,120L,-13,73.7
61,AC4W,1,120L,-12,78.5
61,AC4W,1,120L,-11,86.1
61,AC4W,1,120L,-10,89.7
61,AC4W,1,120L,-9,93.8
61,AC4W,1,120L,-8,2.1
61,AC4W,1,120L,-7,5.5
61,AC4W,1,120L,-6,12.6
61,AC4W,1,120L,-5,17.9
61,AC4W,1,120L,-4,23.5
61,AC4W,1,120L,-3,33.4
61,AC4W,1,120L,-2,36.0
61,AC4W,1,120L,-1,41.8
61,AC4W,1,120L,0,44.3
62,PCNHOZ,1,120L,-29,10.9
62,PCNHOZ,1,120L,-28,19.3
62,PCNHOZ,1,120L,-27,21.7
62,PCNHOZ,1,120L,-26,28.6
62,PCNHOZ,1,120L,-25,33.7
62,PCNHOZ,1,120L,-24,40.4
62,PCNHOZ,1,120L,-23,44.7
62,PCNHOZ,1,120L,-22,50.8
62,PCNHOZ,1,120L,-21,56.4
62,PCNHOZ,1,120L,-20,61.2
62,PCNHOZ,1,120L,-19,68.5
62,PCNHOZ,1,120L,-18,73.7
62,PCNHOZ,1,120L,-17,78.7
62,PCNHOZ,1,120L,-16,83.8
62,PCNHOZ,1,120L,-15,91.1
62,PCNHOZ,1,120L,-14,95.1
62,PCNHOZ,1,120L,-13,0.6
62,PCNHOZ,1,120L,-12,6.7
62,PCNHOZ,1,120L,-11,14.6
62,PCNHOZ,1,120L,-10,15.6
62,PCNHOZ,1,120L,-9,24.3
62,PCNHOZ,1,120L,-8,25.9
62,PCNHOZ,1,120L,-7,34.6
62,PCNHOZ,1,120L,-6,42.1
62,PCNHOZ,1,120L,-5,46.0
62,PCNHOZ,1,120L,-4,51.1
62,PCNHOZ,1,120L,-3,55.5
62,PCNHOZ,1,120L,-2,62.0
62,PCNHOZ,1,120L,-1,67.1
62,PCNHOZ,1,120L,0,71.8
63,A2DB,1,120L,-29,63.4
63,A2DB,1,120L,-28,65.0
63,A2DB,1,120L,-27,68.0
63,A2DB,1,120L,-26,70.3
63,A2DB,1,120L,-25,75.9
63,A2DB,1,120L,-24,79.2
63,A2DB,1,120L,-23,81.8
63,A2DB,1,120L,-22,86.0
63,A2DB,1,120L,-21,87.8
63,A2DB,1,120L,-20,91.3
63,A2DB,1,120L,-19,94.2
63,A2DB,1,120L,-18,96.7
63,A2DB,1,120L,-17,99.1
63,A2DB,1,120L,-16,6.3
63,A2DB,1,120L,-15,5.3
63,A2DB,1,120L,-14,8.1
63,A2DB,1,120L,-13,12.8
63,A2DB,1,120L,-12,15.6
63,A2DB,1,120L,-11,16.2
63,A2DB,1,120L,-10,23.0
63,A2DB,1,120L,-9,24.3
63,A2DB,1,120L,-8,25.8
63,A2DB,1,120L,-7,32.3
63,A2DB,1,120L,-6,34.5
63,A2DB,1,120L,-5,34.8
63,A2DB,1,120L,-4,42.4
63,A2DB,1,120L,-3,43.8
63,A2DB,1,120L,-2,45.9
63,A2DB,1,120L,-1,51.3
63,A2DB,1,120L,0,52.2
64,7YUI,1,120L,-29,74.0
64,7YUI,1,120L,-28,78.4
64,7YUI,1,120L,-27,82.2
64,7YUI,1,120L,-26,85.5
64,7YUI,1,120L,-25,91.4
64,7YUI,1,120L,-24,95.6
64,7YUI,1,120L,-23,0.0
64,7YUI,1,120L,-22,2.5
64,7YUI,1,120L,-21,10.1
64,7YUI,1,120L,-20,9.9
64,7YUI,1,120L,-19,18.6
64,7YUI,1,120L,-18,22.1
64,7YUI,1,120L,-17,29.3
64,7YUI,1,120L,-16,31.1
64,7YUI,1,120L,-15,37.3
64,7YUI,1,120L,-14,40.2
64,7YUI,1,120L,-13,45.5
64,7YUI,1,120L,-12,51.0
64,7YUI,1,120L,-11,53.7
64,7YUI,1,120L,-10,60.4
64,7YUI,1,120L,-9,61.9
64,7YUI,1,120L,-8,68.3
64,7YUI,1,120L,-7,73.8
64,7YUI,1,120L,-6,77.9
64,7YUI,1,120L,-5,84.3
64,7YUI,1,120L,-4,84.8
64,7YUI,1,120L,-3,88.4
64,7YUI,1,120L,-2,93.5
64,7YUI,1,120L,-1,100.0
64,7YUI,1,120L,0,4.7
65,PNDB,1,120L,-29,42.0
65,PNDB,1,120L,-28,50.5
65,PNDB,1,120L,-27,53.3
65,PNDB,1,120L,-26,62.5
65,PNDB,1,120L,-25,70.8
65,PNDB,1,120L,-24,72.7
65,PNDB,1,120L,-23,78.8
65,PNDB,1,120L,-22,82.9
65,PNDB,1,120L,-21,86.6
65,PNDB,1,120L,-20,94.1
65,PNDB,1,120L,-19,0.0
65,PNDB,1,120L,-18,4.2
65,PNDB,1,120L,-17,14.7
65,PNDB,1,120L,-16,18.2
65,PNDB,1,120L,-15,24.1
65,PNDB,1,120L,-14,28.7
65,PNDB,1,120L,-13,34.6
65,PNDB,1,120L,-12,42.0
65,PNDB,1,120L,-11,46.2
65,PNDB,1,120L,-10,52.8
65,PNDB,1,120L,-9,57.4
65,PNDB,1,120L,-8,62.9
65,PNDB,1,120L,-7,67.0
65,PNDB,1,120L,-6,71.8
65,PNDB,1,120L,-5,80.1
65,PNDB,1,120L,-4,86.3
65,PNDB,1,120L,-3,90.0
65,PNDB,1,120L,-2,97.5
65,PNDB,1,120L,-1,3.4
65,PNDB,1,120L,0,5.8
66,O6TE,1,120L,-29,18.1
66,O6TE,1,120L,-28,19.7
66,O6TE,1,120L,-27,25.7
66,O6TE,1,120L,-26,31.0
66,O6TE,1,120L,-25,34.6
66,O6TE,1,120L,-24,37.2
66,O6TE,1,120L,-23,40.7
66,O6TE,1,120L,-22,44.4
66,O6TE,1,120L,-21,50.0
66,O6TE,1,120L,-20,53.6
66,O6TE,1,120L,-19,58.3
66,O6TE,1,120L,-18,61.5
66,O6TE,1,120L,-17,66.5
66,O6TE,1,120L,-16,69.4
66,O6TE,1,120L,-15,74.4
66,O6TE,1,120L,-14,78.5
66,O6TE,1,120L,-13,80.0
66,O6TE,1,120L,-12,82.5
66,O6TE,1,120L,-11,91.5
66,O6TE,1,120L,-10,93.5
66,O6TE,1,120L,-9,94.6
66,O6TE,1,120L,-8,0.1
66,O6TE,1,120L,-7,6.3
66,O6TE,1,120L,-6,8.7
66,O6TE,1,120L,-5,12.3
66,O6TE,1,120L,-4,19.2
66,O6TE,1,120L,-3,19.5
66,O6TE,1,120L,-2,23.8
66,O6TE,1,120L,-1,29.3
66,O6TE,1,120L,0,33.6
67,RQJH,1,120L,-29,19.7
67,RQJH,1,120L,-28,21.7
67,RQJH,1,120L,-27,25.3
67,RQJH,1,120L,-26,27.3
67,RQJH,1,120L,-25,30.9
67,RQJH,1,120L,-24,34.1
67,RQJH,1,120L,-23,37.4
67,RQJH,1,120L,-22,41.4
67,RQJH,1,120L,-21,44.2
67,RQJH,1,120L,-20,46.5
67,RQJH,1,120L,-19,48.4
67,RQJH,1,120L,-18,52.8
67,RQJH,1,120L,-17,55.8
67,RQJH,1,120L,-16,59.3
67,RQJH,1,120L,-15,65.4
67,RQJH,1,120L,-14,64.4
67,RQJH,1,120L,-13,69.0
67,RQJH,1,120L,-12,73.1
67,RQJH,1,120L,-11,74.7
67,RQJH,1,120L,-10,81.2
67,RQJH,1,120L,-9,80.3
67,RQJH,1,120L,-8,84.5
67,RQJH,1,120L,-7,85.9
67,RQJH,1,120L,-6,89.7
67,RQJH,1,120L,-5,93.7
67,RQJH,1,120L,-4,97.8
67,RQJH,1,120L,-3,100.0
67,RQJH,1,120L,-2,4.6
67,RQJH,1,120L,-1,5.7
67,RQJH,1,120L,0,8.5
68,BUAP,1,120L,-29,36.9
68,BUAP,1,120L,-28,40.3
68,BUAP,1,120L,-27,43.3
68,BUAP,1,120L,-26,49.4
68,BUAP,1,120L,-25,50.8
68,BUAP,1,120L,-24,54.9
68,BUAP,1,120L,-23,58.0
68,BUAP,1,120L,-22,62.5
68,BUAP,1,120L,-21,63.5
68,BUAP,1,120L,-20,66.5
68,BUAP,1,120L,-19,71.8
68,BUAP,1,120L,-18,75.7
68,BUAP,1,120L,-17,78.6
68,BUAP,1,120L,-16,80.3
68,BUAP,1,120L,-15,85.8
68,BUAP,1,120L,-14,87.0
68,BUAP,1,120L,-13,90.7
68,BUAP,1,120L,-12,93.4
68,BUAP,1,120L,-11,100.0
68,BUAP,1,120L,-10,2.5
68,BUAP,1,120L,-9,5.8
68,BUAP,1,120L,-8,10.1
68,BUAP,1,120L,-7,15.8
68,BUAP,1,120L,-6,12.4
68,BUAP,1,120L,-5,17.2
68,BUAP,1,120L,-4,20.7
68,BUAP,1,120L,-3,23.7
68,BUAP,1,120L,-2,26.7
68,BUAP,1,120L,-1,31.2
68,BUAP,1,120L,0,33.2
69,IRWG,1,120L,-29,90.9
69,IRWG,1,120L,-28,97.3
69,IRWG,1,120L,-27,3.0
69,IRWG,1,120L,-26,8.8
69,IRWG,1,120L,-25,13.1
69,IRWG,1,120L,-24,22.5
69,IRWG,1,120L,-23,25.4
69,IRWG,1,120L,-22,27.9
69,IRWG,1,120L,-21,34.9
69,IRWG,1,120L,-20,39.5
69,IRWG,1,120L,-19,47.8
69,IRWG,1,120L,-18,53.3
69,IRWG,1,120L,-17,58.5
69,IRWG,1,120L,-16,67.9
69,IRWG,1,120L,-15,71.4
69,IRWG,1,120L,-14,77.4
69,IRWG,1,120L,-13,80.6
69,IRWG,1,120L,-12,86.2
69,IRWG,1,120L,-11,93.4
69,IRWG,1,120L,-10,99.3
69,IRWG,1,120L,-9,2.0
69,IRWG,1,120L,-8,10.2
69,IRWG,1,120L,-7,16.2
69,IRWG,1,120L,-6,21.5
69,IRWG,1,120L,-5,26.3
69,IRWG,1,120L,-4,32.4
69,IRWG,1,120L,-3,38.6
69,IRWG,1,120L,-2,44.7
69,IRWG,1,120L,-1,51.2
69,IRWG,1,120L,0,57.6
70,AD3R,1,120L,-29,80.2
70,AD3R,1,120L,-28,85.1
70,AD3R,1,120L,-27,88.1
70,AD3R,1,120L,-26,94.5
70,AD3R,1,120L,-25,99.3
70,AD3R,1,120L,-24,4.4
70,AD3R,1,120L,-23,9.7
70,AD3R,1,120L,-22,10.2
70,AD3R,1,120L,-21,16.1
70,AD3R,1,120L,-20,20.7
70,AD3R,1,120L,-19,25.1
70,AD3R,1,120L,-18,28.8
70,AD3R,1,120L,-17,32.2
70,AD3R,1,120L,-16,39.1
70,AD3R,1,120L,-15,42.4
70,AD3R,1,120L,-14,48.2
70,AD3R,1,120L,-13,51.5
70,AD3R,1,120L,-12,55.6
70,AD3R,1,120L,-11,62.1
70,AD3R,1,120L,-10,66.6
70,AD3R,1,120L,-9,71.8
70,AD3R,1,120L,-8,78.8
70,AD3R,1,120L,-7,80.5
70,AD3R,1,120L,-6,85.3
70,AD3R,1,120L,-5,87.6
70,AD3R,1,120L,-4,91.8
70,AD3R,1,120L,-3,100.0
70,AD3R,1,120L,-2,1.5
70,AD3R,1,120L,-1,5.9
70,AD3R,1,120L,0,11.9
71,BQ6Y,1,120L,-29,36.2
71,BQ6Y,1,120L,-28,42.3
71,BQ6Y,1,120L,-27,49.9
71,BQ6Y,1,120L,-26,52.2
71,BQ6Y,1,120L,-25,56.6
71,BQ6Y,1,120L,-24,65.4
71,BQ6Y,1,120L,-23,70.0
71,BQ6Y,1,120L,-22,73.6
71,BQ6Y,1,120L,-21,77.5
71,BQ6Y,1,120L,-20,84.0
71,BQ6Y,1,120L,-19,90.4
71,BQ6Y,1,120L,-18,97.5
71,BQ6Y,1,120L,-17,0.0
71,BQ6Y,1,120L,-16,6.2
71,BQ6Y,1,120L,-15,12.6
71,BQ6Y,1,120L,-14,13.3
71,BQ6Y,1,120L,-13,23.7
71,BQ6Y,1,120L,-12,25.7
71,BQ6Y,1,120L,-11,33.3
71,BQ6Y,1,120L,-10,38.4
71,BQ6Y,1,120L,-9,45.0
71,BQ6Y,1,120L,-8,49.5
71,BQ6Y,1,120L,-7,50.4
71,BQ6Y,1,120L,-6,58.1
71,BQ6Y,1,120L,-5,64.7
71,BQ6Y,1,120L,-4,69.5
71,BQ6Y,1,120L,-3,75.8
71,BQ6Y,1,120L,-2,81.6
71,BQ6Y,1,120L,-1,86.6
71,BQ6Y,1,120L,0,90.7
72,MNUD,1,120L,-29,32.4
72,MNUD,1,120L,-28,34.7
72,MNUD,1,120L,-27,41.7
72,MNUD,1,120L,-26,46.7
72,MNUD,1,120L,-25,50.0
72,MNUD,1,120L,-24,49.7
72,MNUD,1,120L,-23,56.8
72,MNUD,1,120L,-22,66.1
72,MNUD,1,120L,-21,66.9
72,MNUD,1,120L,-20,69.2
72,MNUD,1,120L,-19,78.6
72,MNUD,1,120L,-18,81.2
72,MNUD,1,120L,-17,87.3
72,MNUD,1,120L,-16,90.6
72,MNUD,1,120L,-15,95.4
72,MNUD,1,120L,-14,99.7
72,MNUD,1,120L,-13,4.7
72,MNUD,1,120L,-12,11.5
72,MNUD,1,120L,-11,14.1
72,MNUD,1,120L,-10,14.7
72,MNUD,1,120L,-9,22.3
72,MNUD,1,120L,-8,27.8
72,MNUD,1,120L,-7,32.4
72,MNUD,1,120L,-6,34.4
72,MNUD,1,120L,-5,41.3
72,MNUD,1,120L,-4,45.4
72,MNUD,1,120L,-3,52.4
72,MNUD,1,120L,-2,51.9
72,MNUD,1,120L,-1,56.8
72,MNUD,1,120L,0,61.5
73,VWTU,1,240L,-29,69.8
73,VWTU,1,240L,-28,71.1
73,VWTU,1,240L,-27,78.8
73,VWTU,1,240L,-26,84.2
73,VWTU,1,240L,-25,87.0
73,VWTU,1,240L,-24,94.9
73,VWTU,1,240L,-23,96.1
73,VWTU,1,240L,-22,2.2
73,VWTU,1,240L,-21,4.8
73,VWTU,1,240L,-20,9.9
73,VWTU,1,240L,-19,13.2
73,VWTU,1,240L,-18,19.0
73,VWTU,1,240L,-17,21.2
73,VWTU,1,240L,-16,26.0
73,VWTU,1,240L,-15,30.0
73,VWTU,1,240L,-14,33.2
73,VWTU,1,240L,-13,38.4
73,VWTU,1,240L,-12,45.3
73,VWTU,1,240L,-11,45.7
73,VWTU,1,240L,-10,50.9
73,VWTU,1,240L,-9,56.4
73,VWTU,1,240L,-8,60.4
73,VWTU,1,240L,-7,62.8
73,VWTU,1,240L,-6,63.4
73,VWTU,1,240L,-5,71.9
73,VWTU,1,240L,-4,72.0
73,VWTU,1,240L,-3,81.7
73,VWTU,1,240L,-2,83.9
73,VWTU,1,240L,-1,89.3
73,VWTU,1,240L,0,90.6
74,YVXSD6,1,120L,-29,36.3
74,YVXSD6,1,120L,-28,39.3
74,YVXSD6,1,120L,-27,43.9
74,YVXSD6,1,120L,-26,51.6
74,YVXSD6,1,120L,-25,52.4
74,YVXSD6,1,120L,-24,56.5
74,YVXSD6,1,120L,-23,59.9
74,YVXSD6,1,120L,-22,64.5
74,YVXSD6,1,120L,-21,65.8
74,YVXSD6,1,120L,-20,66.7
74,YVXSD6,1,120L,-19,73.2
74,YVXSD6,1,120L,-18,78.4
74,YVXSD6,1,120L,-17,79.4
74,YVXSD6,1,120L,-16,84.3
74,YVXSD6,1,120L,-15,87.3
74,YVXSD6,1,120L,-14,94.3
74,YVXSD6,1,120L,-13,96.9
74,YVXSD6,1,120L,-12,100.0
74,YVXSD6,1,120L,-11,4.1
74,YVXSD6,1,120L,-10,6.8
74,YVXSD6,1,120L,-9,10.9
74,YVXSD6,1,120L,-8,12.5
74,YVXSD6,1,120L,-7,14.7
74,YVXSD6,1,120L,-6,21.9
74,YVXSD6,1,120L,-5,25.9
74,YVXSD6,1,120L,-4,31.0
74,YVXSD6,1,120L,-3,35.2
74,YVXSD6,1,120L,-2,38.9
74,YVXSD6,1,120L,-1,38.8
74,YVXSD6,1,120L,0,43.5
75,WFCE,1,120L,-29,85.0
75,WFCE,1,120L,-28,88.1
75,WFCE,1,120L,-27,92.1
75,WFCE,1,120L,-26,94.5
75,WFCE,1,120L,-25,98.4
75,WFCE,1,120L,-24,5.5
75,WFCE,1,120L,-23,7.3
75,WFCE,1,120L,-22,13.2
75,WFCE,1,120L,-21,18.0
75,WFCE,1,120L,-20,25.1
75,WFCE,1,120L,-19,26.8
75,WFCE,1,120L,-18,28.3
75,WFCE,1,120L,-17,37.3
75,WFCE,1,120L,-16,40.2
75,WFCE,1,120L,-15,45.9
75,WFCE,1,120L,-14,50.3
75,WFCE,1,120L,-13,54.6
75,WFCE,1,120L,-12,60.8
75,WFCE,1,120L,-11,62.0
75,WFCE,1,120L,-10,68.1
75,WFCE,1,120L,-9,74.5
75,WFCE,1,120L,-8,77.2
75,WFCE,1,120L,-7,80.3
75,WFCE,1,120L,-6,88.3
75,WFCE,1,120L,-5,93.6
75,WFCE,1,120L,-4,96.5
75,WFCE,1,120L,-3,0.0
75,WFCE,1,120L,-2,6.8
75,WFCE,1,120L,-1,7.9
75,WFCE,1,120L,0,15.5
76,GZKP,1,120L,-29,54.5
76,GZKP,1,120L,-28,59.3
76,GZKP,1,120L,-27,63.0
76,GZKP,1,120L,-26,69.3
76,GZKP,1,120L,-25,72.2
76,GZKP,1,120L,-24,78.8
76,GZKP,1,120L,-23,82.2
76,GZKP,1,120L,-22,85.2
76,GZKP,1,120L,-21,89.4
76,GZKP,1,120L,-20,92.6
76,GZKP,1,120L,-19,100.0
76,GZKP,1,120L,-18,3.5
76,GZKP,1,120L,-17,4.9
76,GZKP,1,120L,-16,12.1
76,GZKP,1,120L,-15,16.0
76,GZKP,1,120L,-14,24.1
76,GZKP,1,120L,-13,23.7
76,GZKP,1,120L,-12,28.5
76,GZKP,1,120L,-11,36.8
76,GZKP,1,120L,-10,41.6
76,GZKP,1,120L,-9,42.9
76,GZKP,1,120L,-8,47.5
76,GZKP,1,120L,-7,53.8
76,GZKP,1,120L,-6,53.8
76,GZKP,1,120L,-5,59.0
76,GZKP,1,120L,-4,65.8
76,GZKP,1,120L,-3,73.0
76,GZKP,1,120L,-2,74.5
76,GZKP,1,120L,-1,79.7
76,GZKP,1,120L,0,85.7
77,DUYR,1,120L,-29,36.7
77,DUYR,1,120L,-28,41.6
77,DUYR,1,120L,-27,48.5
77,DUYR,1,120L,-26,47.6
77,DUYR,1,120L,-25,55.5
77,DUYR,1,120L,-24,56.6
77,DUYR,1,120L,-23,62.4
77,DUYR,1,120L,-22,66.0
77,DUYR,1,120L,-21,69.0
77,DUYR,1,120L,-20,73.1
77,DUYR,1,120L,-19,79.1
77,DUYR,1,120L,-18,84.3
77,DUYR,1,120L,-17,86.8
77,DUYR,1,120L,-16,91.2
77,DUYR,1,120L,-15,96.1
77,DUYR,1,120L,-14,97.9
77,DUYR,1,120L,-13,4.5
77,DUYR,1,120L,-12,8.8
77,DUYR,1,120L,-11,15.6
77,DUYR,1,120L,-10,15.2
77,DUYR,1,120L,-9,19.2
77,DUYR,1,120L,-8,25.2
77,DUYR,1,120L,-7,29.4
77,DUYR,1,120L,-6,31.5
77,DUYR,1,120L,-5,35.8
77,DUYR,1,120L,-4,41.3
77,DUYR,1,120L,-3,43.4
77,DUYR,1,120L,-2,48.1
77,DUYR,1,120L,-1,53.0
77,DUYR,1,120L,0,58.5
78,CAHMA5,1,120L,-29,61.6
78,CAHMA5,1,120L,-28,66.9
78,CAHMA5,1,120L,-27,71.0
78,CAHMA5,1,120L,-26,77.0
78,CAHMA5,1,120L,-25,79.7
78,CAHMA5,1,120L,-24,84.7
78,CAHMA5,1,120L,-23,88.9
78,CAHMA5,1,120L,-22,93.6
78,CAHMA5,1,120L,-21,100.0
78,CAHMA5,1,120L,-20,3.8
78,CAHMA5,1,120L,-19,7.1
78,CAHMA5,1,120L,-18,10.6
78,CAHMA5,1,120L,-17,14.9
78,CAHMA5,1,120L,-16,20.3
78,CAHMA5,1,120L,-15,25.0
78,CAHMA5,1,120L,-14,27.0
78,CAHMA5,1,120L,-13,32.7
78,CAHMA5,1,120L,-12,33.8
78,CAHMA5,1,120L,-11,41.5
78,CAHMA5,1,120L,-10,46.6
78,CAHMA5,1,120L,-9,49.2
78,CAHMA5,1,120L,-8,56.7
78,CAHMA5,1,120L,-7,56.9
78,CAHMA5,1,120L,-6,62.8
78,CAHMA5,1,120L,-5,66.6
78,CAHMA5,1,120L,-4,70.8
78,CAHMA5,1,120L,-3,75.1
78,CAHMA5,1,120L,-2,79.6
78,CAHMA5,1,120L,-1,85.0
78,CAHMA5,1,120L,0,90.1
79,CXDWRY,1,120L,-29,3.6
79,CXDWRY,1,120L,-28,7.0
79,CXDWRY,1,120L,-27,12.0
79,CXDWRY,1,120L,-26,13.5
79,CXDWRY,1,120L,-25,19.4
79,CXDWRY,1,120L,-24,20.9
79,CXDWRY,1,120L,-23,27.4
79,CXDWRY,1,120L,-22,32.8
79,CXDWRY,1,120L,-21,33.1
79,CXDWRY,1,120L,-20,33.7
79,CXDWRY,1,120L,-19,39.9
79,CXDWRY,1,120L,-18,46.4
79,CXDWRY,1,120L,-17,49.1
79,CXDWRY,1,120L,-16,52.4
79,CXDWRY,1,120L,-15,57.3
79,CXDWRY,1,120L,-14,60.2
79,CXDWRY,1,120L,-13,65.1
79,CXDWRY,1,120L,-12,68.4
79,CXDWRY,1,120L,-11,73.0
79,CXDWRY,1,120L,-10,75.0
79,CXDWRY,1,120L,-9,79.6
79,CXDWRY,1,120L,-8,81.5
79,CXDWRY,1,120L,-7,84.9
79,CXDWRY,1,120L,-6,92.1
79,CXDWRY,1,120L,-5,93.6
79,CXDWRY,1,120L,-4,98.2
79,CXDWRY,1,120L,-3,0.9
79,CXDWRY,1,120L,-2,3.6
79,CXDWRY,1,120L,-1,8.3
79,CXDWRY,1,120L,0,14.2
80,4BX3,1,120L,-29,81.2
80,4BX3,1,120L,-28,88.9
80,4BX3,1,120L,-27,90.5
80,4BX3,1,120L,-26,92.8
80,4BX3,1,120L,-25,2.9
80,4BX3,1,120L,-24,5.8
80,4BX3,1,120L,-23,9.3
80,4BX3,1,120L,-22,13.5
80,4BX3,1,120L,-21,20.3
80,4BX3,1,120L,-20,22.5
80,4BX3,1,120L,-19,29.6
80,4BX3,1,120L,-18,33.4
80,4BX3,1,120L,-17,37.6
80,4BX3,1,120L,-16,42.0
80,4BX3,1,120L,-15,46.2
80,4BX3,1,120L,-14,52.7
80,4BX3,1,120L,-13,54.4
80,4BX3,1,120L,-12,57.9
80,4BX3,1,120L,-11,65.9
80,4BX3,1,120L,-10,70.6
80,4BX3,1,120L,-9,75.0
80,4BX3,1,120L,-8,79.5
80,4BX3,1,120L,-7,83.1
80,4BX3,1,120L,-6,89.4
80,4BX3,1,120L,-5,92.8
80,4BX3,1,120L,-4,96.7
80,4BX3,1,120L,-3,1.6
80,4BX3,1,120L,-2,9.8
80,4BX3,1,120L,-1,8.8
80,4BX3,1,120L,0,16.7
81,D5Y7,1,120L,-29,44.3
81,D5Y7,1,120L,-28,47.8
81,D5Y7,1,120L,-27,49.4
81,D5Y7,1,120L,-26,57.2
81,D5Y7,1,120L,-25,60.1
81,D5Y7,1,120L,-24,61.6
81,D5Y7,1,120L,-23,70.0
81,D5Y7,1,120L,-22,75.0
81,D5Y7,1,120L,-21,79.1
81,D5Y7,1,120L,-20,81.5
81,D5Y7,1,120L,-19,85.0
81,D5Y7,1,120L,-18,91.0
81,D5Y7,1,120L,-17,95.6
81,D5Y7,1,120L,-16,98.8
81,D5Y7,1,120L,-15,0.0
81,D5Y7,1,120L,-14,5.6
81,D5Y7,1,120L,-13,10.0
81,D5Y7,1,120L,-12,10.6
81,D5Y7,1,120L,-11,18.1
81,D5Y7,1,120L,-10,24.9
81,D5Y7,1,120L,-9,26.5
81,D5Y7,1,120L,-8,31.8
81,D5Y7,1,120L,-7,33.9
81,D5Y7,1,120L,-6,37.6
81,D5Y7,1,120L,-5,42.3
81,D5Y7,1,120L,-4,44.6
81,D5Y7,1,120L,-3,48.4
81,D5Y7,1,120L,-2,55.8
81,D5Y7,1,120L,-1,60.0
81,D5Y7,1,120L,0,60.5
82,B3ZB,1,120L,-29,34.2
82,B3ZB,1,120L,-28,39.5
82,B3ZB,1,120L,-27,45.4
82,B3ZB,1,120L,-26,49.2
82,B3ZB,1,120L,-25,56.4
82,B3ZB,1,120L,-24,59.9
82,B3ZB,1,120L,-23,65.5
82,B3ZB,1,120L,-22,68.5
82,B3ZB,1,120L,-21,78.1
82,B3ZB,1,120L,-20,80.7
82,B3ZB,1,120L,-19,86.2
82,B3ZB,1,120L,-18,87.9
82,B3ZB,1,120L,-17,94.2
82,B3ZB,1,120L,-16,2.5
82,B3ZB,1,120L,-15,6.2
82,B3ZB,1,120L,-14,8.0
82,B3ZB,1,120L,-13,17.6
82,B3ZB,1,120L,-12,20.4
82,B3ZB,1,120L,-11,28.5
82,B3ZB,1,120L,-10,31.4
82,B3ZB,1,120L,-9,37.0
82,B3ZB,1,120L,-8,43.6
82,B3ZB,1,120L,-7,45.6
82,B3ZB,1,120L,-6,50.6
82,B3ZB,1,120L,-5,57.0
82,B3ZB,1,120L,-4,63.6
82,B3ZB,1,120L,-3,65.6
82,B3ZB,1,120L,-2,70.2
82,B3ZB,1,120L,-1,79.1
82,B3ZB,1,120L,0,82.1
83,PVRAIY,1,120L,-29,51.5
83,PVRAIY,1,120L,-28,57.5
83,PVRAIY,1,120L,-27,62.7
83,PVRAIY,1,120L,-26,68.3
83,PVRAIY,1,120L,-25,69.9
83,PVRAIY,1,120L,-24,77.8
83,PVRAIY,1,120L,-23,78.5
83,PVRAIY,1,120L,-22,82.7
83,PVRAIY,1,120L,-21,90.2
83,PVRAIY,1,120L,-20,92.4
83,PVRAIY,1,120L,-19,95.4
83,PVRAIY,1,120L,-18,0.2
83,PVRAIY,1,120L,-17,6.7
83,PVRAIY,1,120L,-16,11.1
83,PVRAIY,1,120L,-15,11.8
83,PVRAIY,1,120L,-14,17.2
83,PVRAIY,1,120L,-13,21.6
83,PVRAIY,1,120L,-12,24.2
83,PVRAIY,1,120L,-11,29.8
83,PVRAIY,1,120L,-10,34.0
83,PVRAIY,1,120L,-9,39.9
83,PVRAIY,1,120L,-8,44.2
83,PVRAIY,1,120L,-7,46.1
83,PVRAIY,1,120L,-6,50.5
83,PVRAIY,1,120L,-5,56.0
83,PVRAIY,1,120L,-4,58.3
83,PVRAIY,1,120L,-3,64.3
83,PVRAIY,1,120L,-2,67.5
83,PVRAIY,1,120L,-1,70.3
83,PVRAIY,1,120L,0,74.6
84,PVRAIY,1,120L,-29,25.7
84,PVRAIY,1,120L,-28,26.9
84,PVRAIY,1,120L,-27,32.5
84,PVRAIY,1,120L,-26,40.1
84,PVRAIY,1,120L,-25,39.3
84,PVRAIY,1,120L,-24,42.4
84,PVRAIY,1,120L,-23,51.6
84,PVRAIY,1,120L,-22,52.8
84,PVRAIY,1,120L,-21,58.5
84,PVRAIY,1,120L,-20,62.0
84,PVRAIY,1,120L,-19,67.7
84,PVRAIY,1,120L,-18,70.3
84,PVRAIY,1,120L,-17,75.8
84,PVRAIY,1,120L,-16,81.2
84,PVRAIY,1,120L,-15,83.4
84,PVRAIY,1,120L,-14,88.3
84,PVRAIY,1,120L,-13,93.2
84,PVRAIY,1,120L,-12,96.0
84,PVRAIY,1,120L,-11,1.9
84,PVRAIY,1,120L,-10,7.1
84,PVRAIY,1,120L,-9,10.8
84,PVRAIY,1,120L,-8,15.4
84,PVRAIY,1,120L,-7,20.1
84,PVRAIY,1,120L,-6,23.6
84,PVRAIY,1,120L,-5,30.0
84,PVRAIY,1,120L,-4,35.5
84,PVRAIY,1,120L,-3,37.1
84,PVRAIY,1,120L,-2,42.9
84,PVRAIY,1,120L,-1,46.2
84,PVRAIY,1,120L,0,51.5
85,SGIW,1,120L,-29,42.3
85,SGIW,1,120L,-28,44.0
85,SGIW,1,120L,-27,52.4
85,SGIW,1,120L,-26,58.7
85,SGIW,1,120L,-25,61.7
85,SGIW,1,120L,-24,68.6
85,SGIW,1,120L,-23,71.2
85,SGIW,1,120L,-22,75.1
85,SGIW,1,120L,-21,82.7
85,SGIW,1,120L,-20,85.0
85,SGIW,1,120L,-19,92.4
85,SGIW,1,120L,-18,99.8
85,SGIW,1,120L,-17,0.1
85,SGIW,1,120L,-16,6.2
85,SGIW,1,120L,-15,11.7
85,SGIW,1,120L,-14,18.2
85,SGIW,1,120L,-13,22.9
85,SGIW,1,120L,-12,30.7
85,SGIW,1,120L,-11,35.1
85,SGIW,1,120L,-10,39.5
85,SGIW,1,120L,-9,44.1
85,SGIW,1,120L,-8,49.6
85,SGIW,1,120L,-7,52.9
85,SGIW,1,120L,-6,60.6
85,SGIW,1,120L,-5,62.7
85,SGIW,1,120L,-4,70.8
85,SGIW,1,120L,-3,76.4
85,SGIW,1,120L,-2,80.1
85,SGIW,1,120L,-1,84.6
85,SGIW,1,120L,0,90.6
86,2L6I,1,120L,-29,54.6
86,2L6I,1,120L,-28,60.7
86,2L6I,1,120L,-27,67.8
86,2L6I,1,120L,-26,72.6
86,2L6I,1,120L,-25,77.0
86,2L6I,1,120L,-24,84.4
86,2L6I,1,120L,-23,90.7
86,2L6I,1,120L,-22,96.8
86,2L6I,1,120L,-21,2.8
86,2L6I,1,120L,-20,10.1
86,2L6I,1,120L,-19,12.9
86,2L6I,1,120L,-18,20.7
86,2L6I,1,120L,-17,28.4
86,2L6I,1,120L,-16,29.8
86,2L6I,1,120L,-15,38.7
86,2L6I,1,120L,-14,43.5
86,2L6I,1,120L,-13,49.8
86,2L6I,1,120L,-12,55.0
86,2L6I,1,120L,-11,62.0
86,2L6I,1,120L,-10,71.0
86,2L6I,1,120L,-9,72.3
86,2L6I,1,120L,-8,78.5
86,2L6I,1,120L,-7,84.2
86,2L6I,1,120L,-6,94.8
86,2L6I,1,120L,-5,97.4
86,2L6I,1,120L,-4,4.1
86,2L6I,1,120L,-3,9.5
86,2L6I,1,120L,-2,14.6
86,2L6I,1,120L,-1,21.7
86,2L6I,1,120L,0,31.7
87,VIUB,1,120L,-29,84.9
87,VIUB,1,120L,-28,91.6
87,VIUB,1,120L,-27,93.9
87,VIUB,1,120L,-26,96.9
87,VIUB,1,120L,-25,5.6
87,VIUB,1,120L,-24,10.3
87,VIUB,1,120L,-23,14.6
87,VIUB,1,120L,-22,16.8
87,VIUB,1,120L,-21,21.7
87,VIUB,1,120L,-20,27.6
87,VIUB,1,120L,-19,31.5
87,VIUB,1,120L,-18,34.8
87,VIUB,1,120L,-17,37.5
87,VIUB,1,120L,-16,44.5
87,VIUB,1,120L,-15,50.5
87,VIUB,1,120L,-14,51.5
87,VIUB,1,120L,-13,58.8
87,VIUB,1,120L,-12,62.8
87,VIUB,1,120L,-11,67.9
87,VIUB,1,120L,-10,72.5
87,VIUB,1,120L,-9,74.7
87,VIUB,1,120L,-8,77.8
87,VIUB,1,120L,-7,83.9
87,VIUB,1,120L,-6,90.5
87,VIUB,1,120L,-5,92.8
87,VIUB,1,120L,-4,97.0
87,VIUB,1,120L,-3,0.0
87,VIUB,1,120L,-2,9.7
87,VIUB,1,120L,-1,12.8
87,VIUB,1,120L,0,17.2
88,LIEV,1,120L,-29,16.7
88,LIEV,1,120L,-28,22.3
88,LIEV,1,120L,-27,27.4
88,LIEV,1,120L,-26,37.5
88,LIEV,1,120L,-25,39.9
88,LIEV,1,120L,-24,43.8
88,LIEV,1,120L,-23,50.7
88,LIEV,1,120L,-22,53.9
88,LIEV,1,120L,-21,63.2
88,LIEV,1,120L,-20,65.4
88,LIEV,1,120L,-19,72.6
88,LIEV,1,120L,-18,79.0
88,LIEV,1,120L,-17,83.4
88,LIEV,1,120L,-16,88.5
88,LIEV,1,120L,-15,93.8
88,LIEV,1,120L,-14,99.2
88,LIEV,1,120L,-13,3.9
88,LIEV,1,120L,-12,9.6
88,LIEV,1,120L,-11,17.9
88,LIEV,1,120L,-10,21.0
88,LIEV,1,120L,-9,25.5
88,LIEV,1,120L,-8,31.4
88,LIEV,1,120L,-7,39.3
88,LIEV,1,120L,-6,44.1
88,LIEV,1,120L,-5,49.4
88,LIEV,1,120L,-4,53.7
88,LIEV,1,120L,-3,60.4
88,LIEV,1,120L,-2,64.1
88,LIEV,1,120L,-1,70.1
88,LIEV,1,120L,0,77.5
89,7KUU,1,120L,-29,44.8
89,7KUU,1,120L,-28,49.2
89,7KUU,1,120L,-27,54.9
89,7KUU,1,120L,-26,61.6
89,7KUU,1,120L,-25,60.3
89,7KUU,1,120L,-24,67.9
89,7KUU,1,120L,-23,69.6
89,7KUU,1,120L,-22,75.0
89,7KUU,1,120L,-21,79.6
89,7KUU,1,120L,-20,83.7
89,7KUU,1,120L,-19,87.8
89,7KUU,1,120L,-18,92.8
89,7KUU,1,120L,-17,96.3
89,7KUU,1,120L,-16,0.0
89,7KUU,1,120L,-15,6.7
89,7KUU,1,120L,-14,10.9
89,7KUU,1,120L,-13,15.3
89,7KUU,1,120L,-12,15.9
89,7KUU,1,120L,-11,22.9
89,7KUU,1,120L,-10,27.7
89,7KUU,1,120L,-9,29.4
89,7KUU,1,120L,-8,35.2
89,7KUU,1,120L,-7,39.2
89,7KUU,1,120L,-6,46.4
89,7KUU,1,120L,-5,50.7
89,7KUU,1,120L,-4,49.6
89,7KUU,1,120L,-3,60.0
89,7KUU,1,120L,-2,59.2
89,7KUU,1,120L,-1,66.2
89,7KUU,1,120L,0,70.5
90,YUUH,1,120L,-29,14.6
90,YUUH,1,120L,-28,20.5
90,YUUH,1,120L,-27,24.9
90,YUUH,1,120L,-26,31.2
90,YUUH,1,120L,-25,34.4
90,YUUH,1,120L,-24,38.9
90,YUUH,1,120L,-23,45.7
90,YUUH,1,120L,-22,49.7
90,YUUH,1,120L,-21,54.8
90,YUUH,1,120L,-20,57.6
90,YUUH,1,120L,-19,61.9
90,YUUH,1,120L,-18,67.5
90,YUUH,1,120L,-17,72.3
90,YUUH,1,120L,-16,79.3
90,YUUH,1,120L,-15,84.4
90,YUUH,1,120L,-14,87.6
90,YUUH,1,120L,-13,94.8
90,YUUH,1,120L,-12,99.6
90,YUUH,1,120L,-11,2.8
90,YUUH,1,120L,-10,6.1
90,YUUH,1,120L,-9,14.5
90,YUUH,1,120L,-8,17.0
90,YUUH,1,120L,-7,22.1
90,YUUH,1,120L,-6,26.3
90,YUUH,1,120L,-5,30.3
90,YUUH,1,120L,-4,34.3
90,YUUH,1,120L,-3,42.3
90,YUUH,1,120L,-2,45.1
90,YUUH,1,120L,-1,55.7
90,YUUH,1,120L,0,54.4
91,MX3D,1,120L,-29,4.1
91,MX3D,1,120L,-28,10.4
91,MX3D,1,120L,-27,13.0
91,MX3D,1,120L,-26,18.5
91,MX3D,1,120L,-25,19.7
91,MX3D,1,120L,-24,26.2
91,MX3D,1,120L,-23,30.4
91,MX3D,1,120L,-22,33.9
91,MX3D,1,120L,-21,41.7
91,MX3D,1,120L,-20,43.0
91,MX3D,1,120L,-19,49.1
91,MX3D,1,120L,-18,55.1
91,MX3D,1,120L,-17,59.4
91,MX3D,1,120L,-16,66.1
91,MX3D,1,120L,-15,70.7
91,MX3D,1,120L,-14,76.4
91,MX3D,1,120L,-13,81.0
91,MX3D,1,120L,-12,86.3
91,MX3D,1,120L,-11,89.4
91,MX3D,1,120L,-10,94.6
91,MX3D,1,120L,-9,99.7
91,MX3D,1,120L,-8,3.9
91,MX3D,1,120L,-7,7.9
91,MX3D,1,120L,-6,12.8
91,MX3D,1,120L,-5,16.9
91,MX3D,1,120L,-4,23.5
91,MX3D,1,120L,-3,27.5
91,MX3D,1,120L,-2,31.4
91,MX3D,1,120L,-1,36.2
91,MX3D,1,120L,0,40.2
92,TQZ2,1,120L,-29,71.2
92,TQZ2,1,120L,-28,78.5
92,TQZ2,1,120L,-27,81.2
92,TQZ2,1,120L,-26,84.7
92,TQZ2,1,120L,-25,93.1
92,TQZ2,1,120L,-24,95.6
92,TQZ2,1,120L,-23,0.5
92,TQZ2,1,120L,-22,6.0
92,TQZ2,1,120L,-21,12.4
92,TQZ2,1,120L,-20,15.5
92,TQZ2,1,120L,-19,18.4
92,TQZ2,1,120L,-18,25.8
92,TQZ2,1,120L,-17,29.1
92,TQZ2,1,120L,-16,37.4
92,TQZ2,1,120L,-15,39.4
92,TQZ2,1,120L,-14,40.8
92,TQZ2,1,120L,-13,49.4
92,TQZ2,1,120L,-12,56.6
92,TQZ2,1,120L,-11,60.8
92,TQZ2,1,120L,-10,66.0
92,TQZ2,1,120L,-9,66.5
92,TQZ2,1,120L,-8,74.2
92,TQZ2,1,120L,-7,76.5
92,TQZ2,1,120L,-6,82.7
92,TQZ2,1,120L,-5,85.2
92,TQZ2,1,120L,-4,90.9
92,TQZ2,1,120L,-3,95.7
92,TQZ2,1,120L,-2,2.8
92,TQZ2,1,120L,-1,7.4
92,TQZ2,1,120L,0,11.4
93,4OBW,1,120L,-29,96.4
93,4OBW,1,120L,-28,0.2
93,4OBW,1,120L,-27,7.0
93,4OBW,1,120L,-26,11.9
93,4OBW,1,120L,-25,16.1
93,4OBW,1,120L,-24,17.8
93,4OBW,1,120L,-23,19.3
93,4OBW,1,120L,-22,25.1
93,4OBW,1,120L,-21,34.3
93,4OBW,1,120L,-20,36.0
93,4OBW,1,120L,-19,39.9
93,4OBW,1,120L,-18,47.9
93,4OBW,1,120L,-17,51.8
93,4OBW,1,120L,-16,54.3
93,4OBW,1,120L,-15,58.3
93,4OBW,1,120L,-14,62.9
93,4OBW,1,120L,-13,67.9
93,4OBW,1,120L,-12,74.4
93,4OBW,1,120L,-11,77.0
93,4OBW,1,120L,-10,81.9
93,4OBW,1,120L,-9,87.0
93,4OBW,1,120L,-8,87.9
93,4OBW,1,120L,-7,95.2
93,4OBW,1,120L,-6,98.0
93,4OBW,1,120L,-5,0.0
93,4OBW,1,120L,-4,4.1
93,4OBW,1,120L,-3,10.2
93,4OBW,1,120L,-2,17.0
93,4OBW,1,120L,-1,20.8
93,4OBW,1,120L,0,25.3
94,42E3,1,120L,-29,38.2
94,42E3,1,120L,-28,44.2
94,42E3,1,120L,-27,48.3
94,42E3,1,120L,-26,55.0
94,42E3,1,120L,-25,58.1
94,42E3,1,120L,-24,68.2
94,42E3,1,120L,-23,70.7
94,42E3,1,120L,-22,80.3
94,42E3,1,120L,-21,82.8
94,42E3,1,120L,-20,90.0
94,42E3,1,120L,-19,93.9
94,42E3,1,120L,-18,99.5
94,42E3,1,120L,-17,4.3
94,42E3,1,120L,-16,10.9
94,42E3,1,120L,-15,16.8
94,42E3,1,120L,-14,20.7
94,42E3,1,120L,-13,27.3
94,42E3,1,120L,-12,32.1
94,42E3,1,120L,-11,42.1
94,42E3,1,120L,-10,44.1
94,42E3,1,120L,-9,52.1
94,42E3,1,120L,-8,55.1
94,42E3,1,120L,-7,61.3
94,42E3,1,120L,-6,64.5
94,42E3,1,120L,-5,71.4
94,42E3,1,120L,-4,78.0
94,42E3,1,120L,-3,85.6
94,42E3,1,120L,-2,89.2
94,42E3,1,120L,-1,96.5
94,42E3,1,120L,0,1.0
95,EHNR,1,120L,-29,51.6
95,EHNR,1,120L,-28,59.0
95,EHNR,1,120L,-27,58.5
95,EHNR,1,120L,-26,61.8
95,EHNR,1,120L,-25,64.8
95,EHNR,1,120L,-24,73.9
95,EHNR,1,120L,-23,75.4
95,EHNR,1,120L,-22,77.4
95,EHNR,1,120L,-21,83.5
95,EHNR,1,120L,-20,86.4
95,EHNR,1,120L,-19,92.0
95,EHNR,1,120L,-18,90.5
95,EHNR,1,120L,-17,96.1
95,EHNR,1,120L,-16,0.0
95,EHNR,1,120L,-15,1.0
95,EHNR,1,120L,-14,9.3
95,EHNR,1,120L,-13,11.1
95,EHNR,1,120L,-12,16.3
95,EHNR,1,120L,-11,22.5
95,EHNR,1,120L,-10,22.1
95,EHNR,1,120L,-9,25.8
95,EHNR,1,120L,-8,30.3
95,EHNR,1,120L,-7,35.3
95,EHNR,1,120L,-6,36.7
95,EHNR,1,120L,-5,40.4
95,EHNR,1,120L,-4,46.7
95,EHNR,1,120L,-3,49.4
95,EHNR,1,120L,-2,49.5
95,EHNR,1,120L,-1,54.4
95,EHNR,1,120L,0,62.3
96,6HTD,1,120L,-29,34.6
96,6HTD,1,120L,-28,38.0
96,6HTD,1,120L,-27,42.3
96,6HTD,1,120L,-26,42.3
96,6HTD,1,120L,-25,46.2
96,6HTD,1,120L,-24,51.0
96,6HTD,1,120L,-23,53.6
96,6HTD,1,120L,-22,57.7
96,6HTD,1,120L,-21,58.2
96,6HTD,1,120L,-20,63.7
96,6HTD,1,120L,-19,67.9
96,6HTD,1,120L,-18,70.2
96,6HTD,1,120L,-17,72.8
96,6HTD,1,120L,-16,75.6
96,6HTD,1,120L,-15,77.6
96,6HTD,1,120L,-14,81.9
96,6HTD,1,120L,-13,87.0
96,6HTD,1,120L,-12,88.1
96,6HTD,1,120L,-11,90.1
96,6HTD,1,120L,-10,93.8
96,6HTD,1,120L,-9,98.0
96,6HTD,1,120L,-8,0.3
96,6HTD,1,120L,-7,4.7
96,6HTD,1,120L,-6,7.9
96,6HTD,1,120L,-5,11.6
96,6HTD,1,120L,-4,15.6
96,6HTD,1,120L,-3,18.1
96,6HTD,1,120L,-2,18.3
96,6HTD,1,120L,-1,21.5
96,6HTD,1,120L,0,25.9
97,6IME,1,120L,-29,59.4
97,6IME,1,120L,-28,65.5
97,6IME,1,120L,-27,70.5
97,6IME,1,120L,-26,75.3
97,6IME,1,120L,-25,80.9
97,6IME,1,120L,-24,88.2
97,6IME,1,120L,-23,91.8
97,6IME,1,120L,-22,100.0
97,6IME,1,120L,-21,1.9
97,6IME,1,120L,-20,6.2
97,6IME,1,120L,-19,11.7
97,6IME,1,120L,-18,17.2
97,6IME,1,120L,-17,22.5
97,6IME,1,120L,-16,30.0
97,6IME,1,120L,-15,30.7
97,6IME,1,120L,-14,38.4
97,6IME,1,120L,-13,42.4
97,6IME,1,120L,-12,44.8
97,6IME,1,120L,-11,53.4
97,6IME,1,120L,-10,59.2
97,6IME,1,120L,-9,61.1
97,6IME,1,120L,-8,67.5
97,6IME,1,120L,-7,69.9
97,6IME,1,120L,-6,75.7
97,6IME,1,120L,-5,84.2
97,6IME,1,120L,-4,87.0
97,6IME,1,120L,-3,91.1
97,6IME,1,120L,-2,98.2
97,6IME,1,120L,-1,2.1
97,6IME,1,120L,0,7.3
98,A2MK,1,240L,-29,33.5
98,A2MK,1,240L,-28,40.0
98,A2MK,1,240L,-27,46.2
98,A2MK,1,240L,-26,51.5
98,A2MK,1,240L,-25,53.6
98,A2MK,1,240L,-24,60.9
98,A2MK,1,240L,-23,63.3
98,A2MK,1,240L,-22,72.1
98,A2MK,1,240L,-21,72.6
98,A2MK,1,240L,-20,81.3
98,A2MK,1,240L,-19,83.2
98,A2MK,1,240L,-18,92.2
98,A2MK,1,240L,-17,95.0
98,A2MK,1,240L,-16,97.5
98,A2MK,1,240L,-15,3.2
98,A2MK,1,240L,-14,10.1
98,A2MK,1,240L,-13,15.4
98,A2MK,1,240L,-12,18.7
98,A2MK,1,240L,-11,23.8
98,A2MK,1,240L,-10,29.8
98,A2MK,1,240L,-9,33.8
98,A2MK,1,240L,-8,36.6
98,A2MK,1,240L,-7,42.2
98,A2MK,1,240L,-6,48.7
98,A2MK,1,240L,-5,55.1
98,A2MK,1,240L,-4,60.7
98,A2MK,1,240L,-3,64.4
98,A2MK,1,240L,-2,68.6
98,A2MK,1,240L,-1,74.2
98,A2MK,1,240L,0,77.0
99,74ZLG3,1,120L,-29,8.4
99,74ZLG3,1,120L,-28,10.9
99,74ZLG3,1,120L,-27,16.3
99,74ZLG3,1,120L,-26,19.2
99,74ZLG3,1,120L,-25,23.0
99,74ZLG3,1,120L,-24,25.9
99,74ZLG3,1,120L,-23,28.5
99,74ZLG3,1,120L,-22,32.1
99,74ZLG3,1,120L,-21,34.2
99,74ZLG3,1,120L,-20,38.0
99,74ZLG3,1,120L,-19,39.4
99,74ZLG3,1,120L,-18,44.1
99,74ZLG3,1,120L,-17,47.6
99,74ZLG3,1,120L,-16,48.7
99,74ZLG3,1,120L,-15,52.9
99,74ZLG3,1,120L,-14,54.9
99,74ZLG3,1,120L,-13,58.2
99,74ZLG3,1,120L,-12,60.3
99,74ZLG3,1,120L,-11,67.0
99,74ZLG3,1,120L,-10,69.8
99,74ZLG3,1,120L,-9,72.1
99,74ZLG3,1,120L,-8,77.3
99,74ZLG3,1,120L,-7,77.2
99,74ZLG3,1,120L,-6,85.1
99,74ZLG3,1,120L,-5,83.3
99,74ZLG3,1,120L,-4,87.1
99,74ZLG3,1,120L,-3,89.2
99,74ZLG3,1,120L,-2,93.4
99,74ZLG3,1,120L,-1,97.2
99,74ZLG3,1,120L,0,98.8
100,B3FI,1,120L,-29,70.9
100,B3FI,1,120L,-28,74.2
100,B3FI,1,120L,-27,81.3
100,B3FI,1,120L,-26,85.5
100,B3FI,1,120L,-25,89.9
100,B3FI,1,120L,-24,94.8
100,B3FI,1,120L,-23,5.0
100,B3FI,1,120L,-22,5.7
100,B3FI,1,120L,-21,9.0
100,B3FI,1,120L,-20,15.2
100,B3FI,1,120L,-19,21.3
100,B3FI,1,120L,-18,27.3
100,B3FI,1,120L,-17,32.4
100,B3FI,1,120L,-16,37.6
100,B3FI,1,120L,-15,40.7
100,B3FI,1,120L,-14,47.3
100,B3FI,1,120L,-13,50.6
100,B3FI,1,120L,-12,56.0
100,B3FI,1,120L,-11,60.7
100,B3FI,1,120L,-10,65.4
100,B3FI,1,120L,-9,73.8
100,B3FI,1,120L,-8,78.3
100,B3FI,1,120L,-7,83.9
100,B3FI,1,120L,-6,87.5
100,B3FI,1,120L,-5,93.7
100,B3FI,1,120L,-4,95.0
100,B3FI,1,120L,-3,4.0
100,B3FI,1,120L,-2,8.1
100,B3FI,1,120L,-1,13.9
100,B3FI,1,120L,0,18.6
101,FDSTRJ,1,120L,-29,54.8
101,FDSTRJ,1,120L,-28,61.4
101,FDSTRJ,1,120L,-27,68.7
101,FDSTRJ,1,120L,-26,74.3
101,FDSTRJ,1,120L,-25,76.6
101,FDSTRJ,1,120L,-24,82.6
101,FDSTRJ,1,120L,-23,88.4
101,FDSTRJ,1,120L,-22,94.4
101,FDSTRJ,1,120L,-21,0.0
101,FDSTRJ,1,120L,-20,3.6
101,FDSTRJ,1,120L,-19,9.9
101,FDSTRJ,1,120L,-18,16.7
101,FDSTRJ,1,120L,-17,20.2
101,FDSTRJ,1,120L,-16,27.2
101,FDSTRJ,1,120L,-15,34.4
101,FDSTRJ,1,120L,-14,36.3
101,FDSTRJ,1,120L,-13,43.3
101,FDSTRJ,1,120L,-12,50.6
101,FDSTRJ,1,120L,-11,53.8
101,FDSTRJ,1,120L,-10,59.0
101,FDSTRJ,1,120L,-9,67.0
101,FDSTRJ,1,120L,-8,70.2
101,FDSTRJ,1,120L,-7,77.8
101,FDSTRJ,1,120L,-6,82.2
101,FDSTRJ,1,120L,-5,86.4
101,FDSTRJ,1,120L,-4,93.1
101,FDSTRJ,1,120L,-3,98.2
101,FDSTRJ,1,120L,-2,4.7
101,FDSTRJ,1,120L,-1,7.8
101,FDSTRJ,1,120L,0,14.1
102,H7MM,1,120L,-29,69.8
102,H7MM,1,120L,-28,77.7
102,H7MM,1,120L,-27,81.8
102,H7MM,1,120L,-26,84.0
102,H7MM,1,120L,-25,92.7
102,H7MM,1,120L,-24,99.1
102,H7MM,1,120L,-23,2.1
102,H7MM,1,120L,-22,7.7
102,H7MM,1,120L,-21,10.5
102,H7MM,1,120L,-20,12.8
102,H7MM,1,120L,-19,17.4
102,H7MM,1,120L,-18,25.4
102,H7MM,1,120L,-17,29.1
102,H7MM,1,120L,-16,33.5
102,H7MM,1,120L,-15,39.6
102,H7MM,1,120L,-14,45.5
102,H7MM,1,120L,-13,47.3
102,H7MM,1,120L,-12,53.7
102,H7MM,1,120L,-11,61.5
102,H7MM,1,120L,-10,62.5
102,H7MM,1,120L,-9,70.3
102,H7MM,1,120L,-8,73.2
102,H7MM,1,120L,-7,79.6
102,H7MM,1,120L,-6,85.3
102,H7MM,1,120L,-5,89.7
102,H7MM,1,120L,-4,94.8
102,H7MM,1,120L,-3,96.6
102,H7MM,1,120L,-2,4.9
102,H7MM,1,120L,-1,6.8
102,H7MM,1,120L,0,13.4
103,EUZU,1,120L,-29,54.6
103,EUZU,1,120L,-28,57.5
103,EUZU,1,120L,-27,58.7
103,EUZU,1,120L,-26,61.0
103,EUZU,1,120L,-25,67.4
103,EUZU,1,120L,-24,69.4
103,EUZU,1,120L,-23,73.9
103,EUZU,1,120L,-22,75.1
103,EUZU,1,120L,-21,76.1
103,EUZU,1,120L,-20,82.7
103,EUZU,1,120L,-19,83.7
103,EUZU,1,120L,-18,87.8
103,EUZU,1,120L,-17,89.4
103,EUZU,1,120L,-16,95.9
103,EUZU,1,120L,-15,95.1
103,EUZU,1,120L,-14,99.0
103,EUZU,1,120L,-13,2.7
103,EUZU,1,120L,-12,3.9
103,EUZU,1,120L,-11,9.1
103,EUZU,1,120L,-10,14.0
103,EUZU,1,120L,-9,13.9
103,EUZU,1,120L,-8,18.3
103,EUZU,1,120L,-7,16.6
103,EUZU,1,120L,-6,23.7
103,EUZU,1,120L,-5,26.3
103,EUZU,1,120L,-4,28.6
103,EUZU,1,120L,-3,34.5
103,EUZU,1,120L,-2,35.4
103,EUZU,1,120L,-1,38.7
103,EUZU,1,120L,0,41.4
104,LQS7,1,120L,-29,94.3
104,LQS7,1,120L,-28,93.1
104,LQS7,1,120L,-27,98.4
104,LQS7,1,120L,-26,2.3
104,LQS7,1,120L,-25,8.9
104,LQS7,1,120L,-24,10.8
104,LQS7,1,120L,-23,12.2
104,LQS7,1,120L,-22,18.3
104,LQS7,1,120L,-21,18.6
104,LQS7,1,120L,-20,24.5
104,LQS7,1,120L,-19,24.3
104,LQS7,1,120L,-18,31.3
104,LQS7,1,120L,-17,32.5
104,LQS7,1,120L,-16,34.9
104,LQS7,1,120L,-15,39.4
104,LQS7,1,120L,-14,43.5
104,LQS7,1,120L,-13,45.7
104,LQS7,1,120L,-12,50.7
104,LQS7,1,120L,-11,52.3
104,LQS7,1,120L,-10,57.4
104,LQS7,1,120L,-9,60.5
104,LQS7,1,120L,-8,63.1
104,LQS7,1,120L,-7,65.9
104,LQS7,1,120L,-6,70.1
104,LQS7,1,120L,-5,74.1
104,LQS7,1,120L,-4,79.7
104,LQS7,1,120L,-3,81.4
104,LQS7,1,120L,-2,84.8
104,LQS7,1,120L,-1,91.3
104,LQS7,1,120L,0,90.8
105,QOH2,1,120L,-29,68.6
105,QOH2,1,120L,-28,70.7
105,QOH2,1,120L,-27,76.2
105,QOH2,1,120L,-26,80.8
105,QOH2,1,120L,-25,87.2
105,QOH2,1,120L,-24,90.6
105,QOH2,1,120L,-23,95.8
105,QOH2,1,120L,-22,1.9
105,QOH2,1,120L,-21,6.2
105,QOH2,1,120L,-20,9.3
105,QOH2,1,120L,-19,13.3
105,QOH2,1,120L,-18,20.6
105,QOH2,1,120L,-17,24.8
105,QOH2,1,120L,-16,25.9
105,QOH2,1,120L,-15,32.5
105,QOH2,1,120L,-14,37.9
105,QOH2,1,120L,-13,43.5
105,QOH2,1,120L,-12,48.3
105,QOH2,1,120L,-11,52.1
105,QOH2,1,120L,-10,57.2
105,QOH2,1,120L,-9,61.1
105,QOH2,1,120L,-8,64.6
105,QOH2,1,120L,-7,69.9
105,QOH2,1,120L,-6,75.0
105,QOH2,1,120L,-5,79.6
105,QOH2,1,120L,-4,81.5
105,QOH2,1,120L,-3,88.4
105,QOH2,1,120L,-2,93.7
105,QOH2,1,120L,-1,97.9
105,QOH2,1,120L,0,2.6
106,7WIN,1,240L,-29,17.5
106,7WIN,1,240L,-28,24.3
106,7WIN,1,240L,-27,30.9
106,7WIN,1,240L,-26,37.2
106,7WIN,1,240L,-25,40.7
106,7WIN,1,240L,-24,42.2
106,7WIN,1,240L,-23,49.0
106,7WIN,1,240L,-22,54.6
106,7WIN,1,240L,-21,59.4
106,7WIN,1,240L,-20,64.8
106,7WIN,1,240L,-19,67.6
106,7WIN,1,240L,-18,73.9
106,7WIN,1,240L,-17,79.4
106,7WIN,1,240L,-16,84.9
106,7WIN,1,240L,-15,87.3
106,7WIN,1,240L,-14,92.9
106,7WIN,1,240L,-13,94.3
106,7WIN,1,240L,-12,2.3
106,7WIN,1,240L,-11,7.3
106,7WIN,1,240L,-10,11.5
106,7WIN,1,240L,-9,18.2
106,7WIN,1,240L,-8,22.7
106,7WIN,1,240L,-7,24.3
106,7WIN,1,240L,-6,32.9
106,7WIN,1,240L,-5,36.1
106,7WIN,1,240L,-4,43.1
106,7WIN,1,240L,-3,45.4
106,7WIN,1,240L,-2,52.2
106,7WIN,1,240L,-1,56.7
106,7WIN,1,240L,0,62.5
107,LUKAU6,1,240L,-29,40.8
107,LUKAU6,1,240L,-28,45.1
107,LUKAU6,1,240L,-27,51.5
107,LUKAU6,1,240L,-26,59.1
107,LUKAU6,1,240L,-25,66.2
107,LUKAU6,1,240L,-24,71.6
107,LUKAU6,1,240L,-23,79.7
107,LUKAU6,1,240L,-22,84.6
107,LUKAU6,1,240L,-21,89.9
107,LUKAU6,1,240L,-20,97.2
107,LUKAU6,1,240L,-19,4.2
107,LUKAU6,1,240L,-18,10.6
107,LUKAU6,1,240L,-17,19.2
107,LUKAU6,1,240L,-16,21.7
107,LUKAU6,1,240L,-15,28.8
107,LUKAU6,1,240L,-14,35.9
107,LUKAU6,1,240L,-13,41.5
107,LUKAU6,1,240L,-12,47.0
107,LUKAU6,1,240L,-11,51.7
107,LUKAU6,1,240L,-10,59.5
107,LUKAU6,1,240L,-9,65.0
107,LUKAU6,1,240L,-8,70.3
107,LUKAU6,1,240L,-7,77.9
107,LUKAU6,1,240L,-6,83.8
107,LUKAU6,1,240L,-5,92.5
107,LUKAU6,1,240L,-4,98.8
107,LUKAU6,1,240L,-3,2.8
107,LUKAU6,1,240L,-2,10.1
107,LUKAU6,1,240L,-1,13.9
107,LUKAU6,1,240L,0,22.3
108,7VCQ,1,240L,-29,30.8
108,7VCQ,1,240L,-28,40.3
108,7VCQ,1,240L,-27,43.2
108,7VCQ,1,240L,-26,50.4
108,7VCQ,1,240L,-25,60.2
108,7VCQ,1,240L,-24,68.4
108,7VCQ,1,240L,-23,73.4
108,7VCQ,1,240L,-22,79.4
108,7VCQ,1,240L,-21,83.0
108,7VCQ,1,240L,-20,90.0
108,7VCQ,1,240L,-19,100.0
108,7VCQ,1,240L,-18,6.1
108,7VCQ,1,240L,-17,11.8
108,7VCQ,1,240L,-16,20.4
108,7VCQ,1,240L,-15,27.2
108,7VCQ,1,240L,-14,35.3
108,7VCQ,1,240L,-13,40.9
108,7VCQ,1,240L,-12,49.3
108,7VCQ,1,240L,-11,54.3
108,7VCQ,1,240L,-10,60.9
108,7VCQ,1,240L,-9,69.4
108,7VCQ,1,240L,-8,73.2
108,7VCQ,1,240L,-7,85.6
108,7VCQ,1,240L,-6,88.8
108,7VCQ,1,240L,-5,95.6
108,7VCQ,1,240L,-4,2.6
108,7VCQ,1,240L,-3,11.4
108,7VCQ,1,240L,-2,16.6
108,7VCQ,1,240L,-1,19.8
108,7VCQ,1,240L,0,31.1
109,FOY2RW,1,240L,-29,60.2
109,FOY2RW,1,240L,-28,64.9
109,FOY2RW,1,240L,-27,74.4
109,FOY2RW,1,240L,-26,79.3
109,FOY2RW,1,240L,-25,87.2
109,FOY2RW,1,240L,-24,93.4
109,FOY2RW,1,240L,-23,3.5
109,FOY2RW,1,240L,-22,10.3
109,FOY2RW,1,240L,-21,14.2
109,FOY2RW,1,240L,-20,21.0
109,FOY2RW,1,240L,-19,27.1
109,FOY2RW,1,240L,-18,36.0
109,FOY2RW,1,240L,-17,40.6
109,FOY2RW,1,240L,-16,47.3
109,FOY2RW,1,240L,-15,56.1
109,FOY2RW,1,240L,-14,60.6
109,FOY2RW,1,240L,-13,68.1
109,FOY2RW,1,240L,-12,72.5
109,FOY2RW,1,240L,-11,82.7
109,FOY2RW,1,240L,-10,91.3
109,FOY2RW,1,240L,-9,96.3
109,FOY2RW,1,240L,-8,4.1
109,FOY2RW,1,240L,-7,7.4
109,FOY2RW,1,240L,-6,15.8
109,FOY2RW,1,240L,-5,20.8
109,FOY2RW,1,240L,-4,28.6
109,FOY2RW,1,240L,-3,36.9
109,FOY2RW,1,240L,-2,42.6
109,FOY2RW,1,240L,-1,47.1
109,FOY2RW,1,240L,0,54.0
110,7T6P,1,120L,-29,17.1
110,7T6P,1,120L,-28,20.5
110,7T6P,1,120L,-27,20.0
110,7T6P,1,120L,-26,29.4
110,7T6P,1,120L,-25,33.1
110,7T6P,1,120L,-24,33.8
110,7T6P,1,120L,-23,40.0
110,7T6P,1,120L,-22,46.6
110,7T6P,1,120L,-21,50.2
110,7T6P,1,120L,-20,51.8
110,7T6P,1,120L,-19,59.1
110,7T6P,1,120L,-18,59.4
110,7T6P,1,120L,-17,66.6
110,7T6P,1,120L,-16,73.1
110,7T6P,1,120L,-15,75.8
110,7T6P,1,120L,-14,79.5
110,7T6P,1,120L,-13,86.0
110,7T6P,1,120L,-12,90.5
110,7T6P,1,120L,-11,95.4
110,7T6P,1,120L,-10,99.2
110,7T6P,1,120L,-9,3.9
110,7T6P,1,120L,-8,7.8
110,7T6P,1,120L,-7,11.5
110,7T6P,1,120L,-6,15.7
110,7T6P,1,120L,-5,19.6
110,7T6P,1,120L,-4,22.5
110,7T6P,1,120L,-3,27.3
110,7T6P,1,120L,-2,32.8
110,7T6P,1,120L,-1,37.9
110,7T6P,1,120L,0,44.2
111,DL7T,1,120L,-29,40.2
111,DL7T,1,120L,-28,44.1
111,DL7T,1,120L,-27,45.9
111,DL7T,1,120L,-26,50.9
111,DL7T,1,120L,-25,53.4
111,DL7T,1,120L,-24,59.5
111,DL7T,1,120L,-23,62.2
111,DL7T,1,120L,-22,63.3
111,DL7T,1,120L,-21,69.1
111,DL7T,1,120L,-20,75.1
111,DL7T,1,120L,-19,76.1
111,DL7T,1,120L,-18,80.8
111,DL7T,1,120L,-17,84.7
111,DL7T,1,120L,-16,86.1
111,DL7T,1,120L,-15,92.2
111,DL7T,1,120L,-14,93.1
111,DL7T,1,120L,-13,98.1
111,DL7T,1,120L,-12,4.4
111,DL7T,1,120L,-11,7.1
111,DL7T,1,120L,-10,9.8
111,DL7T,1,120L,-9,14.7
111,DL7T,1,120L,-8,17.7
111,DL7T,1,120L,-7,21.6
111,DL7T,1,120L,-6,26.4
111,DL7T,1,120L,-5,28.1
111,DL7T,1,120L,-4,33.0
111,DL7T,1,120L,-3,36.2
111,DL7T,1,120L,-2,38.1
111,DL7T,1,120L,-1,42.8
111,DL7T,1,120L,0,50.4
112,L4APOF,1,120L,-29,93.6
112,L4APOF,1,120L,-28,0.7
112,L4APOF,1,120L,-27,8.2
112,L4APOF,1,120L,-26,10.5
112,L4APOF,1,120L,-25,17.8
112,L4APOF,1,120L,-24,21.3
112,L4APOF,1,120L,-23,26.4
112,L4APOF,1,120L,-22,28.7
112,L4APOF,1,120L,-21,37.1
112,L4APOF,1,120L,-20,40.1
112,L4APOF,1,120L,-19,46.9
112,L4APOF,1,120L,-18,49.4
112,L4APOF,1,120L,-17,55.8
112,L4APOF,1,120L,-16,61.0
112,L4APOF,1,120L,-15,65.2
112,L4APOF,1,120L,-14,71.1
112,L4APOF,1,120L,-13,75.0
112,L4APOF,1,120L,-12,79.4
112,L4APOF,1,120L,-11,87.8
112,L4APOF,1,120L,-10,91.9
112,L4APOF,1,120L,-9,94.1
112,L4APOF,1,120L,-8,1.1
112,L4APOF,1,120L,-7,4.1
112,L4APOF,1,120L,-6,8.4
112,L4APOF,1,120L,-5,16.7
112,L4APOF,1,120L,-4,17.6
112,L4APOF,1,120L,-3,26.5
112,L4APOF,1,120L,-2,29.7
112,L4APOF,1,120L,-1,34.7
112,L4APOF,1,120L,0,40.6
113,7QZLCR,1,1.100L,-29,63.1
113,7QZLCR,1,1.100L,-28,74.7
113,7QZLCR,1,1.100L,-27,83.1
113,7QZLCR,1,1.100L,-26,90.3
113,7QZLCR,1,1.100L,-25,1.2
113,7QZLCR,1,1.100L,-24,12.8
113,7QZLCR,1,1.100L,-23,22.5
113,7QZLCR,1,1.100L,-22,30.3
113,7QZLCR,1,1.100L,-21,36.7
113,7QZLCR,1,1.100L,-20,48.5
113,7QZLCR,1,1.100L,-19,58.3
113,7QZLCR,1,1.100L,-18,67.3
113,7QZLCR,1,1.100L,-17,76.7
113,7QZLCR,1,1.100L,-16,85.3
113,7QZLCR,1,1.100L,-15,93.9
113,7QZLCR,1,1.100L,-14,2.4
113,7QZLCR,1,1.100L,-13,9.7
113,7QZLCR,1,1.100L,-12,22.3
113,7QZLCR,1,1.100L,-11,31.4
113,7QZLCR,1,1.100L,-10,41.2
113,7QZLCR,1,1.100L,-9,47.6
113,7QZLCR,1,1.100L,-8,59.9
113,7QZLCR,1,1.100L,-7,71.2
113,7QZLCR,1,1.100L,-6,77.5
113,7QZLCR,1,1.100L,-5,86.6
113,7QZLCR,1,1.100L,-4,96.4
113,7QZLCR,1,1.100L,-3,8.3
113,7QZLCR,1,1.100L,-2,12.9
113,7QZLCR,1,1.100L,-1,24.0
113,7QZLCR,1,1.100L,0,31.8
114,CUGP,1,120L,-29,25.2
114,CUGP,1,120L,-28,31.3
114,CUGP,1,120L,-27,34.6
114,CUGP,1,120L,-26,38.8
114,CUGP,1,120L,-25,48.4
114,CUGP,1,120L,-24,49.4
114,CUGP,1,120L,-23,54.6
114,CUGP,1,120L,-22,58.2
114,CUGP,1,120L,-21,68.3
114,CUGP,1,120L,-20,73.0
114,CUGP,1,120L,-19,80.6
114,CUGP,1,120L,-18,80.2
114,CUGP,1,120L,-17,89.9
114,CUGP,1,120L,-16,93.2
114,CUGP,1,120L,-15,99.6
114,CUGP,1,120L,-14,1.3
114,CUGP,1,120L,-13,11.4
114,CUGP,1,120L,-12,15.7
114,CUGP,1,120L,-11,19.8
114,CUGP,1,120L,-10,26.2
114,CUGP,1,120L,-9,29.5
114,CUGP,1,120L,-8,35.2
114,CUGP,1,120L,-7,40.7
114,CUGP,1,120L,-6,44.0
114,CUGP,1,120L,-5,53.4
114,CUGP,1,120L,-4,59.3
114,CUGP,1,120L,-3,61.8
114,CUGP,1,120L,-2,68.8
114,CUGP,1,120L,-1,73.2
114,CUGP,1,120L,0,79.5
115,AWBU,1,120L,-29,61.5
115,AWBU,1,120L,-28,68.7
115,AWBU,1,120L,-27,71.3
115,AWBU,1,120L,-26,78.8
115,AWBU,1,120L,-25,80.1
115,AWBU,1,120L,-24,83.0
115,AWBU,1,120L,-23,90.5
115,AWBU,1,120L,-22,94.0
115,AWBU,1,120L,-21,98.4
115,AWBU,1,120L,-20,3.4
115,AWBU,1,120L,-19,5.0
115,AWBU,1,120L,-18,10.1
115,AWBU,1,120L,-17,14.4
115,AWBU,1,120L,-16,17.0
115,AWBU,1,120L,-15,22.8
115,AWBU,1,120L,-14,29.6
115,AWBU,1,120L,-13,32.2
115,AWBU,1,120L,-12,34.2
115,AWBU,1,120L,-11,38.2
115,AWBU,1,120L,-10,47.3
115,AWBU,1,120L,-9,49.0
115,AWBU,1,120L,-8,52.5
115,AWBU,1,120L,-7,57.4
115,AWBU,1,120L,-6,59.9
115,AWBU,1,120L,-5,68.5
115,AWBU,1,120L,-4,70.1
115,AWBU,1,120L,-3,77.1
115,AWBU,1,120L,-2,79.4
115,AWBU,1,120L,-1,85.8
115,AWBU,1,120L,0,88.4
116,LDNFET,1,240L,-29,11.5
116,LDNFET,1,240L,-28,16.5
116,LDNFET,1,240L,-27,20.9
116,LDNFET,1,240L,-26,29.5
116,LDNFET,1,240L,-25,30.5
116,LDNFET,1,240L,-24,37.2
116,LDNFET,1,240L,-23,42.6
116,LDNFET,1,240L,-22,48.5
116,LDNFET,1,240L,-21,52.6
116,LDNFET,1,240L,-20,59.0
116,LDNFET,1,240L,-19,63.6
116,LDNFET,1,240L,-18,66.8
116,LDNFET,1,240L,-17,74.5
116,LDNFET,1,240L,-16,78.2
116,LDNFET,1,240L,-15,82.5
116,LDNFET,1,240L,-14,90.7
116,LDNFET,1,240L,-13,96.5
116,LDNFET,1,240L,-12,1.9
116,LDNFET,1,240L,-11,7.3
116,LDNFET,1,240L,-10,8.9
116,LDNFET,1,240L,-9,15.0
116,LDNFET,1,240L,-8,25.4
116,LDNFET,1,240L,-7,26.2
116,LDNFET,1,240L,-6,34.0
116,LDNFET,1,240L,-5,37.4
116,LDNFET,1,240L,-4,43.8
116,LDNFET,1,240L,-3,48.1
116,LDNFET,1,240L,-2,55.2
116,LDNFET,1,240L,-1,59.9
116,LDNFET,1,240L,0,64.3
117,5CNOGA,1,120L,-29,50.8
117,5CNOGA,1,120L,-28,54.4
117,5CNOGA,1,120L,-27,62.8
117,5CNOGA,1,120L,-26,72.0
117,5CNOGA,1,120L,-25,75.9
117,5CNOGA,1,120L,-24,80.9
117,5CNOGA,1,120L,-23,85.5
117,5CNOGA,1,120L,-22,88.6
117,5CNOGA,1,120L,-21,95.5
117,5CNOGA,1,120L,-20,5.2
117,5CNOGA,1,120L,-19,8.0
117,5CNOGA,1,120L,-18,14.0
117,5CNOGA,1,120L,-17,20.7
117,5CNOGA,1,120L,-16,25.3
117,5CNOGA,1,120L,-15,30.9
117,5CNOGA,1,120L,-14,38.6
117,5CNOGA,1,120L,-13,43.2
117,5CNOGA,1,120L,-12,49.3
117,5CNOGA,1,120L,-11,55.1
117,5CNOGA,1,120L,-10,62.9
117,5CNOGA,1,120L,-9,67.7
117,5CNOGA,1,120L,-8,73.7
117,5CNOGA,1,120L,-7,80.7
117,5CNOGA,1,120L,-6,85.5
117,5CNOGA,1,120L,-5,91.2
117,5CNOGA,1,120L,-4,98.2
117,5CNOGA,1,120L,-3,4.4
117,5CNOGA,1,120L,-2,9.0
117,5CNOGA,1,120L,-1,15.2
117,5CNOGA,1,120L,0,19.8
118,CMJT,1,120L,-29,37.5
118,CMJT,1,120L,-28,41.4
118,CMJT,1,120L,-27,45.1
118,CMJT,1,120L,-26,48.7
118,CMJT,1,120L,-25,53.6
118,CMJT,1,120L,-24,57.9
118,CMJT,1,120L,-23,61.8
118,CMJT,1,120L,-22,64.2
118,CMJT,1,120L,-21,70.4
118,CMJT,1,120L,-20,72.6
118,CMJT,1,120L,-19,77.1
118,CMJT,1,120L,-18,80.6
118,CMJT,1,120L,-17,84.4
118,CMJT,1,120L,-16,86.9
118,CMJT,1,120L,-15,93.0
118,CMJT,1,120L,-14,100.0
118,CMJT,1,120L,-13,99.3
118,CMJT,1,120L,-12,3.9
118,CMJT,1,120L,-11,7.0
118,CMJT,1,120L,-10,10.9
118,CMJT,1,120L,-9,17.9
118,CMJT,1,120L,-8,18.5
118,CMJT,1,120L,-7,22.7
118,CMJT,1,120L,-6,25.0
118,CMJT,1,120L,-5,30.2
118,CMJT,1,120L,-4,32.7
118,CMJT,1,120L,-3,40.1
118,CMJT,1,120L,-2,47.3
118,CMJT,1,120L,-1,46.5
118,CMJT,1,120L,0,48.5
119,VRJU,1,120L,-29,3.7
119,VRJU,1,120L,-28,10.6
119,VRJU,1,120L,-27,12.1
119,VRJU,1,120L,-26,15.4
119,VRJU,1,120L,-25,20.0
119,VRJU,1,120L,-24,25.2
119,VRJU,1,120L,-23,27.6
119,VRJU,1,120L,-22,31.1
119,VRJU,1,120L,-21,35.4
119,VRJU,1,120L,-20,37.7
119,VRJU,1,120L,-19,44.0
119,VRJU,1,120L,-18,44.6
119,VRJU,1,120L,-17,50.5
119,VRJU,1,120L,-16,56.2
119,VRJU,1,120L,-15,59.4
119,VRJU,1,120L,-14,63.7
119,VRJU,1,120L,-13,66.6
119,VRJU,1,120L,-12,72.3
119,VRJU,1,120L,-11,75.8
119,VRJU,1,120L,-10,79.0
119,VRJU,1,120L,-9,83.6
119,VRJU,1,120L,-8,87.2
119,VRJU,1,120L,-7,89.2
119,VRJU,1,120L,-6,91.8
119,VRJU,1,120L,-5,98.3
119,VRJU,1,120L,-4,2.3
119,VRJU,1,120L,-3,7.0
119,VRJU,1,120L,-2,7.9
119,VRJU,1,120L,-1,11.8
119,VRJU,1,120L,0,17.7
120,4YA6,1,120L,-29,7.2
120,4YA6,1,120L,-28,7.6
120,4YA6,1,120L,-27,12.7
120,4YA6,1,120L,-26,20.0
120,4YA6,1,120L,-25,24.4
120,4YA6,1,120L,-24,23.6
120,4YA6,1,120L,-23,28.7
120,4YA6,1,120L,-22,33.1
120,4YA6,1,120L,-21,39.5
120,4YA6,1,120L,-20,39.8
120,4YA6,1,120L,-19,43.6
120,4YA6,1,120L,-18,50.4
120,4YA6,1,120L,-17,51.3
120,4YA6,1,120L,-16,56.7
120,4YA6,1,120L,-15,57.2
120,4YA6,1,120L,-14,62.9
120,4YA6,1,120L,-13,64.5
120,4YA6,1,120L,-12,69.2
120,4YA6,1,120L,-11,75.8
120,4YA6,1,120L,-10,78.2
120,4YA6,1,120L,-9,81.6
120,4YA6,1,120L,-8,84.7
120,4YA6,1,120L,-7,89.3
120,4YA6,1,120L,-6,93.8
120,4YA6,1,120L,-5,98.6
120,4YA6,1,120L,-4,0.0
120,4YA6,1,120L,-3,3.4
120,4YA6,1,120L,-2,8.7
120,4YA6,1,120L,-1,12.1
120,4YA6,1,120L,0,16.6
121,MPB5UZ,1,120L,-29,62.1
121,MPB5UZ,1,120L,-28,65.2
121,MPB5UZ,1,120L,-27,69.0
121,MPB5UZ,1,120L,-26,74.5
121,MPB5UZ,1,120L,-25,75.2
121,MPB5UZ,1,120L,-24,79.6
121,MPB5UZ,1,120L,-23,83.4
121,MPB5UZ,1,120L,-22,88.9
121,MPB5UZ,1,120L,-21,89.5
121,MPB5UZ,1,120L,-20,94.8
121,MPB5UZ,1,120L,-19,98.7
121,MPB5UZ,1,120L,-18,0.2
121,MPB5UZ,1,120L,-17,3.4
121,MPB5UZ,1,120L,-16,6.6
121,MPB5UZ,1,120L,-15,10.2
121,MPB5UZ,1,120L,-14,15.3
121,MPB5UZ,1,120L,-13,17.8
121,MPB5UZ,1,120L,-12,21.2
121,MPB5UZ,1,120L,-11,22.6
121,MPB5UZ,1,120L,-10,26.2
121,MPB5UZ,1,120L,-9,34.3
121,MPB5UZ,1,120L,-8,34.3
121,MPB5UZ,1,120L,-7,36.8
121,MPB5UZ,1,120L,-6,43.6
121,MPB5UZ,1,120L,-5,45.3
121,MPB5UZ,1,120L,-4,49.1
121,MPB5UZ,1,120L,-3,51.5
121,MPB5UZ,1,120L,-2,54.7
121,MPB5UZ,1,120L,-1,58.3
121,MPB5UZ,1,120L,0,59.9
122,UJED,1,240L,-29,13.4
122,UJED,1,240L,-28,16.3
122,UJED,1,240L,-27,18.2
122,UJED,1,240L,-26,27.1
122,UJED,1,240L,-25,36.8
122,UJED,1,240L,-24,39.6
122,UJED,1,240L,-23,42.6
122,UJED,1,240L,-22,50.2
122,UJED,1,240L,-21,53.7
122,UJED,1,240L,-20,58.4
122,UJED,1,240L,-19,65.4
122,UJED,1,240L,-18,71.6
122,UJED,1,240L,-17,74.2
122,UJED,1,240L,-16,80.8
122,UJED,1,240L,-15,88.1
122,UJED,1,240L,-14,93.0
122,UJED,1,240L,-13,99.7
122,UJED,1,240L,-12,2.8
122,UJED,1,240L,-11,11.2
122,UJED,1,240L,-10,13.9
122,UJED,1,240L,-9,23.7
122,UJED,1,240L,-8,24.2
122,UJED,1,240L,-7,30.6
122,UJED,1,240L,-6,38.4
122,UJED,1,240L,-5,45.8
122,UJED,1,240L,-4,49.4
122,UJED,1,240L,-3,55.3
122,UJED,1,240L,-2,60.0
122,UJED,1,240L,-1,63.9
122,UJED,1,240L,0,70.3
123,7GNE,1,120L,-29,84.1
123,7GNE,1,120L,-28,90.6
123,7GNE,1,120L,-27,92.4
123,7GNE,1,120L,-26,98.6
123,7GNE,1,120L,-25,0.2
123,7GNE,1,120L,-24,6.6
123,7GNE,1,120L,-23,9.5
123,7GNE,1,120L,-22,16.3
123,7GNE,1,120L,-21,18.8
123,7GNE,1,120L,-20,24.2
123,7GNE,1,120L,-19,25.2
123,7GNE,1,120L,-18,30.5
123,7GNE,1,120L,-17,32.9
123,7GNE,1,120L,-16,37.8
123,7GNE,1,120L,-15,42.1
123,7GNE,1,120L,-14,45.4
123,7GNE,1,120L,-13,48.7
123,7GNE,1,120L,-12,52.5
123,7GNE,1,120L,-11,55.1
123,7GNE,1,120L,-10,61.1
123,7GNE,1,120L,-9,67.6
123,7GNE,1,120L,-8,68.3
123,7GNE,1,120L,-7,72.7
123,7GNE,1,120L,-6,81.5
123,7GNE,1,120L,-5,81.9
123,7GNE,1,120L,-4,87.3
123,7GNE,1,120L,-3,91.9
123,7GNE,1,120L,-2,95.9
123,7GNE,1,120L,-1,96.7
123,7GNE,1,120L,0,2.7
124,7EKJ,1,120L,-29,87.3
124,7EKJ,1,120L,-28,91.4
124,7EKJ,1,120L,-27,94.7
124,7EKJ,1,120L,-26,97.3
124,7EKJ,1,120L,-25,4.9
124,7EKJ,1,120L,-24,9.8
124,7EKJ,1,120L,-23,8.7
124,7EKJ,1,120L,-22,10.7
124,7EKJ,1,120L,-21,12.6
124,7EKJ,1,120L,-20,18.9
124,7EKJ,1,120L,-19,22.1
124,7EKJ,1,120L,-18,24.9
124,7EKJ,1,120L,-17,29.5
124,7EKJ,1,120L,-16,33.0
124,7EKJ,1,120L,-15,36.2
124,7EKJ,1,120L,-14,38.5
124,7EKJ,1,120L,-13,40.6
124,7EKJ,1,120L,-12,46.6
124,7EKJ,1,120L,-11,48.9
124,7EKJ,1,120L,-10,53.5
124,7EKJ,1,120L,-9,56.6
124,7EKJ,1,120L,-8,56.6
124,7EKJ,1,120L,-7,59.8
124,7EKJ,1,120L,-6,64.2
124,7EKJ,1,120L,-5,67.0
124,7EKJ,1,120L,-4,73.0
124,7EKJ,1,120L,-3,75.7
124,7EKJ,1,120L,-2,80.1
124,7EKJ,1,120L,-1,82.3
124,7EKJ,1,120L,0,85.3
125,7AS6,1,120L,-29,16.9
125,7AS6,1,120L,-28,20.8
125,7AS6,1,120L,-27,27.3
125,7AS6,1,120L,-26,29.7
125,7AS6,1,120L,-25,33.5
125,7AS6,1,120L,-24,37.2
125,7AS6,1,120L,-23,43.9
125,7AS6,1,120L,-22,49.2
125,7AS6,1,120L,-21,51.7
125,7AS6,1,120L,-20,58.2
125,7AS6,1,120L,-19,57.7
125,7AS6,1,120L,-18,65.0
125,7AS6,1,120L,-17,69.5
125,7AS6,1,120L,-16,72.9
125,7AS6,1,120L,-15,82.0
125,7AS6,1,120L,-14,82.7
125,7AS6,1,120L,-13,86.7
125,7AS6,1,120L,-12,91.8
125,7AS6,1,120L,-11,93.2
125,7AS6,1,120L,-10,0.0
125,7AS6,1,120L,-9,6.5
125,7AS6,1,120L,-8,8.5
125,7AS6,1,120L,-7,12.7
125,7AS6,1,120L,-6,20.3
125,7AS6,1,120L,-5,24.8
125,7AS6,1,120L,-4,28.0
125,7AS6,1,120L,-3,31.0
125,7AS6,1,120L,-2,35.8
125,7AS6,1,120L,-1,39.4
125,7AS6,1,120L,0,43.5
126,CQS7,1,120L,-29,26.2
126,CQS7,1,120L,-28,30.5
126,CQS7,1,120L,-27,38.3
126,CQS7,1,120L,-26,43.5
126,CQS7,1,120L,-25,50.8
126,CQS7,1,120L,-24,52.3
126,CQS7,1,120L,-23,58.9
126,CQS7,1,120L,-22,64.0
126,CQS7,1,120L,-21,68.3
126,CQS7,1,120L,-20,74.9
126,CQS7,1,120L,-19,80.1
126,CQS7,1,120L,-18,84.5
126,CQS7,1,120L,-17,88.7
126,CQS7,1,120L,-16,93.7
126,CQS7,1,120L,-15,97.3
126,CQS7,1,120L,-14,3.2
126,CQS7,1,120L,-13,8.6
126,CQS7,1,120L,-12,13.0
126,CQS7,1,120L,-11,20.4
126,CQS7,1,120L,-10,26.7
126,CQS7,1,120L,-9,28.6
126,CQS7,1,120L,-8,35.5
126,CQS7,1,120L,-7,38.7
126,CQS7,1,120L,-6,44.9
126,CQS7,1,120L,-5,49.4
126,CQS7,1,120L,-4,56.5
126,CQS7,1,120L,-3,59.6
126,CQS7,1,120L,-2,67.3
126,CQS7,1,120L,-1,70.5
126,CQS7,1,120L,0,75.0
127,OTAV,1,120L,-29,13.2
127,OTAV,1,120L,-28,17.7
127,OTAV,1,120L,-27,20.3
127,OTAV,1,120L,-26,26.8
127,OTAV,1,120L,-25,29.2
127,OTAV,1,120L,-24,30.1
127,OTAV,1,120L,-23,33.7
127,OTAV,1,120L,-22,38.4
127,OTAV,1,120L,-21,40.0
127,OTAV,1,120L,-20,46.6
127,OTAV,1,120L,-19,48.9
127,OTAV,1,120L,-18,52.3
127,OTAV,1,120L,-17,56.5
127,OTAV,1,120L,-16,61.6
127,OTAV,1,120L,-15,62.9
127,OTAV,1,120L,-14,66.0
127,OTAV,1,120L,-13,72.0
127,OTAV,1,120L,-12,74.7
127,OTAV,1,120L,-11,76.4
127,OTAV,1,120L,-10,80.4
127,OTAV,1,120L,-9,84.3
127,OTAV,1,120L,-8,88.1
127,OTAV,1,120L,-7,89.0
127,OTAV,1,120L,-6,92.3
127,OTAV,1,120L,-5,96.9
127,OTAV,1,120L,-4,0.3
127,OTAV,1,120L,-3,4.4
127,OTAV,1,120L,-2,9.8
127,OTAV,1,120L,-1,12.2
127,OTAV,1,120L,0,16.3
128,SBEF,1,120L,-29,88.2
128,SBEF,1,120L,-28,94.2
128,SBEF,1,120L,-27,98.2
128,SBEF,1,120L,-26,5.5
128,SBEF,1,120L,-25,14.6
128,SBEF,1,120L,-24,17.2
128,SBEF,1,120L,-23,22.2
128,SBEF,1,120L,-22,29.0
128,SBEF,1,120L,-21,35.4
128,SBEF,1,120L,-20,41.0
128,SBEF,1,120L,-19,47.2
128,SBEF,1,120L,-18,51.0
128,SBEF,1,120L,-17,57.7
128,SBEF,1,120L,-16,64.9
128,SBEF,1,120L,-15,70.9
128,SBEF,1,120L,-14,76.3
128,SBEF,1,120L,-13,82.9
128,SBEF,1,120L,-12,89.2
128,SBEF,1,120L,-11,96.4
128,SBEF,1,120L,-10,1.0
128,SBEF,1,120L,-9,7.7
128,SBEF,1,120L,-8,12.3
128,SBEF,1,120L,-7,19.9
128,SBEF,1,120L,-6,25.6
128,SBEF,1,120L,-5,32.4
128,SBEF,1,120L,-4,38.1
128,SBEF,1,120L,-3,43.9
128,SBEF,1,120L,-2,48.9
128,SBEF,1,120L,-1,55.4
128,SBEF,1,120L,0,62.6
129,XAI5V2,1,120L,-29,87.8
129,XAI5V2,1,120L,-28,93.4
129,XAI5V2,1,120L,-27,98.1
129,XAI5V2,1,120L,-26,0.6
129,XAI5V2,1,120L,-25,6.1
129,XAI5V2,1,120L,-24,10.4
129,XAI5V2,1,120L,-23,11.6
129,XAI5V2,1,120L,-22,18.9
129,XAI5V2,1,120L,-21,23.4
129,XAI5V2,1,120L,-20,27.7
129,XAI5V2,1,120L,-19,34.4
129,XAI5V2,1,120L,-18,34.8
129,XAI5V2,1,120L,-17,39.8
129,XAI5V2,1,120L,-16,41.4
129,XAI5V2,1,120L,-15,49.0
129,XAI5V2,1,120L,-14,53.5
129,XAI5V2,1,120L,-13,57.6
129,XAI5V2,1,120L,-12,64.4
129,XAI5V2,1,120L,-11,68.4
129,XAI5V2,1,120L,-10,71.6
129,XAI5V2,1,120L,-9,75.3
129,XAI5V2,1,120L,-8,81.7
129,XAI5V2,1,120L,-7,84.5
129,XAI5V2,1,120L,-6,87.7
129,XAI5V2,1,120L,-5,90.7
129,XAI5V2,1,120L,-4,96.9
129,XAI5V2,1,120L,-3,3.1
129,XAI5V2,1,120L,-2,9.7
129,XAI5V2,1,120L,-1,10.7
129,XAI5V2,1,120L,0,13.9
130,F6QH,1,120L,-29,90.4
130,F6QH,1,120L,-28,98.4
130,F6QH,1,120L,-27,3.3
130,F6QH,1,120L,-26,7.2
130,F6QH,1,120L,-25,10.7
130,F6QH,1,120L,-24,16.3
130,F6QH,1,120L,-23,20.2
130,F6QH,1,120L,-22,23.3
130,F6QH,1,120L,-21,31.7
130,F6QH,1,120L,-20,32.9
130,F6QH,1,120L,-19,39.0
130,F6QH,1,120L,-18,38.7
130,F6QH,1,120L,-17,48.8
130,F6QH,1,120L,-16,53.5
130,F6QH,1,120L,-15,55.8
130,F6QH,1,120L,-14,61.1
130,F6QH,1,120L,-13,65.6
130,F6QH,1,120L,-12,68.3
130,F6QH,1,120L,-11,74.5
130,F6QH,1,120L,-10,77.0
130,F6QH,1,120L,-9,81.8
130,F6QH,1,120L,-8,88.9
130,F6QH,1,120L,-7,93.1
130,F6QH,1,120L,-6,95.1
130,F6QH,1,120L,-5,0.0
130,F6QH,1,120L,-4,4.1
130,F6QH,1,120L,-3,10.7
130,F6QH,1,120L,-2,12.5
130,F6QH,1,120L,-1,19.1
130,F6QH,1,120L,0,24.1
131,IYZ6,1,120L,-29,21.3
131,IYZ6,1,120L,-28,22.4
131,IYZ6,1,120L,-27,25.5
131,IYZ6,1,120L,-26,27.4
131,IYZ6,1,120L,-25,33.5
131,IYZ6,1,120L,-24,33.8
131,IYZ6,1,120L,-23,38.6
131,IYZ6,1,120L,-22,41.0
131,IYZ6,1,120L,-21,42.5
131,IYZ6,1,120L,-20,46.2
131,IYZ6,1,120L,-19,52.3
131,IYZ6,1,120L,-18,53.5
131,IYZ6,1,120L,-17,54.8
131,IYZ6,1,120L,-16,59.8
131,IYZ6,1,120L,-15,62.1
131,IYZ6,1,120L,-14,70.6
131,IYZ6,1,120L,-13,68.9
131,IYZ6,1,120L,-12,70.9
131,IYZ6,1,120L,-11,76.7
131,IYZ6,1,120L,-10,74.8
131,IYZ6,1,120L,-9,80.8
131,IYZ6,1,120L,-8,86.7
131,IYZ6,1,120L,-7,86.5
131,IYZ6,1,120L,-6,87.1
131,IYZ6,1,120L,-5,92.2
131,IYZ6,1,120L,-4,98.0
131,IYZ6,1,120L,-3,99.4
131,IYZ6,1,120L,-2,0.7
131,IYZ6,1,120L,-1,3.9
131,IYZ6,1,120L,0,7.2
132,UNYVJN,1,120L,-29,69.4
132,UNYVJN,1,120L,-28,73.1
132,UNYVJN,1,120L,-27,75.0
132,UNYVJN,1,120L,-26,79.6
132,UNYVJN,1,120L,-25,87.0
132,UNYVJN,1,120L,-24,88.8
132,UNYVJN,1,120L,-23,95.0
132,UNYVJN,1,120L,-22,100.0
132,UNYVJN,1,120L,-21,2.9
132,UNYVJN,1,120L,-20,7.6
132,UNYVJN,1,120L,-19,13.6
132,UNYVJN,1,120L,-18,19.1
132,UNYVJN,1,120L,-17,24.5
132,UNYVJN,1,120L,-16,28.4
132,UNYVJN,1,120L,-15,32.2
132,UNYVJN,1,120L,-14,35.6
132,UNYVJN,1,120L,-13,39.7
132,UNYVJN,1,120L,-12,45.1
132,UNYVJN,1,120L,-11,51.1
132,UNYVJN,1,120L,-10,55.6
132,UNYVJN,1,120L,-9,56.5
132,UNYVJN,1,120L,-8,63.1
132,UNYVJN,1,120L,-7,70.7
132,UNYVJN,1,120L,-6,73.6
132,UNYVJN,1,120L,-5,75.9
132,UNYVJN,1,120L,-4,86.2
132,UNYVJN,1,120L,-3,87.2
132,UNYVJN,1,120L,-2,92.4
132,UNYVJN,1,120L,-1,97.0
132,UNYVJN,1,120L,0,0.4
133,R6JV,1,120L,-29,82.4
133,R6JV,1,120L,-28,84.3
133,R6JV,1,120L,-27,87.7
133,R6JV,1,120L,-26,91.0
133,R6JV,1,120L,-25,92.3
133,R6JV,1,120L,-24,99.3
133,R6JV,1,120L,-23,0.0
133,R6JV,1,120L,-22,5.1
133,R6JV,1,120L,-21,5.9
133,R6JV,1,120L,-20,9.0
133,R6JV,1,120L,-19,16.1
133,R6JV,1,120L,-18,18.1
133,R6JV,1,120L,-17,20.0
133,R6JV,1,120L,-16,27.4
133,R6JV,1,120L,-15,33.4
133,R6JV,1,120L,-14,36.0
133,R6JV,1,120L,-13,37.2
133,R6JV,1,120L,-12,41.2
133,R6JV,1,120L,-11,46.2
133,R6JV,1,120L,-10,50.2
133,R6JV,1,120L,-9,51.6
133,R6JV,1,120L,-8,55.9
133,R6JV,1,120L,-7,59.9
133,R6JV,1,120L,-6,63.9
133,R6JV,1,120L,-5,66.6
133,R6JV,1,120L,-4,70.2
133,R6JV,1,120L,-3,76.1
133,R6JV,1,120L,-2,79.5
133,R6JV,1,120L,-1,82.1
133,R6JV,1,120L,0,87.6
134,63NT,1,120L,-29,38.3
134,63NT,1,120L,-28,46.6
134,63NT,1,120L,-27,44.1
134,63NT,1,120L,-26,49.0
134,63NT,1,120L,-25,54.9
134,63NT,1,120L,-24,59.0
134,63NT,1,120L,-23,65.5
134,63NT,1,120L,-22,65.8
134,63NT,1,120L,-21,72.3
134,63NT,1,120L,-20,76.9
134,63NT,1,120L,-19,80.4
134,63NT,1,120L,-18,82.1
134,63NT,1,120L,-17,89.9
134,63NT,1,120L,-16,93.8
134,63NT,1,120L,-15,97.0
134,63NT,1,120L,-14,0.6
134,63NT,1,120L,-13,4.9
134,63NT,1,120L,-12,8.6
134,63NT,1,120L,-11,13.9
134,63NT,1,120L,-10,17.1
134,63NT,1,120L,-9,20.0
134,63NT,1,120L,-8,23.9
134,63NT,1,120L,-7,28.5
134,63NT,1,120L,-6,34.2
134,63NT,1,120L,-5,38.0
134,63NT,1,120L,-4,42.6
134,63NT,1,120L,-3,47.2
134,63NT,1,120L,-2,49.7
134,63NT,1,120L,-1,57.0
134,63NT,1,120L,0,58.6
135,HQHV6X,1,120L,-29,92.2
135,HQHV6X,1,120L,-28,91.9
135,HQHV6X,1,120L,-27,96.6
135,HQHV6X,1,120L,-26,2.4
135,HQHV6X,1,120L,-25,1.5
135,HQHV6X,1,120L,-24,8.9
135,HQHV6X,1,120L,-23,12.7
135,HQHV6X,1,120L,-22,13.0
135,HQHV6X,1,120L,-21,17.2
135,HQHV6X,1,120L,-20,21.6
135,HQHV6X,1,120L,-19,22.3
135,HQHV6X,1,120L,-18,27.5
135,HQHV6X,1,120L,-17,28.3
135,HQHV6X,1,120L,-16,31.8
135,HQHV6X,1,120L,-15,34.5
135,HQHV6X,1,120L,-14,39.3
135,HQHV6X,1,120L,-13,43.7
135,HQHV6X,1,120L,-12,44.9
135,HQHV6X,1,120L,-11,46.4
135,HQHV6X,1,120L,-10,49.8
135,HQHV6X,1,120L,-9,55.2
135,HQHV6X,1,120L,-8,60.5
135,HQHV6X,1,120L,-7,61.5
135,HQHV6X,1,120L,-6,63.5
135,HQHV6X,1,120L,-5,68.4
135,HQHV6X,1,120L,-4,70.0
135,HQHV6X,1,120L,-3,73.0
135,HQHV6X,1,120L,-2,75.3
135,HQHV6X,1,120L,-1,82.0
135,HQHV6X,1,120L,0,79.2
136,73TR,1,120L,-29,82.8
136,73TR,1,120L,-28,91.7
136,73TR,1,120L,-27,93.8
136,73TR,1,120L,-26,0.0
136,73TR,1,120L,-25,6.2
136,73TR,1,120L,-24,12.7
136,73TR,1,120L,-23,17.2
136,73TR,1,120L,-22,21.2
136,73TR,1,120L,-21,28.0
136,73TR,1,120L,-20,37.0
136,73TR,1,120L,-19,40.9
136,73TR,1,120L,-18,47.3
136,73TR,1,120L,-17,51.9
136,73TR,1,120L,-16,57.1
136,73TR,1,120L,-15,66.3
136,73TR,1,120L,-14,69.3
136,73TR,1,120L,-13,74.6
136,73TR,1,120L,-12,82.7
136,73TR,1,120L,-11,85.7
136,73TR,1,120L,-10,91.6
136,73TR,1,120L,-9,98.3
136,73TR,1,120L,-8,4.0
136,73TR,1,120L,-7,10.2
136,73TR,1,120L,-6,18.7
136,73TR,1,120L,-5,21.8
136,73TR,1,120L,-4,23.4
136,73TR,1,120L,-3,33.3
136,73TR,1,120L,-2,38.6
136,73TR,1,120L,-1,44.3
136,73TR,1,120L,0,50.4
137,C2ANBH,1,120L,-29,42.7
137,C2ANBH,1,120L,-28,46.7
137,C2ANBH,1,120L,-27,48.0
137,C2ANBH,1,120L,-26,50.4
137,C2ANBH,1,120L,-25,59.4
137,C2ANBH,1,120L,-24,56.8
137,C2ANBH,1,120L,-23,61.0
137,C2ANBH,1,120L,-22,61.6
137,C2ANBH,1,120L,-21,67.0
137,C2ANBH,1,120L,-20,68.5
137,C2ANBH,1,120L,-19,72.2
137,C2ANBH,1,120L,-18,77.4
137,C2ANBH,1,120L,-17,79.6
137,C2ANBH,1,120L,-16,82.7
137,C2ANBH,1,120L,-15,82.2
137,C2ANBH,1,120L,-14,90.7
137,C2ANBH,1,120L,-13,89.1
137,C2ANBH,1,120L,-12,96.2
137,C2ANBH,1,120L,-11,98.5
137,C2ANBH,1,120L,-10,100.0
137,C2ANBH,1,120L,-9,1.7
137,C2ANBH,1,120L,-8,6.2
137,C2ANBH,1,120L,-7,8.2
137,C2ANBH,1,120L,-6,12.0
137,C2ANBH,1,120L,-5,14.6
137,C2ANBH,1,120L,-4,14.9
137,C2ANBH,1,120L,-3,22.7
137,C2ANBH,1,120L,-2,23.9
137,C2ANBH,1,120L,-1,26.3
137,C2ANBH,1,120L,0,29.2
138,TDTR,1,120L,-29,20.9
138,TDTR,1,120L,-28,27.9
138,TDTR,1,120L,-27,31.1
138,TDTR,1,120L,-26,33.1
138,TDTR,1,120L,-25,34.8
138,TDTR,1,120L,-24,39.7
138,TDTR,1,120L,-23,40.4
138,TDTR,1,120L,-22,44.1
138,TDTR,1,120L,-21,47.6
138,TDTR,1,120L,-20,53.1
138,TDTR,1,120L,-19,54.3
138,TDTR,1,120L,-18,57.2
138,TDTR,1,120L,-17,63.9
138,TDTR,1,120L,-16,64.6
138,TDTR,1,120L,-15,67.6
138,TDTR,1,120L,-14,69.6
138,TDTR,1,120L,-13,72.3
138,TDTR,1,120L,-12,73.0
138,TDTR,1,120L,-11,80.8
138,TDTR,1,120L,-10,83.1
138,TDTR,1,120L,-9,85.2
138,TDTR,1,120L,-8,88.3
138,TDTR,1,120L,-7,92.7
138,TDTR,1,120L,-6,92.3
138,TDTR,1,120L,-5,96.8
138,TDTR,1,120L,-4,0.0
138,TDTR,1,120L,-3,6.5
138,TDTR,1,120L,-2,8.2
138,TDTR,1,120L,-1,6.6
138,TDTR,1,120L,0,10.7
139,E5AO,1,120L,-29,42.0
139,E5AO,1,120L,-28,45.6
139,E5AO,1,120L,-27,55.4
139,E5AO,1,120L,-26,57.9
139,E5AO,1,120L,-25,63.0
139,E5AO,1,120L,-24,66.2
139,E5AO,1,120L,-23,73.2
139,E5AO,1,120L,-22,76.5
139,E5AO,1,120L,-21,81.5
139,E5AO,1,120L,-20,87.8
139,E5AO,1,120L,-19,89.3
139,E5AO,1,120L,-18,99.1
139,E5AO,1,120L,-17,1.8
139,E5AO,1,120L,-16,8.4
139,E5AO,1,120L,-15,9.8
139,E5AO,1,120L,-14,14.9
139,E5AO,1,120L,-13,19.5
139,E5AO,1,120L,-12,26.5
139,E5AO,1,120L,-11,31.1
139,E5AO,1,120L,-10,35.2
139,E5AO,1,120L,-9,39.3
139,E5AO,1,120L,-8,43.8
139,E5AO,1,120L,-7,50.6
139,E5AO,1,120L,-6,54.9
139,E5AO,1,120L,-5,59.4
139,E5AO,1,120L,-4,67.7
139,E5AO,1,120L,-3,70.2
139,E5AO,1,120L,-2,77.1
139,E5AO,1,120L,-1,79.3
139,E5AO,1,120L,0,85.4
140,NL5N,1,120L,-29,36.8
140,NL5N,1,120L,-28,40.1
140,NL5N,1,120L,-27,47.0
140,NL5N,1,120L,-26,50.4
140,NL5N,1,120L,-25,56.9
140,NL5N,1,120L,-24,61.5
140,NL5N,1,120L,-23,70.3
140,NL5N,1,120L,-22,74.6
140,NL5N,1,120L,-21,80.3
140,NL5N,1,120L,-20,87.4
140,NL5N,1,120L,-19,92.7
140,NL5N,1,120L,-18,97.8
140,NL5N,1,120L,-17,0.1
140,NL5N,1,120L,-16,6.8
140,NL5N,1,120L,-15,12.0
140,NL5N,1,120L,-14,20.2
140,NL5N,1,120L,-13,25.0
140,NL5N,1,120L,-12,28.3
140,NL5N,1,120L,-11,35.8
140,NL5N,1,120L,-10,39.4
140,NL5N,1,120L,-9,47.2
140,NL5N,1,120L,-8,50.5
140,NL5N,1,120L,-7,59.4
140,NL5N,1,120L,-6,64.8
140,NL5N,1,120L,-5,72.7
140,NL5N,1,120L,-4,76.7
140,NL5N,1,120L,-3,80.5
140,NL5N,1,120L,-2,88.0
140,NL5N,1,120L,-1,90.3
140,NL5N,1,120L,0,96.6
141,ZJKN,1,120L,-29,0.0
141,ZJKN,1,120L,-28,4.9
141,ZJKN,1,120L,-27,7.2
141,ZJKN,1,120L,-26,12.7
141,ZJKN,1,120L,-25,14.8
141,ZJKN,1,120L,-24,20.8
141,ZJKN,1,120L,-23,24.1
141,ZJKN,1,120L,-22,30.0
141,ZJKN,1,120L,-21,31.7
141,ZJKN,1,120L,-20,34.4
141,ZJKN,1,120L,-19,39.0
141,ZJKN,1,120L,-18,41.1
141,ZJKN,1,120L,-17,47.6
141,ZJKN,1,120L,-16,51.7
141,ZJKN,1,120L,-15,58.3
141,ZJKN,1,120L,-14,57.5
141,ZJKN,1,120L,-13,61.9
141,ZJKN,1,120L,-12,65.2
141,ZJKN,1,120L,-11,70.2
141,ZJKN,1,120L,-10,74.3
141,ZJKN,1,120L,-9,77.5
141,ZJKN,1,120L,-8,83.0
141,ZJKN,1,120L,-7,84.3
141,ZJKN,1,120L,-6,90.5
141,ZJKN,1,120L,-5,93.7
141,ZJKN,1,120L,-4,96.7
141,ZJKN,1,120L,-3,0.1
141,ZJKN,1,120L,-2,8.0
141,ZJKN,1,120L,-1,6.9
141,ZJKN,1,120L,0,12.4
142,X2CB,1,120L,-29,34.9
142,X2CB,1,120L,-28,38.0
142,X2CB,1,120L,-27,45.2
142,X2CB,1,120L,-26,50.3
142,X2CB,1,120L,-25,54.6
142,X2CB,1,120L,-24,62.0
142,X2CB,1,120L,-23,66.9
142,X2CB,1,120L,-22,72.1
142,X2CB,1,120L,-21,77.2
142,X2CB,1,120L,-20,83.4
142,X2CB,1,120L,-19,88.5
142,X2CB,1,120L,-18,93.7
142,X2CB,1,120L,-17,98.1
142,X2CB,1,120L,-16,7.1
142,X2CB,1,120L,-15,8.5
142,X2CB,1,120L,-14,16.1
142,X2CB,1,120L,-13,20.5
142,X2CB,1,120L,-12,29.1
142,X2CB,1,120L,-11,30.5
142,X2CB,1,120L,-10,36.3
142,X2CB,1,120L,-9,41.4
142,X2CB,1,120L,-8,48.8
142,X2CB,1,120L,-7,51.7
142,X2CB,1,120L,-6,58.5
142,X2CB,1,120L,-5,61.5
142,X2CB,1,120L,-4,70.5
142,X2CB,1,120L,-3,74.9
142,X2CB,1,120L,-2,78.8
142,X2CB,1,120L,-1,88.2
142,X2CB,1,120L,0,90.0
143,JICQOG,1,120L,-29,9.7
143,JICQOG,1,120L,-28,16.5
143,JICQOG,1,120L,-27,18.5
143,JICQOG,1,120L,-26,19.2
143,JICQOG,1,120L,-25,22.6
143,JICQOG,1,120L,-24,28.2
143,JICQOG,1,120L,-23,30.3
143,JICQOG,1,120L,-22,33.7
143,JICQOG,1,120L,-21,39.2
143,JICQOG,1,120L,-20,39.5
143,JICQOG,1,120L,-19,44.1
143,JICQOG,1,120L,-18,48.7
143,JICQOG,1,120L,-17,51.8
143,JICQOG,1,120L,-16,53.7
143,JICQOG,1,120L,-15,56.8
143,JICQOG,1,120L,-14,57.9
143,JICQOG,1,120L,-13,62.3
143,JICQOG,1,120L,-12,67.6
143,JICQOG,1,120L,-11,70.3
143,JICQOG,1,120L,-10,73.9
143,JICQOG,1,120L,-9,78.7
143,JICQOG,1,120L,-8,78.7
143,JICQOG,1,120L,-7,83.4
143,JICQOG,1,120L,-6,87.4
143,JICQOG,1,120L,-5,89.3
143,JICQOG,1,120L,-4,95.9
143,JICQOG,1,120L,-3,98.4
143,JICQOG,1,120L,-2,0.8
143,JICQOG,1,120L,-1,6.4
143,JICQOG,1,120L,0,4.8
144,GPHC,1,120L,-29,12.5
144,GPHC,1,120L,-28,17.4
144,GPHC,1,120L,-27,18.3
144,GPHC,1,120L,-26,24.0
144,GPHC,1,120L,-25,27.5
144,GPHC,1,120L,-24,29.3
144,GPHC,1,120L,-23,29.2
144,GPHC,1,120L,-22,33.5
144,GPHC,1,120L,-21,38.8
144,GPHC,1,120L,-20,41.0
144,GPHC,1,120L,-19,39.9
144,GPHC,1,120L,-18,48.8
144,GPHC,1,120L,-17,50.2
144,GPHC,1,120L,-16,51.7
144,GPHC,1,120L,-15,57.5
144,GPHC,1,120L,-14,57.9
144,GPHC,1,120L,-13,60.9
144,GPHC,1,120L,-12,65.5
144,GPHC,1,120L,-11,70.6
144,GPHC,1,120L,-10,73.4
144,GPHC,1,120L,-9,74.5
144,GPHC,1,120L,-8,77.7
144,GPHC,1,120L,-7,81.2
144,GPHC,1,120L,-6,81.1
144,GPHC,1,120L,-5,87.0
144,GPHC,1,120L,-4,87.9
144,GPHC,1,120L,-3,92.5
144,GPHC,1,120L,-2,94.7
144,GPHC,1,120L,-1,98.7
144,GPHC,1,120L,0,1.2
145,2CB5UZ,1,1.100L,-29,60.4
145,2CB5UZ,1,1.100L,-28,67.5
145,2CB5UZ,1,1.100L,-27,73.6
145,2CB5UZ,1,1.100L,-26,79.3
145,2CB5UZ,1,1.100L,-25,88.3
145,2CB5UZ,1,1.100L,-24,92.8
145,2CB5UZ,1,1.100L,-23,99.4
145,2CB5UZ,1,1.100L,-22,6.8
145,2CB5UZ,1,1.100L,-21,12.2
145,2CB5UZ,1,1.100L,-20,16.7
145,2CB5UZ,1,1.100L,-19,20.9
145,2CB5UZ,1,1.100L,-18,30.3
145,2CB5UZ,1,1.100L,-17,38.6
145,2CB5UZ,1,1.100L,-16,43.3
145,2CB5UZ,1,1.100L,-15,51.5
145,2CB5UZ,1,1.100L,-14,57.0
145,2CB5UZ,1,1.100L,-13,65.1
145,2CB5UZ,1,1.100L,-12,69.2
145,2CB5UZ,1,1.100L,-11,76.8
145,2CB5UZ,1,1.100L,-10,83.3
145,2CB5UZ,1,1.100L,-9,91.2
145,2CB5UZ,1,1.100L,-8,92.9
145,2CB5UZ,1,1.100L,-7,1.2
145,2CB5UZ,1,1.100L,-6,9.6
145,2CB5UZ,1,1.100L,-5,17.1
145,2CB5UZ,1,1.100L,-4,21.6
145,2CB5UZ,1,1.100L,-3,27.2
145,2CB5UZ,1,1.100L,-2,35.2
145,2CB5UZ,1,1.100L,-1,41.9
145,2CB5UZ,1,1.100L,0,46.5
146,SQK2,1,120L,-29,72.5
146,SQK2,1,120L,-28,75.5
146,SQK2,1,120L,-27,79.1
146,SQK2,1,120L,-26,83.7
146,SQK2,1,120L,-25,89.3
146,SQK2,1,120L,-24,93.0
146,SQK2,1,120L,-23,98.2
146,SQK2,1,120L,-22,1.0
146,SQK2,1,120L,-21,9.2
146,SQK2,1,120L,-20,10.3
146,SQK2,1,120L,-19,16.0
146,SQK2,1,120L,-18,21.5
146,SQK2,1,120L,-17,29.1
146,SQK2,1,120L,-16,30.2
146,SQK2,1,120L,-15,34.5
146,SQK2,1,120L,-14,39.4
146,SQK2,1,120L,-13,47.4
146,SQK2,1,120L,-12,45.4
146,SQK2,1,120L,-11,52.8
146,SQK2,1,120L,-10,63.1
146,SQK2,1,120L,-9,64.6
146,SQK2,1,120L,-8,66.7
146,SQK2,1,120L,-7,73.0
146,SQK2,1,120L,-6,77.9
146,SQK2,1,120L,-5,83.8
146,SQK2,1,120L,-4,90.0
146,SQK2,1,120L,-3,92.5
146,SQK2,1,120L,-2,95.8
146,SQK2,1,120L,-1,2.5
146,SQK2,1,120L,0,5.0
147,5IM6RQ,1,120L,-29,90.8
147,5IM6RQ,1,120L,-28,95.4
147,5IM6RQ,1,120L,-27,0.8
147,5IM6RQ,1,120L,-26,4.7
147,5IM6RQ,1,120L,-25,11.2
147,5IM6RQ,1,120L,-24,13.3
147,5IM6RQ,1,120L,-23,14.7
147,5IM6RQ,1,120L,-22,22.2
147,5IM6RQ,1,120L,-21,27.4
147,5IM6RQ,1,120L,-20,31.5
147,5IM6RQ,1,120L,-19,39.0
147,5IM6RQ,1,120L,-18,40.1
147,5IM6RQ,1,120L,-17,46.7
147,5IM6RQ,1,120L,-16,49.7
147,5IM6RQ,1,120L,-15,54.0
147,5IM6RQ,1,120L,-14,57.1
147,5IM6RQ,1,120L,-13,62.6
147,5IM6RQ,1,120L,-12,65.9
147,5IM6RQ,1,120L,-11,71.6
147,5IM6RQ,1,120L,-10,75.4
147,5IM6RQ,1,120L,-9,78.6
147,5IM6RQ,1,120L,-8,85.9
147,5IM6RQ,1,120L,-7,89.3
147,5IM6RQ,1,120L,-6,92.4
147,5IM6RQ,1,120L,-5,97.6
147,5IM6RQ,1,120L,-4,1.6
147,5IM6RQ,1,120L,-3,4.7
147,5IM6RQ,1,120L,-2,10.4
147,5IM6RQ,1,120L,-1,13.7
147,5IM6RQ,1,120L,0,17.6
148,EFXC,1,120L,-29,82.7
148,EFXC,1,120L,-28,84.1
148,EFXC,1,120L,-27,92.1
148,EFXC,1,120L,-26,92.9
148,EFXC,1,120L,-25,96.8
148,EFXC,1,120L,-24,99.3
148,EFXC,1,120L,-23,4.1
148,EFXC,1,120L,-22,3.4
148,EFXC,1,120L,-21,4.0
148,EFXC,1,120L,-20,10.4
148,EFXC,1,120L,-19,15.2
148,EFXC,1,120L,-18,17.8
148,EFXC,1,120L,-17,21.2
148,EFXC,1,120L,-16,26.0
148,EFXC,1,120L,-15,27.9
148,EFXC,1,120L,-14,31.8
148,EFXC,1,120L,-13,32.4
148,EFXC,1,120L,-12,35.4
148,EFXC,1,120L,-11,42.7
148,EFXC,1,120L,-10,43.7
148,EFXC,1,120L,-9,45.9
148,EFXC,1,120L,-8,49.1
148,EFXC,1,120L,-7,52.3
148,EFXC,1,120L,-6,55.5
148,EFXC,1,120L,-5,57.8
148,EFXC,1,120L,-4,60.8
148,EFXC,1,120L,-3,66.0
148,EFXC,1,120L,-2,68.6
148,EFXC,1,120L,-1,74.4
148,EFXC,1,120L,0,76.4
149,H7KEWX,1,120L,-29,93.9
149,H7KEWX,1,120L,-28,99.3
149,H7KEWX,1,120L,-27,4.6
149,H7KEWX,1,120L,-26,9.7
149,H7KEWX,1,120L,-25,13.0
149,H7KEWX,1,120L,-24,19.4
149,H7KEWX,1,120L,-23,22.3
149,H7KEWX,1,120L,-22,28.0
149,H7KEWX,1,120L,-21,30.7
149,H7KEWX,1,120L,-20,33.2
149,H7KEWX,1,120L,-19,40.9
149,H7KEWX,1,120L,-18,46.1
149,H7KEWX,1,120L,-17,50.5
149,H7KEWX,1,120L,-16,54.8
149,H7KEWX,1,120L,-15,58.2
149,H7KEWX,1,120L,-14,62.1
149,H7KEWX,1,120L,-13,68.6
149,H7KEWX,1,120L,-12,73.0
149,H7KEWX,1,120L,-11,76.1
149,H7KEWX,1,120L,-10,83.1
149,H7KEWX,1,120L,-9,84.7
149,H7KEWX,1,120L,-8,89.7
149,H7KEWX,1,120L,-7,97.6
149,H7KEWX,1,120L,-6,100.0
149,H7KEWX,1,120L,-5,3.7
149,H7KEWX,1,120L,-4,9.2
149,H7KEWX,1,120L,-3,13.6
149,H7KEWX,1,120L,-2,13.8
149,H7KEWX,1,120L,-1,21.1
149,H7KEWX,1,120L,0,26.9
150,AP3D,1,120L,-29,42.7
150,AP3D,1,120L,-28,44.8
150,AP3D,1,120L,-27,48.0
150,AP3D,1,120L,-26,54.3
150,AP3D,1,120L,-25,57.6
150,AP3D,1,120L,-24,62.2
150,AP3D,1,120L,-23,66.2
150,AP3D,1,120L,-22,74.3
150,AP3D,1,120L,-21,71.9
150,AP3D,1,120L,-20,78.9
150,AP3D,1,120L,-19,83.8
150,AP3D,1,120L,-18,86.9
150,AP3D,1,120L,-17,93.7
150,AP3D,1,120L,-16,97.8
150,AP3D,1,120L,-15,0.8
150,AP3D,1,120L,-14,4.7
150,AP3D,1,120L,-13,9.3
150,AP3D,1,120L,-12,13.5
150,AP3D,1,120L,-11,17.9
150,AP3D,1,120L,-10,22.0
150,AP3D,1,120L,-9,26.9
150,AP3D,1,120L,-8,31.9
150,AP3D,1,120L,-7,33.2
150,AP3D,1,120L,-6,37.8
150,AP3D,1,120L,-5,41.0
150,AP3D,1,120L,-4,49.2
150,AP3D,1,120L,-3,52.6
150,AP3D,1,120L,-2,57.2
150,AP3D,1,120L,-1,58.6
150,AP3D,1,120L,0,67.7
151,AFE3,1,120L,-29,89.4
151,AFE3,1,120L,-28,95.2
151,AFE3,1,120L,-27,97.2
151,AFE3,1,120L,-26,2.6
151,AFE3,1,120L,-25,8.4
151,AFE3,1,120L,-24,17.2
151,AFE3,1,120L,-23,18.1
151,AFE3,1,120L,-22,24.8
151,AFE3,1,120L,-21,29.0
151,AFE3,1,120L,-20,32.5
151,AFE3,1,120L,-19,35.2
151,AFE3,1,120L,-18,43.0
151,AFE3,1,120L,-17,43.9
151,AFE3,1,120L,-16,53.3
151,AFE3,1,120L,-15,56.0
151,AFE3,1,120L,-14,56.5
151,AFE3,1,120L,-13,64.7
151,AFE3,1,120L,-12,70.9
151,AFE3,1,120L,-11,74.4
151,AFE3,1,120L,-10,80.5
151,AFE3,1,120L,-9,82.9
151,AFE3,1,120L,-8,87.0
151,AFE3,1,120L,-7,93.6
151,AFE3,1,120L,-6,98.5
151,AFE3,1,120L,-5,2.7
151,AFE3,1,120L,-4,9.8
151,AFE3,1,120L,-3,11.5
151,AFE3,1,120L,-2,18.0
151,AFE3,1,120L,-1,22.3
151,AFE3,1,120L,0,24.7
152,IJBU,1,120L,-29,100.0
152,IJBU,1,120L,-28,2.8
152,IJBU,1,120L,-27,4.1
152,IJBU,1,120L,-26,6.7
152,IJBU,1,120L,-25,17.2
152,IJBU,1,120L,-24,20.7
152,IJBU,1,120L,-23,27.2
152,IJBU,1,120L,-22,28.9
152,IJBU,1,120L,-21,35.5
152,IJBU,1,120L,-20,40.9
152,IJBU,1,120L,-19,43.7
152,IJBU,1,120L,-18,48.5
152,IJBU,1,120L,-17,53.9
152,IJBU,1,120L,-16,59.4
152,IJBU,1,120L,-15,63.2
152,IJBU,1,120L,-14,69.4
152,IJBU,1,120L,-13,72.0
152,IJBU,1,120L,-12,75.4
152,IJBU,1,120L,-11,85.1
152,IJBU,1,120L,-10,85.9
152,IJBU,1,120L,-9,90.7
152,IJBU,1,120L,-8,96.2
152,IJBU,1,120L,-7,1.1
152,IJBU,1,120L,-6,5.1
152,IJBU,1,120L,-5,10.4
152,IJBU,1,120L,-4,15.1
152,IJBU,1,120L,-3,20.1
152,IJBU,1,120L,-2,21.0
152,IJBU,1,120L,-1,32.1
152,IJBU,1,120L,0,33.8
153,5HUB,1,120L,-29,82.6
153,5HUB,1,120L,-28,87.5
153,5HUB,1,120L,-27,90.8
153,5HUB,1,120L,-26,97.6
153,5HUB,1,120L,-25,98.0
153,5HUB,1,120L,-24,3.6
153,5HUB,1,120L,-23,5.1
153,5HUB,1,120L,-22,8.9
153,5HUB,1,120L,-21,12.8
153,5HUB,1,120L,-20,18.7
153,5HUB,1,120L,-19,17.5
153,5HUB,1,120L,-18,21.9
153,5HUB,1,120L,-17,24.5
153,5HUB,1,120L,-16,29.4
153,5HUB,1,120L,-15,33.3
153,5HUB,1,120L,-14,35.7
153,5HUB,1,120L,-13,40.6
153,5HUB,1,120L,-12,42.2
153,5HUB,1,120L,-11,47.3
153,5HUB,1,120L,-10,54.2
153,5HUB,1,120L,-9,56.5
153,5HUB,1,120L,-8,59.8
153,5HUB,1,120L,-7,61.6
153,5HUB,1,120L,-6,64.3
153,5HUB,1,120L,-5,68.5
153,5HUB,1,120L,-4,73.7
153,5HUB,1,120L,-3,78.6
153,5HUB,1,120L,-2,82.2
153,5HUB,1,120L,-1,85.4
153,5HUB,1,120L,0,86.9
154,P7QA,1,120L,-29,39.2
154,P7QA,1,120L,-28,47.4
154,P7QA,1,120L,-27,46.6
154,P7QA,1,120L,-26,53.8
154,P7QA,1,120L,-25,60.8
154,P7QA,1,120L,-24,61.7
154,P7QA,1,120L,-23,67.8
154,P7QA,1,120L,-22,72.8
154,P7QA,1,120L,-21,78.2
154,P7QA,1,120L,-20,81.0
154,P7QA,1,120L,-19,89.2
154,P7QA,1,120L,-18,94.2
154,P7QA,1,120L,-17,98.8
154,P7QA,1,120L,-16,1.6
154,P7QA,1,120L,-15,7.9
154,P7QA,1,120L,-14,11.3
154,P7QA,1,120L,-13,17.1
154,P7QA,1,120L,-12,25.7
154,P7QA,1,120L,-11,27.5
154,P7QA,1,120L,-10,30.4
154,P7QA,1,120L,-9,37.4
154,P7QA,1,120L,-8,39.9
154,P7QA,1,120L,-7,45.0
154,P7QA,1,120L,-6,50.2
154,P7QA,1,120L,-5,55.9
154,P7QA,1,120L,-4,62.9
154,P7QA,1,120L,-3,67.2
154,P7QA,1,120L,-2,72.0
154,P7QA,1,120L,-1,74.5
154,P7QA,1,120L,0,80.2
155,G4QPXW,1,120L,-29,52.3
155,G4QPXW,1,120L,-28,58.2
155,G4QPXW,1,120L,-27,64.5
155,G4QPXW,1,120L,-26,68.7
155,G4QPXW,1,120L,-25,74.8
155,G4QPXW,1,120L,-24,82.2
155,G4QPXW,1,120L,-23,84.8
155,G4QPXW,1,120L,-22,92.2
155,G4QPXW,1,120L,-21,96.5
155,G4QPXW,1,120L,-20,0.0
155,G4QPXW,1,120L,-19,4.6
155,G4QPXW,1,120L,-18,10.3
155,G4QPXW,1,120L,-17,15.6
155,G4QPXW,1,120L,-16,22.1
155,G4QPXW,1,120L,-15,28.4
155,G4QPXW,1,120L,-14,34.7
155,G4QPXW,1,120L,-13,38.6
155,G4QPXW,1,120L,-12,42.7
155,G4QPXW,1,120L,-11,45.6
155,G4QPXW,1,120L,-10,54.1
155,G4QPXW,1,120L,-9,59.3
155,G4QPXW,1,120L,-8,64.9
155,G4QPXW,1,120L,-7,73.1
155,G4QPXW,1,120L,-6,77.1
155,G4QPXW,1,120L,-5,81.7
155,G4QPXW,1,120L,-4,84.4
155,G4QPXW,1,120L,-3,90.3
155,G4QPXW,1,120L,-2,96.3
155,G4QPXW,1,120L,-1,0.5
155,G4QPXW,1,120L,0,7.8
156,WZLA,1,120L,-29,100.0
156,WZLA,1,120L,-28,3.1
156,WZLA,1,120L,-27,4.9
156,WZLA,1,120L,-26,12.0
156,WZLA,1,120L,-25,17.1
156,WZLA,1,120L,-24,22.7
156,WZLA,1,120L,-23,25.3
156,WZLA,1,120L,-22,31.6
156,WZLA,1,120L,-21,35.2
156,WZLA,1,120L,-20,37.5
156,WZLA,1,120L,-19,42.0
156,WZLA,1,120L,-18,50.3
156,WZLA,1,120L,-17,55.0
156,WZLA,1,120L,-16,58.3
156,WZLA,1,120L,-15,64.6
156,WZLA,1,120L,-14,68.5
156,WZLA,1,120L,-13,72.6
156,WZLA,1,120L,-12,74.7
156,WZLA,1,120L,-11,83.3
156,WZLA,1,120L,-10,86.1
156,WZLA,1,120L,-9,89.3
156,WZLA,1,120L,-8,93.4
156,WZLA,1,120L,-7,99.4
156,WZLA,1,120L,-6,1.0
156,WZLA,1,120L,-5,9.2
156,WZLA,1,120L,-4,11.3
156,WZLA,1,120L,-3,17.8
156,WZLA,1,120L,-2,21.1
156,WZLA,1,120L,-1,26.0
156,WZLA,1,120L,0,29.9
157,I6E5,1,120L,-29,33.2
157,I6E5,1,120L,-28,37.0
157,I6E5,1,120L,-27,40.0
157,I6E5,1,120L,-26,44.0
157,I6E5,1,120L,-25,49.8
157,I6E5,1,120L,-24,54.8
157,I6E5,1,120L,-23,56.4
157,I6E5,1,120L,-22,62.0
157,I6E5,1,120L,-21,64.0
157,I6E5,1,120L,-20,72.9
157,I6E5,1,120L,-19,78.9
157,I6E5,1,120L,-18,80.4
157,I6E5,1,120L,-17,81.7
157,I6E5,1,120L,-16,90.3
157,I6E5,1,120L,-15,92.6
157,I6E5,1,120L,-14,97.5
157,I6E5,1,120L,-13,3.9
157,I6E5,1,120L,-12,7.9
157,I6E5,1,120L,-11,11.3
157,I6E5,1,120L,-10,15.6
157,I6E5,1,120L,-9,21.3
157,I6E5,1,120L,-8,25.1
157,I6E5,1,120L,-7,28.6
157,I6E5,1,120L,-6,34.3
157,I6E5,1,120L,-5,39.8
157,I6E5,1,120L,-4,43.6
157,I6E5,1,120L,-3,46.3
157,I6E5,1,120L,-2,54.4
157,I6E5,1,120L,-1,53.4
157,I6E5,1,120L,0,61.3
158,MCE7DG,1,120L,-29,43.9
158,MCE7DG,1,120L,-28,49.8
158,MCE7DG,1,120L,-27,52.1
158,MCE7DG,1,120L,-26,59.1
158,MCE7DG,1,120L,-25,63.6
158,MCE7DG,1,120L,-24,65.8
158,MCE7DG,1,120L,-23,76.3
158,MCE7DG,1,120L,-22,76.3
158,MCE7DG,1,120L,-21,84.2
158,MCE7DG,1,120L,-20,89.2
158,MCE7DG,1,120L,-19,94.1
158,MCE7DG,1,120L,-18,98.0
158,MCE7DG,1,120L,-17,5.1
158,MCE7DG,1,120L,-16,6.6
158,MCE7DG,1,120L,-15,13.9
158,MCE7DG,1,120L,-14,18.2
158,MCE7DG,1,120L,-13,23.1
158,MCE7DG,1,120L,-12,29.8
158,MCE7DG,1,120L,-11,35.9
158,MCE7DG,1,120L,-10,38.8
158,MCE7DG,1,120L,-9,45.6
158,MCE7DG,1,120L,-8,49.5
158,MCE7DG,1,120L,-7,53.2
158,MCE7DG,1,120L,-6,59.2
158,MCE7DG,1,120L,-5,64.2
158,MCE7DG,1,120L,-4,68.7
158,MCE7DG,1,120L,-3,75.4
158,MCE7DG,1,120L,-2,80.2
158,MCE7DG,1,120L,-1,82.5
158,MCE7DG,1,120L,0,87.5
159,ORMMLR,1,120L,-29,96.0
159,ORMMLR,1,120L,-28,3.5
159,ORMMLR,1,120L,-27,9.9
159,ORMMLR,1,120L,-26,12.6
159,ORMMLR,1,120L,-25,18.1
159,ORMMLR,1,120L,-24,28.5
159,ORMMLR,1,120L,-23,32.3
159,ORMMLR,1,120L,-22,36.9
159,ORMMLR,1,120L,-21,41.8
159,ORMMLR,1,120L,-20,48.2
159,ORMMLR,1,120L,-19,53.0
159,ORMMLR,1,120L,-18,61.8
159,ORMMLR,1,120L,-17,65.1
159,ORMMLR,1,120L,-16,73.6
159,ORMMLR,1,120L,-15,77.1
159,ORMMLR,1,120L,-14,81.9
159,ORMMLR,1,120L,-13,88.6
159,ORMMLR,1,120L,-12,91.1
159,ORMMLR,1,120L,-11,0.6
159,ORMMLR,1,120L,-10,6.2
159,ORMMLR,1,120L,-9,13.5
159,ORMMLR,1,120L,-8,15.2
159,ORMMLR,1,120L,-7,25.5
159,ORMMLR,1,120L,-6,30.7
159,ORMMLR,1,120L,-5,37.1
159,ORMMLR,1,120L,-4,40.9
159,ORMMLR,1,120L,-3,48.3
159,ORMMLR,1,120L,-2,50.3
159,ORMMLR,1,120L,-1,59.3
159,ORMMLR,1,120L,0,62.8
160,7TCM,1,1.100L,-29,60.0
160,7TCM,1,1.100L,-28,68.7
160,7TCM,1,1.100L,-27,80.5
160,7TCM,1,1.100L,-26,87.2
160,7TCM,1,1.100L,-25,96.7
160,7TCM,1,1.100L,-24,11.9
160,7TCM,1,1.100L,-23,21.2
160,7TCM,1,1.100L,-22,28.2
160,7TCM,1,1.100L,-21,39.7
160,7TCM,1,1.100L,-20,51.2
160,7TCM,1,1.100L,-19,60.3
160,7TCM,1,1.100L,-18,69.9
160,7TCM,1,1.100L,-17,81.2
160,7TCM,1,1.100L,-16,88.5
160,7TCM,1,1.100L,-15,99.6
160,7TCM,1,1.100L,-14,9.5
160,7TCM,1,1.100L,-13,19.0
160,7TCM,1,1.100L,-12,28.8
160,7TCM,1,1.100L,-11,39.5
160,7TCM,1,1.100L,-10,49.4
160,7TCM,1,1.100L,-9,57.7
160,7TCM,1,1.100L,-8,70.5
160,7TCM,1,1.100L,-7,77.8
160,7TCM,1,1.100L,-6,88.9
160,7TCM,1,1.100L,-5,98.7
160,7TCM,1,1.100L,-4,9.7
160,7TCM,1,1.100L,-3,15.9
160,7TCM,1,1.100L,-2,30.4
160,7TCM,1,1.100L,-1,38.0
160,7TCM,1,1.100L,0,50.8
161,JBCWEX,1,120L,-29,48.2
161,JBCWEX,1,120L,-28,56.2
161,JBCWEX,1,120L,-27,57.9
161,JBCWEX,1,120L,-26,65.2
161,JBCWEX,1,120L,-25,68.4
161,JBCWEX,1,120L,-24,74.0
161,JBCWEX,1,120L,-23,78.5
161,JBCWEX,1,120L,-22,84.7
161,JBCWEX,1,120L,-21,87.5
161,JBCWEX,1,120L,-20,92.0
161,JBCWEX,1,120L,-19,97.6
161,JBCWEX,1,120L,-18,3.7
161,JBCWEX,1,120L,-17,8.2
161,JBCWEX,1,120L,-16,14.7
161,JBCWEX,1,120L,-15,20.6
161,JBCWEX,1,120L,-14,22.2
161,JBCWEX,1,120L,-13,27.6
161,JBCWEX,1,120L,-12,31.5
161,JBCWEX,1,120L,-11,41.8
161,JBCWEX,1,120L,-10,44.2
161,JBCWEX,1,120L,-9,49.5
161,JBCWEX,1,120L,-8,51.8
161,JBCWEX,1,120L,-7,58.8
161,JBCWEX,1,120L,-6,64.6
161,JBCWEX,1,120L,-5,68.5
161,JBCWEX,1,120L,-4,75.5
161,JBCWEX,1,120L,-3,82.4
161,JBCWEX,1,120L,-2,82.5
161,JBCWEX,1,120L,-1,87.4
161,JBCWEX,1,120L,0,92.7
162,W6TD,1,120L,-29,51.0
162,W6TD,1,120L,-28,55.7
162,W6TD,1,120L,-27,58.9
162,W6TD,1,120L,-26,65.9
162,W6TD,1,120L,-25,68.4
162,W6TD,1,120L,-24,73.0
162,W6TD,1,120L,-23,78.8
162,W6TD,1,120L,-22,82.0
162,W6TD,1,120L,-21,86.4
162,W6TD,1,120L,-20,91.2
162,W6TD,1,120L,-19,96.8
162,W6TD,1,120L,-18,2.5
162,W6TD,1,120L,-17,5.4
162,W6TD,1,120L,-16,10.1
162,W6TD,1,120L,-15,13.1
162,W6TD,1,120L,-14,16.8
162,W6TD,1,120L,-13,23.2
162,W6TD,1,120L,-12,27.0
162,W6TD,1,120L,-11,29.0
162,W6TD,1,120L,-10,35.1
162,W6TD,1,120L,-9,39.9
162,W6TD,1,120L,-8,43.7
162,W6TD,1,120L,-7,51.1
162,W6TD,1,120L,-6,54.1
162,W6TD,1,120L,-5,59.9
162,W6TD,1,120L,-4,62.6
162,W6TD,1,120L,-3,66.8
162,W6TD,1,120L,-2,69.7
162,W6TD,1,120L,-1,75.6
162,W6TD,1,120L,0,80.0
163,QZOB,1,120L,-29,3.8
163,QZOB,1,120L,-28,8.9
163,QZOB,1,120L,-27,14.9
163,QZOB,1,120L,-26,19.7
163,QZOB,1,120L,-25,23.0
163,QZOB,1,120L,-24,29.4
163,QZOB,1,120L,-23,33.2
163,QZOB,1,120L,-22,34.0
163,QZOB,1,120L,-21,42.3
163,QZOB,1,120L,-20,49.5
163,QZOB,1,120L,-19,50.2
163,QZOB,1,120L,-18,57.7
163,QZOB,1,120L,-17,64.7
163,QZOB,1,120L,-16,66.0
163,QZOB,1,120L,-15,71.9
163,QZOB,1,120L,-14,74.8
163,QZOB,1,120L,-13,84.0
163,QZOB,1,120L,-12,86.2
163,QZOB,1,120L,-11,91.2
163,QZOB,1,120L,-10,98.0
163,QZOB,1,120L,-9,1.7
163,QZOB,1,120L,-8,4.2
163,QZOB,1,120L,-7,9.4
163,QZOB,1,120L,-6,15.9
163,QZOB,1,120L,-5,19.0
163,QZOB,1,120L,-4,21.6
163,QZOB,1,120L,-3,29.5
163,QZOB,1,120L,-2,32.2
163,QZOB,1,120L,-1,41.6
163,QZOB,1,120L,0,44.3
164,OC26,1,120L,-29,47.9
164,OC26,1,120L,-28,53.7
164,OC26,1,120L,-27,61.6
164,OC26,1,120L,-26,68.1
164,OC26,1,120L,-25,70.5
164,OC26,1,120L,-24,73.9
164,OC26,1,120L,-23,78.1
164,OC26,1,120L,-22,81.9
164,OC26,1,120L,-21,91.1
164,OC26,1,120L,-20,92.4
164,OC26,1,120L,-19,100.0
164,OC26,1,120L,-18,4.1
164,OC26,1,120L,-17,4.1
164,OC26,1,120L,-16,10.4
164,OC26,1,120L,-15,15.0
164,OC26,1,120L,-14,20.6
164,OC26,1,120L,-13,25.3
164,OC26,1,120L,-12,34.5
164,OC26,1,120L,-11,33.1
164,OC26,1,120L,-10,39.7
164,OC26,1,120L,-9,44.9
164,OC26,1,120L,-8,48.7
164,OC26,1,120L,-7,53.5
164,OC26,1,120L,-6,56.4
164,OC26,1,120L,-5,62.8
164,OC26,1,120L,-4,68.1
164,OC26,1,120L,-3,72.5
164,OC26,1,120L,-2,77.5
164,OC26,1,120L,-1,83.5
164,OC26,1,120L,0,87.4
165,5SY7,1,120L,-29,87.1
165,5SY7,1,120L,-28,92.8
165,5SY7,1,120L,-27,98.3
165,5SY7,1,120L,-26,3.9
165,5SY7,1,120L,-25,7.7
165,5SY7,1,120L,-24,11.9
165,5SY7,1,120L,-23,16.5
165,5SY7,1,120L,-22,20.7
165,5SY7,1,120L,-21,27.7
165,5SY7,1,120L,-20,30.7
165,5SY7,1,120L,-19,36.4
165,5SY7,1,120L,-18,42.2
165,5SY7,1,120L,-17,45.7
165,5SY7,1,120L,-16,53.1
165,5SY7,1,120L,-15,58.6
165,5SY7,1,120L,-14,61.5
165,5SY7,1,120L,-13,66.6
165,5SY7,1,120L,-12,73.0
165,5SY7,1,120L,-11,76.0
165,5SY7,1,120L,-10,80.8
165,5SY7,1,120L,-9,88.7
165,5SY7,1,120L,-8,93.1
165,5SY7,1,120L,-7,97.6
165,5SY7,1,120L,-6,3.0
165,5SY7,1,120L,-5,3.5
165,5SY7,1,120L,-4,13.4
165,5SY7,1,120L,-3,16.9
165,5SY7,1,120L,-2,22.7
165,5SY7,1,120L,-1,26.7
165,5SY7,1,120L,0,31.1
166,H5RK,1,120L,-29,18.3
166,H5RK,1,120L,-28,25.1
166,H5RK,1,120L,-27,26.3
166,H5RK,1,120L,-26,32.9
166,H5RK,1,120L,-25,41.7
166,H5RK,1,120L,-24,42.7
166,H5RK,1,120L,-23,48.3
166,H5RK,1,120L,-22,52.3
166,H5RK,1,120L,-21,59.1
166,H5RK,1,120L,-20,62.4
166,H5RK,1,120L,-19,68.2
166,H5RK,1,120L,-18,74.8
166,H5RK,1,120L,-17,77.4
166,H5RK,1,120L,-16,84.6
166,H5RK,1,120L,-15,89.6
166,H5RK,1,120L,-14,95.0
166,H5RK,1,120L,-13,98.6
166,H5RK,1,120L,-12,8.2
166,H5RK,1,120L,-11,9.9
166,H5RK,1,120L,-10,13.8
166,H5RK,1,120L,-9,16.9
166,H5RK,1,120L,-8,23.1
166,H5RK,1,120L,-7,30.3
166,H5RK,1,120L,-6,35.7
166,H5RK,1,120L,-5,40.4
166,H5RK,1,120L,-4,44.3
166,H5RK,1,120L,-3,46.2
166,H5RK,1,120L,-2,53.8
166,H5RK,1,120L,-1,56.2
166,H5RK,1,120L,0,60.8
167,PSMN,1,120L,-29,11.0
167,PSMN,1,120L,-28,16.9
167,PSMN,1,120L,-27,21.6
167,PSMN,1,120L,-26,27.0
167,PSMN,1,120L,-25,30.1
167,PSMN,1,120L,-24,36.7
167,PSMN,1,120L,-23,40.0
167,PSMN,1,120L,-22,44.6
167,PSMN,1,120L,-21,54.0
167,PSMN,1,120L,-20,57.1
167,PSMN,1,120L,-19,64.9
167,PSMN,1,120L,-18,70.6
167,PSMN,1,120L,-17,73.3
167,PSMN,1,120L,-16,80.5
167,PSMN,1,120L,-15,83.9
167,PSMN,1,120L,-14,87.5
167,PSMN,1,120L,-13,95.8
167,PSMN,1,120L,-12,0.2
167,PSMN,1,120L,-11,5.6
167,PSMN,1,120L,-10,14.6
167,PSMN,1,120L,-9,14.7
167,PSMN,1,120L,-8,22.9
167,PSMN,1,120L,-7,26.1
167,PSMN,1,120L,-6,34.3
167,PSMN,1,120L,-5,38.8
167,PSMN,1,120L,-4,44.2
167,PSMN,1,120L,-3,47.6
167,PSMN,1,120L,-2,53.2
167,PSMN,1,120L,-1,61.1
167,PSMN,1,120L,0,67.7
168,GI3Z,1,120L,-29,22.8
168,GI3Z,1,120L,-28,29.0
168,GI3Z,1,120L,-27,28.6
168,GI3Z,1,120L,-26,33.8
168,GI3Z,1,120L,-25,33.5
168,GI3Z,1,120L,-24,37.7
168,GI3Z,1,120L,-23,41.8
168,GI3Z,1,120L,-22,44.5
168,GI3Z,1,120L,-21,45.9
168,GI3Z,1,120L,-20,48.9
168,GI3Z,1,120L,-19,54.7
168,GI3Z,1,120L,-18,58.1
168,GI3Z,1,120L,-17,61.7
168,GI3Z,1,120L,-16,65.2
168,GI3Z,1,120L,-15,65.8
168,GI3Z,1,120L,-14,68.2
168,GI3Z,1,120L,-13,73.8
168,GI3Z,1,120L,-12,75.9
168,GI3Z,1,120L,-11,76.5
168,GI3Z,1,120L,-10,79.5
168,GI3Z,1,120L,-9,84.9
168,GI3Z,1,120L,-8,87.0
168,GI3Z,1,120L,-7,90.3
168,GI3Z,1,120L,-6,95.0
168,GI3Z,1,120L,-5,97.7
168,GI3Z,1,120L,-4,100.0
168,GI3Z,1,120L,-3,0.0
168,GI3Z,1,120L,-2,6.2
168,GI3Z,1,120L,-1,9.9
168,GI3Z,1,120L,0,9.7
169,UJ6YSF,1,120L,-29,61.0
169,UJ6YSF,1,120L,-28,66.9
169,UJ6YSF,1,120L,-27,73.9
169,UJ6YSF,1,120L,-26,79.1
169,UJ6YSF,1,120L,-25,79.5
169,UJ6YSF,1,120L,-24,86.1
169,UJ6YSF,1,120L,-23,90.8
169,UJ6YSF,1,120L,-22,95.1
169,UJ6YSF,1,120L,-21,99.7
169,UJ6YSF,1,120L,-20,4.2
169,UJ6YSF,1,120L,-19,10.9
169,UJ6YSF,1,120L,-18,14.6
169,UJ6YSF,1,120L,-17,16.0
169,UJ6YSF,1,120L,-16,23.4
169,UJ6YSF,1,120L,-15,28.2
169,UJ6YSF,1,120L,-14,31.9
169,UJ6YSF,1,120L,-13,37.7
169,UJ6YSF,1,120L,-12,40.9
169,UJ6YSF,1,120L,-11,45.6
169,UJ6YSF,1,120L,-10,50.1
169,UJ6YSF,1,120L,-9,51.5
169,UJ6YSF,1,120L,-8,59.0
169,UJ6YSF,1,120L,-7,62.7
169,UJ6YSF,1,120L,-6,66.5
169,UJ6YSF,1,120L,-5,75.1
169,UJ6YSF,1,120L,-4,78.3
169,UJ6YSF,1,120L,-3,82.1
169,UJ6YSF,1,120L,-2,85.9
169,UJ6YSF,1,120L,-1,91.8
169,UJ6YSF,1,120L,0,97.5
170,EGF425,1,120L,-29,2.1
170,EGF425,1,120L,-28,9.4
170,EGF425,1,120L,-27,11.2
170,EGF425,1,120L,-26,20.0
170,EGF425,1,120L,-25,25.4
170,EGF425,1,120L,-24,31.9
170,EGF425,1,120L,-23,37.3
170,EGF425,1,120L,-22,44.3
170,EGF425,1,120L,-21,53.0
170,EGF425,1,120L,-20,55.6
170,EGF425,1,120L,-19,62.5
170,EGF425,1,120L,-18,71.1
170,EGF425,1,120L,-17,73.2
170,EGF425,1,120L,-16,82.8
170,EGF425,1,120L,-15,86.1
170,EGF425,1,120L,-14,94.7
170,EGF425,1,120L,-13,99.2
170,EGF425,1,120L,-12,4.5
170,EGF425,1,120L,-11,9.9
170,EGF425,1,120L,-10,15.1
170,EGF425,1,120L,-9,22.1
170,EGF425,1,120L,-8,29.4
170,EGF425,1,120L,-7,34.0
170,EGF425,1,120L,-6,39.5
170,EGF425,1,120L,-5,45.6
170,EGF425,1,120L,-4,53.5
170,EGF425,1,120L,-3,59.8
170,EGF425,1,120L,-2,63.0
170,EGF425,1,120L,-1,69.0
170,EGF425,1,120L,0,76.6
171,6TZH,1,120L,-29,88.3
171,6TZH,1,120L,-28,88.6
171,6TZH,1,120L,-27,94.1
171,6TZH,1,120L,-26,97.1
171,6TZH,1,120L,-25,2.1
171,6TZH,1,120L,-24,8.9
171,6TZH,1,120L,-23,8.3
171,6TZH,1,120L,-22,12.0
171,6TZH,1,120L,-21,17.1
171,6TZH,1,120L,-20,22.8
171,6TZH,1,120L,-19,27.3
171,6TZH,1,120L,-18,31.0
171,6TZH,1,120L,-17,36.1
171,6TZH,1,120L,-16,35.7
171,6TZH,1,120L,-15,44.1
171,6TZH,1,120L,-14,45.8
171,6TZH,1,120L,-13,51.3
171,6TZH,1,120L,-12,52.2
171,6TZH,1,120L,-11,58.2
171,6TZH,1,120L,-10,62.5
171,6TZH,1,120L,-9,67.9
171,6TZH,1,120L,-8,67.8
171,6TZH,1,120L,-7,74.2
171,6TZH,1,120L,-6,76.5
171,6TZH,1,120L,-5,82.9
171,6TZH,1,120L,-4,87.2
171,6TZH,1,120L,-3,92.0
171,6TZH,1,120L,-2,93.2
171,6TZH,1,120L,-1,99.4
171,6TZH,1,120L,0,4.0
172,7KJ2,1,120L,-29,37.4
172,7KJ2,1,120L,-28,40.4
172,7KJ2,1,120L,-27,43.8
172,7KJ2,1,120L,-26,51.9
172,7KJ2,1,120L,-25,53.6
172,7KJ2,1,120L,-24,60.0
172,7KJ2,1,120L,-23,65.0
172,7KJ2,1,120L,-22,71.0
172,7KJ2,1,120L,-21,73.9
172,7KJ2,1,120L,-20,78.7
172,7KJ2,1,120L,-19,84.7
172,7KJ2,1,120L,-18,90.9
172,7KJ2,1,120L,-17,97.7
172,7KJ2,1,120L,-16,96.9
172,7KJ2,1,120L,-15,4.5
172,7KJ2,1,120L,-14,7.3
172,7KJ2,1,120L,-13,15.3
172,7KJ2,1,120L,-12,17.2
172,7KJ2,1,120L,-11,22.5
172,7KJ2,1,120L,-10,27.5
172,7KJ2,1,120L,-9,33.1
172,7KJ2,1,120L,-8,38.6
172,7KJ2,1,120L,-7,43.7
172,7KJ2,1,120L,-6,47.8
172,7KJ2,1,120L,-5,50.7
172,7KJ2,1,120L,-4,58.6
172,7KJ2,1,120L,-3,62.3
172,7KJ2,1,120L,-2,69.0
172,7KJ2,1,120L,-1,71.1
172,7KJ2,1,120L,0,74.6
173,KK4T,1,120L,-29,16.5
173,KK4T,1,120L,-28,20.1
173,KK4T,1,120L,-27,24.8
173,KK4T,1,120L,-26,29.0
173,KK4T,1,120L,-25,38.2
173,KK4T,1,120L,-24,39.3
173,KK4T,1,120L,-23,45.0
173,KK4T,1,120L,-22,52.2
173,KK4T,1,120L,-21,53.8
173,KK4T,1,120L,-20,63.8
173,KK4T,1,120L,-19,68.1
173,KK4T,1,120L,-18,73.7
173,KK4T,1,120L,-17,78.5
173,KK4T,1,120L,-16,82.7
173,KK4T,1,120L,-15,86.6
173,KK4T,1,120L,-14,93.2
173,KK4T,1,120L,-13,97.2
173,KK4T,1,120L,-12,4.7
173,KK4T,1,120L,-11,10.4
173,KK4T,1,120L,-10,16.7
173,KK4T,1,120L,-9,20.2
173,KK4T,1,120L,-8,26.3
173,KK4T,1,120L,-7,29.8
173,KK4T,1,120L,-6,34.7
173,KK4T,1,120L,-5,41.4
173,KK4T,1,120L,-4,45.4
173,KK4T,1,120L,-3,51.6
173,KK4T,1,120L,-2,54.9
173,KK4T,1,120L,-1,60.4
173,KK4T,1,120L,0,68.0
174,SOROBW,1,120L,-29,54.9
174,SOROBW,1,120L,-28,56.2
174,SOROBW,1,120L,-27,60.2
174,SOROBW,1,120L,-26,65.4
174,SOROBW,1,120L,-25,67.7
174,SOROBW,1,120L,-24,70.8
174,SOROBW,1,120L,-23,75.6
174,SOROBW,1,120L,-22,74.8
174,SOROBW,1,120L,-21,77.6
174,SOROBW,1,120L,-20,81.1
174,SOROBW,1,120L,-19,84.9
174,SOROBW,1,120L,-18,84.9
174,SOROBW,1,120L,-17,91.3
174,SOROBW,1,120L,-16,93.9
174,SOROBW,1,120L,-15,99.1
174,SOROBW,1,120L,-14,1.5
174,SOROBW,1,120L,-13,3.3
174,SOROBW,1,120L,-12,8.2
174,SOROBW,1,120L,-11,11.5
174,SOROBW,1,120L,-10,12.4
174,SOROBW,1,120L,-9,16.0
174,SOROBW,1,120L,-8,16.5
174,SOROBW,1,120L,-7,21.4
174,SOROBW,1,120L,-6,25.0
174,SOROBW,1,120L,-5,29.4
174,SOROBW,1,120L,-4,31.0
174,SOROBW,1,120L,-3,34.8
174,SOROBW,1,120L,-2,36.9
174,SOROBW,1,120L,-1,42.1
174,SOROBW,1,120L,0,45.6
175,VNCA,1,120L,-29,15.8
175,VNCA,1,120L,-28,18.8
175,VNCA,1,120L,-27,25.6
175,VNCA,1,120L,-26,31.2
175,VNCA,1,120L,-25,36.6
175,VNCA,1,120L,-24,42.7
175,VNCA,1,120L,-23,50.0
175,VNCA,1,120L,-22,54.5
175,VNCA,1,120L,-21,57.1
175,VNCA,1,120L,-20,65.0
175,VNCA,1,120L,-19,70.3
175,VNCA,1,120L,-18,73.5
175,VNCA,1,120L,-17,81.3
175,VNCA,1,120L,-16,85.1
175,VNCA,1,120L,-15,88.6
175,VNCA,1,120L,-14,96.8
175,VNCA,1,120L,-13,1.8
175,VNCA,1,120L,-12,6.4
175,VNCA,1,120L,-11,12.1
175,VNCA,1,120L,-10,16.4
175,VNCA,1,120L,-9,23.7
175,VNCA,1,120L,-8,28.1
175,VNCA,1,120L,-7,33.8
175,VNCA,1,120L,-6,39.4
175,VNCA,1,120L,-5,42.5
175,VNCA,1,120L,-4,48.3
175,VNCA,1,120L,-3,51.6
175,VNCA,1,120L,-2,61.1
175,VNCA,1,120L,-1,63.8
175,VNCA,1,120L,0,71.2
176,UJDFJW,1,120L,-29,90.6
176,UJDFJW,1,120L,-28,98.0
176,UJDFJW,1,120L,-27,6.3
176,UJDFJW,1,120L,-26,12.1
176,UJDFJW,1,120L,-25,16.7
176,UJDFJW,1,120L,-24,21.4
176,UJDFJW,1,120L,-23,25.1
176,UJDFJW,1,120L,-22,33.4
176,UJDFJW,1,120L,-21,37.8
176,UJDFJW,1,120L,-20,44.6
176,UJDFJW,1,120L,-19,48.5
176,UJDFJW,1,120L,-18,54.9
176,UJDFJW,1,120L,-17,61.2
176,UJDFJW,1,120L,-16,67.0
176,UJDFJW,1,120L,-15,73.1
176,UJDFJW,1,120L,-14,77.2
176,UJDFJW,1,120L,-13,81.7
176,UJDFJW,1,120L,-12,91.9
176,UJDFJW,1,120L,-11,98.9
176,UJDFJW,1,120L,-10,1.6
176,UJDFJW,1,120L,-9,4.6
176,UJDFJW,1,120L,-8,11.1
176,UJDFJW,1,120L,-7,18.8
176,UJDFJW,1,120L,-6,25.7
176,UJDFJW,1,120L,-5,27.6
176,UJDFJW,1,120L,-4,35.0
176,UJDFJW,1,120L,-3,41.2
176,UJDFJW,1,120L,-2,47.9
176,UJDFJW,1,120L,-1,51.8
176,UJDFJW,1,120L,0,55.7
177,46JF75,1,120L,-29,25.7
177,46JF75,1,120L,-28,27.0
177,46JF75,1,120L,-27,30.9
177,46JF75,1,120L,-26,32.8
177,46JF75,1,120L,-25,35.4
177,46JF75,1,120L,-24,41.4
177,46JF75,1,120L,-23,43.6
177,46JF75,1,120L,-22,46.9
177,46JF75,1,120L,-21,51.6
177,46JF75,1,120L,-20,51.0
177,46JF75,1,120L,-19,54.9
177,46JF75,1,120L,-18,59.1
177,46JF75,1,120L,-17,61.2
177,46JF75,1,120L,-16,66.4
177,46JF75,1,120L,-15,68.1
177,46JF75,1,120L,-14,70.1
177,46JF75,1,120L,-13,74.9
177,46JF75,1,120L,-12,78.2
177,46JF75,1,120L,-11,82.5
177,46JF75,1,120L,-10,84.9
177,46JF75,1,120L,-9,88.1
177,46JF75,1,120L,-8,91.1
177,46JF75,1,120L,-7,93.5
177,46JF75,1,120L,-6,95.9
177,46JF75,1,120L,-5,0.6
177,46JF75,1,120L,-4,2.8
177,46JF75,1,120L,-3,9.0
177,46JF75,1,120L,-2,11.7
177,46JF75,1,120L,-1,13.8
177,46JF75,1,120L,0,16.6
178,T2X2,1,120L,-29,3.6
178,T2X2,1,120L,-28,8.2
178,T2X2,1,120L,-27,12.5
178,T2X2,1,120L,-26,17.0
178,T2X2,1,120L,-25,21.8
178,T2X2,1,120L,-24,23.5
178,T2X2,1,120L,-23,27.7
178,T2X2,1,120L,-22,35.0
178,T2X2,1,120L,-21,38.2
178,T2X2,1,120L,-20,40.6
178,T2X2,1,120L,-19,45.1
178,T2X2,1,120L,-18,49.3
178,T2X2,1,120L,-17,53.6
178,T2X2,1,120L,-16,58.4
178,T2X2,1,120L,-15,65.7
178,T2X2,1,120L,-14,66.3
178,T2X2,1,120L,-13,71.1
178,T2X2,1,120L,-12,71.8
178,T2X2,1,120L,-11,77.7
178,T2X2,1,120L,-10,84.4
178,T2X2,1,120L,-9,87.3
178,T2X2,1,120L,-8,84.3
178,T2X2,1,120L,-7,96.0
178,T2X2,1,120L,-6,100.0
178,T2X2,1,120L,-5,0.3
178,T2X2,1,120L,-4,9.7
178,T2X2,1,120L,-3,7.4
178,T2X2,1,120L,-2,17.1
178,T2X2,1,120L,-1,19.8
178,T2X2,1,120L,0,20.5
179,43XG,1,120L,-29,40.9
179,43XG,1,120L,-28,44.3
179,43XG,1,120L,-27,49.2
179,43XG,1,120L,-26,52.3
179,43XG,1,120L,-25,54.7
179,43XG,1,120L,-24,63.1
179,43XG,1,120L,-23,69.3
179,43XG,1,120L,-22,72.9
179,43XG,1,120L,-21,72.8
179,43XG,1,120L,-20,78.1
179,43XG,1,120L,-19,83.7
179,43XG,1,120L,-18,87.2
179,43XG,1,120L,-17,94.2
179,43XG,1,120L,-16,99.3
179,43XG,1,120L,-15,1.1
179,43XG,1,120L,-14,9.0
179,43XG,1,120L,-13,13.3
179,43XG,1,120L,-12,16.2
179,43XG,1,120L,-11,21.3
179,43XG,1,120L,-10,23.3
179,43XG,1,120L,-9,30.3
179,43XG,1,120L,-8,35.4
179,43XG,1,120L,-7,40.2
179,43XG,1,120L,-6,45.1
179,43XG,1,120L,-5,49.5
179,43XG,1,120L,-4,53.3
179,43XG,1,120L,-3,58.7
179,43XG,1,120L,-2,64.3
179,43XG,1,120L,-1,67.3
179,43XG,1,120L,0,72.5
180,VYIT,1,120L,-29,3.5
180,VYIT,1,120L,-28,6.4
180,VYIT,1,120L,-27,12.4
180,VYIT,1,120L,-26,16.4
180,VYIT,1,120L,-25,20.4
180,VYIT,1,120L,-24,24.9
180,VYIT,1,120L,-23,29.1
180,VYIT,1,120L,-22,32.0
180,VYIT,1,120L,-21,39.5
180,VYIT,1,120L,-20,43.8
180,VYIT,1,120L,-19,49.3
180,VYIT,1,120L,-18,51.7
180,VYIT,1,120L,-17,59.9
180,VYIT,1,120L,-16,61.0
180,VYIT,1,120L,-15,64.8
180,VYIT,1,120L,-14,69.1
180,VYIT,1,120L,-13,72.6
180,VYIT,1,120L,-12,82.0
180,VYIT,1,120L,-11,86.3
180,VYIT,1,120L,-10,89.6
180,VYIT,1,120L,-9,91.9
180,VYIT,1,120L,-8,100.0
180,VYIT,1,120L,-7,1.8
180,VYIT,1,120L,-6,6.4
180,VYIT,1,120L,-5,13.5
180,VYIT,1,120L,-4,16.9
180,VYIT,1,120L,-3,23.7
180,VYIT,1,120L,-2,25.3
180,VYIT,1,120L,-1,28.9
180,VYIT,1,120L,0,33.1
181,PIJZ,1,120L,-29,9.5
181,PIJZ,1,120L,-28,17.3
181,PIJZ,1,120L,-27,22.1
181,PIJZ,1,120L,-26,26.9
181,PIJZ,1,120L,-25,31.0
181,PIJZ,1,120L,-24,38.4
181,PIJZ,1,120L,-23,45.2
181,PIJZ,1,120L,-22,50.0
181,PIJZ,1,120L,-21,55.2
181,PIJZ,1,120L,-20,59.4
181,PIJZ,1,120L,-19,67.5
181,PIJZ,1,120L,-18,67.1
181,PIJZ,1,120L,-17,78.0
181,PIJZ,1,120L,-16,86.9
181,PIJZ,1,120L,-15,86.4
181,PIJZ,1,120L,-14,93.9
181,PIJZ,1,120L,-13,99.9
181,PIJZ,1,120L,-12,4.8
181,PIJZ,1,120L,-11,12.7
181,PIJZ,1,120L,-10,17.5
181,PIJZ,1,120L,-9,22.6
181,PIJZ,1,120L,-8,29.2
181,PIJZ,1,120L,-7,33.7
181,PIJZ,1,120L,-6,44.0
181,PIJZ,1,120L,-5,45.1
181,PIJZ,1,120L,-4,50.8
181,PIJZ,1,120L,-3,53.6
181,PIJZ,1,120L,-2,60.9
181,PIJZ,1,120L,-1,69.1
181,PIJZ,1,120L,0,71.0
182,B534,1,120L,-29,64.8
182,B534,1,120L,-28,68.0
182,B534,1,120L,-27,72.5
182,B534,1,120L,-26,75.4
182,B534,1,120L,-25,84.0
182,B534,1,120L,-24,89.5
182,B534,1,120L,-23,91.0
182,B534,1,120L,-22,100.0
182,B534,1,120L,-21,5.1
182,B534,1,120L,-20,10.8
182,B534,1,120L,-19,15.1
182,B534,1,120L,-18,20.3
182,B534,1,120L,-17,25.3
182,B534,1,120L,-16,31.0
182,B534,1,120L,-15,32.1
182,B534,1,120L,-14,37.7
182,B534,1,120L,-13,44.0
182,B534,1,120L,-12,50.0
182,B534,1,120L,-11,56.0
182,B534,1,120L,-10,61.0
182,B534,1,120L,-9,67.4
182,B534,1,120L,-8,72.5
182,B534,1,120L,-7,74.7
182,B534,1,120L,-6,81.5
182,B534,1,120L,-5,85.0
182,B534,1,120L,-4,91.1
182,B534,1,120L,-3,97.0
182,B534,1,120L,-2,0.0
182,B534,1,120L,-1,10.5
182,B534,1,120L,0,12.8
183,RVU6,1,120L,-29,22.6
183,RVU6,1,120L,-28,22.3
183,RVU6,1,120L,-27,26.2
183,RVU6,1,120L,-26,28.5
183,RVU6,1,120L,-25,34.9
183,RVU6,1,120L,-24,35.4
183,RVU6,1,120L,-23,39.0
183,RVU6,1,120L,-22,43.8
183,RVU6,1,120L,-21,46.0
183,RVU6,1,120L,-20,48.3
183,RVU6,1,120L,-19,53.2
183,RVU6,1,120L,-18,58.5
183,RVU6,1,120L,-17,58.4
183,RVU6,1,120L,-16,61.2
183,RVU6,1,120L,-15,64.5
183,RVU6,1,120L,-14,69.4
183,RVU6,1,120L,-13,69.7
183,RVU6,1,120L,-12,73.4
183,RVU6,1,120L,-11,74.7
183,RVU6,1,120L,-10,78.4
183,RVU6,1,120L,-9,82.6
183,RVU6,1,120L,-8,86.4
183,RVU6,1,120L,-7,92.4
183,RVU6,1,120L,-6,93.7
183,RVU6,1,120L,-5,94.7
183,RVU6,1,120L,-4,98.2
183,RVU6,1,120L,-3,4.5
183,RVU6,1,120L,-2,7.3
183,RVU6,1,120L,-1,8.9
183,RVU6,1,120L,0,11.3
184,4VYR,1,120L,-29,91.2
184,4VYR,1,120L,-28,100.0
184,4VYR,1,120L,-27,2.9
184,4VYR,1,120L,-26,7.4
184,4VYR,1,120L,-25,15.2
184,4VYR,1,120L,-24,19.8
184,4VYR,1,120L,-23,24.4
184,4VYR,1,120L,-22,33.5
184,4VYR,1,120L,-21,40.2
184,4VYR,1,120L,-20,44.0
184,4VYR,1,120L,-19,49.9
184,4VYR,1,120L,-18,55.0
184,4VYR,1,120L,-17,62.2
184,4VYR,1,120L,-16,67.5
184,4VYR,1,120L,-15,72.8
184,4VYR,1,120L,-14,83.2
184,4VYR,1,120L,-13,87.0
184,4VYR,1,120L,-12,93.1
184,4VYR,1,120L,-11,99.6
184,4VYR,1,120L,-10,5.4
184,4VYR,1,120L,-9,9.6
184,4VYR,1,120L,-8,16.6
184,4VYR,1,120L,-7,21.8
184,4VYR,1,120L,-6,28.8
184,4VYR,1,120L,-5,34.6
184,4VYR,1,120L,-4,39.5
184,4VYR,1,120L,-3,44.1
184,4VYR,1,120L,-2,52.3
184,4VYR,1,120L,-1,57.7
184,4VYR,1,120L,0,61.2
185,SNVZ,1,120L,-29,12.4
185,SNVZ,1,120L,-28,18.7
185,SNVZ,1,120L,-27,18.3
185,SNVZ,1,120L,-26,22.0
185,SNVZ,1,120L,-25,25.1
185,SNVZ,1,120L,-24,31.0
185,SNVZ,1,120L,-23,34.9
185,SNVZ,1,120L,-22,37.3
185,SNVZ,1,120L,-21,42.2
185,SNVZ,1,120L,-20,43.4
185,SNVZ,1,120L,-19,51.7
185,SNVZ,1,120L,-18,53.1
185,SNVZ,1,120L,-17,58.1
185,SNVZ,1,120L,-16,60.0
185,SNVZ,1,120L,-15,65.2
185,SNVZ,1,120L,-14,69.5
185,SNVZ,1,120L,-13,73.9
185,SNVZ,1,120L,-12,78.5
185,SNVZ,1,120L,-11,83.9
185,SNVZ,1,120L,-10,86.8
185,SNVZ,1,120L,-9,91.1
185,SNVZ,1,120L,-8,95.7
185,SNVZ,1,120L,-7,98.3
185,SNVZ,1,120L,-6,1.4
185,SNVZ,1,120L,-5,6.9
185,SNVZ,1,120L,-4,10.9
185,SNVZ,1,120L,-3,14.2
185,SNVZ,1,120L,-2,15.0
185,SNVZ,1,120L,-1,19.8
185,SNVZ,1,120L,0,24.6
186,FFFY,1,120L,-29,73.9
186,FFFY,1,120L,-28,78.9
186,FFFY,1,120L,-27,83.5
186,FFFY,1,120L,-26,88.2
186,FFFY,1,120L,-25,89.5
186,FFFY,1,120L,-24,96.5
186,FFFY,1,120L,-23,0.0
186,FFFY,1,120L,-22,2.8
186,FFFY,1,120L,-21,9.5
186,FFFY,1,120L,-20,16.7
186,FFFY,1,120L,-19,20.1
186,FFFY,1,120L,-18,27.1
186,FFFY,1,120L,-17,29.1
186,FFFY,1,120L,-16,37.2
186,FFFY,1,120L,-15,38.5
186,FFFY,1,120L,-14,43.0
186,FFFY,1,120L,-13,45.8
186,FFFY,1,120L,-12,54.1
186,FFFY,1,120L,-11,56.4
186,FFFY,1,120L,-10,60.9
186,FFFY,1,120L,-9,68.5
186,FFFY,1,120L,-8,73.0
186,FFFY,1,120L,-7,77.7
186,FFFY,1,120L,-6,80.2
186,FFFY,1,120L,-5,85.3
186,FFFY,1,120L,-4,90.0
186,FFFY,1,120L,-3,96.0
186,FFFY,1,120L,-2,100.0
186,FFFY,1,120L,-1,4.8
186,FFFY,1,120L,0,12.0
187,FN4Z,1,120L,-29,70.3
187,FN4Z,1,120L,-28,77.6
187,FN4Z,1,120L,-27,84.7
187,FN4Z,1,120L,-26,90.9
187,FN4Z,1,120L,-25,95.5
187,FN4Z,1,120L,-24,99.5
187,FN4Z,1,120L,-23,4.9
187,FN4Z,1,120L,-22,11.9
187,FN4Z,1,120L,-21,19.3
187,FN4Z,1,120L,-20,23.2
187,FN4Z,1,120L,-19,29.0
187,FN4Z,1,120L,-18,34.2
187,FN4Z,1,120L,-17,39.4
187,FN4Z,1,120L,-16,45.4
187,FN4Z,1,120L,-15,51.6
187,FN4Z,1,120L,-14,59.8
187,FN4Z,1,120L,-13,62.6
187,FN4Z,1,120L,-12,68.8
187,FN4Z,1,120L,-11,73.2
187,FN4Z,1,120L,-10,81.4
187,FN4Z,1,120L,-9,88.1
187,FN4Z,1,120L,-8,94.3
187,FN4Z,1,120L,-7,97.9
187,FN4Z,1,120L,-6,4.2
187,FN4Z,1,120L,-5,8.9
187,FN4Z,1,120L,-4,15.7
187,FN4Z,1,120L,-3,21.2
187,FN4Z,1,120L,-2,26.5
187,FN4Z,1,120L,-1,32.4
187,FN4Z,1,120L,0,38.7
188,YABH,1,120L,-29,95.1
188,YABH,1,120L,-28,100.0
188,YABH,1,120L,-27,97.7
188,YABH,1,120L,-26,1.1
188,YABH,1,120L,-25,5.0
188,YABH,1,120L,-24,9.7
188,YABH,1,120L,-23,14.7
188,YABH,1,120L,-22,17.7
188,YABH,1,120L,-21,20.5
188,YABH,1,120L,-20,24.5
188,YABH,1,120L,-19,26.2
188,YABH,1,120L,-18,30.3
188,YABH,1,120L,-17,34.1
188,YABH,1,120L,-16,35.2
188,YABH,1,120L,-15,39.3
188,YABH,1,120L,-14,42.8
188,YABH,1,120L,-13,49.1
188,YABH,1,120L,-12,51.8
188,YABH,1,120L,-11,55.8
188,YABH,1,120L,-10,55.6
188,YABH,1,120L,-9,59.6
188,YABH,1,120L,-8,66.3
188,YABH,1,120L,-7,64.6
188,YABH,1,120L,-6,74.1
188,YABH,1,120L,-5,72.9
188,YABH,1,120L,-4,80.4
188,YABH,1,120L,-3,81.3
188,YABH,1,120L,-2,87.6
188,YABH,1,120L,-1,94.3
188,YABH,1,120L,0,89.6
189,WV3D,1,120L,-29,65.7
189,WV3D,1,120L,-28,75.0
189,WV3D,1,120L,-27,79.9
189,WV3D,1,120L,-26,86.3
189,WV3D,1,120L,-25,90.7
189,WV3D,1,120L,-24,99.2
189,WV3D,1,120L,-23,1.7
189,WV3D,1,120L,-22,11.7
189,WV3D,1,120L,-21,15.1
189,WV3D,1,120L,-20,19.5
189,WV3D,1,120L,-19,30.0
189,WV3D,1,120L,-18,33.4
189,WV3D,1,120L,-17,42.3
189,WV3D,1,120L,-16,47.2
189,WV3D,1,120L,-15,50.0
189,WV3D,1,120L,-14,57.0
189,WV3D,1,120L,-13,63.3
189,WV3D,1,120L,-12,71.3
189,WV3D,1,120L,-11,75.6
189,WV3D,1,120L,-10,81.1
189,WV3D,1,120L,-9,86.4
189,WV3D,1,120L,-8,92.6
189,WV3D,1,120L,-7,100.0
189,WV3D,1,120L,-6,4.5
189,WV3D,1,120L,-5,9.8
189,WV3D,1,120L,-4,15.5
189,WV3D,1,120L,-3,21.4
189,WV3D,1,120L,-2,26.1
189,WV3D,1,120L,-1,33.0
189,WV3D,1,120L,0,42.2
190,N7YA,1,120L,-29,89.7
190,N7YA,1,120L,-28,88.7
190,N7YA,1,120L,-27,97.0
190,N7YA,1,120L,-26,99.6
190,N7YA,1,120L,-25,2.9
190,N7YA,1,120L,-24,7.6
190,N7YA,1,120L,-23,10.4
190,N7YA,1,120L,-22,11.6
190,N7YA,1,120L,-21,19.9
190,N7YA,1,120L,-20,22.7
190,N7YA,1,120L,-19,25.6
190,N7YA,1,120L,-18,28.3
190,N7YA,1,120L,-17,31.3
190,N7YA,1,120L,-16,37.6
190,N7YA,1,120L,-15,43.4
190,N7YA,1,120L,-14,45.0
190,N7YA,1,120L,-13,46.4
190,N7YA,1,120L,-12,52.5
190,N7YA,1,120L,-11,55.8
190,N7YA,1,120L,-10,60.9
190,N7YA,1,120L,-9,64.3
190,N7YA,1,120L,-8,62.6
190,N7YA,1,120L,-7,71.7
190,N7YA,1,120L,-6,73.1
190,N7YA,1,120L,-5,76.2
190,N7YA,1,120L,-4,81.8
190,N7YA,1,120L,-3,86.4
190,N7YA,1,120L,-2,87.1
190,N7YA,1,120L,-1,94.3
190,N7YA,1,120L,0,98.1
191,XFJB4O,1,120L,-29,11.4
191,XFJB4O,1,120L,-28,14.2
191,XFJB4O,1,120L,-27,20.2
191,XFJB4O,1,120L,-26,19.4
191,XFJB4O,1,120L,-25,26.3
191,XFJB4O,1,120L,-24,27.5
191,XFJB4O,1,120L,-23,30.6
191,XFJB4O,1,120L,-22,31.2
191,XFJB4O,1,120L,-21,36.5
191,XFJB4O,1,120L,-20,40.7
191,XFJB4O,1,120L,-19,40.8
191,XFJB4O,1,120L,-18,46.5
191,XFJB4O,1,120L,-17,48.9
191,XFJB4O,1,120L,-16,50.8
191,XFJB4O,1,120L,-15,56.1
191,XFJB4O,1,120L,-14,54.5
191,XFJB4O,1,120L,-13,61.4
191,XFJB4O,1,120L,-12,66.3
191,XFJB4O,1,120L,-11,69.0
191,XFJB4O,1,120L,-10,70.5
191,XFJB4O,1,120L,-9,72.4
191,XFJB4O,1,120L,-8,75.0
191,XFJB4O,1,120L,-7,78.5
191,XFJB4O,1,120L,-6,82.7
191,XFJB4O,1,120L,-5,83.7
191,XFJB4O,1,120L,-4,89.1
191,XFJB4O,1,120L,-3,94.2
191,XFJB4O,1,120L,-2,93.9
191,XFJB4O,1,120L,-1,95.0
191,XFJB4O,1,120L,0,0.0
192,NDM7,1,120L,-29,62.3
192,NDM7,1,120L,-28,65.7
192,NDM7,1,120L,-27,73.2
192,NDM7,1,120L,-26,77.3
192,NDM7,1,120L,-25,81.9
192,NDM7,1,120L,-24,87.9
192,NDM7,1,120L,-23,92.3
192,NDM7,1,120L,-22,100.0
192,NDM7,1,120L,-21,4.9
192,NDM7,1,120L,-20,11.6
192,NDM7,1,120L,-19,15.3
192,NDM7,1,120L,-18,20.1
192,NDM7,1,120L,-17,26.8
192,NDM7,1,120L,-16,34.3
192,NDM7,1,120L,-15,37.4
192,NDM7,1,120L,-14,42.4
192,NDM7,1,120L,-13,49.5
192,NDM7,1,120L,-12,55.5
192,NDM7,1,120L,-11,62.8
192,NDM7,1,120L,-10,66.3
192,NDM7,1,120L,-9,72.3
192,NDM7,1,120L,-8,77.9
192,NDM7,1,120L,-7,80.6
192,NDM7,1,120L,-6,86.4
192,NDM7,1,120L,-5,91.8
192,NDM7,1,120L,-4,96.9
192,NDM7,1,120L,-3,5.6
192,NDM7,1,120L,-2,10.4
192,NDM7,1,120L,-1,15.6
192,NDM7,1,120L,0,17.1
193,AVVB,1,120L,-29,82.4
193,AVVB,1,120L,-28,91.3
193,AVVB,1,120L,-27,90.5
193,AVVB,1,120L,-26,95.9
193,AVVB,1,120L,-25,0.0
193,AVVB,1,120L,-24,6.6
193,AVVB,1,120L,-23,8.8
193,AVVB,1,120L,-22,13.3
193,AVVB,1,120L,-21,17.4
193,AVVB,1,120L,-20,25.0
193,AVVB,1,120L,-19,29.4
193,AVVB,1,120L,-18,35.5
193,AVVB,1,120L,-17,36.2
193,AVVB,1,120L,-16,42.0
193,AVVB,1,120L,-15,44.2
193,AVVB,1,120L,-14,50.1
193,AVVB,1,120L,-13,54.3
193,AVVB,1,120L,-12,60.2
193,AVVB,1,120L,-11,65.5
193,AVVB,1,120L,-10,69.9
193,AVVB,1,120L,-9,71.6
193,AVVB,1,120L,-8,78.8
193,AVVB,1,120L,-7,81.7
193,AVVB,1,120L,-6,85.8
193,AVVB,1,120L,-5,89.7
193,AVVB,1,120L,-4,94.3
193,AVVB,1,120L,-3,100.0
193,AVVB,1,120L,-2,4.5
193,AVVB,1,120L,-1,8.8
193,AVVB,1,120L,0,12.6
194,YANR,1,120L,-29,97.3
194,YANR,1,120L,-28,1.3
194,YANR,1,120L,-27,4.7
194,YANR,1,120L,-26,8.6
194,YANR,1,120L,-25,10.6
194,YANR,1,120L,-24,15.7
194,YANR,1,120L,-23,20.5
194,YANR,1,120L,-22,19.7
194,YANR,1,120L,-21,23.3
194,YANR,1,120L,-20,27.6
194,YANR,1,120L,-19,31.0
194,YANR,1,120L,-18,38.0
194,YANR,1,120L,-17,39.9
194,YANR,1,120L,-16,43.1
194,YANR,1,120L,-15,44.6
194,YANR,1,120L,-14,47.9
194,YANR,1,120L,-13,49.5
194,YANR,1,120L,-12,56.2
194,YANR,1,120L,-11,59.1
194,YANR,1,120L,-10,63.6
194,YANR,1,120L,-9,64.7
194,YANR,1,120L,-8,68.1
194,YANR,1,120L,-7,71.9
194,YANR,1,120L,-6,76.3
194,YANR,1,120L,-5,76.1
194,YANR,1,120L,-4,82.8
194,YANR,1,120L,-3,85.0
194,YANR,1,120L,-2,86.7
194,YANR,1,120L,-1,88.5
194,YANR,1,120L,0,94.8
195,KIKG,1,120L,-29,100.0
195,KIKG,1,120L,-28,4.1
195,KIKG,1,120L,-27,11.6
195,KIKG,1,120L,-26,13.8
195,KIKG,1,120L,-25,20.5
195,KIKG,1,120L,-24,23.5
195,KIKG,1,120L,-23,28.6
195,KIKG,1,120L,-22,33.5
195,KIKG,1,120L,-21,36.6
195,KIKG,1,120L,-20,46.7
195,KIKG,1,120L,-19,49.0
195,KIKG,1,120L,-18,53.9
195,KIKG,1,120L,-17,58.5
195,KIKG,1,120L,-16,65.1
195,KIKG,1,120L,-15,73.3
195,KIKG,1,120L,-14,78.9
195,KIKG,1,120L,-13,78.4
195,KIKG,1,120L,-12,85.6
195,KIKG,1,120L,-11,89.7
195,KIKG,1,120L,-10,97.9
195,KIKG,1,120L,-9,2.0
195,KIKG,1,120L,-8,5.8
195,KIKG,1,120L,-7,12.0
195,KIKG,1,120L,-6,16.3
195,KIKG,1,120L,-5,24.6
195,KIKG,1,120L,-4,28.2
195,KIKG,1,120L,-3,33.5
195,KIKG,1,120L,-2,33.7
195,KIKG,1,120L,-1,42.7
195,KIKG,1,120L,0,51.1
196,YIEA,1,120L,-29,64.0
196,YIEA,1,120L,-28,66.0
196,YIEA,1,120L,-27,73.7
196,YIEA,1,120L,-26,74.8
196,YIEA,1,120L,-25,76.6
196,YIEA,1,120L,-24,81.1
196,YIEA,1,120L,-23,80.5
196,YIEA,1,120L,-22,86.1
196,YIEA,1,120L,-21,91.1
196,YIEA,1,120L,-20,95.7
196,YIEA,1,120L,-19,94.8
196,YIEA,1,120L,-18,0.5
196,YIEA,1,120L,-17,5.9
196,YIEA,1,120L,-16,5.5
196,YIEA,1,120L,-15,11.4
196,YIEA,1,120L,-14,14.5
196,YIEA,1,120L,-13,20.3
196,YIEA,1,120L,-12,20.7
196,YIEA,1,120L,-11,24.1
196,YIEA,1,120L,-10,29.0
196,YIEA,1,120L,-9,29.0
196,YIEA,1,120L,-8,34.0
196,YIEA,1,120L,-7,37.0
196,YIEA,1,120L,-6,40.8
196,YIEA,1,120L,-5,45.6
196,YIEA,1,120L,-4,48.5
196,YIEA,1,120L,-3,49.9
196,YIEA,1,120L,-2,54.5
196,YIEA,1,120L,-1,59.9
196,YIEA,1,120L,0,59.8
197,DOAY,1,120L,-29,17.1
197,DOAY,1,120L,-28,22.2
197,DOAY,1,120L,-27,24.8
197,DOAY,1,120L,-26,34.2
197,DOAY,1,120L,-25,35.9
197,DOAY,1,120L,-24,43.5
197,DOAY,1,120L,-23,45.9
197,DOAY,1,120L,-22,50.9
197,DOAY,1,120L,-21,58.5
197,DOAY,1,120L,-20,63.1
197,DOAY,1,120L,-19,66.9
197,DOAY,1,120L,-18,72.6
197,DOAY,1,120L,-17,76.0
197,DOAY,1,120L,-16,81.3
197,DOAY,1,120L,-15,85.2
197,DOAY,1,120L,-14,92.5
197,DOAY,1,120L,-13,95.0
197,DOAY,1,120L,-12,3.2
197,DOAY,1,120L,-11,5.4
197,DOAY,1,120L,-10,10.8
197,DOAY,1,120L,-9,16.9
197,DOAY,1,120L,-8,20.7
197,DOAY,1,120L,-7,25.1
197,DOAY,1,120L,-6,30.4
197,DOAY,1,120L,-5,36.7
197,DOAY,1,120L,-4,39.3
197,DOAY,1,120L,-3,45.1
197,DOAY,1,120L,-2,50.2
197,DOAY,1,120L,-1,56.4
197,DOAY,1,120L,0,59.9
198,PWCW,1,120L,-29,66.3
198,PWCW,1,120L,-28,71.2
198,PWCW,1,120L,-27,74.3
198,PWCW,1,120L,-26,79.6
198,PWCW,1,120L,-25,85.1
198,PWCW,1,120L,-24,92.4
198,PWCW,1,120L,-23,95.5
198,PWCW,1,120L,-22,0.0
198,PWCW,1,120L,-21,7.0
198,PWCW,1,120L,-20,12.3
198,PWCW,1,120L,-19,16.6
198,PWCW,1,120L,-18,18.3
198,PWCW,1,120L,-17,23.6
198,PWCW,1,120L,-16,31.9
198,PWCW,1,120L,-15,34.3
198,PWCW,1,120L,-14,38.4
198,PWCW,1,120L,-13,44.6
198,PWCW,1,120L,-12,49.9
198,PWCW,1,120L,-11,52.3
198,PWCW,1,120L,-10,58.3
198,PWCW,1,120L,-9,64.2
198,PWCW,1,120L,-8,65.8
198,PWCW,1,120L,-7,72.4
198,PWCW,1,120L,-6,75.5
198,PWCW,1,120L,-5,80.5
198,PWCW,1,120L,-4,85.9
198,PWCW,1,120L,-3,92.3
198,PWCW,1,120L,-2,95.9
198,PWCW,1,120L,-1,0.2
198,PWCW,1,120L,0,6.1
199,BT77,1,120L,-29,79.7
199,BT77,1,120L,-28,84.1
199,BT77,1,120L,-27,85.6
199,BT77,1,120L,-26,88.8
199,BT77,1,120L,-25,93.0
199,BT77,1,120L,-24,92.7
199,BT77,1,120L,-23,99.9
199,BT77,1,120L,-22,7.1
199,BT77,1,120L,-21,5.6
199,BT77,1,120L,-20,9.0
199,BT77,1,120L,-19,13.6
199,BT77,1,120L,-18,18.3
199,BT77,1,120L,-17,20.6
199,BT77,1,120L,-16,19.3
199,BT77,1,120L,-15,26.7
199,BT77,1,120L,-14,33.1
199,BT77,1,120L,-13,33.5
199,BT77,1,120L,-12,34.1
199,BT77,1,120L,-11,39.6
199,BT77,1,120L,-10,40.6
199,BT77,1,120L,-9,47.8
199,BT77,1,120L,-8,47.8
199,BT77,1,120L,-7,52.7
199,BT77,1,120L,-6,54.7
199,BT77,1,120L,-5,58.5
199,BT77,1,120L,-4,64.9
199,BT77,1,120L,-3,66.1
199,BT77,1,120L,-2,68.5
199,BT77,1,120L,-1,70.9
199,BT77,1,120L,0,73.2
200,OXYS,1,120L,-29,32.5
200,OXYS,1,120L,-28,35.4
200,OXYS,1,120L,-27,43.7
200,OXYS,1,120L,-26,45.5
200,OXYS,1,120L,-25,51.4
200,OXYS,1,120L,-24,55.3
200,OXYS,1,120L,-23,63.5
200,OXYS,1,120L,-22,70.4
200,OXYS,1,120L,-21,69.8
200,OXYS,1,120L,-20,77.1
200,OXYS,1,120L,-19,84.6
200,OXYS,1,120L,-18,85.7
200,OXYS,1,120L,-17,93.9
200,OXYS,1,120L,-16,100.0
200,OXYS,1,120L,-15,3.5
200,OXYS,1,120L,-14,9.4
200,OXYS,1,120L,-13,16.4
200,OXYS,1,120L,-12,21.9
200,OXYS,1,120L,-11,24.0
200,OXYS,1,120L,-10,28.5
200,OXYS,1,120L,-9,33.1
200,OXYS,1,120L,-8,41.1
200,OXYS,1,120L,-7,42.7
200,OXYS,1,120L,-6,49.6
200,OXYS,1,120L,-5,55.3
200,OXYS,1,120L,-4,59.6
200,OXYS,1,120L,-3,65.9
200,OXYS,1,120L,-2,74.5
200,OXYS,1,120L,-1,75.6
200,OXYS,1,120L,0,80.3
201,JCPQ,1,120L,-29,90.5
201,JCPQ,1,120L,-28,97.8
201,JCPQ,1,120L,-27,1.5
201,JCPQ,1,120L,-26,6.4
201,JCPQ,1,120L,-25,9.6
201,JCPQ,1,120L,-24,15.4
201,JCPQ,1,120L,-23,20.7
201,JCPQ,1,120L,-22,29.5
201,JCPQ,1,120L,-21,32.5
201,JCPQ,1,120L,-20,41.9
201,JCPQ,1,120L,-19,45.6
201,JCPQ,1,120L,-18,50.8
201,JCPQ,1,120L,-17,55.4
201,JCPQ,1,120L,-16,63.2
201,JCPQ,1,120L,-15,66.6
201,JCPQ,1,120L,-14,71.9
201,JCPQ,1,120L,-13,80.7
201,JCPQ,1,120L,-12,85.0
201,JCPQ,1,120L,-11,89.6
201,JCPQ,1,120L,-10,96.5
201,JCPQ,1,120L,-9,1.1
201,JCPQ,1,120L,-8,7.2
201,JCPQ,1,120L,-7,10.9
201,JCPQ,1,120L,-6,20.8
201,JCPQ,1,120L,-5,22.4
201,JCPQ,1,120L,-4,31.1
201,JCPQ,1,120L,-3,34.1
201,JCPQ,1,120L,-2,41.1
201,JCPQ,1,120L,-1,46.6
201,JCPQ,1,120L,0,52.7
202,QE67,1,120L,-29,6.7
202,QE67,1,120L,-28,7.2
202,QE67,1,120L,-27,11.3
202,QE67,1,120L,-26,14.1
202,QE67,1,120L,-25,18.0
202,QE67,1,120L,-24,24.8
202,QE67,1,120L,-23,24.3
202,QE67,1,120L,-22,28.1
202,QE67,1,120L,-21,35.6
202,QE67,1,120L,-20,37.8
202,QE67,1,120L,-19,43.7
202,QE67,1,120L,-18,43.5
202,QE67,1,120L,-17,48.0
202,QE67,1,120L,-16,50.5
202,QE67,1,120L,-15,55.3
202,QE67,1,120L,-14,56.1
202,QE67,1,120L,-13,63.5
202,QE67,1,120L,-12,66.6
202,QE67,1,120L,-11,69.7
202,QE67,1,120L,-10,72.8
202,QE67,1,120L,-9,75.7
202,QE67,1,120L,-8,81.8
202,QE67,1,120L,-7,82.6
202,QE67,1,120L,-6,88.8
202,QE67,1,120L,-5,94.8
202,QE67,1,120L,-4,97.6
202,QE67,1,120L,-3,96.8
202,QE67,1,120L,-2,1.9
202,QE67,1,120L,-1,7.0
202,QE67,1,120L,0,9.9
203,U6RM,1,120L,-29,73.3
203,U6RM,1,120L,-28,78.2
203,U6RM,1,120L,-27,86.7
203,U6RM,1,120L,-26,89.0
203,U6RM,1,120L,-25,96.7
203,U6RM,1,120L,-24,0.0
203,U6RM,1,120L,-23,4.5
203,U6RM,1,120L,-22,12.7
203,U6RM,1,120L,-21,18.8
203,U6RM,1,120L,-20,21.3
203,U6RM,1,120L,-19,28.4
203,U6RM,1,120L,-18,31.8
203,U6RM,1,120L,-17,39.2
203,U6RM,1,120L,-16,46.3
203,U6RM,1,120L,-15,49.9
203,U6RM,1,120L,-14,55.8
203,U6RM,1,120L,-13,60.0
203,U6RM,1,120L,-12,66.3
203,U6RM,1,120L,-11,75.5
203,U6RM,1,120L,-10,78.5
203,U6RM,1,120L,-9,82.4
203,U6RM,1,120L,-8,89.0
203,U6RM,1,120L,-7,92.7
203,U6RM,1,120L,-6,0.0
203,U6RM,1,120L,-5,8.2
203,U6RM,1,120L,-4,11.5
203,U6RM,1,120L,-3,20.1
203,U6RM,1,120L,-2,22.7
203,U6RM,1,120L,-1,28.4
203,U6RM,1,120L,0,35.0
204,C7GGQV,1,120L,-29,70.8
204,C7GGQV,1,120L,-28,78.7
204,C7GGQV,1,120L,-27,83.5
204,C7GGQV,1,120L,-26,85.9
204,C7GGQV,1,120L,-25,95.1
204,C7GGQV,1,120L,-24,98.4
204,C7GGQV,1,120L,-23,3.0
204,C7GGQV,1,120L,-22,10.3
204,C7GGQV,1,120L,-21,15.3
204,C7GGQV,1,120L,-20,23.5
204,C7GGQV,1,120L,-19,27.3
204,C7GGQV,1,120L,-18,32.7
204,C7GGQV,1,120L,-17,39.3
204,C7GGQV,1,120L,-16,45.2
204,C7GGQV,1,120L,-15,50.3
204,C7GGQV,1,120L,-14,56.8
204,C7GGQV,1,120L,-13,61.2
204,C7GGQV,1,120L,-12,66.2
204,C7GGQV,1,120L,-11,73.4
204,C7GGQV,1,120L,-10,76.9
204,C7GGQV,1,120L,-9,82.7
204,C7GGQV,1,120L,-8,90.8
204,C7GGQV,1,120L,-7,96.3
204,C7GGQV,1,120L,-6,99.4
204,C7GGQV,1,120L,-5,4.4
204,C7GGQV,1,120L,-4,12.8
204,C7GGQV,1,120L,-3,17.4
204,C7GGQV,1,120L,-2,22.3
204,C7GGQV,1,120L,-1,26.9
204,C7GGQV,1,120L,0,33.5
205,H644,1,120L,-29,62.8
205,H644,1,120L,-28,67.0
205,H644,1,120L,-27,70.2
205,H644,1,120L,-26,72.2
205,H644,1,120L,-25,77.1
205,H644,1,120L,-24,80.7
205,H644,1,120L,-23,83.3
205,H644,1,120L,-22,84.4
205,H644,1,120L,-21,89.0
205,H644,1,120L,-20,90.9
205,H644,1,120L,-19,92.0
205,H644,1,120L,-18,97.9
205,H644,1,120L,-17,100.0
205,H644,1,120L,-16,6.8
205,H644,1,120L,-15,8.1
205,H644,1,120L,-14,9.9
205,H644,1,120L,-13,12.3
205,H644,1,120L,-12,15.1
205,H644,1,120L,-11,16.4
205,H644,1,120L,-10,18.3
205,H644,1,120L,-9,22.6
205,H644,1,120L,-8,26.9
205,H644,1,120L,-7,26.8
205,H644,1,120L,-6,32.1
205,H644,1,120L,-5,35.6
205,H644,1,120L,-4,38.6
205,H644,1,120L,-3,41.0
205,H644,1,120L,-2,44.5
205,H644,1,120L,-1,50.6
205,H644,1,120L,0,52.0
206,R7PR,1,120L,-29,96.3
206,R7PR,1,120L,-28,0.0
206,R7PR,1,120L,-27,4.3
206,R7PR,1,120L,-26,11.6
206,R7PR,1,120L,-25,14.0
206,R7PR,1,120L,-24,17.6
206,R7PR,1,120L,-23,23.7
206,R7PR,1,120L,-22,28.5
206,R7PR,1,120L,-21,30.0
206,R7PR,1,120L,-20,37.4
206,R7PR,1,120L,-19,43.4
206,R7PR,1,120L,-18,47.3
206,R7PR,1,120L,-17,54.6
206,R7PR,1,120L,-16,57.7
206,R7PR,1,120L,-15,62.5
206,R7PR,1,120L,-14,69.1
206,R7PR,1,120L,-13,70.7
206,R7PR,1,120L,-12,74.3
206,R7PR,1,120L,-11,80.1
206,R7PR,1,120L,-10,82.4
206,R7PR,1,120L,-9,88.0
206,R7PR,1,120L,-8,91.4
206,R7PR,1,120L,-7,97.6
206,R7PR,1,120L,-6,0.6
206,R7PR,1,120L,-5,5.1
206,R7PR,1,120L,-4,11.3
206,R7PR,1,120L,-3,15.1
206,R7PR,1,120L,-2,17.0
206,R7PR,1,120L,-1,22.2
206,R7PR,1,120L,0,27.3
207,6LTW,1,120L,-29,34.9
207,6LTW,1,120L,-28,38.7
207,6LTW,1,120L,-27,44.0
207,6LTW,1,120L,-26,47.6
207,6LTW,1,120L,-25,52.1
207,6LTW,1,120L,-24,55.5
207,6LTW,1,120L,-23,59.0
207,6LTW,1,120L,-22,64.4
207,6LTW,1,120L,-21,68.2
207,6LTW,1,120L,-20,71.4
207,6LTW,1,120L,-19,76.8
207,6LTW,1,120L,-18,75.4
207,6LTW,1,120L,-17,82.6
207,6LTW,1,120L,-16,86.6
207,6LTW,1,120L,-15,92.9
207,6LTW,1,120L,-14,97.5
207,6LTW,1,120L,-13,97.1
207,6LTW,1,120L,-12,5.4
207,6LTW,1,120L,-11,5.6
207,6LTW,1,120L,-10,9.7
207,6LTW,1,120L,-9,15.1
207,6LTW,1,120L,-8,19.1
207,6LTW,1,120L,-7,21.3
207,6LTW,1,120L,-6,28.6
207,6LTW,1,120L,-5,32.7
207,6LTW,1,120L,-4,37.3
207,6LTW,1,120L,-3,39.2
207,6LTW,1,120L,-2,43.8
207,6LTW,1,120L,-1,47.9
207,6LTW,1,120L,0,54.5
208,SCSO,1,120L,-29,88.6
208,SCSO,1,120L,-28,92.2
208,SCSO,1,120L,-27,98.7
208,SCSO,1,120L,-26,4.1
208,SCSO,1,120L,-25,8.5
208,SCSO,1,120L,-24,14.8
208,SCSO,1,120L,-23,20.9
208,SCSO,1,120L,-22,24.8
208,SCSO,1,120L,-21,29.7
208,SCSO,1,120L,-20,35.4
208,SCSO,1,120L,-19,40.8
208,SCSO,1,120L,-18,43.4
208,SCSO,1,120L,-17,52.0
208,SCSO,1,120L,-16,55.8
208,SCSO,1,120L,-15,63.6
208,SCSO,1,120L,-14,67.8
208,SCSO,1,120L,-13,73.9
208,SCSO,1,120L,-12,75.8
208,SCSO,1,120L,-11,82.0
208,SCSO,1,120L,-10,85.9
208,SCSO,1,120L,-9,92.0
208,SCSO,1,120L,-8,100.0
208,SCSO,1,120L,-7,5.7
208,SCSO,1,120L,-6,7.0
208,SCSO,1,120L,-5,13.2
208,SCSO,1,120L,-4,19.0
208,SCSO,1,120L,-3,25.2
208,SCSO,1,120L,-2,26.9
208,SCSO,1,120L,-1,32.4
208,SCSO,1,120L,0,40.7
209,LP4Y,1,120L,-29,56.7
209,LP4Y,1,120L,-28,62.0
209,LP4Y,1,120L,-27,66.7
209,LP4Y,1,120L,-26,70.3
209,LP4Y,1,120L,-25,74.3
209,LP4Y,1,120L,-24,80.5
209,LP4Y,1,120L,-23,84.0
209,LP4Y,1,120L,-22,87.0
209,LP4Y,1,120L,-21,92.4
209,LP4Y,1,120L,-20,97.2
209,LP4Y,1,120L,-19,3.6
209,LP4Y,1,120L,-18,6.6
209,LP4Y,1,120L,-17,11.6
209,LP4Y,1,120L,-16,13.2
209,LP4Y,1,120L,-15,17.7
209,LP4Y,1,120L,-14,22.5
209,LP4Y,1,120L,-13,27.0
209,LP4Y,1,120L,-12,30.1
209,LP4Y,1,120L,-11,37.9
209,LP4Y,1,120L,-10,41.7
209,LP4Y,1,120L,-9,44.2
209,LP4Y,1,120L,-8,50.0
209,LP4Y,1,120L,-7,53.8
209,LP4Y,1,120L,-6,58.9
209,LP4Y,1,120L,-5,60.2
209,LP4Y,1,120L,-4,66.3
209,LP4Y,1,120L,-3,70.8
209,LP4Y,1,120L,-2,76.2
209,LP4Y,1,120L,-1,78.7
209,LP4Y,1,120L,0,80.3
210,6MZI,1,120L,-29,78.2
210,6MZI,1,120L,-28,85.8
210,6MZI,1,120L,-27,89.3
210,6MZI,1,120L,-26,93.7
210,6MZI,1,120L,-25,98.7
210,6MZI,1,120L,-24,5.6
210,6MZI,1,120L,-23,8.2
210,6MZI,1,120L,-22,14.1
210,6MZI,1,120L,-21,17.8
210,6MZI,1,120L,-20,26.8
210,6MZI,1,120L,-19,30.4
210,6MZI,1,120L,-18,33.9
210,6MZI,1,120L,-17,40.0
210,6MZI,1,120L,-16,46.1
210,6MZI,1,120L,-15,50.1
210,6MZI,1,120L,-14,54.8
210,6MZI,1,120L,-13,59.8
210,6MZI,1,120L,-12,66.5
210,6MZI,1,120L,-11,70.6
210,6MZI,1,120L,-10,75.6
210,6MZI,1,120L,-9,79.5
210,6MZI,1,120L,-8,86.8
210,6MZI,1,120L,-7,91.5
210,6MZI,1,120L,-6,96.5
210,6MZI,1,120L,-5,2.5
210,6MZI,1,120L,-4,8.4
210,6MZI,1,120L,-3,13.5
210,6MZI,1,120L,-2,18.5
210,6MZI,1,120L,-1,22.5
210,6MZI,1,120L,0,27.1
211,6LPK,1,120L,-29,20.7
211,6LPK,1,120L,-28,25.6
211,6LPK,1,120L,-27,28.4
211,6LPK,1,120L,-26,33.8
211,6LPK,1,120L,-25,36.2
211,6LPK,1,120L,-24,39.2
211,6LPK,1,120L,-23,46.9
211,6LPK,1,120L,-22,49.0
211,6LPK,1,120L,-21,52.4
211,6LPK,1,120L,-20,56.1
211,6LPK,1,120L,-19,62.4
211,6LPK,1,120L,-18,67.8
211,6LPK,1,120L,-17,69.2
211,6LPK,1,120L,-16,73.4
211,6LPK,1,120L,-15,79.4
211,6LPK,1,120L,-14,79.1
211,6LPK,1,120L,-13,88.8
211,6LPK,1,120L,-12,93.5
211,6LPK,1,120L,-11,89.8
211,6LPK,1,120L,-10,97.7
211,6LPK,1,120L,-9,0.8
211,6LPK,1,120L,-8,5.5
211,6LPK,1,120L,-7,9.3
211,6LPK,1,120L,-6,15.1
211,6LPK,1,120L,-5,17.8
211,6LPK,1,120L,-4,20.6
211,6LPK,1,120L,-3,25.7
211,6LPK,1,120L,-2,30.7
211,6LPK,1,120L,-1,32.2
211,6LPK,1,120L,0,35.5
212,F3DJ,1,120L,-29,8.3
212,F3DJ,1,120L,-28,11.9
212,F3DJ,1,120L,-27,17.3
212,F3DJ,1,120L,-26,23.2
212,F3DJ,1,120L,-25,25.4
212,F3DJ,1,120L,-24,26.3
212,F3DJ,1,120L,-23,30.5
212,F3DJ,1,120L,-22,36.0
212,F3DJ,1,120L,-21,40.2
212,F3DJ,1,120L,-20,42.1
212,F3DJ,1,120L,-19,49.9
212,F3DJ,1,120L,-18,51.1
212,F3DJ,1,120L,-17,58.9
212,F3DJ,1,120L,-16,63.4
212,F3DJ,1,120L,-15,64.4
212,F3DJ,1,120L,-14,69.4
212,F3DJ,1,120L,-13,70.9
212,F3DJ,1,120L,-12,77.7
212,F3DJ,1,120L,-11,80.1
212,F3DJ,1,120L,-10,83.2
212,F3DJ,1,120L,-9,88.4
212,F3DJ,1,120L,-8,92.2
212,F3DJ,1,120L,-7,96.4
212,F3DJ,1,120L,-6,2.3
212,F3DJ,1,120L,-5,3.7
212,F3DJ,1,120L,-4,11.5
212,F3DJ,1,120L,-3,11.0
212,F3DJ,1,120L,-2,19.4
212,F3DJ,1,120L,-1,19.5
212,F3DJ,1,120L,0,25.0
213,K2PH,1,120L,-29,70.2
213,K2PH,1,120L,-28,75.0
213,K2PH,1,120L,-27,79.1
213,K2PH,1,120L,-26,81.8
213,K2PH,1,120L,-25,82.4
213,K2PH,1,120L,-24,86.4
213,K2PH,1,120L,-23,88.0
213,K2PH,1,120L,-22,90.8
213,K2PH,1,120L,-21,93.6
213,K2PH,1,120L,-20,97.8
213,K2PH,1,120L,-19,1.9
213,K2PH,1,120L,-18,1.7
213,K2PH,1,120L,-17,7.6
213,K2PH,1,120L,-16,13.0
213,K2PH,1,120L,-15,15.5
213,K2PH,1,120L,-14,16.0
213,K2PH,1,120L,-13,17.9
213,K2PH,1,120L,-12,23.8
213,K2PH,1,120L,-11,22.7
213,K2PH,1,120L,-10,30.9
213,K2PH,1,120L,-9,32.0
213,K2PH,1,120L,-8,38.1
213,K2PH,1,120L,-7,35.9
213,K2PH,1,120L,-6,42.9
213,K2PH,1,120L,-5,44.5
213,K2PH,1,120L,-4,47.2
213,K2PH,1,120L,-3,48.7
213,K2PH,1,120L,-2,54.7
213,K2PH,1,120L,-1,57.9
213,K2PH,1,120L,0,62.7
214,X5VJW2,1,120L,-29,22.2
214,X5VJW2,1,120L,-28,27.0
214,X5VJW2,1,120L,-27,36.7
214,X5VJW2,1,120L,-26,38.8
214,X5VJW2,1,120L,-25,47.6
214,X5VJW2,1,120L,-24,51.6
214,X5VJW2,1,120L,-23,56.7
214,X5VJW2,1,120L,-22,61.2
214,X5VJW2,1,120L,-21,68.1
214,X5VJW2,1,120L,-20,72.5
214,X5VJW2,1,120L,-19,77.4
214,X5VJW2,1,120L,-18,84.4
214,X5VJW2,1,120L,-17,88.6
214,X5VJW2,1,120L,-16,93.0
214,X5VJW2,1,120L,-15,100.0
214,X5VJW2,1,120L,-14,4.9
214,X5VJW2,1,120L,-13,11.2
214,X5VJW2,1,120L,-12,15.2
214,X5VJW2,1,120L,-11,19.5
214,X5VJW2,1,120L,-10,29.3
214,X5VJW2,1,120L,-9,34.5
214,X5VJW2,1,120L,-8,38.9
214,X5VJW2,1,120L,-7,42.4
214,X5VJW2,1,120L,-6,48.0
214,X5VJW2,1,120L,-5,55.9
214,X5VJW2,1,120L,-4,58.8
214,X5VJW2,1,120L,-3,63.8
214,X5VJW2,1,120L,-2,73.0
214,X5VJW2,1,120L,-1,75.5
214,X5VJW2,1,120L,0,83.7
215,MHKA,1,120L,-29,69.8
215,MHKA,1,120L,-28,76.6
215,MHKA,1,120L,-27,78.0
215,MHKA,1,120L,-26,82.1
215,MHKA,1,120L,-25,85.2
215,MHKA,1,120L,-24,93.1
215,MHKA,1,120L,-23,94.8
215,MHKA,1,120L,-22,0.2
215,MHKA,1,120L,-21,3.0
215,MHKA,1,120L,-20,11.7
215,MHKA,1,120L,-19,15.6
215,MHKA,1,120L,-18,18.3
215,MHKA,1,120L,-17,21.1
215,MHKA,1,120L,-16,29.6
215,MHKA,1,120L,-15,31.2
215,MHKA,1,120L,-14,34.6
215,MHKA,1,120L,-13,38.1
215,MHKA,1,120L,-12,44.2
215,MHKA,1,120L,-11,47.5
215,MHKA,1,120L,-10,53.2
215,MHKA,1,120L,-9,59.8
215,MHKA,1,120L,-8,62.6
215,MHKA,1,120L,-7,68.2
215,MHKA,1,120L,-6,71.0
215,MHKA,1,120L,-5,76.7
215,MHKA,1,120L,-4,84.0
215,MHKA,1,120L,-3,85.0
215,MHKA,1,120L,-2,90.6
215,MHKA,1,120L,-1,92.2
215,MHKA,1,120L,0,100.0
216,2ZO3T5,1,240L,-29,30.1
216,2ZO3T5,1,240L,-28,38.0
216,2ZO3T5,1,240L,-27,45.0
216,2ZO3T5,1,240L,-26,50.1
216,2ZO3T5,1,240L,-25,59.3
216,2ZO3T5,1,240L,-24,63.4
216,2ZO3T5,1,240L,-23,72.5
216,2ZO3T5,1,240L,-22,77.6
216,2ZO3T5,1,240L,-21,85.6
216,2ZO3T5,1,240L,-20,91.2
216,2ZO3T5,1,240L,-19,98.9
216,2ZO3T5,1,240L,-18,4.0
216,2ZO3T5,1,240L,-17,12.9
216,2ZO3T5,1,240L,-16,19.4
216,2ZO3T5,1,240L,-15,25.4
216,2ZO3T5,1,240L,-14,33.0
216,2ZO3T5,1,240L,-13,40.1
216,2ZO3T5,1,240L,-12,45.8
216,2ZO3T5,1,240L,-11,53.4
216,2ZO3T5,1,240L,-10,59.0
216,2ZO3T5,1,240L,-9,70.8
216,2ZO3T5,1,240L,-8,75.8
216,2ZO3T5,1,240L,-7,81.4
216,2ZO3T5,1,240L,-6,89.6
216,2ZO3T5,1,240L,-5,91.8
216,2ZO3T5,1,240L,-4,0.0
216,2ZO3T5,1,240L,-3,7.8
216,2ZO3T5,1,240L,-2,13.2
216,2ZO3T5,1,240L,-1,21.8
216,2ZO3T5,1,240L,0,29.3
217,5SD4,1,120L,-29,27.8
217,5SD4,1,120L,-28,34.4
217,5SD4,1,120L,-27,38.2
217,5SD4,1,120L,-26,43.1
217,5SD4,1,120L,-25,46.1
217,5SD4,1,120L,-24,53.4
217,5SD4,1,120L,-23,55.5
217,5SD4,1,120L,-22,62.7
217,5SD4,1,120L,-21,63.2
217,5SD4,1,120L,-20,69.8
217,5SD4,1,120L,-19,73.0
217,5SD4,1,120L,-18,77.0
217,5SD4,1,120L,-17,82.8
217,5SD4,1,120L,-16,85.7
217,5SD4,1,120L,-15,86.6
217,5SD4,1,120L,-14,90.3
217,5SD4,1,120L,-13,100.0
217,5SD4,1,120L,-12,5.5
217,5SD4,1,120L,-11,10.8
217,5SD4,1,120L,-10,12.3
217,5SD4,1,120L,-9,14.8
217,5SD4,1,120L,-8,20.5
217,5SD4,1,120L,-7,25.5
217,5SD4,1,120L,-6,28.3
217,5SD4,1,120L,-5,36.7
217,5SD4,1,120L,-4,41.9
217,5SD4,1,120L,-3,43.6
217,5SD4,1,120L,-2,47.3
217,5SD4,1,120L,-1,49.7
217,5SD4,1,120L,0,58.3
218,WXUT,1,120L,-29,58.6
218,WXUT,1,120L,-28,62.6
218,WXUT,1,120L,-27,69.4
218,WXUT,1,120L,-26,72.6
218,WXUT,1,120L,-25,82.1
218,WXUT,1,120L,-24,86.0
218,WXUT,1,120L,-23,93.5
218,WXUT,1,120L,-22,97.2
218,WXUT,1,120L,-21,2.9
218,WXUT,1,120L,-20,7.0
218,WXUT,1,120L,-19,15.6
218,WXUT,1,120L,-18,18.8
218,WXUT,1,120L,-17,25.0
218,WXUT,1,120L,-16,31.4
218,WXUT,1,120L,-15,37.3
218,WXUT,1,120L,-14,40.2
218,WXUT,1,120L,-13,48.1
218,WXUT,1,120L,-12,55.3
218,WXUT,1,120L,-11,59.2
218,WXUT,1,120L,-10,65.1
218,WXUT,1,120L,-9,71.3
218,WXUT,1,120L,-8,76.5
218,WXUT,1,120L,-7,80.8
218,WXUT,1,120L,-6,88.0
218,WXUT,1,120L,-5,95.2
218,WXUT,1,120L,-4,97.8
218,WXUT,1,120L,-3,4.5
218,WXUT,1,120L,-2,8.6
218,WXUT,1,120L,-1,17.8
218,WXUT,1,120L,0,21.9
219,6K5E,1,120L,-29,87.3
219,6K5E,1,120L,-28,89.0
219,6K5E,1,120L,-27,92.9
219,6K5E,1,120L,-26,95.9
219,6K5E,1,120L,-25,0.1
219,6K5E,1,120L,-24,7.4
219,6K5E,1,120L,-23,7.9
219,6K5E,1,120L,-22,13.4
219,6K5E,1,120L,-21,15.1
219,6K5E,1,120L,-20,21.1
219,6K5E,1,120L,-19,22.1
219,6K5E,1,120L,-18,27.3
219,6K5E,1,120L,-17,31.0
219,6K5E,1,120L,-16,38.1
219,6K5E,1,120L,-15,39.2
219,6K5E,1,120L,-14,41.0
219,6K5E,1,120L,-13,46.6
219,6K5E,1,120L,-12,52.4
219,6K5E,1,120L,-11,50.4
219,6K5E,1,120L,-10,55.2
219,6K5E,1,120L,-9,59.8
219,6K5E,1,120L,-8,63.2
219,6K5E,1,120L,-7,66.9
219,6K5E,1,120L,-6,69.1
219,6K5E,1,120L,-5,76.9
219,6K5E,1,120L,-4,76.3
219,6K5E,1,120L,-3,81.7
219,6K5E,1,120L,-2,87.3
219,6K5E,1,120L,-1,89.3
219,6K5E,1,120L,0,91.5
220,X6LQ,1,120L,-29,86.4
220,X6LQ,1,120L,-28,91.1
220,X6LQ,1,120L,-27,91.9
220,X6LQ,1,120L,-26,98.4
220,X6LQ,1,120L,-25,0.5
220,X6LQ,1,120L,-24,3.8
220,X6LQ,1,120L,-23,8.9
220,X6LQ,1,120L,-22,9.2
220,X6LQ,1,120L,-21,12.0
220,X6LQ,1,120L,-20,15.4
220,X6LQ,1,120L,-19,19.2
220,X6LQ,1,120L,-18,22.5
220,X6LQ,1,120L,-17,24.6
220,X6LQ,1,120L,-16,26.0
220,X6LQ,1,120L,-15,31.4
220,X6LQ,1,120L,-14,35.9
220,X6LQ,1,120L,-13,38.8
220,X6LQ,1,120L,-12,43.6
220,X6LQ,1,120L,-11,47.9
220,X6LQ,1,120L,-10,49.3
220,X6LQ,1,120L,-9,53.4
220,X6LQ,1,120L,-8,55.7
220,X6LQ,1,120L,-7,60.3
220,X6LQ,1,120L,-6,63.7
220,X6LQ,1,120L,-5,65.5
220,X6LQ,1,120L,-4,68.3
220,X6LQ,1,120L,-3,70.1
220,X6LQ,1,120L,-2,73.6
220,X6LQ,1,120L,-1,76.3
220,X6LQ,1,120L,0,80.9
221,FXZL,1,120L,-29,80.8
221,FXZL,1,120L,-28,82.6
221,FXZL,1,120L,-27,93.8
221,FXZL,1,120L,-26,95.9
221,FXZL,1,120L,-25,1.9
221,FXZL,1,120L,-24,8.5
221,FXZL,1,120L,-23,11.8
221,FXZL,1,120L,-22,18.5
221,FXZL,1,120L,-21,19.5
221,FXZL,1,120L,-20,30.0
221,FXZL,1,120L,-19,33.1
221,FXZL,1,120L,-18,36.8
221,FXZL,1,120L,-17,43.6
221,FXZL,1,120L,-16,44.8
221,FXZL,1,120L,-15,51.1
221,FXZL,1,120L,-14,58.7
221,FXZL,1,120L,-13,58.8
221,FXZL,1,120L,-12,67.5
221,FXZL,1,120L,-11,72.5
221,FXZL,1,120L,-10,79.7
221,FXZL,1,120L,-9,79.4
221,FXZL,1,120L,-8,89.2
221,FXZL,1,120L,-7,90.9
221,FXZL,1,120L,-6,96.1
221,FXZL,1,120L,-5,0.0
221,FXZL,1,120L,-4,5.2
221,FXZL,1,120L,-3,12.5
221,FXZL,1,120L,-2,15.3
221,FXZL,1,120L,-1,23.1
221,FXZL,1,120L,0,26.0
222,LRDP,1,120L,-29,17.0
222,LRDP,1,120L,-28,21.3
222,LRDP,1,120L,-27,26.9
222,LRDP,1,120L,-26,33.0
222,LRDP,1,120L,-25,38.8
222,LRDP,1,120L,-24,41.8
222,LRDP,1,120L,-23,45.9
222,LRDP,1,120L,-22,52.7
222,LRDP,1,120L,-21,58.5
222,LRDP,1,120L,-20,60.7
222,LRDP,1,120L,-19,66.7
222,LRDP,1,120L,-18,72.2
222,LRDP,1,120L,-17,78.1
222,LRDP,1,120L,-16,82.4
222,LRDP,1,120L,-15,89.8
222,LRDP,1,120L,-14,91.4
222,LRDP,1,120L,-13,96.6
222,LRDP,1,120L,-12,3.7
222,LRDP,1,120L,-11,9.0
222,LRDP,1,120L,-10,12.3
222,LRDP,1,120L,-9,18.7
222,LRDP,1,120L,-8,24.2
222,LRDP,1,120L,-7,29.3
222,LRDP,1,120L,-6,35.3
222,LRDP,1,120L,-5,39.2
222,LRDP,1,120L,-4,47.6
222,LRDP,1,120L,-3,51.3
222,LRDP,1,120L,-2,54.5
222,LRDP,1,120L,-1,61.0
222,LRDP,1,120L,0,66.2
223,6CJM,1,120L,-29,69.8
223,6CJM,1,120L,-28,76.9
223,6CJM,1,120L,-27,81.0
223,6CJM,1,120L,-26,88.3
223,6CJM,1,120L,-25,93.1
223,6CJM,1,120L,-24,96.6
223,6CJM,1,120L,-23,1.0
223,6CJM,1,120L,-22,7.2
223,6CJM,1,120L,-21,11.3
223,6CJM,1,120L,-20,19.2
223,6CJM,1,120L,-19,21.9
223,6CJM,1,120L,-18,26.3
223,6CJM,1,120L,-17,31.4
223,6CJM,1,120L,-16,35.4
223,6CJM,1,120L,-15,43.1
223,6CJM,1,120L,-14,46.2
223,6CJM,1,120L,-13,54.2
223,6CJM,1,120L,-12,55.7
223,6CJM,1,120L,-11,62.9
223,6CJM,1,120L,-10,69.6
223,6CJM,1,120L,-9,69.7
223,6CJM,1,120L,-8,81.1
223,6CJM,1,120L,-7,82.6
223,6CJM,1,120L,-6,88.5
223,6CJM,1,120L,-5,94.3
223,6CJM,1,120L,-4,99.6
223,6CJM,1,120L,-3,4.1
223,6CJM,1,120L,-2,10.3
223,6CJM,1,120L,-1,14.7
223,6CJM,1,120L,0,21.6
224,6DTX,1,120L,-29,97.0
224,6DTX,1,120L,-28,96.8
224,6DTX,1,120L,-27,7.4
224,6DTX,1,120L,-26,6.5
224,6DTX,1,120L,-25,13.5
224,6DTX,1,120L,-24,15.2
224,6DTX,1,120L,-23,20.7
224,6DTX,1,120L,-22,22.0
224,6DTX,1,120L,-21,27.8
224,6DTX,1,120L,-20,30.4
224,6DTX,1,120L,-19,37.1
224,6DTX,1,120L,-18,39.3
224,6DTX,1,120L,-17,44.0
224,6DTX,1,120L,-16,43.2
224,6DTX,1,120L,-15,50.2
224,6DTX,1,120L,-14,54.9
224,6DTX,1,120L,-13,58.5
224,6DTX,1,120L,-12,63.5
224,6DTX,1,120L,-11,65.5
224,6DTX,1,120L,-10,70.0
224,6DTX,1,120L,-9,75.6
224,6DTX,1,120L,-8,74.3
224,6DTX,1,120L,-7,82.5
224,6DTX,1,120L,-6,85.0
224,6DTX,1,120L,-5,88.1
224,6DTX,1,120L,-4,93.9
224,6DTX,1,120L,-3,99.1
224,6DTX,1,120L,-2,2.7
224,6DTX,1,120L,-1,4.9
224,6DTX,1,120L,0,10.3
225,UKOAXG,1,120L,-29,87.3
225,UKOAXG,1,120L,-28,91.0
225,UKOAXG,1,120L,-27,95.8
225,UKOAXG,1,120L,-26,2.6
225,UKOAXG,1,120L,-25,5.9
225,UKOAXG,1,120L,-24,9.1
225,UKOAXG,1,120L,-23,12.8
225,UKOAXG,1,120L,-22,21.2
225,UKOAXG,1,120L,-21,23.7
225,UKOAXG,1,120L,-20,29.7
225,UKOAXG,1,120L,-19,35.7
225,UKOAXG,1,120L,-18,36.5
225,UKOAXG,1,120L,-17,43.1
225,UKOAXG,1,120L,-16,47.5
225,UKOAXG,1,120L,-15,53.0
225,UKOAXG,1,120L,-14,58.9
225,UKOAXG,1,120L,-13,59.7
225,UKOAXG,1,120L,-12,67.2
225,UKOAXG,1,120L,-11,72.5
225,UKOAXG,1,120L,-10,75.3
225,UKOAXG,1,120L,-9,80.0
225,UKOAXG,1,120L,-8,85.5
225,UKOAXG,1,120L,-7,90.0
225,UKOAXG,1,120L,-6,95.0
225,UKOAXG,1,120L,-5,99.6
225,UKOAXG,1,120L,-4,2.0
225,UKOAXG,1,120L,-3,9.6
225,UKOAXG,1,120L,-2,14.5
225,UKOAXG,1,120L,-1,17.6
225,UKOAXG,1,120L,0,19.8
226,FX6X,1,120L,-29,52.7
226,FX6X,1,120L,-28,57.3
226,FX6X,1,120L,-27,59.2
226,FX6X,1,120L,-26,65.6
226,FX6X,1,120L,-25,68.4
226,FX6X,1,120L,-24,69.1
226,FX6X,1,120L,-23,75.6
226,FX6X,1,120L,-22,78.4
226,FX6X,1,120L,-21,82.7
226,FX6X,1,120L,-20,84.7
226,FX6X,1,120L,-19,87.6
226,FX6X,1,120L,-18,91.0
226,FX6X,1,120L,-17,94.8
226,FX6X,1,120L,-16,99.1
226,FX6X,1,120L,-15,2.7
226,FX6X,1,120L,-14,5.6
226,FX6X,1,120L,-13,8.7
226,FX6X,1,120L,-12,12.3
226,FX6X,1,120L,-11,20.0
226,FX6X,1,120L,-10,18.5
226,FX6X,1,120L,-9,22.3
226,FX6X,1,120L,-8,31.5
226,FX6X,1,120L,-7,30.6
226,FX6X,1,120L,-6,31.3
226,FX6X,1,120L,-5,38.1
226,FX6X,1,120L,-4,38.9
226,FX6X,1,120L,-3,45.1
226,FX6X,1,120L,-2,46.8
226,FX6X,1,120L,-1,49.9
226,FX6X,1,120L,0,56.4
227,WSNJB3,1,120L,-29,49.1
227,WSNJB3,1,120L,-28,52.3
227,WSNJB3,1,120L,-27,55.0
227,WSNJB3,1,120L,-26,60.7
227,WSNJB3,1,120L,-25,65.6
227,WSNJB3,1,120L,-24,68.1
227,WSNJB3,1,120L,-23,74.6
227,WSNJB3,1,120L,-22,77.2
227,WSNJB3,1,120L,-21,80.3
227,WSNJB3,1,120L,-20,84.4
227,WSNJB3,1,120L,-19,88.3
227,WSNJB3,1,120L,-18,90.3
227,WSNJB3,1,120L,-17,96.1
227,WSNJB3,1,120L,-16,0.6
227,WSNJB3,1,120L,-15,3.7
227,WSNJB3,1,120L,-14,8.8
227,WSNJB3,1,120L,-13,12.4
227,WSNJB3,1,120L,-12,17.6
227,WSNJB3,1,120L,-11,21.5
227,WSNJB3,1,120L,-10,24.8
227,WSNJB3,1,120L,-9,26.5
227,WSNJB3,1,120L,-8,35.3
227,WSNJB3,1,120L,-7,36.5
227,WSNJB3,1,120L,-6,40.6
227,WSNJB3,1,120L,-5,44.2
227,WSNJB3,1,120L,-4,48.1
227,WSNJB3,1,120L,-3,55.2
227,WSNJB3,1,120L,-2,59.0
227,WSNJB3,1,120L,-1,61.6
227,WSNJB3,1,120L,0,64.8
228,JF43EY,1,120L,-29,77.1
228,JF43EY,1,120L,-28,83.0
228,JF43EY,1,120L,-27,87.0
228,JF43EY,1,120L,-26,93.1
228,JF43EY,1,120L,-25,98.2
228,JF43EY,1,120L,-24,3.9
228,JF43EY,1,120L,-23,7.2
228,JF43EY,1,120L,-22,14.3
228,JF43EY,1,120L,-21,17.0
228,JF43EY,1,120L,-20,22.6
228,JF43EY,1,120L,-19,27.8
228,JF43EY,1,120L,-18,32.1
228,JF43EY,1,120L,-17,40.4
228,JF43EY,1,120L,-16,42.5
228,JF43EY,1,120L,-15,48.1
228,JF43EY,1,120L,-14,56.1
228,JF43EY,1,120L,-13,58.5
228,JF43EY,1,120L,-12,64.2
228,JF43EY,1,120L,-11,68.1
228,JF43EY,1,120L,-10,76.0
228,JF43EY,1,120L,-9,81.1
228,JF43EY,1,120L,-8,86.1
228,JF43EY,1,120L,-7,90.9
228,JF43EY,1,120L,-6,95.4
228,JF43EY,1,120L,-5,0.0
228,JF43EY,1,120L,-4,4.3
228,JF43EY,1,120L,-3,12.6
228,JF43EY,1,120L,-2,16.9
228,JF43EY,1,120L,-1,19.8
228,JF43EY,1,120L,0,26.1
229,6WVIGL,1,120L,-29,22.3
229,6WVIGL,1,120L,-28,27.4
229,6WVIGL,1,120L,-27,29.6
229,6WVIGL,1,120L,-26,31.9
229,6WVIGL,1,120L,-25,34.2
229,6WVIGL,1,120L,-24,37.2
229,6WVIGL,1,120L,-23,42.1
229,6WVIGL,1,120L,-22,45.6
229,6WVIGL,1,120L,-21,47.5
229,6WVIGL,1,120L,-20,52.9
229,6WVIGL,1,120L,-19,54.9
229,6WVIGL,1,120L,-18,59.0
229,6WVIGL,1,120L,-17,61.0
229,6WVIGL,1,120L,-16,63.2
229,6WVIGL,1,120L,-15,67.6
229,6WVIGL,1,120L,-14,68.7
229,6WVIGL,1,120L,-13,74.5
229,6WVIGL,1,120L,-12,75.4
229,6WVIGL,1,120L,-11,81.2
229,6WVIGL,1,120L,-10,82.5
229,6WVIGL,1,120L,-9,87.7
229,6WVIGL,1,120L,-8,87.5
229,6WVIGL,1,120L,-7,91.3
229,6WVIGL,1,120L,-6,96.0
229,6WVIGL,1,120L,-5,100.0
229,6WVIGL,1,120L,-4,4.1
229,6WVIGL,1,120L,-3,4.8
229,6WVIGL,1,120L,-2,10.5
229,6WVIGL,1,120L,-1,10.5
229,6WVIGL,1,120L,0,15.6
230,WQJ4,1,120L,-29,4.3
230,WQJ4,1,120L,-28,9.7
230,WQJ4,1,120L,-27,15.7
230,WQJ4,1,120L,-26,16.6
230,WQJ4,1,120L,-25,22.8
230,WQJ4,1,120L,-24,27.1
230,WQJ4,1,120L,-23,28.6
230,WQJ4,1,120L,-22,31.5
230,WQJ4,1,120L,-21,35.8
230,WQJ4,1,120L,-20,38.7
230,WQJ4,1,120L,-19,43.6
230,WQJ4,1,120L,-18,47.5
230,WQJ4,1,120L,-17,50.5
230,WQJ4,1,120L,-16,57.0
230,WQJ4,1,120L,-15,57.0
230,WQJ4,1,120L,-14,63.8
230,WQJ4,1,120L,-13,63.7
230,WQJ4,1,120L,-12,69.0
230,WQJ4,1,120L,-11,74.2
230,WQJ4,1,120L,-10,77.8
230,WQJ4,1,120L,-9,79.0
230,WQJ4,1,120L,-8,84.1
230,WQJ4,1,120L,-7,87.5
230,WQJ4,1,120L,-6,89.6
230,WQJ4,1,120L,-5,95.0
230,WQJ4,1,120L,-4,100.0
230,WQJ4,1,120L,-3,1.9
230,WQJ4,1,120L,-2,5.7
230,WQJ4,1,120L,-1,9.4
230,WQJ4,1,120L,0,9.8
231,FTXO,1,120L,-29,92.6
231,FTXO,1,120L,-28,97.9
231,FTXO,1,120L,-27,6.6
231,FTXO,1,120L,-26,7.6
231,FTXO,1,120L,-25,11.5
231,FTXO,1,120L,-24,19.0
231,FTXO,1,120L,-23,20.4
231,FTXO,1,120L,-22,25.8
231,FTXO,1,120L,-21,32.9
231,FTXO,1,120L,-20,35.8
231,FTXO,1,120L,-19,38.0
231,FTXO,1,120L,-18,45.7
231,FTXO,1,120L,-17,48.9
231,FTXO,1,120L,-16,56.5
231,FTXO,1,120L,-15,57.9
231,FTXO,1,120L,-14,65.0
231,FTXO,1,120L,-13,70.7
231,FTXO,1,120L,-12,71.3
231,FTXO,1,120L,-11,76.9
231,FTXO,1,120L,-10,82.4
231,FTXO,1,120L,-9,85.2
231,FTXO,1,120L,-8,91.5
231,FTXO,1,120L,-7,95.4
231,FTXO,1,120L,-6,0.0
231,FTXO,1,120L,-5,5.0
231,FTXO,1,120L,-4,9.6
231,FTXO,1,120L,-3,14.4
231,FTXO,1,120L,-2,17.9
231,FTXO,1,120L,-1,22.6
231,FTXO,1,120L,0,27.8
232,2MCS,1,120L,-29,58.8
232,2MCS,1,120L,-28,58.6
232,2MCS,1,120L,-27,63.3
232,2MCS,1,120L,-26,67.1
232,2MCS,1,120L,-25,69.2
232,2MCS,1,120L,-24,76.0
232,2MCS,1,120L,-23,76.7
232,2MCS,1,120L,-22,80.0
232,2MCS,1,120L,-21,82.0
232,2MCS,1,120L,-20,85.8
232,2MCS,1,120L,-19,87.1
232,2MCS,1,120L,-18,91.7
232,2MCS,1,120L,-17,93.6
232,2MCS,1,120L,-16,97.6
232,2MCS,1,120L,-15,0.0
232,2MCS,1,120L,-14,2.5
232,2MCS,1,120L,-13,9.4
232,2MCS,1,120L,-12,11.5
232,2MCS,1,120L,-11,15.3
232,2MCS,1,120L,-10,18.5
232,2MCS,1,120L,-9,20.5
232,2MCS,1,120L,-8,21.9
232,2MCS,1,120L,-7,24.0
232,2MCS,1,120L,-6,30.4
232,2MCS,1,120L,-5,31.8
232,2MCS,1,120L,-4,38.5
232,2MCS,1,120L,-3,37.3
232,2MCS,1,120L,-2,43.8
232,2MCS,1,120L,-1,43.7
232,2MCS,1,120L,0,49.0
233,3AFF,1,120L,-29,96.9
233,3AFF,1,120L,-28,1.7
233,3AFF,1,120L,-27,5.0
233,3AFF,1,120L,-26,8.7
233,3AFF,1,120L,-25,15.6
233,3AFF,1,120L,-24,18.4
233,3AFF,1,120L,-23,22.8
233,3AFF,1,120L,-22,27.6
233,3AFF,1,120L,-21,28.1
233,3AFF,1,120L,-20,36.8
233,3AFF,1,120L,-19,38.4
233,3AFF,1,120L,-18,43.8
233,3AFF,1,120L,-17,48.0
233,3AFF,1,120L,-16,53.2
233,3AFF,1,120L,-15,55.0
233,3AFF,1,120L,-14,56.0
233,3AFF,1,120L,-13,63.4
233,3AFF,1,120L,-12,67.6
233,3AFF,1,120L,-11,69.8
233,3AFF,1,120L,-10,75.7
233,3AFF,1,120L,-9,79.0
233,3AFF,1,120L,-8,81.5
233,3AFF,1,120L,-7,88.6
233,3AFF,1,120L,-6,90.8
233,3AFF,1,120L,-5,95.1
233,3AFF,1,120L,-4,99.1
233,3AFF,1,120L,-3,5.7
233,3AFF,1,120L,-2,7.8
233,3AFF,1,120L,-1,12.1
233,3AFF,1,120L,0,15.3
234,IQXF,1,1.100L,-29,55.4
234,IQXF,1,1.100L,-28,62.6
234,IQXF,1,1.100L,-27,69.7
234,IQXF,1,1.100L,-26,73.9
234,IQXF,1,1.100L,-25,81.9
234,IQXF,1,1.100L,-24,90.1
234,IQXF,1,1.100L,-23,96.5
234,IQXF,1,1.100L,-22,3.2
234,IQXF,1,1.100L,-21,9.1
234,IQXF,1,1.100L,-20,17.1
234,IQXF,1,1.100L,-19,25.9
234,IQXF,1,1.100L,-18,33.4
234,IQXF,1,1.100L,-17,39.5
234,IQXF,1,1.100L,-16,48.0
234,IQXF,1,1.100L,-15,54.4
234,IQXF,1,1.100L,-14,63.9
234,IQXF,1,1.100L,-13,69.2
234,IQXF,1,1.100L,-12,77.7
234,IQXF,1,1.100L,-11,84.2
234,IQXF,1,1.100L,-10,89.0
234,IQXF,1,1.100L,-9,98.1
234,IQXF,1,1.100L,-8,3.6
234,IQXF,1,1.100L,-7,12.5
234,IQXF,1,1.100L,-6,18.7
234,IQXF,1,1.100L,-5,27.6
234,IQXF,1,1.100L,-4,32.2
234,IQXF,1,1.100L,-3,41.4
234,IQXF,1,1.100L,-2,49.5
234,IQXF,1,1.100L,-1,57.2
234,IQXF,1,1.100L,0,61.9
235,IATBI7,1,120L,-29,2.4
235,IATBI7,1,120L,-28,8.6
235,IATBI7,1,120L,-27,8.2
235,IATBI7,1,120L,-26,13.2
235,IATBI7,1,120L,-25,22.9
235,IATBI7,1,120L,-24,22.4
235,IATBI7,1,120L,-23,24.1
235,IATBI7,1,120L,-22,30.2
235,IATBI7,1,120L,-21,31.1
235,IATBI7,1,120L,-20,39.7
235,IATBI7,1,120L,-19,44.7
235,IATBI7,1,120L,-18,46.3
235,IATBI7,1,120L,-17,51.0
235,IATBI7,1,120L,-16,57.3
235,IATBI7,1,120L,-15,57.4
235,IATBI7,1,120L,-14,62.2
235,IATBI7,1,120L,-13,67.9
235,IATBI7,1,120L,-12,71.3
235,IATBI7,1,120L,-11,76.1
235,IATBI7,1,120L,-10,78.8
235,IATBI7,1,120L,-9,85.1
235,IATBI7,1,120L,-8,88.7
235,IATBI7,1,120L,-7,93.9
235,IATBI7,1,120L,-6,97.5
235,IATBI7,1,120L,-5,1.6
235,IATBI7,1,120L,-4,3.3
235,IATBI7,1,120L,-3,10.3
235,IATBI7,1,120L,-2,13.2
235,IATBI7,1,120L,-1,17.6
235,IATBI7,1,120L,0,23.6
236,BESN,1,120L,-29,40.6
236,BESN,1,120L,-28,43.5
236,BESN,1,120L,-27,44.7
236,BESN,1,120L,-26,46.8
236,BESN,1,120L,-25,55.6
236,BESN,1,120L,-24,58.0
236,BESN,1,120L,-23,60.6
236,BESN,1,120L,-22,67.4
236,BESN,1,120L,-21,68.2
236,BESN,1,120L,-20,72.7
236,BESN,1,120L,-19,78.0
236,BESN,1,120L,-18,79.5
236,BESN,1,120L,-17,84.9
236,BESN,1,120L,-16,90.5
236,BESN,1,120L,-15,93.1
236,BESN,1,120L,-14,98.5
236,BESN,1,120L,-13,2.2
236,BESN,1,120L,-12,4.4
236,BESN,1,120L,-11,4.8
236,BESN,1,120L,-10,10.5
236,BESN,1,120L,-9,17.2
236,BESN,1,120L,-8,17.6
236,BESN,1,120L,-7,23.3
236,BESN,1,120L,-6,28.2
236,BESN,1,120L,-5,33.8
236,BESN,1,120L,-4,34.6
236,BESN,1,120L,-3,38.4
236,BESN,1,120L,-2,43.2
236,BESN,1,120L,-1,47.6
236,BESN,1,120L,0,50.8
237,RRYH,1,120L,-29,53.2
237,RRYH,1,120L,-28,58.5
237,RRYH,1,120L,-27,63.0
237,RRYH,1,120L,-26,65.7
237,RRYH,1,120L,-25,71.5
237,RRYH,1,120L,-24,74.4
237,RRYH,1,120L,-23,79.3
237,RRYH,1,120L,-22,82.4
237,RRYH,1,120L,-21,86.6
237,RRYH,1,120L,-20,89.0
237,RRYH,1,120L,-19,93.0
237,RRYH,1,120L,-18,99.7
237,RRYH,1,120L,-17,2.8
237,RRYH,1,120L,-16,4.2
237,RRYH,1,120L,-15,10.0
237,RRYH,1,120L,-14,10.1
237,RRYH,1,120L,-13,16.8
237,RRYH,1,120L,-12,23.0
237,RRYH,1,120L,-11,25.3
237,RRYH,1,120L,-10,29.7
237,RRYH,1,120L,-9,28.9
237,RRYH,1,120L,-8,36.8
237,RRYH,1,120L,-7,41.8
237,RRYH,1,120L,-6,46.0
237,RRYH,1,120L,-5,50.7
237,RRYH,1,120L,-4,52.9
237,RRYH,1,120L,-3,56.9
237,RRYH,1,120L,-2,59.1
237,RRYH,1,120L,-1,64.7
237,RRYH,1,120L,0,67.1
238,G4N6,1,120L,-29,94.5
238,G4N6,1,120L,-28,97.9
238,G4N6,1,120L,-27,4.6
238,G4N6,1,120L,-26,9.5
238,G4N6,1,120L,-25,13.5
238,G4N6,1,120L,-24,23.6
238,G4N6,1,120L,-23,25.0
238,G4N6,1,120L,-22,33.4
238,G4N6,1,120L,-21,40.1
238,G4N6,1,120L,-20,46.5
238,G4N6,1,120L,-19,51.1
238,G4N6,1,120L,-18,55.4
238,G4N6,1,120L,-17,63.0
238,G4N6,1,120L,-16,69.0
238,G4N6,1,120L,-15,75.0
238,G4N6,1,120L,-14,83.6
238,G4N6,1,120L,-13,86.3
238,G4N6,1,120L,-12,94.6
238,G4N6,1,120L,-11,0.3
238,G4N6,1,120L,-10,7.5
238,G4N6,1,120L,-9,11.9
238,G4N6,1,120L,-8,19.3
238,G4N6,1,120L,-7,23.8
238,G4N6,1,120L,-6,30.7
238,G4N6,1,120L,-5,33.8
238,G4N6,1,120L,-4,38.1
238,G4N6,1,120L,-3,48.6
238,G4N6,1,120L,-2,54.7
238,G4N6,1,120L,-1,60.7
238,G4N6,1,120L,0,65.2
239,7CX2,1,120L,-29,58.8
239,7CX2,1,120L,-28,63.8
239,7CX2,1,120L,-27,67.8
239,7CX2,1,120L,-26,73.2
239,7CX2,1,120L,-25,73.8
239,7CX2,1,120L,-24,77.0
239,7CX2,1,120L,-23,79.5
239,7CX2,1,120L,-22,87.8
239,7CX2,1,120L,-21,89.8
239,7CX2,1,120L,-20,93.5
239,7CX2,1,120L,-19,100.0
239,7CX2,1,120L,-18,0.8
239,7CX2,1,120L,-17,2.0
239,7CX2,1,120L,-16,7.4
239,7CX2,1,120L,-15,9.9
239,7CX2,1,120L,-14,14.5
239,7CX2,1,120L,-13,18.2
239,7CX2,1,120L,-12,21.6
239,7CX2,1,120L,-11,24.1
239,7CX2,1,120L,-10,32.3
239,7CX2,1,120L,-9,34.1
239,7CX2,1,120L,-8,37.0
239,7CX2,1,120L,-7,42.2
239,7CX2,1,120L,-6,45.5
239,7CX2,1,120L,-5,48.9
239,7CX2,1,120L,-4,53.2
239,7CX2,1,120L,-3,56.1
239,7CX2,1,120L,-2,60.6
239,7CX2,1,120L,-1,64.4
239,7CX2,1,120L,0,67.2
240,RSK3LI,1,120L,-29,13.8
240,RSK3LI,1,120L,-28,20.5
240,RSK3LI,1,120L,-27,25.9
240,RSK3LI,1,120L,-26,29.7
240,RSK3LI,1,120L,-25,34.8
240,RSK3LI,1,120L,-24,40.8
240,RSK3LI,1,120L,-23,46.0
240,RSK3LI,1,120L,-22,49.9
240,RSK3LI,1,120L,-21,56.5
240,RSK3LI,1,120L,-20,63.2
240,RSK3LI,1,120L,-19,70.1
240,RSK3LI,1,120L,-18,74.3
240,RSK3LI,1,120L,-17,75.0
240,RSK3LI,1,120L,-16,85.2
240,RSK3LI,1,120L,-15,88.8
240,RSK3LI,1,120L,-14,95.6
240,RSK3LI,1,120L,-13,0.3
240,RSK3LI,1,120L,-12,5.4
240,RSK3LI,1,120L,-11,10.9
240,RSK3LI,1,120L,-10,16.4
240,RSK3LI,1,120L,-9,23.8
240,RSK3LI,1,120L,-8,27.1
240,RSK3LI,1,120L,-7,34.1
240,RSK3LI,1,120L,-6,39.2
240,RSK3LI,1,120L,-5,44.2
240,RSK3LI,1,120L,-4,45.9
240,RSK3LI,1,120L,-3,55.6
240,RSK3LI,1,120L,-2,58.6
240,RSK3LI,1,120L,-1,65.7
240,RSK3LI,1,120L,0,68.5
241,6BJBLA,1,120L,-29,56.5
241,6BJBLA,1,120L,-28,55.7
241,6BJBLA,1,120L,-27,62.5
241,6BJBLA,1,120L,-26,64.5
241,6BJBLA,1,120L,-25,67.3
241,6BJBLA,1,120L,-24,71.5
241,6BJBLA,1,120L,-23,73.2
241,6BJBLA,1,120L,-22,78.7
241,6BJBLA,1,120L,-21,80.7
241,6BJBLA,1,120L,-20,85.4
241,6BJBLA,1,120L,-19,91.0
241,6BJBLA,1,120L,-18,93.6
241,6BJBLA,1,120L,-17,94.6
241,6BJBLA,1,120L,-16,1.7
241,6BJBLA,1,120L,-15,4.0
241,6BJBLA,1,120L,-14,6.8
241,6BJBLA,1,120L,-13,12.3
241,6BJBLA,1,120L,-12,14.5
241,6BJBLA,1,120L,-11,16.6
241,6BJBLA,1,120L,-10,24.8
241,6BJBLA,1,120L,-9,25.6
241,6BJBLA,1,120L,-8,29.1
241,6BJBLA,1,120L,-7,32.2
241,6BJBLA,1,120L,-6,38.2
241,6BJBLA,1,120L,-5,39.2
241,6BJBLA,1,120L,-4,41.3
241,6BJBLA,1,120L,-3,46.2
241,6BJBLA,1,120L,-2,52.8
241,6BJBLA,1,120L,-1,55.6
241,6BJBLA,1,120L,0,57.6
242,U67K,1,120L,-29,12.1
242,U67K,1,120L,-28,16.2
242,U67K,1,120L,-27,21.0
242,U67K,1,120L,-26,23.3
242,U67K,1,120L,-25,28.5
242,U67K,1,120L,-24,33.0
242,U67K,1,120L,-23,34.0
242,U67K,1,120L,-22,40.3
242,U67K,1,120L,-21,44.2
242,U67K,1,120L,-20,50.2
242,U67K,1,120L,-19,49.9
242,U67K,1,120L,-18,56.1
242,U67K,1,120L,-17,60.0
242,U67K,1,120L,-16,66.1
242,U67K,1,120L,-15,68.7
242,U67K,1,120L,-14,75.4
242,U67K,1,120L,-13,77.8
242,U67K,1,120L,-12,80.2
242,U67K,1,120L,-11,85.2
242,U67K,1,120L,-10,88.3
242,U67K,1,120L,-9,94.1
242,U67K,1,120L,-8,94.9
242,U67K,1,120L,-7,0.0
242,U67K,1,120L,-6,5.6
242,U67K,1,120L,-5,10.7
242,U67K,1,120L,-4,9.6
242,U67K,1,120L,-3,19.0
242,U67K,1,120L,-2,20.8
242,U67K,1,120L,-1,22.2
242,U67K,1,120L,0,24.5
243,4UBK,1,120L,-29,79.5
243,4UBK,1,120L,-28,83.4
243,4UBK,1,120L,-27,88.4
243,4UBK,1,120L,-26,90.7
243,4UBK,1,120L,-25,93.8
243,4UBK,1,120L,-24,98.8
243,4UBK,1,120L,-23,3.5
243,4UBK,1,120L,-22,7.8
243,4UBK,1,120L,-21,10.2
243,4UBK,1,120L,-20,16.7
243,4UBK,1,120L,-19,18.4
243,4UBK,1,120L,-18,22.0
243,4UBK,1,120L,-17,26.5
243,4UBK,1,120L,-16,32.9
243,4UBK,1,120L,-15,35.1
243,4UBK,1,120L,-14,38.2
243,4UBK,1,120L,-13,44.6
243,4UBK,1,120L,-12,50.4
243,4UBK,1,120L,-11,51.5
243,4UBK,1,120L,-10,57.0
243,4UBK,1,120L,-9,60.7
243,4UBK,1,120L,-8,62.2
243,4UBK,1,120L,-7,67.2
243,4UBK,1,120L,-6,69.2
243,4UBK,1,120L,-5,74.8
243,4UBK,1,120L,-4,78.1
243,4UBK,1,120L,-3,82.5
243,4UBK,1,120L,-2,85.9
243,4UBK,1,120L,-1,90.6
243,4UBK,1,120L,0,95.8
244,435TFU,1,120L,-29,74.1
244,435TFU,1,120L,-28,76.8
244,435TFU,1,120L,-27,83.2
244,435TFU,1,120L,-26,87.4
244,435TFU,1,120L,-25,90.8
244,435TFU,1,120L,-24,93.0
244,435TFU,1,120L,-23,98.3
244,435TFU,1,120L,-22,1.0
244,435TFU,1,120L,-21,3.8
244,435TFU,1,120L,-20,10.4
244,435TFU,1,120L,-19,14.3
244,435TFU,1,120L,-18,18.3
244,435TFU,1,120L,-17,19.8
244,435TFU,1,120L,-16,26.2
244,435TFU,1,120L,-15,27.5
244,435TFU,1,120L,-14,33.0
244,435TFU,1,120L,-13,35.0
244,435TFU,1,120L,-12,39.3
244,435TFU,1,120L,-11,39.7
244,435TFU,1,120L,-10,46.7
244,435TFU,1,120L,-9,51.1
244,435TFU,1,120L,-8,54.1
244,435TFU,1,120L,-7,61.1
244,435TFU,1,120L,-6,60.6
244,435TFU,1,120L,-5,65.2
244,435TFU,1,120L,-4,68.5
244,435TFU,1,120L,-3,72.8
244,435TFU,1,120L,-2,79.0
244,435TFU,1,120L,-1,83.4
244,435TFU,1,120L,0,83.9
245,5PA5,1,240L,-29,7.2
245,5PA5,1,240L,-28,17.8
245,5PA5,1,240L,-27,24.3
245,5PA5,1,240L,-26,29.4
245,5PA5,1,240L,-25,34.3
245,5PA5,1,240L,-24,41.3
245,5PA5,1,240L,-23,50.4
245,5PA5,1,240L,-22,57.8
245,5PA5,1,240L,-21,60.8
245,5PA5,1,240L,-20,70.2
245,5PA5,1,240L,-19,80.0
245,5PA5,1,240L,-18,84.1
245,5PA5,1,240L,-17,93.5
245,5PA5,1,240L,-16,99.1
245,5PA5,1,240L,-15,3.4
245,5PA5,1,240L,-14,11.5
245,5PA5,1,240L,-13,18.6
245,5PA5,1,240L,-12,24.2
245,5PA5,1,240L,-11,31.0
245,5PA5,1,240L,-10,41.6
245,5PA5,1,240L,-9,44.8
245,5PA5,1,240L,-8,54.7
245,5PA5,1,240L,-7,59.3
245,5PA5,1,240L,-6,66.8
245,5PA5,1,240L,-5,74.5
245,5PA5,1,240L,-4,79.6
245,5PA5,1,240L,-3,88.3
245,5PA5,1,240L,-2,91.2
245,5PA5,1,240L,-1,1.8
245,5PA5,1,240L,0,4.3
246,SBWR,1,120L,-29,1.3
246,SBWR,1,120L,-28,2.4
246,SBWR,1,120L,-27,6.5
246,SBWR,1,120L,-26,11.1
246,SBWR,1,120L,-25,16.4
246,SBWR,1,120L,-24,16.9
246,SBWR,1,120L,-23,23.9
246,SBWR,1,120L,-22,28.3
246,SBWR,1,120L,-21,31.3
246,SBWR,1,120L,-20,36.4
246,SBWR,1,120L,-19,39.9
246,SBWR,1,120L,-18,42.7
246,SBWR,1,120L,-17,44.5
246,SBWR,1,120L,-16,51.5
246,SBWR,1,120L,-15,53.8
246,SBWR,1,120L,-14,58.3
246,SBWR,1,120L,-13,63.8
246,SBWR,1,120L,-12,69.1
246,SBWR,1,120L,-11,70.9
246,SBWR,1,120L,-10,75.7
246,SBWR,1,120L,-9,76.6
246,SBWR,1,120L,-8,83.0
246,SBWR,1,120L,-7,86.5
246,SBWR,1,120L,-6,92.3
246,SBWR,1,120L,-5,93.6
246,SBWR,1,120L,-4,98.0
246,SBWR,1,120L,-3,3.8
246,SBWR,1,120L,-2,6.0
246,SBWR,1,120L,-1,8.4
246,SBWR,1,120L,0,17.8
247,PITBY7,1,240L,-29,1.2
247,PITBY7,1,240L,-28,5.9
247,PITBY7,1,240L,-27,9.9
247,PITBY7,1,240L,-26,13.4
247,PITBY7,1,240L,-25,17.5
247,PITBY7,1,240L,-24,21.6
247,PITBY7,1,240L,-23,24.4
247,PITBY7,1,240L,-22,33.4
247,PITBY7,1,240L,-21,34.0
247,PITBY7,1,240L,-20,39.3
247,PITBY7,1,240L,-19,42.1
247,PITBY7,1,240L,-18,46.2
247,PITBY7,1,240L,-17,50.1
247,PITBY7,1,240L,-16,52.6
247,PITBY7,1,240L,-15,58.8
247,PITBY7,1,240L,-14,62.6
247,PITBY7,1,240L,-13,69.1
247,PITBY7,1,240L,-12,69.7
247,PITBY7,1,240L,-11,74.7
247,PITBY7,1,240L,-10,78.4
247,PITBY7,1,240L,-9,86.0
247,PITBY7,1,240L,-8,86.7
247,PITBY7,1,240L,-7,92.9
247,PITBY7,1,240L,-6,97.7
247,PITBY7,1,240L,-5,0.1
247,PITBY7,1,240L,-4,2.4
247,PITBY7,1,240L,-3,6.6
247,PITBY7,1,240L,-2,14.0
247,PITBY7,1,240L,-1,15.0
247,PITBY7,1,240L,0,21.6
248,EOJ7T5,1,240L,-29,100.0
248,EOJ7T5,1,240L,-28,3.2
248,EOJ7T5,1,240L,-27,8.0
248,EOJ7T5,1,240L,-26,15.4
248,EOJ7T5,1,240L,-25,18.2
248,EOJ7T5,1,240L,-24,19.9
248,EOJ7T5,1,240L,-23,29.8
248,EOJ7T5,1,240L,-22,32.1
248,EOJ7T5,1,240L,-21,39.2
248,EOJ7T5,1,240L,-20,45.4
248,EOJ7T5,1,240L,-19,48.2
248,EOJ7T5,1,240L,-18,54.5
248,EOJ7T5,1,240L,-17,58.0
248,EOJ7T5,1,240L,-16,65.0
248,EOJ7T5,1,240L,-15,65.9
248,EOJ7T5,1,240L,-14,72.3
248,EOJ7T5,1,240L,-13,78.2
248,EOJ7T5,1,240L,-12,81.7
248,EOJ7T5,1,240L,-11,88.6
248,EOJ7T5,1,240L,-10,91.0
248,EOJ7T5,1,240L,-9,99.6
248,EOJ7T5,1,240L,-8,4.5
248,EOJ7T5,1,240L,-7,6.6
248,EOJ7T5,1,240L,-6,11.8
248,EOJ7T5,1,240L,-5,17.6
248,EOJ7T5,1,240L,-4,18.9
248,EOJ7T5,1,240L,-3,23.5
248,EOJ7T5,1,240L,-2,32.2
248,EOJ7T5,1,240L,-1,35.6
248,EOJ7T5,1,240L,0,39.7
249,7VYE37,1,240L,-29,82.3
249,7VYE37,1,240L,-28,89.6
249,7VYE37,1,240L,-27,92.8
249,7VYE37,1,240L,-26,99.3
249,7VYE37,1,240L,-25,3.4
249,7VYE37,1,240L,-24,6.8
249,7VYE37,1,240L,-23,10.5
249,7VYE37,1,240L,-22,11.7
249,7VYE37,1,240L,-21,18.8
249,7VYE37,1,240L,-20,22.9
249,7VYE37,1,240L,-19,27.8
249,7VYE37,1,240L,-18,33.1
249,7VYE37,1,240L,-17,31.4
249,7VYE37,1,240L,-16,37.4
249,7VYE37,1,240L,-15,40.8
249,7VYE37,1,240L,-14,46.2
249,7VYE37,1,240L,-13,50.0
249,7VYE37,1,240L,-12,53.6
249,7VYE37,1,240L,-11,59.5
249,7VYE37,1,240L,-10,60.3
249,7VYE37,1,240L,-9,64.4
249,7VYE37,1,240L,-8,68.4
249,7VYE37,1,240L,-7,73.4
249,7VYE37,1,240L,-6,76.1
249,7VYE37,1,240L,-5,81.9
249,7VYE37,1,240L,-4,85.7
249,7VYE37,1,240L,-3,88.8
249,7VYE37,1,240L,-2,95.3
249,7VYE37,1,240L,-1,97.9
249,7VYE37,1,240L,0,3.6
250,5PME,1,240L,-29,72.5
250,5PME,1,240L,-28,77.8
250,5PME,1,240L,-27,83.4
250,5PME,1,240L,-26,86.2
250,5PME,1,240L,-25,92.0
250,5PME,1,240L,-24,94.5
250,5PME,1,240L,-23,1.3
250,5PME,1,240L,-22,3.8
250,5PME,1,240L,-21,10.4
250,5PME,1,240L,-20,13.7
250,5PME,1,240L,-19,20.4
250,5PME,1,240L,-18,20.8
250,5PME,1,240L,-17,24.8
250,5PME,1,240L,-16,30.6
250,5PME,1,240L,-15,33.9
250,5PME,1,240L,-14,38.3
250,5PME,1,240L,-13,45.8
250,5PME,1,240L,-12,49.4
250,5PME,1,240L,-11,53.1
250,5PME,1,240L,-10,57.7
250,5PME,1,240L,-9,61.9
250,5PME,1,240L,-8,69.7
250,5PME,1,240L,-7,70.6
250,5PME,1,240L,-6,74.2
250,5PME,1,240L,-5,81.8
250,5PME,1,240L,-4,84.8
250,5PME,1,240L,-3,92.6
250,5PME,1,240L,-2,93.3
250,5PME,1,240L,-1,99.8
250,5PME,1,240L,0,4.6
251,KVT7,1,120L,-29,77.9
251,KVT7,1,120L,-28,84.7
251,KVT7,1,120L,-27,89.0
251,KVT7,1,120L,-26,90.6
251,KVT7,1,120L,-25,95.6
251,KVT7,1,120L,-24,0.0
251,KVT7,1,120L,-23,7.4
251,KVT7,1,120L,-22,10.7
251,KVT7,1,120L,-21,15.4
251,KVT7,1,120L,-20,17.7
251,KVT7,1,120L,-19,23.2
251,KVT7,1,120L,-18,28.7
251,KVT7,1,120L,-17,33.0
251,KVT7,1,120L,-16,38.8
251,KVT7,1,120L,-15,44.1
251,KVT7,1,120L,-14,51.2
251,KVT7,1,120L,-13,52.3
251,KVT7,1,120L,-12,58.6
251,KVT7,1,120L,-11,60.3
251,KVT7,1,120L,-10,63.6
251,KVT7,1,120L,-9,70.2
251,KVT7,1,120L,-8,72.9
251,KVT7,1,120L,-7,79.9
251,KVT7,1,120L,-6,83.3
251,KVT7,1,120L,-5,86.1
251,KVT7,1,120L,-4,96.3
251,KVT7,1,120L,-3,97.4
251,KVT7,1,120L,-2,0.4
251,KVT7,1,120L,-1,8.8
251,KVT7,1,120L,0,10.9
252,4YZE4J,1,120L,-29,57.2
252,4YZE4J,1,120L,-28,63.4
252,4YZE4J,1,120L,-27,68.6
252,4YZE4J,1,120L,-26,73.7
252,4YZE4J,1,120L,-25,77.2
252,4YZE4J,1,120L,-24,83.0
252,4YZE4J,1,120L,-23,88.1
252,4YZE4J,1,120L,-22,92.1
252,4YZE4J,1,120L,-21,96.4
252,4YZE4J,1,120L,-20,0.0
252,4YZE4J,1,120L,-19,7.2
252,4YZE4J,1,120L,-18,11.2
252,4YZE4J,1,120L,-17,15.3
252,4YZE4J,1,120L,-16,22.7
252,4YZE4J,1,120L,-15,23.5
252,4YZE4J,1,120L,-14,32.9
252,4YZE4J,1,120L,-13,35.2
252,4YZE4J,1,120L,-12,40.6
252,4YZE4J,1,120L,-11,44.3
252,4YZE4J,1,120L,-10,47.2
252,4YZE4J,1,120L,-9,54.4
252,4YZE4J,1,120L,-8,59.9
252,4YZE4J,1,120L,-7,65.2
252,4YZE4J,1,120L,-6,68.7
252,4YZE4J,1,120L,-5,70.6
252,4YZE4J,1,120L,-4,76.4
252,4YZE4J,1,120L,-3,86.6
252,4YZE4J,1,120L,-2,86.7
252,4YZE4J,1,120L,-1,95.3
252,4YZE4J,1,120L,0,96.6
253,BV2OVR,1,120L,-29,23.9
253,BV2OVR,1,120L,-28,25.9
253,BV2OVR,1,120L,-27,33.7
253,BV2OVR,1,120L,-26,35.6
253,BV2OVR,1,120L,-25,40.3
253,BV2OVR,1,120L,-24,43.4
253,BV2OVR,1,120L,-23,49.0
253,BV2OVR,1,120L,-22,54.5
253,BV2OVR,1,120L,-21,56.1
253,BV2OVR,1,120L,-20,63.1
253,BV2OVR,1,120L,-19,63.8
253,BV2OVR,1,120L,-18,70.0
253,BV2OVR,1,120L,-17,73.8
253,BV2OVR,1,120L,-16,75.6
253,BV2OVR,1,120L,-15,81.7
253,BV2OVR,1,120L,-14,85.6
253,BV2OVR,1,120L,-13,88.5
253,BV2OVR,1,120L,-12,94.4
253,BV2OVR,1,120L,-11,98.3
253,BV2OVR,1,120L,-10,2.1
253,BV2OVR,1,120L,-9,6.3
253,BV2OVR,1,120L,-8,10.5
253,BV2OVR,1,120L,-7,14.2
253,BV2OVR,1,120L,-6,19.2
253,BV2OVR,1,120L,-5,22.2
253,BV2OVR,1,120L,-4,31.3
253,BV2OVR,1,120L,-3,29.4
253,BV2OVR,1,120L,-2,34.8
253,BV2OVR,1,120L,-1,39.1
253,BV2OVR,1,120L,0,47.1
254,ITS2,1,120L,-29,66.5
254,ITS2,1,120L,-28,69.9
254,ITS2,1,120L,-27,74.6
254,ITS2,1,120L,-26,77.9
254,ITS2,1,120L,-25,78.8
254,ITS2,1,120L,-24,83.1
254,ITS2,1,120L,-23,83.3
254,ITS2,1,120L,-22,89.6
254,ITS2,1,120L,-21,91.6
254,ITS2,1,120L,-20,95.9
254,ITS2,1,120L,-19,97.0
254,ITS2,1,120L,-18,3.5
254,ITS2,1,120L,-17,3.6
254,ITS2,1,120L,-16,9.8
254,ITS2,1,120L,-15,11.0
254,ITS2,1,120L,-14,14.9
254,ITS2,1,120L,-13,21.3
254,ITS2,1,120L,-12,23.8
254,ITS2,1,120L,-11,28.0
254,ITS2,1,120L,-10,31.9
254,ITS2,1,120L,-9,31.8
254,ITS2,1,120L,-8,38.5
254,ITS2,1,120L,-7,37.4
254,ITS2,1,120L,-6,44.1
254,ITS2,1,120L,-5,45.6
254,ITS2,1,120L,-4,48.2
254,ITS2,1,120L,-3,53.9
254,ITS2,1,120L,-2,57.7
254,ITS2,1,120L,-1,61.0
254,ITS2,1,120L,0,63.3
255,5M7N,1,240L,-29,65.8
255,5M7N,1,240L,-28,69.9
255,5M7N,1,240L,-27,74.7
255,5M7N,1,240L,-26,78.6
255,5M7N,1,240L,-25,83.9
255,5M7N,1,240L,-24,84.7
255,5M7N,1,240L,-23,91.3
255,5M7N,1,240L,-22,93.8
255,5M7N,1,240L,-21,0.7
255,5M7N,1,240L,-20,7.2
255,5M7N,1,240L,-19,8.4
255,5M7N,1,240L,-18,13.8
255,5M7N,1,240L,-17,19.1
255,5M7N,1,240L,-16,19.3
255,5M7N,1,240L,-15,26.0
255,5M7N,1,240L,-14,31.8
255,5M7N,1,240L,-13,31.3
255,5M7N,1,240L,-12,38.6
255,5M7N,1,240L,-11,46.1
255,5M7N,1,240L,-10,50.4
255,5M7N,1,240L,-9,53.8
255,5M7N,1,240L,-8,59.0
255,5M7N,1,240L,-7,62.4
255,5M7N,1,240L,-6,67.4
255,5M7N,1,240L,-5,70.5
255,5M7N,1,240L,-4,75.5
255,5M7N,1,240L,-3,78.8
255,5M7N,1,240L,-2,86.1
255,5M7N,1,240L,-1,90.9
255,5M7N,1,240L,0,95.1
256,5FEK,1,120L,-29,6.6
256,5FEK,1,120L,-28,10.2
256,5FEK,1,120L,-27,18.8
256,5FEK,1,120L,-26,23.0
256,5FEK,1,120L,-25,28.0
256,5FEK,1,120L,-24,31.8
256,5FEK,1,120L,-23,38.7
256,5FEK,1,120L,-22,41.8
256,5FEK,1,120L,-21,49.6
256,5FEK,1,120L,-20,56.1
256,5FEK,1,120L,-19,61.7
256,5FEK,1,120L,-18,65.7
256,5FEK,1,120L,-17,67.8
256,5FEK,1,120L,-16,75.5
256,5FEK,1,120L,-15,83.7
256,5FEK,1,120L,-14,84.5
256,5FEK,1,120L,-13,91.0
256,5FEK,1,120L,-12,98.5
256,5FEK,1,120L,-11,2.6
256,5FEK,1,120L,-10,10.7
256,5FEK,1,120L,-9,11.2
256,5FEK,1,120L,-8,16.1
256,5FEK,1,120L,-7,24.7
256,5FEK,1,120L,-6,26.4
256,5FEK,1,120L,-5,33.2
256,5FEK,1,120L,-4,38.7
256,5FEK,1,120L,-3,45.7
256,5FEK,1,120L,-2,50.3
256,5FEK,1,120L,-1,55.4
256,5FEK,1,120L,0,59.4
257,6ZGKYZ,1,240L,-29,84.6
257,6ZGKYZ,1,240L,-28,84.7
257,6ZGKYZ,1,240L,-27,88.9
257,6ZGKYZ,1,240L,-26,91.8
257,6ZGKYZ,1,240L,-25,97.8
257,6ZGKYZ,1,240L,-24,3.5
257,6ZGKYZ,1,240L,-23,8.1
257,6ZGKYZ,1,240L,-22,13.9
257,6ZGKYZ,1,240L,-21,21.7
257,6ZGKYZ,1,240L,-20,25.9
257,6ZGKYZ,1,240L,-19,28.8
257,6ZGKYZ,1,240L,-18,32.3
257,6ZGKYZ,1,240L,-17,41.2
257,6ZGKYZ,1,240L,-16,44.2
257,6ZGKYZ,1,240L,-15,46.7
257,6ZGKYZ,1,240L,-14,55.4
257,6ZGKYZ,1,240L,-13,60.9
257,6ZGKYZ,1,240L,-12,60.8
257,6ZGKYZ,1,240L,-11,68.2
257,6ZGKYZ,1,240L,-10,74.4
257,6ZGKYZ,1,240L,-9,80.7
257,6ZGKYZ,1,240L,-8,83.8
257,6ZGKYZ,1,240L,-7,88.4
257,6ZGKYZ,1,240L,-6,95.8
257,6ZGKYZ,1,240L,-5,99.1
257,6ZGKYZ,1,240L,-4,5.6
257,6ZGKYZ,1,240L,-3,8.2
257,6ZGKYZ,1,240L,-2,12.9
257,6ZGKYZ,1,240L,-1,21.1
257,6ZGKYZ,1,240L,0,25.4
258,5CDN,1,120L,-29,58.5
258,5CDN,1,120L,-28,66.3
258,5CDN,1,120L,-27,66.6
258,5CDN,1,120L,-26,75.4
258,5CDN,1,120L,-25,80.2
258,5CDN,1,120L,-24,84.1
258,5CDN,1,120L,-23,86.4
258,5CDN,1,120L,-22,90.9
258,5CDN,1,120L,-21,96.4
258,5CDN,1,120L,-20,0.0
258,5CDN,1,120L,-19,4.5
258,5CDN,1,120L,-18,11.6
258,5CDN,1,120L,-17,16.2
258,5CDN,1,120L,-16,18.3
258,5CDN,1,120L,-15,25.5
258,5CDN,1,120L,-14,29.8
258,5CDN,1,120L,-13,36.0
258,5CDN,1,120L,-12,39.3
258,5CDN,1,120L,-11,44.6
258,5CDN,1,120L,-10,48.4
258,5CDN,1,120L,-9,53.8
258,5CDN,1,120L,-8,55.0
258,5CDN,1,120L,-7,61.4
258,5CDN,1,120L,-6,66.1
258,5CDN,1,120L,-5,70.5
258,5CDN,1,120L,-4,76.1
258,5CDN,1,120L,-3,81.1
258,5CDN,1,120L,-2,85.3
258,5CDN,1,120L,-1,89.1
258,5CDN,1,120L,0,92.9
259,PEIN,1,120L,-29,2.2
259,PEIN,1,120L,-28,3.7
259,PEIN,1,120L,-27,8.5
259,PEIN,1,120L,-26,9.8
259,PEIN,1,120L,-25,16.1
259,PEIN,1,120L,-24,19.3
259,PEIN,1,120L,-23,22.4
259,PEIN,1,120L,-22,29.2
259,PEIN,1,120L,-21,28.7
259,PEIN,1,120L,-20,35.1
259,PEIN,1,120L,-19,40.9
259,PEIN,1,120L,-18,42.8
259,PEIN,1,120L,-17,44.8
259,PEIN,1,120L,-16,46.7
259,PEIN,1,120L,-15,50.0
259,PEIN,1,120L,-14,55.0
259,PEIN,1,120L,-13,58.2
259,PEIN,1,120L,-12,61.7
259,PEIN,1,120L,-11,65.9
259,PEIN,1,120L,-10,69.9
259,PEIN,1,120L,-9,74.3
259,PEIN,1,120L,-8,75.4
259,PEIN,1,120L,-7,79.8
259,PEIN,1,120L,-6,84.2
259,PEIN,1,120L,-5,87.7
259,PEIN,1,120L,-4,94.4
259,PEIN,1,120L,-3,95.6
259,PEIN,1,120L,-2,96.4
259,PEIN,1,120L,-1,3.0
259,PEIN,1,120L,0,6.8
260,FOAUWV,1,240L,-29,66.1
260,FOAUWV,1,240L,-28,67.0
260,FOAUWV,1,240L,-27,74.7
260,FOAUWV,1,240L,-26,79.2
260,FOAUWV,1,240L,-25,85.0
260,FOAUWV,1,240L,-24,91.8
260,FOAUWV,1,240L,-23,95.2
260,FOAUWV,1,240L,-22,98.7
260,FOAUWV,1,240L,-21,6.4
260,FOAUWV,1,240L,-20,8.9
260,FOAUWV,1,240L,-19,15.3
260,FOAUWV,1,240L,-18,18.2
260,FOAUWV,1,240L,-17,23.8
260,FOAUWV,1,240L,-16,30.6
260,FOAUWV,1,240L,-15,36.2
260,FOAUWV,1,240L,-14,38.2
260,FOAUWV,1,240L,-13,46.7
260,FOAUWV,1,240L,-12,49.9
260,FOAUWV,1,240L,-11,58.2
260,FOAUWV,1,240L,-10,60.9
260,FOAUWV,1,240L,-9,64.9
260,FOAUWV,1,240L,-8,71.9
260,FOAUWV,1,240L,-7,75.5
260,FOAUWV,1,240L,-6,84.0
260,FOAUWV,1,240L,-5,87.2
260,FOAUWV,1,240L,-4,92.1
260,FOAUWV,1,240L,-3,98.4
260,FOAUWV,1,240L,-2,1.2
260,FOAUWV,1,240L,-1,5.9
260,FOAUWV,1,240L,0,13.6
261,IANB,1,120L,-29,34.8
261,IANB,1,120L,-28,43.3
261,IANB,1,120L,-27,48.4
261,IANB,1,120L,-26,51.3
261,IANB,1,120L,-25,57.8
261,IANB,1,120L,-24,63.0
261,IANB,1,120L,-23,72.5
261,IANB,1,120L,-22,76.8
261,IANB,1,120L,-21,80.4
261,IANB,1,120L,-20,87.5
261,IANB,1,120L,-19,90.1
261,IANB,1,120L,-18,96.7
261,IANB,1,120L,-17,3.5
261,IANB,1,120L,-16,9.6
261,IANB,1,120L,-15,14.3
261,IANB,1,120L,-14,20.4
261,IANB,1,120L,-13,25.7
261,IANB,1,120L,-12,30.9
261,IANB,1,120L,-11,36.3
261,IANB,1,120L,-10,41.7
261,IANB,1,120L,-9,48.2
261,IANB,1,120L,-8,54.1
261,IANB,1,120L,-7,59.3
261,IANB,1,120L,-6,62.8
261,IANB,1,120L,-5,68.6
261,IANB,1,120L,-4,76.3
261,IANB,1,120L,-3,83.5
261,IANB,1,120L,-2,87.1
261,IANB,1,120L,-1,91.8
261,IANB,1,120L,0,98.3
262,6RCW,1,120L,-29,34.7
262,6RCW,1,120L,-28,41.7
262,6RCW,1,120L,-27,43.3
262,6RCW,1,120L,-26,45.4
262,6RCW,1,120L,-25,49.5
262,6RCW,1,120L,-24,52.3
262,6RCW,1,120L,-23,58.3
262,6RCW,1,120L,-22,59.4
262,6RCW,1,120L,-21,63.3
262,6RCW,1,120L,-20,67.2
262,6RCW,1,120L,-19,68.6
262,6RCW,1,120L,-18,73.3
262,6RCW,1,120L,-17,76.8
262,6RCW,1,120L,-16,77.4
262,6RCW,1,120L,-15,83.4
262,6RCW,1,120L,-14,86.3
262,6RCW,1,120L,-13,89.9
262,6RCW,1,120L,-12,93.1
262,6RCW,1,120L,-11,96.7
262,6RCW,1,120L,-10,100.0
262,6RCW,1,120L,-9,1.2
262,6RCW,1,120L,-8,5.8
262,6RCW,1,120L,-7,10.7
262,6RCW,1,120L,-6,13.7
262,6RCW,1,120L,-5,17.0
262,6RCW,1,120L,-4,23.8
262,6RCW,1,120L,-3,23.9
262,6RCW,1,120L,-2,28.0
262,6RCW,1,120L,-1,29.2
262,6RCW,1,120L,0,31.5
263,OJJ3,1,120L,-29,92.4
263,OJJ3,1,120L,-28,95.0
263,OJJ3,1,120L,-27,98.0
263,OJJ3,1,120L,-26,0.2
263,OJJ3,1,120L,-25,3.0
263,OJJ3,1,120L,-24,6.3
263,OJJ3,1,120L,-23,10.8
263,OJJ3,1,120L,-22,14.0
263,OJJ3,1,120L,-21,14.3
263,OJJ3,1,120L,-20,20.0
263,OJJ3,1,120L,-19,20.9
263,OJJ3,1,120L,-18,25.7
263,OJJ3,1,120L,-17,27.7
263,OJJ3,1,120L,-16,33.4
263,OJJ3,1,120L,-15,33.5
263,OJJ3,1,120L,-14,37.5
263,OJJ3,1,120L,-13,41.2
263,OJJ3,1,120L,-12,42.0
263,OJJ3,1,120L,-11,46.3
263,OJJ3,1,120L,-10,49.0
263,OJJ3,1,120L,-9,51.7
263,OJJ3,1,120L,-8,54.9
263,OJJ3,1,120L,-7,60.3
263,OJJ3,1,120L,-6,60.8
263,OJJ3,1,120L,-5,65.6
263,OJJ3,1,120L,-4,68.2
263,OJJ3,1,120L,-3,68.7
263,OJJ3,1,120L,-2,74.7
263,OJJ3,1,120L,-1,74.8
263,OJJ3,1,120L,0,80.9
264,PI7FPO,1,120L,-29,43.1
264,PI7FPO,1,120L,-28,49.8
264,PI7FPO,1,120L,-27,55.6
264,PI7FPO,1,120L,-26,57.5
264,PI7FPO,1,120L,-25,62.4
264,PI7FPO,1,120L,-24,68.6
264,PI7FPO,1,120L,-23,73.2
264,PI7FPO,1,120L,-22,73.4
264,PI7FPO,1,120L,-21,84.7
264,PI7FPO,1,120L,-20,87.1
264,PI7FPO,1,120L,-19,91.9
264,PI7FPO,1,120L,-18,95.2
264,PI7FPO,1,120L,-17,0.0
264,PI7FPO,1,120L,-16,5.6
264,PI7FPO,1,120L,-15,8.4
264,PI7FPO,1,120L,-14,14.6
264,PI7FPO,1,120L,-13,18.0
264,PI7FPO,1,120L,-12,23.3
264,PI7FPO,1,120L,-11,26.4
264,PI7FPO,1,120L,-10,33.4
264,PI7FPO,1,120L,-9,34.9
264,PI7FPO,1,120L,-8,44.7
264,PI7FPO,1,120L,-7,49.3
264,PI7FPO,1,120L,-6,52.9
264,PI7FPO,1,120L,-5,57.0
264,PI7FPO,1,120L,-4,59.5
264,PI7FPO,1,120L,-3,66.0
264,PI7FPO,1,120L,-2,68.7
264,PI7FPO,1,120L,-1,71.1
264,PI7FPO,1,120L,0,80.3
265,MB3T,1,120L,-29,33.2
265,MB3T,1,120L,-28,35.4
265,MB3T,1,120L,-27,40.4
265,MB3T,1,120L,-26,42.6
265,MB3T,1,120L,-25,50.8
265,MB3T,1,120L,-24,51.0
265,MB3T,1,120L,-23,57.8
265,MB3T,1,120L,-22,60.2
265,MB3T,1,120L,-21,63.3
265,MB3T,1,120L,-20,69.8
265,MB3T,1,120L,-19,73.0
265,MB3T,1,120L,-18,78.8
265,MB3T,1,120L,-17,79.7
265,MB3T,1,120L,-16,84.5
265,MB3T,1,120L,-15,86.0
265,MB3T,1,120L,-14,90.4
265,MB3T,1,120L,-13,100.0
265,MB3T,1,120L,-12,4.8
265,MB3T,1,120L,-11,5.9
265,MB3T,1,120L,-10,8.5
265,MB3T,1,120L,-9,13.3
265,MB3T,1,120L,-8,19.1
265,MB3T,1,120L,-7,21.0
265,MB3T,1,120L,-6,26.2
265,MB3T,1,120L,-5,29.9
265,MB3T,1,120L,-4,33.0
265,MB3T,1,120L,-3,37.1
265,MB3T,1,120L,-2,42.4
265,MB3T,1,120L,-1,44.5
265,MB3T,1,120L,0,50.7
266,DAES,1,120L,-29,77.1
266,DAES,1,120L,-28,77.9
266,DAES,1,120L,-27,82.6
266,DAES,1,120L,-26,81.6
266,DAES,1,120L,-25,86.6
266,DAES,1,120L,-24,90.4
266,DAES,1,120L,-23,96.3
266,DAES,1,120L,-22,93.6
266,DAES,1,120L,-21,99.4
266,DAES,1,120L,-20,4.8
266,DAES,1,120L,-19,4.5
266,DAES,1,120L,-18,8.5
266,DAES,1,120L,-17,12.3
266,DAES,1,120L,-16,15.2
266,DAES,1,120L,-15,20.3
266,DAES,1,120L,-14,21.7
266,DAES,1,120L,-13,26.1
266,DAES,1,120L,-12,26.6
266,DAES,1,120L,-11,29.1
266,DAES,1,120L,-10,33.0
266,DAES,1,120L,-9,34.7
266,DAES,1,120L,-8,40.2
266,DAES,1,120L,-7,41.9
266,DAES,1,120L,-6,44.6
266,DAES,1,120L,-5,49.4
266,DAES,1,120L,-4,50.0
266,DAES,1,120L,-3,56.0
266,DAES,1,120L,-2,57.1
266,DAES,1,120L,-1,62.7
266,DAES,1,120L,0,63.4
267,QKYD,1,120L,-29,25.1
267,QKYD,1,120L,-28,29.5
267,QKYD,1,120L,-27,32.0
267,QKYD,1,120L,-26,32.8
267,QKYD,1,120L,-25,40.3
267,QKYD,1,120L,-24,42.2
267,QKYD,1,120L,-23,47.0
267,QKYD,1,120L,-22,50.3
267,QKYD,1,120L,-21,51.6
267,QKYD,1,120L,-20,54.9
267,QKYD,1,120L,-19,60.7
267,QKYD,1,120L,-18,62.8
267,QKYD,1,120L,-17,68.1
267,QKYD,1,120L,-16,69.9
267,QKYD,1,120L,-15,75.2
267,QKYD,1,120L,-14,77.8
267,QKYD,1,120L,-13,81.1
267,QKYD,1,120L,-12,83.6
267,QKYD,1,120L,-11,88.0
267,QKYD,1,120L,-10,92.9
267,QKYD,1,120L,-9,94.5
267,QKYD,1,120L,-8,98.9
267,QKYD,1,120L,-7,1.7
267,QKYD,1,120L,-6,5.3
267,QKYD,1,120L,-5,11.1
267,QKYD,1,120L,-4,13.9
267,QKYD,1,120L,-3,15.7
267,QKYD,1,120L,-2,19.3
267,QKYD,1,120L,-1,21.5
267,QKYD,1,120L,0,25.7
268,6732,1,120L,-29,41.4
268,6732,1,120L,-28,42.4
268,6732,1,120L,-27,49.4
268,6732,1,120L,-26,51.7
268,6732,1,120L,-25,54.2
268,6732,1,120L,-24,61.5
268,6732,1,120L,-23,65.6
268,6732,1,120L,-22,67.6
268,6732,1,120L,-21,72.1
268,6732,1,120L,-20,76.1
268,6732,1,120L,-19,80.9
268,6732,1,120L,-18,83.7
268,6732,1,120L,-17,84.5
268,6732,1,120L,-16,93.4
268,6732,1,120L,-15,95.8
268,6732,1,120L,-14,97.3
268,6732,1,120L,-13,0.4
268,6732,1,120L,-12,6.5
268,6732,1,120L,-11,9.2
268,6732,1,120L,-10,14.0
268,6732,1,120L,-9,18.4
268,6732,1,120L,-8,20.3
268,6732,1,120L,-7,23.3
268,6732,1,120L,-6,29.5
268,6732,1,120L,-5,31.9
268,6732,1,120L,-4,36.8
268,6732,1,120L,-3,38.4
268,6732,1,120L,-2,43.9
268,6732,1,120L,-1,49.2
268,6732,1,120L,0,52.9
269,OCG2,1,120L,-29,24.5
269,OCG2,1,120L,-28,32.2
269,OCG2,1,120L,-27,39.0
269,OCG2,1,120L,-26,44.7
269,OCG2,1,120L,-25,49.3
269,OCG2,1,120L,-24,56.5
269,OCG2,1,120L,-23,64.3
269,OCG2,1,120L,-22,68.3
269,OCG2,1,120L,-21,71.5
269,OCG2,1,120L,-20,80.2
269,OCG2,1,120L,-19,88.9
269,OCG2,1,120L,-18,89.9
269,OCG2,1,120L,-17,97.8
269,OCG2,1,120L,-16,3.4
269,OCG2,1,120L,-15,9.8
269,OCG2,1,120L,-14,15.9
269,OCG2,1,120L,-13,23.3
269,OCG2,1,120L,-12,27.6
269,OCG2,1,120L,-11,35.4
269,OCG2,1,120L,-10,39.3
269,OCG2,1,120L,-9,44.9
269,OCG2,1,120L,-8,50.3
269,OCG2,1,120L,-7,54.6
269,OCG2,1,120L,-6,63.7
269,OCG2,1,120L,-5,72.3
269,OCG2,1,120L,-4,75.9
269,OCG2,1,120L,-3,82.2
269,OCG2,1,120L,-2,86.5
269,OCG2,1,120L,-1,92.7
269,OCG2,1,120L,0,100.0
270,BGGG,1,120L,-29,18.3
270,BGGG,1,120L,-28,21.2
270,BGGG,1,120L,-27,25.5
270,BGGG,1,120L,-26,28.1
270,BGGG,1,120L,-25,31.1
270,BGGG,1,120L,-24,35.6
270,BGGG,1,120L,-23,41.4
270,BGGG,1,120L,-22,44.9
270,BGGG,1,120L,-21,47.1
270,BGGG,1,120L,-20,53.3
270,BGGG,1,120L,-19,56.9
270,BGGG,1,120L,-18,59.7
270,BGGG,1,120L,-17,64.9
270,BGGG,1,120L,-16,69.0
270,BGGG,1,120L,-15,72.6
270,BGGG,1,120L,-14,79.0
270,BGGG,1,120L,-13,78.7
270,BGGG,1,120L,-12,82.6
270,BGGG,1,120L,-11,89.7
270,BGGG,1,120L,-10,93.8
270,BGGG,1,120L,-9,98.3
270,BGGG,1,120L,-8,0.9
270,BGGG,1,120L,-7,4.4
270,BGGG,1,120L,-6,9.8
270,BGGG,1,120L,-5,13.2
270,BGGG,1,120L,-4,20.2
270,BGGG,1,120L,-3,21.4
270,BGGG,1,120L,-2,25.9
270,BGGG,1,120L,-1,33.7
270,BGGG,1,120L,0,33.7
271,63TS,1,120L,-29,38.1
271,63TS,1,120L,-28,42.1
271,63TS,1,120L,-27,45.2
271,63TS,1,120L,-26,48.9
271,63TS,1,120L,-25,52.6
271,63TS,1,120L,-24,55.4
271,63TS,1,120L,-23,60.6
271,63TS,1,120L,-22,67.0
271,63TS,1,120L,-21,69.6
271,63TS,1,120L,-20,72.0
271,63TS,1,120L,-19,76.7
271,63TS,1,120L,-18,77.9
271,63TS,1,120L,-17,82.6
271,63TS,1,120L,-16,88.3
271,63TS,1,120L,-15,92.9
271,63TS,1,120L,-14,93.3
271,63TS,1,120L,-13,97.6
271,63TS,1,120L,-12,5.4
271,63TS,1,120L,-11,6.1
271,63TS,1,120L,-10,12.5
271,63TS,1,120L,-9,13.9
271,63TS,1,120L,-8,17.8
271,63TS,1,120L,-7,20.8
271,63TS,1,120L,-6,26.5
271,63TS,1,120L,-5,30.9
271,63TS,1,120L,-4,31.2
271,63TS,1,120L,-3,36.0
271,63TS,1,120L,-2,41.7
271,63TS,1,120L,-1,44.0
271,63TS,1,120L,0,47.3
272,5R2U,1,120L,-29,34.9
272,5R2U,1,120L,-28,41.3
272,5R2U,1,120L,-27,44.6
272,5R2U,1,120L,-26,50.4
272,5R2U,1,120L,-25,57.3
272,5R2U,1,120L,-24,62.6
272,5R2U,1,120L,-23,66.5
272,5R2U,1,120L,-22,72.3
272,5R2U,1,120L,-21,77.1
272,5R2U,1,120L,-20,84.8
272,5R2U,1,120L,-19,86.6
272,5R2U,1,120L,-18,93.4
272,5R2U,1,120L,-17,0.0
272,5R2U,1,120L,-16,6.3
272,5R2U,1,120L,-15,8.4
272,5R2U,1,120L,-14,16.5
272,5R2U,1,120L,-13,24.3
272,5R2U,1,120L,-12,29.8
272,5R2U,1,120L,-11,30.0
272,5R2U,1,120L,-10,38.5
272,5R2U,1,120L,-9,42.0
272,5R2U,1,120L,-8,47.1
272,5R2U,1,120L,-7,54.1
272,5R2U,1,120L,-6,61.5
272,5R2U,1,120L,-5,65.9
272,5R2U,1,120L,-4,69.4
272,5R2U,1,120L,-3,76.9
272,5R2U,1,120L,-2,77.8
272,5R2U,1,120L,-1,85.5
272,5R2U,1,120L,0,90.8
273,B2RM,1,120L,-29,0.0
273,B2RM,1,120L,-28,3.4
273,B2RM,1,120L,-27,6.7
273,B2RM,1,120L,-26,10.5
273,B2RM,1,120L,-25,14.6
273,B2RM,1,120L,-24,17.5
273,B2RM,1,120L,-23,20.2
273,B2RM,1,120L,-22,24.6
273,B2RM,1,120L,-21,28.7
273,B2RM,1,120L,-20,30.0
273,B2RM,1,120L,-19,34.2
273,B2RM,1,120L,-18,39.4
273,B2RM,1,120L,-17,39.4
273,B2RM,1,120L,-16,47.2
273,B2RM,1,120L,-15,45.9
273,B2RM,1,120L,-14,50.8
273,B2RM,1,120L,-13,53.3
273,B2RM,1,120L,-12,61.4
273,B2RM,1,120L,-11,60.8
273,B2RM,1,120L,-10,64.2
273,B2RM,1,120L,-9,67.8
273,B2RM,1,120L,-8,71.9
273,B2RM,1,120L,-7,74.7
273,B2RM,1,120L,-6,78.4
273,B2RM,1,120L,-5,76.7
273,B2RM,1,120L,-4,85.5
273,B2RM,1,120L,-3,88.8
273,B2RM,1,120L,-2,93.7
273,B2RM,1,120L,-1,97.6
273,B2RM,1,120L,0,98.7
274,UFIX,1,120L,-29,32.5
274,UFIX,1,120L,-28,36.3
274,UFIX,1,120L,-27,41.2
274,UFIX,1,120L,-26,48.6
274,UFIX,1,120L,-25,56.8
274,UFIX,1,120L,-24,60.8
274,UFIX,1,120L,-23,68.7
274,UFIX,1,120L,-22,71.2
274,UFIX,1,120L,-21,79.7
274,UFIX,1,120L,-20,83.0
274,UFIX,1,120L,-19,90.2
274,UFIX,1,120L,-18,96.0
274,UFIX,1,120L,-17,2.5
274,UFIX,1,120L,-16,7.8
274,UFIX,1,120L,-15,12.1
274,UFIX,1,120L,-14,20.4
274,UFIX,1,120L,-13,27.5
274,UFIX,1,120L,-12,29.9
274,UFIX,1,120L,-11,33.9
274,UFIX,1,120L,-10,43.2
274,UFIX,1,120L,-9,47.8
274,UFIX,1,120L,-8,54.0
274,UFIX,1,120L,-7,60.9
274,UFIX,1,120L,-6,65.2
274,UFIX,1,120L,-5,71.3
274,UFIX,1,120L,-4,77.4
274,UFIX,1,120L,-3,85.7
274,UFIX,1,120L,-2,89.3
274,UFIX,1,120L,-1,93.3
274,UFIX,1,120L,0,0.0
275,YWXV37,1,120L,-29,83.6
275,YWXV37,1,120L,-28,87.1
275,YWXV37,1,120L,-27,94.6
275,YWXV37,1,120L,-26,98.8
275,YWXV37,1,120L,-25,1.4
275,YWXV37,1,120L,-24,6.5
275,YWXV37,1,120L,-23,10.6
275,YWXV37,1,120L,-22,15.3
275,YWXV37,1,120L,-21,19.5
275,YWXV37,1,120L,-20,18.8
275,YWXV37,1,120L,-19,26.6
275,YWXV37,1,120L,-18,31.9
275,YWXV37,1,120L,-17,34.6
275,YWXV37,1,120L,-16,39.5
275,YWXV37,1,120L,-15,44.7
275,YWXV37,1,120L,-14,47.8
275,YWXV37,1,120L,-13,54.2
275,YWXV37,1,120L,-12,57.7
275,YWXV37,1,120L,-11,60.0
275,YWXV37,1,120L,-10,64.1
275,YWXV37,1,120L,-9,64.3
275,YWXV37,1,120L,-8,72.2
275,YWXV37,1,120L,-7,74.8
275,YWXV37,1,120L,-6,81.4
275,YWXV37,1,120L,-5,85.4
275,YWXV37,1,120L,-4,90.4
275,YWXV37,1,120L,-3,95.6
275,YWXV37,1,120L,-2,97.6
275,YWXV37,1,120L,-1,5.3
275,YWXV37,1,120L,0,6.3
276,LKP3XO,1,120L,-29,59.0
276,LKP3XO,1,120L,-28,63.8
276,LKP3XO,1,120L,-27,64.9
276,LKP3XO,1,120L,-26,69.2
276,LKP3XO,1,120L,-25,72.8
276,LKP3XO,1,120L,-24,75.7
276,LKP3XO,1,120L,-23,81.0
276,LKP3XO,1,120L,-22,84.1
276,LKP3XO,1,120L,-21,88.2
276,LKP3XO,1,120L,-20,89.3
276,LKP3XO,1,120L,-19,95.0
276,LKP3XO,1,120L,-18,94.5
276,LKP3XO,1,120L,-17,97.8
276,LKP3XO,1,120L,-16,1.4
276,LKP3XO,1,120L,-15,6.6
276,LKP3XO,1,120L,-14,11.8
276,LKP3XO,1,120L,-13,12.4
276,LKP3XO,1,120L,-12,16.0
276,LKP3XO,1,120L,-11,19.7
276,LKP3XO,1,120L,-10,24.3
276,LKP3XO,1,120L,-9,26.1
276,LKP3XO,1,120L,-8,29.3
276,LKP3XO,1,120L,-7,31.5
276,LKP3XO,1,120L,-6,36.0
276,LKP3XO,1,120L,-5,42.0
276,LKP3XO,1,120L,-4,43.7
276,LKP3XO,1,120L,-3,45.8
276,LKP3XO,1,120L,-2,52.1
276,LKP3XO,1,120L,-1,52.8
276,LKP3XO,1,120L,0,59.1
277,QZMA,1,120L,-29,53.3
277,QZMA,1,120L,-28,56.9
277,QZMA,1,120L,-27,68.4
277,QZMA,1,120L,-26,71.5
277,QZMA,1,120L,-25,76.3
277,QZMA,1,120L,-24,84.1
277,QZMA,1,120L,-23,89.6
277,QZMA,1,120L,-22,96.4
277,QZMA,1,120L,-21,0.0
277,QZMA,1,120L,-20,6.7
277,QZMA,1,120L,-19,10.3
277,QZMA,1,120L,-18,19.0
277,QZMA,1,120L,-17,23.9
277,QZMA,1,120L,-16,30.2
277,QZMA,1,120L,-15,35.5
277,QZMA,1,120L,-14,41.2
277,QZMA,1,120L,-13,46.1
277,QZMA,1,120L,-12,54.5
277,QZMA,1,120L,-11,61.5
277,QZMA,1,120L,-10,64.3
277,QZMA,1,120L,-9,71.8
277,QZMA,1,120L,-8,77.5
277,QZMA,1,120L,-7,82.8
277,QZMA,1,120L,-6,86.4
277,QZMA,1,120L,-5,92.6
277,QZMA,1,120L,-4,0.0
277,QZMA,1,120L,-3,3.1
277,QZMA,1,120L,-2,14.3
277,QZMA,1,120L,-1,18.7
277,QZMA,1,120L,0,24.0
278,NNJ2KY,1,120L,-29,0.2
278,NNJ2KY,1,120L,-28,8.0
278,NNJ2KY,1,120L,-27,8.9
278,NNJ2KY,1,120L,-26,16.1
278,NNJ2KY,1,120L,-25,18.9
278,NNJ2KY,1,120L,-24,24.6
278,NNJ2KY,1,120L,-23,31.1
278,NNJ2KY,1,120L,-22,33.7
278,NNJ2KY,1,120L,-21,38.0
278,NNJ2KY,1,120L,-20,46.0
278,NNJ2KY,1,120L,-19,48.8
278,NNJ2KY,1,120L,-18,55.2
278,NNJ2KY,1,120L,-17,57.4
278,NNJ2KY,1,120L,-16,65.4
278,NNJ2KY,1,120L,-15,68.6
278,NNJ2KY,1,120L,-14,73.7
278,NNJ2KY,1,120L,-13,78.1
278,NNJ2KY,1,120L,-12,82.0
278,NNJ2KY,1,120L,-11,87.6
278,NNJ2KY,1,120L,-10,91.8
278,NNJ2KY,1,120L,-9,98.7
278,NNJ2KY,1,120L,-8,1.9
278,NNJ2KY,1,120L,-7,4.8
278,NNJ2KY,1,120L,-6,9.3
278,NNJ2KY,1,120L,-5,14.1
278,NNJ2KY,1,120L,-4,22.5
278,NNJ2KY,1,120L,-3,24.7
278,NNJ2KY,1,120L,-2,31.7
278,NNJ2KY,1,120L,-1,36.3
278,NNJ2KY,1,120L,0,40.9
279,6BQJ,1,120L,-29,21.5
279,6BQJ,1,120L,-28,20.8
279,6BQJ,1,120L,-27,27.9
279,6BQJ,1,120L,-26,32.6
279,6BQJ,1,120L,-25,37.9
279,6BQJ,1,120L,-24,41.5
279,6BQJ,1,120L,-23,40.5
279,6BQJ,1,120L,-22,45.6
279,6BQJ,1,120L,-21,47.3
279,6BQJ,1,120L,-20,55.4
279,6BQJ,1,120L,-19,58.2
279,6BQJ,1,120L,-18,60.8
279,6BQJ,1,120L,-17,64.0
279,6BQJ,1,120L,-16,69.4
279,6BQJ,1,120L,-15,72.7
279,6BQJ,1,120L,-14,76.2
279,6BQJ,1,120L,-13,78.6
279,6BQJ,1,120L,-12,81.0
279,6BQJ,1,120L,-11,86.2
279,6BQJ,1,120L,-10,89.8
279,6BQJ,1,120L,-9,91.8
279,6BQJ,1,120L,-8,95.1
279,6BQJ,1,120L,-7,100.0
279,6BQJ,1,120L,-6,5.2
279,6BQJ,1,120L,-5,5.2
279,6BQJ,1,120L,-4,9.4
279,6BQJ,1,120L,-3,13.9
279,6BQJ,1,120L,-2,17.6
279,6BQJ,1,120L,-1,19.7
279,6BQJ,1,120L,0,26.8
280,JA5YGO,1,120L,-29,79.6
280,JA5YGO,1,120L,-28,82.0
280,JA5YGO,1,120L,-27,88.3
280,JA5YGO,1,120L,-26,92.2
280,JA5YGO,1,120L,-25,99.6
280,JA5YGO,1,120L,-24,3.3
280,JA5YGO,1,120L,-23,12.4
280,JA5YGO,1,120L,-22,17.7
280,JA5YGO,1,120L,-21,22.3
280,JA5YGO,1,120L,-20,28.3
280,JA5YGO,1,120L,-19,35.4
280,JA5YGO,1,120L,-18,38.2
280,JA5YGO,1,120L,-17,46.0
280,JA5YGO,1,120L,-16,52.4
280,JA5YGO,1,120L,-15,54.4
280,JA5YGO,1,120L,-14,63.9
280,JA5YGO,1,120L,-13,66.1
280,JA5YGO,1,120L,-12,74.1
280,JA5YGO,1,120L,-11,78.3
280,JA5YGO,1,120L,-10,87.9
280,JA5YGO,1,120L,-9,89.7
280,JA5YGO,1,120L,-8,94.7
280,JA5YGO,1,120L,-7,3.1
280,JA5YGO,1,120L,-6,8.0
280,JA5YGO,1,120L,-5,12.1
280,JA5YGO,1,120L,-4,20.9
280,JA5YGO,1,120L,-3,22.8
280,JA5YGO,1,120L,-2,30.0
280,JA5YGO,1,120L,-1,36.4
280,JA5YGO,1,120L,0,44.2
281,EXNZ,1,120L,-29,90.9
281,EXNZ,1,120L,-28,94.5
281,EXNZ,1,120L,-27,0.0
281,EXNZ,1,120L,-26,6.4
281,EXNZ,1,120L,-25,13.5
281,EXNZ,1,120L,-24,18.6
281,EXNZ,1,120L,-23,23.0
281,EXNZ,1,120L,-22,26.0
281,EXNZ,1,120L,-21,32.5
281,EXNZ,1,120L,-20,41.7
281,EXNZ,1,120L,-19,42.2
281,EXNZ,1,120L,-18,48.1
281,EXNZ,1,120L,-17,56.8
281,EXNZ,1,120L,-16,60.2
281,EXNZ,1,120L,-15,64.6
281,EXNZ,1,120L,-14,74.2
281,EXNZ,1,120L,-13,78.1
281,EXNZ,1,120L,-12,82.3
281,EXNZ,1,120L,-11,86.7
281,EXNZ,1,120L,-10,97.0
281,EXNZ,1,120L,-9,99.4
281,EXNZ,1,120L,-8,7.0
281,EXNZ,1,120L,-7,11.8
281,EXNZ,1,120L,-6,15.2
281,EXNZ,1,120L,-5,20.7
281,EXNZ,1,120L,-4,29.1
281,EXNZ,1,120L,-3,34.7
281,EXNZ,1,120L,-2,35.2
281,EXNZ,1,120L,-1,44.3
281,EXNZ,1,120L,0,48.8
282,OO4C,1,120L,-29,57.9
282,OO4C,1,120L,-28,62.5
282,OO4C,1,120L,-27,65.3
282,OO4C,1,120L,-26,69.0
282,OO4C,1,120L,-25,72.9
282,OO4C,1,120L,-24,74.8
282,OO4C,1,120L,-23,81.9
282,OO4C,1,120L,-22,83.6
282,OO4C,1,120L,-21,88.8
282,OO4C,1,120L,-20,89.2
282,OO4C,1,120L,-19,91.9
282,OO4C,1,120L,-18,98.6
282,OO4C,1,120L,-17,98.4
282,OO4C,1,120L,-16,2.3
282,OO4C,1,120L,-15,6.9
282,OO4C,1,120L,-14,7.2
282,OO4C,1,120L,-13,13.4
282,OO4C,1,120L,-12,16.5
282,OO4C,1,120L,-11,20.8
282,OO4C,1,120L,-10,23.5
282,OO4C,1,120L,-9,27.4
282,OO4C,1,120L,-8,28.6
282,OO4C,1,120L,-7,30.8
282,OO4C,1,120L,-6,38.5
282,OO4C,1,120L,-5,36.3
282,OO4C,1,120L,-4,39.7
282,OO4C,1,120L,-3,46.0
282,OO4C,1,120L,-2,50.9
282,OO4C,1,120L,-1,52.0
282,OO4C,1,120L,0,56.5
283,HW34,1,120L,-29,84.4
283,HW34,1,120L,-28,87.2
283,HW34,1,120L,-27,96.1
283,HW34,1,120L,-26,97.4
283,HW34,1,120L,-25,2.7
283,HW34,1,120L,-24,10.2
283,HW34,1,120L,-23,15.9
283,HW34,1,120L,-22,18.9
283,HW34,1,120L,-21,24.9
283,HW34,1,120L,-20,29.7
283,HW34,1,120L,-19,33.4
283,HW34,1,120L,-18,37.0
283,HW34,1,120L,-17,44.3
283,HW34,1,120L,-16,49.2
283,HW34,1,120L,-15,54.5
283,HW34,1,120L,-14,58.5
283,HW34,1,120L,-13,61.1
283,HW34,1,120L,-12,68.8
283,HW34,1,120L,-11,72.6
283,HW34,1,120L,-10,76.7
283,HW34,1,120L,-9,81.9
283,HW34,1,120L,-8,86.1
283,HW34,1,120L,-7,93.3
283,HW34,1,120L,-6,94.7
283,HW34,1,120L,-5,0.2
283,HW34,1,120L,-4,6.1
283,HW34,1,120L,-3,13.9
283,HW34,1,120L,-2,17.9
283,HW34,1,120L,-1,18.7
283,HW34,1,120L,0,28.0
284,TDAR,1,120L,-29,11.4
284,TDAR,1,120L,-28,18.4
284,TDAR,1,120L,-27,23.5
284,TDAR,1,120L,-26,27.6
284,TDAR,1,120L,-25,27.2
284,TDAR,1,120L,-24,34.5
284,TDAR,1,120L,-23,31.9
284,TDAR,1,120L,-22,38.0
284,TDAR,1,120L,-21,41.3
284,TDAR,1,120L,-20,47.0
284,TDAR,1,120L,-19,50.5
284,TDAR,1,120L,-18,53.3
284,TDAR,1,120L,-17,53.2
284,TDAR,1,120L,-16,59.9
284,TDAR,1,120L,-15,62.7
284,TDAR,1,120L,-14,62.8
284,TDAR,1,120L,-13,65.5
284,TDAR,1,120L,-12,73.5
284,TDAR,1,120L,-11,75.0
284,TDAR,1,120L,-10,76.7
284,TDAR,1,120L,-9,81.6
284,TDAR,1,120L,-8,85.8
284,TDAR,1,120L,-7,88.5
284,TDAR,1,120L,-6,89.6
284,TDAR,1,120L,-5,98.1
284,TDAR,1,120L,-4,100.0
284,TDAR,1,120L,-3,1.5
284,TDAR,1,120L,-2,4.9
284,TDAR,1,120L,-1,9.2
284,TDAR,1,120L,0,10.3
285,BDI4,1,120L,-29,10.1
285,BDI4,1,120L,-28,16.2
285,BDI4,1,120L,-27,18.8
285,BDI4,1,120L,-26,23.1
285,BDI4,1,120L,-25,31.4
285,BDI4,1,120L,-24,33.2
285,BDI4,1,120L,-23,37.6
285,BDI4,1,120L,-22,38.5
285,BDI4,1,120L,-21,44.8
285,BDI4,1,120L,-20,50.6
285,BDI4,1,120L,-19,54.4
285,BDI4,1,120L,-18,55.1
285,BDI4,1,120L,-17,62.9
285,BDI4,1,120L,-16,67.3
285,BDI4,1,120L,-15,72.9
285,BDI4,1,120L,-14,74.2
285,BDI4,1,120L,-13,76.0
285,BDI4,1,120L,-12,82.1
285,BDI4,1,120L,-11,86.1
285,BDI4,1,120L,-10,93.1
285,BDI4,1,120L,-9,92.1
285,BDI4,1,120L,-8,0.0
285,BDI4,1,120L,-7,6.7
285,BDI4,1,120L,-6,8.8
285,BDI4,1,120L,-5,14.3
285,BDI4,1,120L,-4,14.7
285,BDI4,1,120L,-3,19.0
285,BDI4,1,120L,-2,27.8
285,BDI4,1,120L,-1,29.9
285,BDI4,1,120L,0,34.2
286,Z3HP,1,120L,-29,12.8
286,Z3HP,1,120L,-28,19.6
286,Z3HP,1,120L,-27,25.2
286,Z3HP,1,120L,-26,25.2
286,Z3HP,1,120L,-25,26.9
286,Z3HP,1,120L,-24,27.3
286,Z3HP,1,120L,-23,31.9
286,Z3HP,1,120L,-22,40.1
286,Z3HP,1,120L,-21,39.6
286,Z3HP,1,120L,-20,43.9
286,Z3HP,1,120L,-19,48.8
286,Z3HP,1,120L,-18,53.3
286,Z3HP,1,120L,-17,54.1
286,Z3HP,1,120L,-16,57.2
286,Z3HP,1,120L,-15,61.2
286,Z3HP,1,120L,-14,63.5
286,Z3HP,1,120L,-13,66.9
286,Z3HP,1,120L,-12,71.7
286,Z3HP,1,120L,-11,74.7
286,Z3HP,1,120L,-10,80.9
286,Z3HP,1,120L,-9,81.7
286,Z3HP,1,120L,-8,86.1
286,Z3HP,1,120L,-7,86.1
286,Z3HP,1,120L,-6,91.8
286,Z3HP,1,120L,-5,93.3
286,Z3HP,1,120L,-4,98.3
286,Z3HP,1,120L,-3,2.1
286,Z3HP,1,120L,-2,4.4
286,Z3HP,1,120L,-1,11.3
286,Z3HP,1,120L,0,13.1
287,KY4M,1,120L,-29,73.2
287,KY4M,1,120L,-28,79.1
287,KY4M,1,120L,-27,78.7
287,KY4M,1,120L,-26,87.3
287,KY4M,1,120L,-25,88.2
287,KY4M,1,120L,-24,93.3
287,KY4M,1,120L,-23,99.4
287,KY4M,1,120L,-22,4.8
287,KY4M,1,120L,-21,5.6
287,KY4M,1,120L,-20,11.0
287,KY4M,1,120L,-19,16.3
287,KY4M,1,120L,-18,20.3
287,KY4M,1,120L,-17,26.3
287,KY4M,1,120L,-16,34.6
287,KY4M,1,120L,-15,34.4
287,KY4M,1,120L,-14,37.1
287,KY4M,1,120L,-13,40.7
287,KY4M,1,120L,-12,46.6
287,KY4M,1,120L,-11,50.1
287,KY4M,1,120L,-10,56.6
287,KY4M,1,120L,-9,61.0
287,KY4M,1,120L,-8,64.0
287,KY4M,1,120L,-7,72.1
287,KY4M,1,120L,-6,72.4
287,KY4M,1,120L,-5,77.8
287,KY4M,1,120L,-4,83.3
287,KY4M,1,120L,-3,88.1
287,KY4M,1,120L,-2,93.1
287,KY4M,1,120L,-1,96.2
287,KY4M,1,120L,0,1.6
288,WAFM,1,120L,-29,50.3
288,WAFM,1,120L,-28,54.4
288,WAFM,1,120L,-27,52.7
288,WAFM,1,120L,-26,57.0
288,WAFM,1,120L,-25,62.8
288,WAFM,1,120L,-24,60.7
288,WAFM,1,120L,-23,68.5
288,WAFM,1,120L,-22,72.5
288,WAFM,1,120L,-21,73.2
288,WAFM,1,120L,-20,76.6
288,WAFM,1,120L,-19,78.7
288,WAFM,1,120L,-18,82.7
288,WAFM,1,120L,-17,85.9
288,WAFM,1,120L,-16,88.7
288,WAFM,1,120L,-15,91.8
288,WAFM,1,120L,-14,95.6
288,WAFM,1,120L,-13,98.8
288,WAFM,1,120L,-12,5.1
288,WAFM,1,120L,-11,4.9
288,WAFM,1,120L,-10,9.1
288,WAFM,1,120L,-9,10.9
288,WAFM,1,120L,-8,14.0
288,WAFM,1,120L,-7,15.5
288,WAFM,1,120L,-6,18.8
288,WAFM,1,120L,-5,22.5
288,WAFM,1,120L,-4,27.7
288,WAFM,1,120L,-3,32.2
288,WAFM,1,120L,-2,31.0
288,WAFM,1,120L,-1,36.0
288,WAFM,1,120L,0,37.9
289,H7AM,1,120L,-29,89.7
289,H7AM,1,120L,-28,92.4
289,H7AM,1,120L,-27,97.9
289,H7AM,1,120L,-26,5.1
289,H7AM,1,120L,-25,8.5
289,H7AM,1,120L,-24,11.6
289,H7AM,1,120L,-23,17.9
289,H7AM,1,120L,-22,21.4
289,H7AM,1,120L,-21,28.2
289,H7AM,1,120L,-20,33.2
289,H7AM,1,120L,-19,35.3
289,H7AM,1,120L,-18,42.6
289,H7AM,1,120L,-17,47.1
289,H7AM,1,120L,-16,53.0
289,H7AM,1,120L,-15,58.3
289,H7AM,1,120L,-14,62.7
289,H7AM,1,120L,-13,66.5
289,H7AM,1,120L,-12,73.3
289,H7AM,1,120L,-11,75.5
289,H7AM,1,120L,-10,79.7
289,H7AM,1,120L,-9,81.9
289,H7AM,1,120L,-8,91.5
289,H7AM,1,120L,-7,95.3
289,H7AM,1,120L,-6,2.0
289,H7AM,1,120L,-5,3.4
289,H7AM,1,120L,-4,10.3
289,H7AM,1,120L,-3,16.9
289,H7AM,1,120L,-2,19.6
289,H7AM,1,120L,-1,26.7
289,H7AM,1,120L,0,30.2
290,ZBXZFK,1,120L,-29,72.1
290,ZBXZFK,1,120L,-28,73.8
290,ZBXZFK,1,120L,-27,75.4
290,ZBXZFK,1,120L,-26,79.0
290,ZBXZFK,1,120L,-25,83.6
290,ZBXZFK,1,120L,-24,84.2
290,ZBXZFK,1,120L,-23,88.4
290,ZBXZFK,1,120L,-22,91.1
290,ZBXZFK,1,120L,-21,94.6
290,ZBXZFK,1,120L,-20,96.2
290,ZBXZFK,1,120L,-19,0.0
290,ZBXZFK,1,120L,-18,4.6
290,ZBXZFK,1,120L,-17,8.2
290,ZBXZFK,1,120L,-16,7.1
290,ZBXZFK,1,120L,-15,13.4
290,ZBXZFK,1,120L,-14,17.4
290,ZBXZFK,1,120L,-13,19.7
290,ZBXZFK,1,120L,-12,21.2
290,ZBXZFK,1,120L,-11,23.4
290,ZBXZFK,1,120L,-10,28.0
290,ZBXZFK,1,120L,-9,31.3
290,ZBXZFK,1,120L,-8,34.0
290,ZBXZFK,1,120L,-7,36.6
290,ZBXZFK,1,120L,-6,38.3
290,ZBXZFK,1,120L,-5,43.6
290,ZBXZFK,1,120L,-4,46.7
290,ZBXZFK,1,120L,-3,49.3
290,ZBXZFK,1,120L,-2,52.1
290,ZBXZFK,1,120L,-1,57.5
290,ZBXZFK,1,120L,0,57.1
291,U4YY,1,120L,-29,11.6
291,U4YY,1,120L,-28,20.3
291,U4YY,1,120L,-27,26.4
291,U4YY,1,120L,-26,30.0
291,U4YY,1,120L,-25,38.8
291,U4YY,1,120L,-24,43.0
291,U4YY,1,120L,-23,46.8
291,U4YY,1,120L,-22,53.5
291,U4YY,1,120L,-21,61.7
291,U4YY,1,120L,-20,67.3
291,U4YY,1,120L,-19,70.2
291,U4YY,1,120L,-18,77.5
291,U4YY,1,120L,-17,83.9
291,U4YY,1,120L,-16,88.7
291,U4YY,1,120L,-15,98.9
291,U4YY,1,120L,-14,1.7
291,U4YY,1,120L,-13,7.1
291,U4YY,1,120L,-12,14.9
291,U4YY,1,120L,-11,18.5
291,U4YY,1,120L,-10,26.5
291,U4YY,1,120L,-9,28.3
291,U4YY,1,120L,-8,36.1
291,U4YY,1,120L,-7,44.2
291,U4YY,1,120L,-6,50.9
291,U4YY,1,120L,-5,53.3
291,U4YY,1,120L,-4,59.0
291,U4YY,1,120L,-3,67.1
291,U4YY,1,120L,-2,71.3
291,U4YY,1,120L,-1,77.7
291,U4YY,1,120L,0,85.3
292,6QMX,1,120L,-29,79.3
292,6QMX,1,120L,-28,86.4
292,6QMX,1,120L,-27,88.7
292,6QMX,1,120L,-26,96.2
292,6QMX,1,120L,-25,0.0
292,6QMX,1,120L,-24,9.4
292,6QMX,1,120L,-23,15.3
292,6QMX,1,120L,-22,15.6
292,6QMX,1,120L,-21,22.7
292,6QMX,1,120L,-20,26.0
292,6QMX,1,120L,-19,32.1
292,6QMX,1,120L,-18,40.4
292,6QMX,1,120L,-17,42.1
292,6QMX,1,120L,-16,47.5
292,6QMX,1,120L,-15,51.7
292,6QMX,1,120L,-14,59.9
292,6QMX,1,120L,-13,58.4
292,6QMX,1,120L,-12,67.8
292,6QMX,1,120L,-11,73.5
292,6QMX,1,120L,-10,77.7
292,6QMX,1,120L,-9,85.1
292,6QMX,1,120L,-8,90.8
292,6QMX,1,120L,-7,92.0
292,6QMX,1,120L,-6,100.0
292,6QMX,1,120L,-5,2.2
292,6QMX,1,120L,-4,11.4
292,6QMX,1,120L,-3,14.8
292,6QMX,1,120L,-2,19.0
292,6QMX,1,120L,-1,24.3
292,6QMX,1,120L,0,29.9
293,VJBQ,1,120L,-29,27.6
293,VJBQ,1,120L,-28,33.2
293,VJBQ,1,120L,-27,36.9
293,VJBQ,1,120L,-26,40.8
293,VJBQ,1,120L,-25,45.9
293,VJBQ,1,120L,-24,50.0
293,VJBQ,1,120L,-23,55.6
293,VJBQ,1,120L,-22,61.5
293,VJBQ,1,120L,-21,65.6
293,VJBQ,1,120L,-20,72.9
293,VJBQ,1,120L,-19,71.2
293,VJBQ,1,120L,-18,79.7
293,VJBQ,1,120L,-17,83.6
293,VJBQ,1,120L,-16,89.4
293,VJBQ,1,120L,-15,93.8
293,VJBQ,1,120L,-14,97.0
293,VJBQ,1,120L,-13,2.1
293,VJBQ,1,120L,-12,5.2
293,VJBQ,1,120L,-11,11.8
293,VJBQ,1,120L,-10,12.6
293,VJBQ,1,120L,-9,21.2
293,VJBQ,1,120L,-8,24.5
293,VJBQ,1,120L,-7,28.4
293,VJBQ,1,120L,-6,33.3
293,VJBQ,1,120L,-5,38.0
293,VJBQ,1,120L,-4,44.7
293,VJBQ,1,120L,-3,52.2
293,VJBQ,1,120L,-2,53.7
293,VJBQ,1,120L,-1,55.6
293,VJBQ,1,120L,0,61.9
294,MFIU,1,120L,-29,49.5
294,MFIU,1,120L,-28,54.9
294,MFIU,1,120L,-27,59.9
294,MFIU,1,120L,-26,60.0
294,MFIU,1,120L,-25,65.0
294,MFIU,1,120L,-24,70.6
294,MFIU,1,120L,-23,73.5
294,MFIU,1,120L,-22,79.2
294,MFIU,1,120L,-21,78.7
294,MFIU,1,120L,-20,88.0
294,MFIU,1,120L,-19,85.8
294,MFIU,1,120L,-18,88.8
294,MFIU,1,120L,-17,95.4
294,MFIU,1,120L,-16,97.5
294,MFIU,1,120L,-15,2.8
294,MFIU,1,120L,-14,6.4
294,MFIU,1,120L,-13,9.9
294,MFIU,1,120L,-12,12.6
294,MFIU,1,120L,-11,18.2
294,MFIU,1,120L,-10,20.7
294,MFIU,1,120L,-9,26.6
294,MFIU,1,120L,-8,28.3
294,MFIU,1,120L,-7,30.8
294,MFIU,1,120L,-6,33.4
294,MFIU,1,120L,-5,39.4
294,MFIU,1,120L,-4,41.4
294,MFIU,1,120L,-3,44.9
294,MFIU,1,120L,-2,51.4
294,MFIU,1,120L,-1,51.7
294,MFIU,1,120L,0,60.1
295,BNZ7,1,120L,-29,24.6
295,BNZ7,1,120L,-28,28.0
295,BNZ7,1,120L,-27,35.6
295,BNZ7,1,120L,-26,39.3
295,BNZ7,1,120L,-25,43.2
295,BNZ7,1,120L,-24,49.5
295,BNZ7,1,120L,-23,51.6
295,BNZ7,1,120L,-22,56.5
295,BNZ7,1,120L,-21,62.2
295,BNZ7,1,120L,-20,69.3
295,BNZ7,1,120L,-19,73.7
295,BNZ7,1,120L,-18,80.2
295,BNZ7,1,120L,-17,82.2
295,BNZ7,1,120L,-16,89.3
295,BNZ7,1,120L,-15,93.2
295,BNZ7,1,120L,-14,96.9
295,BNZ7,1,120L,-13,3.8
295,BNZ7,1,120L,-12,8.0
295,BNZ7,1,120L,-11,12.1
295,BNZ7,1,120L,-10,18.0
295,BNZ7,1,120L,-9,22.6
295,BNZ7,1,120L,-8,27.5
295,BNZ7,1,120L,-7,32.0
295,BNZ7,1,120L,-6,35.6
295,BNZ7,1,120L,-5,42.6
295,BNZ7,1,120L,-4,46.2
295,BNZ7,1,120L,-3,50.7
295,BNZ7,1,120L,-2,56.8
295,BNZ7,1,120L,-1,63.2
295,BNZ7,1,120L,0,67.3
296,6I6E,1,120L,-29,60.2
296,6I6E,1,120L,-28,61.6
296,6I6E,1,120L,-27,72.2
296,6I6E,1,120L,-26,74.1
296,6I6E,1,120L,-25,80.7
296,6I6E,1,120L,-24,87.9
296,6I6E,1,120L,-23,97.9
296,6I6E,1,120L,-22,3.0
296,6I6E,1,120L,-21,7.4
296,6I6E,1,120L,-20,12.8
296,6I6E,1,120L,-19,15.4
296,6I6E,1,120L,-18,24.3
296,6I6E,1,120L,-17,29.1
296,6I6E,1,120L,-16,34.6
296,6I6E,1,120L,-15,41.9
296,6I6E,1,120L,-14,46.9
296,6I6E,1,120L,-13,54.8
296,6I6E,1,120L,-12,56.5
296,6I6E,1,120L,-11,65.4
296,6I6E,1,120L,-10,69.8
296,6I6E,1,120L,-9,76.4
296,6I6E,1,120L,-8,83.4
296,6I6E,1,120L,-7,87.1
296,6I6E,1,120L,-6,94.9
296,6I6E,1,120L,-5,0.2
296,6I6E,1,120L,-4,5.5
296,6I6E,1,120L,-3,11.6
296,6I6E,1,120L,-2,18.0
296,6I6E,1,120L,-1,23.0
296,6I6E,1,120L,0,30.0
297,2KZ2,1,120L,-29,4.3
297,2KZ2,1,120L,-28,12.5
297,2KZ2,1,120L,-27,15.7
297,2KZ2,1,120L,-26,19.5
297,2KZ2,1,120L,-25,25.2
297,2KZ2,1,120L,-24,28.4
297,2KZ2,1,120L,-23,34.3
297,2KZ2,1,120L,-22,39.4
297,2KZ2,1,120L,-21,43.0
297,2KZ2,1,120L,-20,50.4
297,2KZ2,1,120L,-19,54.0
297,2KZ2,1,120L,-18,59.2
297,2KZ2,1,120L,-17,63.8
297,2KZ2,1,120L,-16,74.1
297,2KZ2,1,120L,-15,73.6
297,2KZ2,1,120L,-14,76.5
297,2KZ2,1,120L,-13,82.1
297,2KZ2,1,120L,-12,90.6
297,2KZ2,1,120L,-11,96.4
297,2KZ2,1,120L,-10,98.4
297,2KZ2,1,120L,-9,6.3
297,2KZ2,1,120L,-8,10.4
297,2KZ2,1,120L,-7,14.0
297,2KZ2,1,120L,-6,18.9
297,2KZ2,1,120L,-5,24.5
297,2KZ2,1,120L,-4,30.5
297,2KZ2,1,120L,-3,34.7
297,2KZ2,1,120L,-2,38.1
297,2KZ2,1,120L,-1,43.8
297,2KZ2,1,120L,0,52.0
298,WIBG,1,120L,-29,95.1
298,WIBG,1,120L,-28,99.1
298,WIBG,1,120L,-27,3.1
298,WIBG,1,120L,-26,7.4
298,WIBG,1,120L,-25,13.0
298,WIBG,1,120L,-24,17.2
298,WIBG,1,120L,-23,20.9
298,WIBG,1,120L,-22,24.0
298,WIBG,1,120L,-21,30.0
298,WIBG,1,120L,-20,33.8
298,WIBG,1,120L,-19,37.9
298,WIBG,1,120L,-18,46.8
298,WIBG,1,120L,-17,45.0
298,WIBG,1,120L,-16,53.2
298,WIBG,1,120L,-15,54.9
298,WIBG,1,120L,-14,60.8
298,WIBG,1,120L,-13,68.9
298,WIBG,1,120L,-12,68.1
298,WIBG,1,120L,-11,72.9
298,WIBG,1,120L,-10,78.4
298,WIBG,1,120L,-9,81.6
298,WIBG,1,120L,-8,88.7
298,WIBG,1,120L,-7,91.0
298,WIBG,1,120L,-6,97.3
298,WIBG,1,120L,-5,0.0
298,WIBG,1,120L,-4,2.5
298,WIBG,1,120L,-3,9.3
298,WIBG,1,120L,-2,11.7
298,WIBG,1,120L,-1,20.8
298,WIBG,1,120L,0,20.7
299,XSKK,1,120L,-29,49.0
299,XSKK,1,120L,-28,53.4
299,XSKK,1,120L,-27,57.8
299,XSKK,1,120L,-26,69.0
299,XSKK,1,120L,-25,70.3
299,XSKK,1,120L,-24,77.4
299,XSKK,1,120L,-23,83.2
299,XSKK,1,120L,-22,90.4
299,XSKK,1,120L,-21,95.9
299,XSKK,1,120L,-20,0.0
299,XSKK,1,120L,-19,6.4
299,XSKK,1,120L,-18,12.4
299,XSKK,1,120L,-17,19.7
299,XSKK,1,120L,-16,22.7
299,XSKK,1,120L,-15,33.3
299,XSKK,1,120L,-14,35.0
299,XSKK,1,120L,-13,42.0
299,XSKK,1,120L,-12,46.1
299,XSKK,1,120L,-11,51.7
299,XSKK,1,120L,-10,58.2
299,XSKK,1,120L,-9,63.9
299,XSKK,1,120L,-8,70.6
299,XSKK,1,120L,-7,75.6
299,XSKK,1,120L,-6,84.0
299,XSKK,1,120L,-5,87.6
299,XSKK,1,120L,-4,93.3
299,XSKK,1,120L,-3,0.0
299,XSKK,1,120L,-2,7.8
299,XSKK,1,120L,-1,12.5
299,XSKK,1,120L,0,17.9
300,4DOY,1,120L,-29,91.5
300,4DOY,1,120L,-28,100.0
300,4DOY,1,120L,-27,5.2
300,4DOY,1,120L,-26,8.6
300,4DOY,1,120L,-25,14.5
300,4DOY,1,120L,-24,19.7
300,4DOY,1,120L,-23,25.1
300,4DOY,1,120L,-22,32.6
300,4DOY,1,120L,-21,37.0
300,4DOY,1,120L,-20,46.0
300,4DOY,1,120L,-19,50.3
300,4DOY,1,120L,-18,55.9
300,4DOY,1,120L,-17,60.4
300,4DOY,1,120L,-16,64.3
300,4DOY,1,120L,-15,71.3
300,4DOY,1,120L,-14,75.4
300,4DOY,1,120L,-13,83.9
300,4DOY,1,120L,-12,87.6
300,4DOY,1,120L,-11,92.8
300,4DOY,1,120L,-10,98.1
300,4DOY,1,120L,-9,6.1
300,4DOY,1,120L,-8,6.8
300,4DOY,1,120L,-7,17.2
300,4DOY,1,120L,-6,19.7
300,4DOY,1,120L,-5,23.4
300,4DOY,1,120L,-4,29.9
300,4DOY,1,120L,-3,34.0
300,4DOY,1,120L,-2,43.0
300,4DOY,1,120L,-1,45.9
300,4DOY,1,120L,0,53.3
301,F3EENW,1,120L,-29,78.5
301,F3EENW,1,120L,-28,83.5
301,F3EENW,1,120L,-27,86.4
301,F3EENW,1,120L,-26,92.2
301,F3EENW,1,120L,-25,100.0
301,F3EENW,1,120L,-24,2.7
301,F3EENW,1,120L,-23,5.5
301,F3EENW,1,120L,-22,9.4
301,F3EENW,1,120L,-21,14.6
301,F3EENW,1,120L,-20,19.3
301,F3EENW,1,120L,-19,22.9
301,F3EENW,1,120L,-18,28.7
301,F3EENW,1,120L,-17,30.9
301,F3EENW,1,120L,-16,35.2
301,F3EENW,1,120L,-15,41.6
301,F3EENW,1,120L,-14,43.7
301,F3EENW,1,120L,-13,51.0
301,F3EENW,1,120L,-12,54.2
301,F3EENW,1,120L,-11,55.9
301,F3EENW,1,120L,-10,63.2
301,F3EENW,1,120L,-9,64.9
301,F3EENW,1,120L,-8,72.9
301,F3EENW,1,120L,-7,75.9
301,F3EENW,1,120L,-6,83.4
301,F3EENW,1,120L,-5,86.6
301,F3EENW,1,120L,-4,87.8
301,F3EENW,1,120L,-3,90.8
301,F3EENW,1,120L,-2,97.1
301,F3EENW,1,120L,-1,0.8
301,F3EENW,1,120L,0,9.7
302,6RFTUR,1,120L,-29,25.8
302,6RFTUR,1,120L,-28,29.7
302,6RFTUR,1,120L,-27,33.6
302,6RFTUR,1,120L,-26,39.1
302,6RFTUR,1,120L,-25,41.7
302,6RFTUR,1,120L,-24,43.4
302,6RFTUR,1,120L,-23,51.1
302,6RFTUR,1,120L,-22,52.0
302,6RFTUR,1,120L,-21,55.5
302,6RFTUR,1,120L,-20,55.7
302,6RFTUR,1,120L,-19,64.7
302,6RFTUR,1,120L,-18,67.6
302,6RFTUR,1,120L,-17,71.4
302,6RFTUR,1,120L,-16,74.4
302,6RFTUR,1,120L,-15,77.9
302,6RFTUR,1,120L,-14,81.9
302,6RFTUR,1,120L,-13,86.9
302,6RFTUR,1,120L,-12,90.9
302,6RFTUR,1,120L,-11,93.4
302,6RFTUR,1,120L,-10,98.9
302,6RFTUR,1,120L,-9,1.1
302,6RFTUR,1,120L,-8,4.2
302,6RFTUR,1,120L,-7,9.0
302,6RFTUR,1,120L,-6,10.4
302,6RFTUR,1,120L,-5,16.6
302,6RFTUR,1,120L,-4,17.7
302,6RFTUR,1,120L,-3,22.2
302,6RFTUR,1,120L,-2,24.5
302,6RFTUR,1,120L,-1,31.0
302,6RFTUR,1,120L,0,37.4
303,EJ6F,1,120L,-29,98.2
303,EJ6F,1,120L,-28,6.4
303,EJ6F,1,120L,-27,9.1
303,EJ6F,1,120L,-26,13.0
303,EJ6F,1,120L,-25,18.9
303,EJ6F,1,120L,-24,25.5
303,EJ6F,1,120L,-23,30.2
303,EJ6F,1,120L,-22,35.9
303,EJ6F,1,120L,-21,43.9
303,EJ6F,1,120L,-20,49.6
303,EJ6F,1,120L,-19,51.2
303,EJ6F,1,120L,-18,58.1
303,EJ6F,1,120L,-17,64.3
303,EJ6F,1,120L,-16,71.5
303,EJ6F,1,120L,-15,78.0
303,EJ6F,1,120L,-14,86.0
303,EJ6F,1,120L,-13,86.9
303,EJ6F,1,120L,-12,92.6
303,EJ6F,1,120L,-11,99.8
303,EJ6F,1,120L,-10,3.5
303,EJ6F,1,120L,-9,10.0
303,EJ6F,1,120L,-8,15.2
303,EJ6F,1,120L,-7,17.5
303,EJ6F,1,120L,-6,27.3
303,EJ6F,1,120L,-5,32.5
303,EJ6F,1,120L,-4,40.3
303,EJ6F,1,120L,-3,44.1
303,EJ6F,1,120L,-2,47.8
303,EJ6F,1,120L,-1,55.0
303,EJ6F,1,120L,0,57.9
304,DOLS,1,120L,-29,31.1
304,DOLS,1,120L,-28,36.2
304,DOLS,1,120L,-27,35.3
304,DOLS,1,120L,-26,41.2
304,DOLS,1,120L,-25,44.2
304,DOLS,1,120L,-24,49.7
304,DOLS,1,120L,-23,52.7
304,DOLS,1,120L,-22,56.0
304,DOLS,1,120L,-21,60.7
304,DOLS,1,120L,-20,61.2
304,DOLS,1,120L,-19,67.1
304,DOLS,1,120L,-18,66.9
304,DOLS,1,120L,-17,70.2
304,DOLS,1,120L,-16,76.3
304,DOLS,1,120L,-15,76.3
304,DOLS,1,120L,-14,82.8
304,DOLS,1,120L,-13,85.4
304,DOLS,1,120L,-12,90.3
304,DOLS,1,120L,-11,91.9
304,DOLS,1,120L,-10,95.5
304,DOLS,1,120L,-9,99.5
304,DOLS,1,120L,-8,1.1
304,DOLS,1,120L,-7,4.4
304,DOLS,1,120L,-6,9.5
304,DOLS,1,120L,-5,12.1
304,DOLS,1,120L,-4,14.9
304,DOLS,1,120L,-3,18.8
304,DOLS,1,120L,-2,24.7
304,DOLS,1,120L,-1,25.0
304,DOLS,1,120L,0,28.3
305,ENGP,1,120L,-29,76.9
305,ENGP,1,120L,-28,82.3
305,ENGP,1,120L,-27,86.9
305,ENGP,1,120L,-26,90.2
305,ENGP,1,120L,-25,95.8
305,ENGP,1,120L,-24,99.8
305,ENGP,1,120L,-23,4.7
305,ENGP,1,120L,-22,8.9
305,ENGP,1,120L,-21,14.1
305,ENGP,1,120L,-20,15.8
305,ENGP,1,120L,-19,18.4
305,ENGP,1,120L,-18,25.8
305,ENGP,1,120L,-17,30.3
305,ENGP,1,120L,-16,35.8
305,ENGP,1,120L,-15,39.7
305,ENGP,1,120L,-14,45.1
305,ENGP,1,120L,-13,47.4
305,ENGP,1,120L,-12,51.2
305,ENGP,1,120L,-11,53.1
305,ENGP,1,120L,-10,60.0
305,ENGP,1,120L,-9,63.1
305,ENGP,1,120L,-8,68.5
305,ENGP,1,120L,-7,72.7
305,ENGP,1,120L,-6,77.6
305,ENGP,1,120L,-5,81.1
305,ENGP,1,120L,-4,87.0
305,ENGP,1,120L,-3,85.9
305,ENGP,1,120L,-2,94.6
305,ENGP,1,120L,-1,100.0
305,ENGP,1,120L,0,5.8
306,YDGZ,1,120L,-29,79.9
306,YDGZ,1,120L,-28,84.6
306,YDGZ,1,120L,-27,90.4
306,YDGZ,1,120L,-26,94.6
306,YDGZ,1,120L,-25,98.4
306,YDGZ,1,120L,-24,3.8
306,YDGZ,1,120L,-23,7.9
306,YDGZ,1,120L,-22,15.3
306,YDGZ,1,120L,-21,19.5
306,YDGZ,1,120L,-20,23.9
306,YDGZ,1,120L,-19,28.6
306,YDGZ,1,120L,-18,35.2
306,YDGZ,1,120L,-17,40.6
306,YDGZ,1,120L,-16,42.7
306,YDGZ,1,120L,-15,47.4
306,YDGZ,1,120L,-14,55.7
306,YDGZ,1,120L,-13,57.2
306,YDGZ,1,120L,-12,65.1
306,YDGZ,1,120L,-11,71.7
306,YDGZ,1,120L,-10,76.7
306,YDGZ,1,120L,-9,80.3
306,YDGZ,1,120L,-8,85.2
306,YDGZ,1,120L,-7,92.5
306,YDGZ,1,120L,-6,90.6
306,YDGZ,1,120L,-5,98.4
306,YDGZ,1,120L,-4,5.4
306,YDGZ,1,120L,-3,8.6
306,YDGZ,1,120L,-2,15.9
306,YDGZ,1,120L,-1,19.0
306,YDGZ,1,120L,0,24.2
307,5BEQ,1,120L,-29,95.1
307,5BEQ,1,120L,-28,0.8
307,5BEQ,1,120L,-27,7.7
307,5BEQ,1,120L,-26,11.8
307,5BEQ,1,120L,-25,20.1
307,5BEQ,1,120L,-24,25.3
307,5BEQ,1,120L,-23,31.7
307,5BEQ,1,120L,-22,34.1
307,5BEQ,1,120L,-21,38.9
307,5BEQ,1,120L,-20,47.1
307,5BEQ,1,120L,-19,57.2
307,5BEQ,1,120L,-18,60.4
307,5BEQ,1,120L,-17,63.4
307,5BEQ,1,120L,-16,70.5
307,5BEQ,1,120L,-15,76.7
307,5BEQ,1,120L,-14,79.2
307,5BEQ,1,120L,-13,89.0
307,5BEQ,1,120L,-12,92.4
307,5BEQ,1,120L,-11,98.2
307,5BEQ,1,120L,-10,4.1
307,5BEQ,1,120L,-9,11.5
307,5BEQ,1,120L,-8,14.3
307,5BEQ,1,120L,-7,18.6
307,5BEQ,1,120L,-6,27.3
307,5BEQ,1,120L,-5,29.5
307,5BEQ,1,120L,-4,37.8
307,5BEQ,1,120L,-3,45.7
307,5BEQ,1,120L,-2,50.5
307,5BEQ,1,120L,-1,56.9
307,5BEQ,1,120L,0,61.9
308,NCTD,1,120L,-29,20.3
308,NCTD,1,120L,-28,22.3
308,NCTD,1,120L,-27,27.7
308,NCTD,1,120L,-26,29.4
308,NCTD,1,120L,-25,35.4
308,NCTD,1,120L,-24,35.3
308,NCTD,1,120L,-23,41.5
308,NCTD,1,120L,-22,43.6
308,NCTD,1,120L,-21,45.9
308,NCTD,1,120L,-20,50.1
308,NCTD,1,120L,-19,52.9
308,NCTD,1,120L,-18,56.4
308,NCTD,1,120L,-17,58.8
308,NCTD,1,120L,-16,61.4
308,NCTD,1,120L,-15,65.2
308,NCTD,1,120L,-14,66.5
308,NCTD,1,120L,-13,73.5
308,NCTD,1,120L,-12,73.7
308,NCTD,1,120L,-11,78.5
308,NCTD,1,120L,-10,83.1
308,NCTD,1,120L,-9,86.7
308,NCTD,1,120L,-8,86.0
308,NCTD,1,120L,-7,91.9
308,NCTD,1,120L,-6,96.0
308,NCTD,1,120L,-5,98.6
308,NCTD,1,120L,-4,3.9
308,NCTD,1,120L,-3,3.9
308,NCTD,1,120L,-2,5.4
308,NCTD,1,120L,-1,12.9
308,NCTD,1,120L,0,14.2
309,YIHVO4,1,120L,-29,46.0
309,YIHVO4,1,120L,-28,53.3
309,YIHVO4,1,120L,-27,54.8
309,YIHVO4,1,120L,-26,65.4
309,YIHVO4,1,120L,-25,65.9
309,YIHVO4,1,120L,-24,72.5
309,YIHVO4,1,120L,-23,75.8
309,YIHVO4,1,120L,-22,82.9
309,YIHVO4,1,120L,-21,87.9
309,YIHVO4,1,120L,-20,91.1
309,YIHVO4,1,120L,-19,100.0
309,YIHVO4,1,120L,-18,3.0
309,YIHVO4,1,120L,-17,8.3
309,YIHVO4,1,120L,-16,15.7
309,YIHVO4,1,120L,-15,22.2
309,YIHVO4,1,120L,-14,26.4
309,YIHVO4,1,120L,-13,28.2
309,YIHVO4,1,120L,-12,35.5
309,YIHVO4,1,120L,-11,37.6
309,YIHVO4,1,120L,-10,47.0
309,YIHVO4,1,120L,-9,48.4
309,YIHVO4,1,120L,-8,54.9
309,YIHVO4,1,120L,-7,61.4
309,YIHVO4,1,120L,-6,67.3
309,YIHVO4,1,120L,-5,71.4
309,YIHVO4,1,120L,-4,79.3
309,YIHVO4,1,120L,-3,83.4
309,YIHVO4,1,120L,-2,88.5
309,YIHVO4,1,120L,-1,90.9
309,YIHVO4,1,120L,0,100.0
310,VZ4J,1,120L,-29,9.2
310,VZ4J,1,120L,-28,12.4
310,VZ4J,1,120L,-27,18.6
310,VZ4J,1,120L,-26,17.9
310,VZ4J,1,120L,-25,27.6
310,VZ4J,1,120L,-24,35.0
310,VZ4J,1,120L,-23,40.2
310,VZ4J,1,120L,-22,42.4
310,VZ4J,1,120L,-21,49.3
310,VZ4J,1,120L,-20,51.3
310,VZ4J,1,120L,-19,61.2
310,VZ4J,1,120L,-18,63.2
310,VZ4J,1,120L,-17,73.2
310,VZ4J,1,120L,-16,78.7
310,VZ4J,1,120L,-15,81.6
310,VZ4J,1,120L,-14,88.6
310,VZ4J,1,120L,-13,92.9
310,VZ4J,1,120L,-12,99.1
310,VZ4J,1,120L,-11,2.4
310,VZ4J,1,120L,-10,10.5
310,VZ4J,1,120L,-9,12.6
310,VZ4J,1,120L,-8,17.7
310,VZ4J,1,120L,-7,25.7
310,VZ4J,1,120L,-6,31.0
310,VZ4J,1,120L,-5,37.2
310,VZ4J,1,120L,-4,41.3
310,VZ4J,1,120L,-3,50.5
310,VZ4J,1,120L,-2,53.4
310,VZ4J,1,120L,-1,58.9
310,VZ4J,1,120L,0,64.3
311,2BSY,1,120L,-29,84.8
311,2BSY,1,120L,-28,89.8
311,2BSY,1,120L,-27,95.4
311,2BSY,1,120L,-26,96.7
311,2BSY,1,120L,-25,1.9
311,2BSY,1,120L,-24,9.7
311,2BSY,1,120L,-23,14.7
311,2BSY,1,120L,-22,21.0
311,2BSY,1,120L,-21,25.4
311,2BSY,1,120L,-20,31.4
311,2BSY,1,120L,-19,33.8
311,2BSY,1,120L,-18,40.8
311,2BSY,1,120L,-17,44.0
311,2BSY,1,120L,-16,51.8
311,2BSY,1,120L,-15,53.6
311,2BSY,1,120L,-14,62.1
311,2BSY,1,120L,-13,64.5
311,2BSY,1,120L,-12,71.3
311,2BSY,1,120L,-11,78.4
311,2BSY,1,120L,-10,82.6
311,2BSY,1,120L,-9,85.0
311,2BSY,1,120L,-8,91.6
311,2BSY,1,120L,-7,95.5
311,2BSY,1,120L,-6,0.4
311,2BSY,1,120L,-5,8.3
311,2BSY,1,120L,-4,14.1
311,2BSY,1,120L,-3,19.1
311,2BSY,1,120L,-2,24.6
311,2BSY,1,120L,-1,28.8
311,2BSY,1,120L,0,33.6
312,WCGB,1,120L,-29,33.0
312,WCGB,1,120L,-28,38.7
312,WCGB,1,120L,-27,45.2
312,WCGB,1,120L,-26,50.0
312,WCGB,1,120L,-25,59.8
312,WCGB,1,120L,-24,58.3
312,WCGB,1,120L,-23,65.2
312,WCGB,1,120L,-22,68.3
312,WCGB,1,120L,-21,74.9
312,WCGB,1,120L,-20,80.1
312,WCGB,1,120L,-19,86.9
312,WCGB,1,120L,-18,90.0
312,WCGB,1,120L,-17,95.5
312,WCGB,1,120L,-16,0.2
312,WCGB,1,120L,-15,3.8
312,WCGB,1,120L,-14,10.0
312,WCGB,1,120L,-13,15.5
312,WCGB,1,120L,-12,21.3
312,WCGB,1,120L,-11,27.1
312,WCGB,1,120L,-10,30.9
312,WCGB,1,120L,-9,36.0
312,WCGB,1,120L,-8,38.9
312,WCGB,1,120L,-7,47.3
312,WCGB,1,120L,-6,50.5
312,WCGB,1,120L,-5,57.8
312,WCGB,1,120L,-4,63.7
312,WCGB,1,120L,-3,66.5
312,WCGB,1,120L,-2,70.3
312,WCGB,1,120L,-1,76.9
312,WCGB,1,120L,0,82.5
313,ZYCY,1,120L,-29,96.1
313,ZYCY,1,120L,-28,2.8
313,ZYCY,1,120L,-27,7.6
313,ZYCY,1,120L,-26,11.3
313,ZYCY,1,120L,-25,14.3
313,ZYCY,1,120L,-24,22.5
313,ZYCY,1,120L,-23,25.6
313,ZYCY,1,120L,-22,32.0
313,ZYCY,1,120L,-21,36.9
313,ZYCY,1,120L,-20,38.8
313,ZYCY,1,120L,-19,46.7
313,ZYCY,1,120L,-18,52.4
313,ZYCY,1,120L,-17,57.5
313,ZYCY,1,120L,-16,61.7
313,ZYCY,1,120L,-15,63.5
313,ZYCY,1,120L,-14,73.4
313,ZYCY,1,120L,-13,77.0
313,ZYCY,1,120L,-12,79.6
313,ZYCY,1,120L,-11,85.2
313,ZYCY,1,120L,-10,91.7
313,ZYCY,1,120L,-9,97.3
313,ZYCY,1,120L,-8,0.5
313,ZYCY,1,120L,-7,7.5
313,ZYCY,1,120L,-6,8.5
313,ZYCY,1,120L,-5,14.6
313,ZYCY,1,120L,-4,18.0
313,ZYCY,1,120L,-3,24.8
313,ZYCY,1,120L,-2,33.3
313,ZYCY,1,120L,-1,39.1
313,ZYCY,1,120L,0,41.4
314,CSJJ,1,120L,-29,40.8
314,CSJJ,1,120L,-28,42.0
314,CSJJ,1,120L,-27,47.8
314,CSJJ,1,120L,-26,55.1
314,CSJJ,1,120L,-25,55.7
314,CSJJ,1,120L,-24,60.5
314,CSJJ,1,120L,-23,65.9
314,CSJJ,1,120L,-22,70.6
314,CSJJ,1,120L,-21,73.6
314,CSJJ,1,120L,-20,79.0
314,CSJJ,1,120L,-19,84.1
314,CSJJ,1,120L,-18,90.4
314,CSJJ,1,120L,-17,91.6
314,CSJJ,1,120L,-16,96.0
314,CSJJ,1,120L,-15,2.7
314,CSJJ,1,120L,-14,3.9
314,CSJJ,1,120L,-13,7.0
314,CSJJ,1,120L,-12,13.7
314,CSJJ,1,120L,-11,19.2
314,CSJJ,1,120L,-10,22.5
314,CSJJ,1,120L,-9,26.1
314,CSJJ,1,120L,-8,28.4
314,CSJJ,1,120L,-7,34.8
314,CSJJ,1,120L,-6,41.0
314,CSJJ,1,120L,-5,41.6
314,CSJJ,1,120L,-4,47.4
314,CSJJ,1,120L,-3,51.5
314,CSJJ,1,120L,-2,55.3
314,CSJJ,1,120L,-1,61.1
314,CSJJ,1,120L,0,65.7
315,ZU3B,1,120L,-29,70.3
315,ZU3B,1,120L,-28,73.5
315,ZU3B,1,120L,-27,80.6
315,ZU3B,1,120L,-26,83.7
315,ZU3B,1,120L,-25,91.5
315,ZU3B,1,120L,-24,95.8
315,ZU3B,1,120L,-23,100.0
315,ZU3B,1,120L,-22,0.1
315,ZU3B,1,120L,-21,6.6
315,ZU3B,1,120L,-20,11.3
315,ZU3B,1,120L,-19,15.4
315,ZU3B,1,120L,-18,17.9
315,ZU3B,1,120L,-17,24.6
315,ZU3B,1,120L,-16,27.0
315,ZU3B,1,120L,-15,31.4
315,ZU3B,1,120L,-14,33.2
315,ZU3B,1,120L,-13,40.7
315,ZU3B,1,120L,-12,43.6
315,ZU3B,1,120L,-11,48.9
315,ZU3B,1,120L,-10,52.8
315,ZU3B,1,120L,-9,57.0
315,ZU3B,1,120L,-8,60.9
315,ZU3B,1,120L,-7,66.4
315,ZU3B,1,120L,-6,69.2
315,ZU3B,1,120L,-5,71.6
315,ZU3B,1,120L,-4,78.8
315,ZU3B,1,120L,-3,81.0
315,ZU3B,1,120L,-2,84.5
315,ZU3B,1,120L,-1,89.2
315,ZU3B,1,120L,0,95.4
316,OCKI,1,120L,-29,13.9
316,OCKI,1,120L,-28,21.2
316,OCKI,1,120L,-27,23.8
316,OCKI,1,120L,-26,29.2
316,OCKI,1,120L,-25,36.0
316,OCKI,1,120L,-24,40.6
316,OCKI,1,120L,-23,45.9
316,OCKI,1,120L,-22,45.2
316,OCKI,1,120L,-21,57.0
316,OCKI,1,120L,-20,60.3
316,OCKI,1,120L,-19,68.0
316,OCKI,1,120L,-18,68.1
316,OCKI,1,120L,-17,71.6
316,OCKI,1,120L,-16,79.3
316,OCKI,1,120L,-15,83.8
316,OCKI,1,120L,-14,90.2
316,OCKI,1,120L,-13,95.8
316,OCKI,1,120L,-12,99.1
316,OCKI,1,120L,-11,3.8
316,OCKI,1,120L,-10,10.0
316,OCKI,1,120L,-9,13.8
316,OCKI,1,120L,-8,18.6
316,OCKI,1,120L,-7,25.7
316,OCKI,1,120L,-6,31.0
316,OCKI,1,120L,-5,35.7
316,OCKI,1,120L,-4,38.8
316,OCKI,1,120L,-3,40.8
316,OCKI,1,120L,-2,48.8
316,OCKI,1,120L,-1,52.9
316,OCKI,1,120L,0,58.8
317,2BCN5D,1,120L,-29,64.7
317,2BCN5D,1,120L,-28,67.4
317,2BCN5D,1,120L,-27,71.3
317,2BCN5D,1,120L,-26,79.3
317,2BCN5D,1,120L,-25,80.2
317,2BCN5D,1,120L,-24,86.0
317,2BCN5D,1,120L,-23,91.6
317,2BCN5D,1,120L,-22,95.8
317,2BCN5D,1,120L,-21,99.9
317,2BCN5D,1,120L,-20,3.4
317,2BCN5D,1,120L,-19,8.3
317,2BCN5D,1,120L,-18,13.5
317,2BCN5D,1,120L,-17,16.4
317,2BCN5D,1,120L,-16,17.2
317,2BCN5D,1,120L,-15,23.4
317,2BCN5D,1,120L,-14,29.5
317,2BCN5D,1,120L,-13,31.8
317,2BCN5D,1,120L,-12,39.4
317,2BCN5D,1,120L,-11,41.1
317,2BCN5D,1,120L,-10,45.6
317,2BCN5D,1,120L,-9,51.4
317,2BCN5D,1,120L,-8,53.7
317,2BCN5D,1,120L,-7,58.5
317,2BCN5D,1,120L,-6,63.8
317,2BCN5D,1,120L,-5,64.5
317,2BCN5D,1,120L,-4,70.6
317,2BCN5D,1,120L,-3,76.5
317,2BCN5D,1,120L,-2,79.6
317,2BCN5D,1,120L,-1,85.9
317,2BCN5D,1,120L,0,85.6
318,PJW7,1,120L,-29,43.0
318,PJW7,1,120L,-28,45.4
318,PJW7,1,120L,-27,50.2
318,PJW7,1,120L,-26,54.7
318,PJW7,1,120L,-25,56.3
318,PJW7,1,120L,-24,60.4
318,PJW7,1,120L,-23,65.6
318,PJW7,1,120L,-22,70.7
318,PJW7,1,120L,-21,71.5
318,PJW7,1,120L,-20,76.9
318,PJW7,1,120L,-19,80.8
318,PJW7,1,120L,-18,85.7
318,PJW7,1,120L,-17,89.0
318,PJW7,1,120L,-16,92.1
318,PJW7,1,120L,-15,98.8
318,PJW7,1,120L,-14,0.0
318,PJW7,1,120L,-13,4.3
318,PJW7,1,120L,-12,6.3
318,PJW7,1,120L,-11,11.6
318,PJW7,1,120L,-10,17.4
318,PJW7,1,120L,-9,21.0
318,PJW7,1,120L,-8,25.4
318,PJW7,1,120L,-7,29.2
318,PJW7,1,120L,-6,35.5
318,PJW7,1,120L,-5,35.2
318,PJW7,1,120L,-4,37.8
318,PJW7,1,120L,-3,42.6
318,PJW7,1,120L,-2,47.1
318,PJW7,1,120L,-1,50.6
318,PJW7,1,120L,0,56.1
319,J2FI,1,120L,-29,29.6
319,J2FI,1,120L,-28,33.2
319,J2FI,1,120L,-27,40.9
319,J2FI,1,120L,-26,42.4
319,J2FI,1,120L,-25,45.7
319,J2FI,1,120L,-24,55.0
319,J2FI,1,120L,-23,55.9
319,J2FI,1,120L,-22,62.8
319,J2FI,1,120L,-21,69.9
319,J2FI,1,120L,-20,74.2
319,J2FI,1,120L,-19,79.3
319,J2FI,1,120L,-18,83.0
319,J2FI,1,120L,-17,90.0
319,J2FI,1,120L,-16,96.8
319,J2FI,1,120L,-15,0.5
319,J2FI,1,120L,-14,4.5
319,J2FI,1,120L,-13,9.1
319,J2FI,1,120L,-12,15.0
319,J2FI,1,120L,-11,22.0
319,J2FI,1,120L,-10,27.2
319,J2FI,1,120L,-9,30.7
319,J2FI,1,120L,-8,33.8
319,J2FI,1,120L,-7,43.0
319,J2FI,1,120L,-6,46.3
319,J2FI,1,120L,-5,53.9
319,J2FI,1,120L,-4,56.9
319,J2FI,1,120L,-3,61.8
319,J2FI,1,120L,-2,68.8
319,J2FI,1,120L,-1,77.3
319,J2FI,1,120L,0,80.1
320,6GHW,1,120L,-29,3.9
320,6GHW,1,120L,-28,8.2
320,6GHW,1,120L,-27,9.5
320,6GHW,1,120L,-26,19.3
320,6GHW,1,120L,-25,22.4
320,6GHW,1,120L,-24,24.1
320,6GHW,1,120L,-23,27.1
320,6GHW,1,120L,-22,28.0
320,6GHW,1,120L,-21,33.3
320,6GHW,1,120L,-20,39.8
320,6GHW,1,120L,-19,40.7
320,6GHW,1,120L,-18,43.0
320,6GHW,1,120L,-17,44.6
320,6GHW,1,120L,-16,52.7
320,6GHW,1,120L,-15,54.0
320,6GHW,1,120L,-14,54.8
320,6GHW,1,120L,-13,59.5
320,6GHW,1,120L,-12,62.3
320,6GHW,1,120L,-11,67.4
320,6GHW,1,120L,-10,71.3
320,6GHW,1,120L,-9,73.7
320,6GHW,1,120L,-8,79.0
320,6GHW,1,120L,-7,81.3
320,6GHW,1,120L,-6,86.2
320,6GHW,1,120L,-5,87.5
320,6GHW,1,120L,-4,96.0
320,6GHW,1,120L,-3,94.0
320,6GHW,1,120L,-2,96.9
320,6GHW,1,120L,-1,0.1
320,6GHW,1,120L,0,4.7
321,KFY4DZ,1,120L,-29,30.6
321,KFY4DZ,1,120L,-28,33.2
321,KFY4DZ,1,120L,-27,42.2
321,KFY4DZ,1,120L,-26,45.9
321,KFY4DZ,1,120L,-25,53.3
321,KFY4DZ,1,120L,-24,60.7
321,KFY4DZ,1,120L,-23,69.1
321,KFY4DZ,1,120L,-22,70.0
321,KFY4DZ,1,120L,-21,77.3
321,KFY4DZ,1,120L,-20,82.4
321,KFY4DZ,1,120L,-19,88.1
321,KFY4DZ,1,120L,-18,94.2
321,KFY4DZ,1,120L,-17,2.5
321,KFY4DZ,1,120L,-16,6.4
321,KFY4DZ,1,120L,-15,16.5
321,KFY4DZ,1,120L,-14,19.6
321,KFY4DZ,1,120L,-13,23.4
321,KFY4DZ,1,120L,-12,30.3
321,KFY4DZ,1,120L,-11,35.6
321,KFY4DZ,1,120L,-10,43.9
321,KFY4DZ,1,120L,-9,46.2
321,KFY4DZ,1,120L,-8,52.6
321,KFY4DZ,1,120L,-7,59.6
321,KFY4DZ,1,120L,-6,67.5
321,KFY4DZ,1,120L,-5,74.2
321,KFY4DZ,1,120L,-4,80.4
321,KFY4DZ,1,120L,-3,85.0
321,KFY4DZ,1,120L,-2,90.0
321,KFY4DZ,1,120L,-1,97.3
321,KFY4DZ,1,120L,0,0.3
322,LCPJ6E,1,120L,-29,37.3
322,LCPJ6E,1,120L,-28,43.9
322,LCPJ6E,1,120L,-27,49.4
322,LCPJ6E,1,120L,-26,54.8
322,LCPJ6E,1,120L,-25,61.0
322,LCPJ6E,1,120L,-24,66.0
322,LCPJ6E,1,120L,-23,70.2
322,LCPJ6E,1,120L,-22,74.4
322,LCPJ6E,1,120L,-21,80.4
322,LCPJ6E,1,120L,-20,84.6
322,LCPJ6E,1,120L,-19,90.3
322,LCPJ6E,1,120L,-18,99.7
322,LCPJ6E,1,120L,-17,1.3
322,LCPJ6E,1,120L,-16,6.8
322,LCPJ6E,1,120L,-15,10.3
322,LCPJ6E,1,120L,-14,18.0
322,LCPJ6E,1,120L,-13,22.8
322,LCPJ6E,1,120L,-12,28.0
322,LCPJ6E,1,120L,-11,32.4
322,LCPJ6E,1,120L,-10,38.8
322,LCPJ6E,1,120L,-9,44.3
322,LCPJ6E,1,120L,-8,48.0
322,LCPJ6E,1,120L,-7,52.6
322,LCPJ6E,1,120L,-6,59.3
322,LCPJ6E,1,120L,-5,61.8
322,LCPJ6E,1,120L,-4,67.2
322,LCPJ6E,1,120L,-3,73.4
322,LCPJ6E,1,120L,-2,76.0
322,LCPJ6E,1,120L,-1,85.1
322,LCPJ6E,1,120L,0,87.6
323,GJZX,1,120L,-29,34.4
323,GJZX,1,120L,-28,39.7
323,GJZX,1,120L,-27,44.1
323,GJZX,1,120L,-26,49.4
323,GJZX,1,120L,-25,54.4
323,GJZX,1,120L,-24,58.7
323,GJZX,1,120L,-23,63.2
323,GJZX,1,120L,-22,70.9
323,GJZX,1,120L,-21,71.1
323,GJZX,1,120L,-20,78.9
323,GJZX,1,120L,-19,83.4
323,GJZX,1,120L,-18,89.7
323,GJZX,1,120L,-17,91.8
323,GJZX,1,120L,-16,98.2
323,GJZX,1,120L,-15,3.7
323,GJZX,1,120L,-14,10.4
323,GJZX,1,120L,-13,14.3
323,GJZX,1,120L,-12,16.9
323,GJZX,1,120L,-11,22.9
323,GJZX,1,120L,-10,29.9
323,GJZX,1,120L,-9,31.7
323,GJZX,1,120L,-8,38.3
323,GJZX,1,120L,-7,43.4
323,GJZX,1,120L,-6,47.8
323,GJZX,1,120L,-5,57.3
323,GJZX,1,120L,-4,57.6
323,GJZX,1,120L,-3,63.8
323,GJZX,1,120L,-2,67.0
323,GJZX,1,120L,-1,73.9
323,GJZX,1,120L,0,79.3
324,LZCS,1,120L,-29,39.2
324,LZCS,1,120L,-28,42.7
324,LZCS,1,120L,-27,49.9
324,LZCS,1,120L,-26,51.5
324,LZCS,1,120L,-25,52.6
324,LZCS,1,120L,-24,62.8
324,LZCS,1,120L,-23,62.8
324,LZCS,1,120L,-22,67.6
324,LZCS,1,120L,-21,74.3
324,LZCS,1,120L,-20,75.5
324,LZCS,1,120L,-19,79.4
324,LZCS,1,120L,-18,81.7
324,LZCS,1,120L,-17,85.0
324,LZCS,1,120L,-16,91.2
324,LZCS,1,120L,-15,95.9
324,LZCS,1,120L,-14,99.7
324,LZCS,1,120L,-13,2.4
324,LZCS,1,120L,-12,7.1
324,LZCS,1,120L,-11,8.2
324,LZCS,1,120L,-10,15.6
324,LZCS,1,120L,-9,19.0
324,LZCS,1,120L,-8,25.7
324,LZCS,1,120L,-7,26.6
324,LZCS,1,120L,-6,29.1
324,LZCS,1,120L,-5,34.4
324,LZCS,1,120L,-4,37.9
324,LZCS,1,120L,-3,42.9
324,LZCS,1,120L,-2,46.2
324,LZCS,1,120L,-1,48.2
324,LZCS,1,120L,0,51.5
325,JPRILB,1,120L,-29,86.3
325,JPRILB,1,120L,-28,89.7
325,JPRILB,1,120L,-27,96.1
325,JPRILB,1,120L,-26,1.7
325,JPRILB,1,120L,-25,5.8
325,JPRILB,1,120L,-24,9.5
325,JPRILB,1,120L,-23,16.3
325,JPRILB,1,120L,-22,23.2
325,JPRILB,1,120L,-21,27.5
325,JPRILB,1,120L,-20,33.1
325,JPRILB,1,120L,-19,36.6
325,JPRILB,1,120L,-18,42.3
325,JPRILB,1,120L,-17,47.7
325,JPRILB,1,120L,-16,53.1
325,JPRILB,1,120L,-15,60.2
325,JPRILB,1,120L,-14,60.3
325,JPRILB,1,120L,-13,69.1
325,JPRILB,1,120L,-12,74.3
325,JPRILB,1,120L,-11,77.6
325,JPRILB,1,120L,-10,86.0
325,JPRILB,1,120L,-9,89.2
325,JPRILB,1,120L,-8,95.0
325,JPRILB,1,120L,-7,3.7
325,JPRILB,1,120L,-6,7.7
325,JPRILB,1,120L,-5,12.4
325,JPRILB,1,120L,-4,17.4
325,JPRILB,1,120L,-3,21.8
325,JPRILB,1,120L,-2,30.4
325,JPRILB,1,120L,-1,33.9
325,JPRILB,1,120L,0,36.9
326,N4WDNF,1,120L,-29,44.3
326,N4WDNF,1,120L,-28,47.1
326,N4WDNF,1,120L,-27,54.7
326,N4WDNF,1,120L,-26,58.5
326,N4WDNF,1,120L,-25,64.6
326,N4WDNF,1,120L,-24,69.3
326,N4WDNF,1,120L,-23,72.5
326,N4WDNF,1,120L,-22,79.3
326,N4WDNF,1,120L,-21,82.4
326,N4WDNF,1,120L,-20,87.4
326,N4WDNF,1,120L,-19,92.1
326,N4WDNF,1,120L,-18,99.4
326,N4WDNF,1,120L,-17,2.1
326,N4WDNF,1,120L,-16,9.5
326,N4WDNF,1,120L,-15,14.9
326,N4WDNF,1,120L,-14,16.0
326,N4WDNF,1,120L,-13,17.6
326,N4WDNF,1,120L,-12,28.4
326,N4WDNF,1,120L,-11,31.1
326,N4WDNF,1,120L,-10,35.2
326,N4WDNF,1,120L,-9,40.5
326,N4WDNF,1,120L,-8,45.6
326,N4WDNF,1,120L,-7,53.0
326,N4WDNF,1,120L,-6,56.1
326,N4WDNF,1,120L,-5,62.7
326,N4WDNF,1,120L,-4,66.3
326,N4WDNF,1,120L,-3,70.0
326,N4WDNF,1,120L,-2,74.7
326,N4WDNF,1,120L,-1,81.0
326,N4WDNF,1,120L,0,86.2
327,Z7IT,1,120L,-29,30.6
327,Z7IT,1,120L,-28,36.3
327,Z7IT,1,120L,-27,42.0
327,Z7IT,1,120L,-26,45.6
327,Z7IT,1,120L,-25,49.6
327,Z7IT,1,120L,-24,55.1
327,Z7IT,1,120L,-23,61.0
327,Z7IT,1,120L,-22,67.5
327,Z7IT,1,120L,-21,73.4
327,Z7IT,1,120L,-20,74.6
327,Z7IT,1,120L,-19,80.8
327,Z7IT,1,120L,-18,86.2
327,Z7IT,1,120L,-17,93.0
327,Z7IT,1,120L,-16,96.1
327,Z7IT,1,120L,-15,1.3
327,Z7IT,1,120L,-14,4.9
327,Z7IT,1,120L,-13,12.8
327,Z7IT,1,120L,-12,16.9
327,Z7IT,1,120L,-11,21.3
327,Z7IT,1,120L,-10,26.9
327,Z7IT,1,120L,-9,34.1
327,Z7IT,1,120L,-8,35.9
327,Z7IT,1,120L,-7,41.2
327,Z7IT,1,120L,-6,49.5
327,Z7IT,1,120L,-5,52.8
327,Z7IT,1,120L,-4,58.7
327,Z7IT,1,120L,-3,63.4
327,Z7IT,1,120L,-2,67.8
327,Z7IT,1,120L,-1,72.4
327,Z7IT,1,120L,0,79.2
328,QFFS,1,120L,-29,32.9
328,QFFS,1,120L,-28,42.1
328,QFFS,1,120L,-27,45.1
328,QFFS,1,120L,-26,50.0
328,QFFS,1,120L,-25,56.4
328,QFFS,1,120L,-24,63.4
328,QFFS,1,120L,-23,68.4
328,QFFS,1,120L,-22,72.7
328,QFFS,1,120L,-21,79.9
328,QFFS,1,120L,-20,84.3
328,QFFS,1,120L,-19,88.7
328,QFFS,1,120L,-18,94.0
328,QFFS,1,120L,-17,1.2
328,QFFS,1,120L,-16,6.0
328,QFFS,1,120L,-15,9.5
328,QFFS,1,120L,-14,18.4
328,QFFS,1,120L,-13,21.9
328,QFFS,1,120L,-12,30.5
328,QFFS,1,120L,-11,31.5
328,QFFS,1,120L,-10,38.8
328,QFFS,1,120L,-9,43.5
328,QFFS,1,120L,-8,48.6
328,QFFS,1,120L,-7,54.8
328,QFFS,1,120L,-6,63.7
328,QFFS,1,120L,-5,66.7
328,QFFS,1,120L,-4,70.8
328,QFFS,1,120L,-3,74.8
328,QFFS,1,120L,-2,80.4
328,QFFS,1,120L,-1,87.7
328,QFFS,1,120L,0,93.0
329,FECC,1,120L,-29,63.5
329,FECC,1,120L,-28,72.4
329,FECC,1,120L,-27,79.8
329,FECC,1,120L,-26,86.4
329,FECC,1,120L,-25,86.8
329,FECC,1,120L,-24,94.2
329,FECC,1,120L,-23,0.0
329,FECC,1,120L,-22,7.0
329,FECC,1,120L,-21,10.6
329,FECC,1,120L,-20,20.7
329,FECC,1,120L,-19,23.9
329,FECC,1,120L,-18,29.3
329,FECC,1,120L,-17,37.6
329,FECC,1,120L,-16,40.9
329,FECC,1,120L,-15,47.2
329,FECC,1,120L,-14,51.2
329,FECC,1,120L,-13,55.9
329,FECC,1,120L,-12,62.8
329,FECC,1,120L,-11,72.7
329,FECC,1,120L,-10,76.0
329,FECC,1,120L,-9,81.2
329,FECC,1,120L,-8,85.0
329,FECC,1,120L,-7,93.5
329,FECC,1,120L,-6,95.8
329,FECC,1,120L,-5,1.2
329,FECC,1,120L,-4,8.4
329,FECC,1,120L,-3,17.9
329,FECC,1,120L,-2,23.5
329,FECC,1,120L,-1,25.6
329,FECC,1,120L,0,31.0
330,F3G5,1,120L,-29,51.1
330,F3G5,1,120L,-28,58.0
330,F3G5,1,120L,-27,64.2
330,F3G5,1,120L,-26,68.5
330,F3G5,1,120L,-25,75.6
330,F3G5,1,120L,-24,79.7
330,F3G5,1,120L,-23,87.5
330,F3G5,1,120L,-22,91.9
330,F3G5,1,120L,-21,99.3
330,F3G5,1,120L,-20,5.2
330,F3G5,1,120L,-19,10.7
330,F3G5,1,120L,-18,17.7
330,F3G5,1,120L,-17,20.2
330,F3G5,1,120L,-16,26.9
330,F3G5,1,120L,-15,34.0
330,F3G5,1,120L,-14,38.3
330,F3G5,1,120L,-13,45.8
330,F3G5,1,120L,-12,51.8
330,F3G5,1,120L,-11,60.3
330,F3G5,1,120L,-10,64.5
330,F3G5,1,120L,-9,71.8
330,F3G5,1,120L,-8,76.7
330,F3G5,1,120L,-7,81.4
330,F3G5,1,120L,-6,88.4
330,F3G5,1,120L,-5,95.2
330,F3G5,1,120L,-4,1.9
330,F3G5,1,120L,-3,5.9
330,F3G5,1,120L,-2,9.6
330,F3G5,1,120L,-1,15.5
330,F3G5,1,120L,0,23.5
331,K6LO3M,1,240L,-29,31.3
331,K6LO3M,1,240L,-28,34.2
331,K6LO3M,1,240L,-27,37.0
331,K6LO3M,1,240L,-26,40.9
331,K6LO3M,1,240L,-25,48.8
331,K6LO3M,1,240L,-24,50.3
331,K6LO3M,1,240L,-23,55.1
331,K6LO3M,1,240L,-22,60.1
331,K6LO3M,1,240L,-21,66.1
331,K6LO3M,1,240L,-20,71.5
331,K6LO3M,1,240L,-19,77.1
331,K6LO3M,1,240L,-18,81.5
331,K6LO3M,1,240L,-17,84.6
331,K6LO3M,1,240L,-16,90.8
331,K6LO3M,1,240L,-15,93.0
331,K6LO3M,1,240L,-14,95.9
331,K6LO3M,1,240L,-13,2.3
331,K6LO3M,1,240L,-12,6.8
331,K6LO3M,1,240L,-11,11.7
331,K6LO3M,1,240L,-10,15.9
331,K6LO3M,1,240L,-9,21.3
331,K6LO3M,1,240L,-8,27.6
331,K6LO3M,1,240L,-7,33.9
331,K6LO3M,1,240L,-6,33.4
331,K6LO3M,1,240L,-5,38.7
331,K6LO3M,1,240L,-4,44.1
331,K6LO3M,1,240L,-3,51.1
331,K6LO3M,1,240L,-2,54.4
331,K6LO3M,1,240L,-1,58.2
331,K6LO3M,1,240L,0,65.1
332,FJIP,2,120L,-29,0.0
332,FJIP,2,120L,-28,5.6
332,FJIP,2,120L,-27,9.7
332,FJIP,2,120L,-26,14.5
332,FJIP,2,120L,-25,18.9
332,FJIP,2,120L,-24,25.8
332,FJIP,2,120L,-23,29.6
332,FJIP,2,120L,-22,35.6
332,FJIP,2,120L,-21,40.9
332,FJIP,2,120L,-20,44.4
332,FJIP,2,120L,-19,47.8
332,FJIP,2,120L,-18,54.9
332,FJIP,2,120L,-17,58.9
332,FJIP,2,120L,-16,66.9
332,FJIP,2,120L,-15,68.2
332,FJIP,2,120L,-14,73.6
332,FJIP,2,120L,-13,77.8
332,FJIP,2,120L,-12,82.1
332,FJIP,2,120L,-11,86.7
332,FJIP,2,120L,-10,92.3
332,FJIP,2,120L,-9,97.5
332,FJIP,2,120L,-8,3.2
332,FJIP,2,120L,-7,6.8
332,FJIP,2,120L,-6,10.4
332,FJIP,2,120L,-5,15.4
332,FJIP,2,120L,-4,18.8
332,FJIP,2,120L,-3,28.0
332,FJIP,2,120L,-2,29.6
332,FJIP,2,120L,-1,36.6
332,FJIP,2,120L,0,40.4
333,755E,2,120L,-29,22.8
333,755E,2,120L,-28,27.5
333,755E,2,120L,-27,32.9
333,755E,2,120L,-26,42.7
333,755E,2,120L,-25,45.9
333,755E,2,120L,-24,53.1
333,755E,2,120L,-23,59.2
333,755E,2,120L,-22,62.2
333,755E,2,120L,-21,69.2
333,755E,2,120L,-20,74.3
333,755E,2,120L,-19,78.2
333,755E,2,120L,-18,85.3
333,755E,2,120L,-17,92.2
333,755E,2,120L,-16,96.2
333,755E,2,120L,-15,2.2
333,755E,2,120L,-14,8.1
333,755E,2,120L,-13,17.2
333,755E,2,120L,-12,17.0
333,755E,2,120L,-11,26.2
333,755E,2,120L,-10,30.7
333,755E,2,120L,-9,35.8
333,755E,2,120L,-8,42.1
333,755E,2,120L,-7,49.2
333,755E,2,120L,-6,54.9
333,755E,2,120L,-5,59.8
333,755E,2,120L,-4,66.9
333,755E,2,120L,-3,72.8
333,755E,2,120L,-2,77.8
333,755E,2,120L,-1,81.5
333,755E,2,120L,0,88.7
334,3FHA,2,120L,-29,91.5
334,3FHA,2,120L,-28,94.4
334,3FHA,2,120L,-27,1.1
334,3FHA,2,120L,-26,5.0
334,3FHA,2,120L,-25,6.3
334,3FHA,2,120L,-24,13.2
334,3FHA,2,120L,-23,15.4
334,3FHA,2,120L,-22,20.8
334,3FHA,2,120L,-21,22.9
334,3FHA,2,120L,-20,24.3
334,3FHA,2,120L,-19,30.1
334,3FHA,2,120L,-18,34.0
334,3FHA,2,120L,-17,35.7
334,3FHA,2,120L,-16,37.9
334,3FHA,2,120L,-15,43.8
334,3FHA,2,120L,-14,45.7
334,3FHA,2,120L,-13,52.5
334,3FHA,2,120L,-12,53.7
334,3FHA,2,120L,-11,60.5
334,3FHA,2,120L,-10,58.3
334,3FHA,2,120L,-9,65.2
334,3FHA,2,120L,-8,70.7
334,3FHA,2,120L,-7,70.8
334,3FHA,2,120L,-6,75.4
334,3FHA,2,120L,-5,78.6
334,3FHA,2,120L,-4,81.8
334,3FHA,2,120L,-3,86.7
334,3FHA,2,120L,-2,87.9
334,3FHA,2,120L,-1,93.3
334,3FHA,2,120L,0,97.8
335,YCYR,2,120L,-29,67.7
335,YCYR,2,120L,-28,74.2
335,YCYR,2,120L,-27,77.2
335,YCYR,2,120L,-26,78.0
335,YCYR,2,120L,-25,81.1
335,YCYR,2,120L,-24,85.0
335,YCYR,2,120L,-23,90.7
335,YCYR,2,120L,-22,93.7
335,YCYR,2,120L,-21,98.0
335,YCYR,2,120L,-20,0.0
335,YCYR,2,120L,-19,2.3
335,YCYR,2,120L,-18,8.5
335,YCYR,2,120L,-17,9.7
335,YCYR,2,120L,-16,14.2
335,YCYR,2,120L,-15,15.1
335,YCYR,2,120L,-14,20.0
335,YCYR,2,120L,-13,25.8
335,YCYR,2,120L,-12,26.6
335,YCYR,2,120L,-11,32.4
335,YCYR,2,120L,-10,31.1
335,YCYR,2,120L,-9,37.2
335,YCYR,2,120L,-8,41.2
335,YCYR,2,120L,-7,47.5
335,YCYR,2,120L,-6,46.6
335,YCYR,2,120L,-5,52.8
335,YCYR,2,120L,-4,56.8
335,YCYR,2,120L,-3,57.6
335,YCYR,2,120L,-2,61.6
335,YCYR,2,120L,-1,65.8
335,YCYR,2,120L,0,66.8
336,SVPU,2,120L,-29,61.0
336,SVPU,2,120L,-28,64.5
336,SVPU,2,120L,-27,69.5
336,SVPU,2,120L,-26,74.8
336,SVPU,2,120L,-25,79.7
336,SVPU,2,120L,-24,82.3
336,SVPU,2,120L,-23,90.0
336,SVPU,2,120L,-22,94.2
336,SVPU,2,120L,-21,97.9
336,SVPU,2,120L,-20,0.2
336,SVPU,2,120L,-19,4.5
336,SVPU,2,120L,-18,10.1
336,SVPU,2,120L,-17,15.2
336,SVPU,2,120L,-16,17.1
336,SVPU,2,120L,-15,25.1
336,SVPU,2,120L,-14,30.8
336,SVPU,2,120L,-13,34.3
336,SVPU,2,120L,-12,37.0
336,SVPU,2,120L,-11,41.4
336,SVPU,2,120L,-10,47.7
336,SVPU,2,120L,-9,51.6
336,SVPU,2,120L,-8,57.0
336,SVPU,2,120L,-7,61.8
336,SVPU,2,120L,-6,67.2
336,SVPU,2,120L,-5,68.4
336,SVPU,2,120L,-4,75.0
336,SVPU,2,120L,-3,78.7
336,SVPU,2,120L,-2,83.7
336,SVPU,2,120L,-1,89.7
336,SVPU,2,120L,0,94.5
337,FHT5,2,120L,-29,31.7
337,FHT5,2,120L,-28,35.4
337,FHT5,2,120L,-27,39.7
337,FHT5,2,120L,-26,41.9
337,FHT5,2,120L,-25,51.0
337,FHT5,2,120L,-24,53.0
337,FHT5,2,120L,-23,58.7
337,FHT5,2,120L,-22,63.5
337,FHT5,2,120L,-21,65.1
337,FHT5,2,120L,-20,70.0
337,FHT5,2,120L,-19,78.2
337,FHT5,2,120L,-18,80.8
337,FHT5,2,120L,-17,84.0
337,FHT5,2,120L,-16,89.1
337,FHT5,2,120L,-15,95.4
337,FHT5,2,120L,-14,99.7
337,FHT5,2,120L,-13,0.6
337,FHT5,2,120L,-12,9.7
337,FHT5,2,120L,-11,13.2
337,FHT5,2,120L,-10,16.0
337,FHT5,2,120L,-9,18.9
337,FHT5,2,120L,-8,26.7
337,FHT5,2,120L,-7,30.4
337,FHT5,2,120L,-6,31.9
337,FHT5,2,120L,-5,38.3
337,FHT5,2,120L,-4,47.8
337,FHT5,2,120L,-3,47.6
337,FHT5,2,120L,-2,50.9
337,FHT5,2,120L,-1,55.0
337,FHT5,2,120L,0,63.7
338,NT3JGZ,2,240L,-29,16.7
338,NT3JGZ,2,240L,-28,24.8
338,NT3JGZ,2,240L,-27,28.3
338,NT3JGZ,2,240L,-26,36.4
338,NT3JGZ,2,240L,-25,43.2
338,NT3JGZ,2,240L,-24,51.4
338,NT3JGZ,2,240L,-23,56.4
338,NT3JGZ,2,240L,-22,61.6
338,NT3JGZ,2,240L,-21,69.3
338,NT3JGZ,2,240L,-20,73.3
338,NT3JGZ,2,240L,-19,78.9
338,NT3JGZ,2,240L,-18,90.3
338,NT3JGZ,2,240L,-17,95.1
338,NT3JGZ,2,240L,-16,1.8
338,NT3JGZ,2,240L,-15,10.1
338,NT3JGZ,2,240L,-14,17.6
338,NT3JGZ,2,240L,-13,22.9
338,NT3JGZ,2,240L,-12,31.6
338,NT3JGZ,2,240L,-11,36.0
338,NT3JGZ,2,240L,-10,42.4
338,NT3JGZ,2,240L,-9,48.9
338,NT3JGZ,2,240L,-8,53.2
338,NT3JGZ,2,240L,-7,63.2
338,NT3JGZ,2,240L,-6,64.7
338,NT3JGZ,2,240L,-5,74.1
338,NT3JGZ,2,240L,-4,81.6
338,NT3JGZ,2,240L,-3,87.0
338,NT3JGZ,2,240L,-2,94.1
338,NT3JGZ,2,240L,-1,4.1
338,NT3JGZ,2,240L,0,9.7
339,V6CE,2,120L,-29,32.6
339,V6CE,2,120L,-28,35.3
339,V6CE,2,120L,-27,42.1
339,V6CE,2,120L,-26,44.6
339,V6CE,2,120L,-25,45.9
339,V6CE,2,120L,-24,52.9
339,V6CE,2,120L,-23,57.3
339,V6CE,2,120L,-22,61.9
339,V6CE,2,120L,-21,64.3
339,V6CE,2,120L,-20,67.7
339,V6CE,2,120L,-19,75.1
339,V6CE,2,120L,-18,76.0
339,V6CE,2,120L,-17,81.0
339,V6CE,2,120L,-16,83.0
339,V6CE,2,120L,-15,88.7
339,V6CE,2,120L,-14,89.4
339,V6CE,2,120L,-13,94.8
339,V6CE,2,120L,-12,97.5
339,V6CE,2,120L,-11,2.3
339,V6CE,2,120L,-10,9.0
339,V6CE,2,120L,-9,10.1
339,V6CE,2,120L,-8,16.0
339,V6CE,2,120L,-7,21.1
339,V6CE,2,120L,-6,22.6
339,V6CE,2,120L,-5,28.1
339,V6CE,2,120L,-4,31.2
339,V6CE,2,120L,-3,34.5
339,V6CE,2,120L,-2,39.4
339,V6CE,2,120L,-1,44.9
339,V6CE,2,120L,0,45.0
340,GG4D,2,120L,-29,84.2
340,GG4D,2,120L,-28,89.1
340,GG4D,2,120L,-27,91.2
340,GG4D,2,120L,-26,93.5
340,GG4D,2,120L,-25,0.4
340,GG4D,2,120L,-24,6.9
340,GG4D,2,120L,-23,10.6
340,GG4D,2,120L,-22,15.6
340,GG4D,2,120L,-21,19.2
340,GG4D,2,120L,-20,26.2
340,GG4D,2,120L,-19,29.9
340,GG4D,2,120L,-18,34.9
340,GG4D,2,120L,-17,38.9
340,GG4D,2,120L,-16,44.1
340,GG4D,2,120L,-15,48.7
340,GG4D,2,120L,-14,51.3
340,GG4D,2,120L,-13,57.9
340,GG4D,2,120L,-12,63.2
340,GG4D,2,120L,-11,68.4
340,GG4D,2,120L,-10,72.0
340,GG4D,2,120L,-9,74.6
340,GG4D,2,120L,-8,79.5
340,GG4D,2,120L,-7,84.7
340,GG4D,2,120L,-6,90.3
340,GG4D,2,120L,-5,94.5
340,GG4D,2,120L,-4,97.7
340,GG4D,2,120L,-3,2.3
340,GG4D,2,120L,-2,5.5
340,GG4D,2,120L,-1,8.7
340,GG4D,2,120L,0,17.8
341,FKVO,2,120L,-29,11.7
341,FKVO,2,120L,-28,12.4
341,FKVO,2,120L,-27,18.9
341,FKVO,2,120L,-26,21.3
341,FKVO,2,120L,-25,26.3
341,FKVO,2,120L,-24,31.3
341,FKVO,2,120L,-23,37.6
341,FKVO,2,120L,-22,42.5
341,FKVO,2,120L,-21,48.0
341,FKVO,2,120L,-20,53.4
341,FKVO,2,120L,-19,56.8
341,FKVO,2,120L,-18,62.2
341,FKVO,2,120L,-17,65.3
341,FKVO,2,120L,-16,69.7
341,FKVO,2,120L,-15,74.3
341,FKVO,2,120L,-14,82.4
341,FKVO,2,120L,-13,85.7
341,FKVO,2,120L,-12,88.3
341,FKVO,2,120L,-11,95.8
341,FKVO,2,120L,-10,0.0
341,FKVO,2,120L,-9,8.0
341,FKVO,2,120L,-8,9.5
341,FKVO,2,120L,-7,16.2
341,FKVO,2,120L,-6,21.7
341,FKVO,2,120L,-5,23.4
341,FKVO,2,120L,-4,29.8
341,FKVO,2,120L,-3,35.3
341,FKVO,2,120L,-2,39.5
341,FKVO,2,120L,-1,44.7
341,FKVO,2,120L,0,47.0
342,FI2S,2,120L,-29,100.0
342,FI2S,2,120L,-28,6.9
342,FI2S,2,120L,-27,12.3
342,FI2S,2,120L,-26,17.6
342,FI2S,2,120L,-25,23.9
342,FI2S,2,120L,-24,29.7
342,FI2S,2,120L,-23,36.8
342,FI2S,2,120L,-22,40.3
342,FI2S,2,120L,-21,46.4
342,FI2S,2,120L,-20,53.3
342,FI2S,2,120L,-19,57.0
342,FI2S,2,120L,-18,61.5
342,FI2S,2,120L,-17,70.1
342,FI2S,2,120L,-16,74.8
342,FI2S,2,120L,-15,79.1
342,FI2S,2,120L,-14,87.5
342,FI2S,2,120L,-13,94.7
342,FI2S,2,120L,-12,95.9
342,FI2S,2,120L,-11,5.7
342,FI2S,2,120L,-10,6.2
342,FI2S,2,120L,-9,15.2
342,FI2S,2,120L,-8,24.3
342,FI2S,2,120L,-7,26.9
342,FI2S,2,120L,-6,33.3
342,FI2S,2,120L,-5,40.1
342,FI2S,2,120L,-4,42.2
342,FI2S,2,120L,-3,50.7
342,FI2S,2,120L,-2,56.5
342,FI2S,2,120L,-1,65.0
342,FI2S,2,120L,0,66.1
343,3QIZ,2,120L,-29,72.2
343,3QIZ,2,120L,-28,76.3
343,3QIZ,2,120L,-27,83.8
343,3QIZ,2,120L,-26,86.4
343,3QIZ,2,120L,-25,89.8
343,3QIZ,2,120L,-24,94.1
343,3QIZ,2,120L,-23,98.3
343,3QIZ,2,120L,-22,2.6
343,3QIZ,2,120L,-21,5.7
343,3QIZ,2,120L,-20,11.5
343,3QIZ,2,120L,-19,15.6
343,3QIZ,2,120L,-18,19.2
343,3QIZ,2,120L,-17,24.9
343,3QIZ,2,120L,-16,29.3
343,3QIZ,2,120L,-15,32.3
343,3QIZ,2,120L,-14,37.2
343,3QIZ,2,120L,-13,44.9
343,3QIZ,2,120L,-12,49.1
343,3QIZ,2,120L,-11,48.6
343,3QIZ,2,120L,-10,53.1
343,3QIZ,2,120L,-9,57.1
343,3QIZ,2,120L,-8,64.5
343,3QIZ,2,120L,-7,66.6
343,3QIZ,2,120L,-6,71.8
343,3QIZ,2,120L,-5,78.7
343,3QIZ,2,120L,-4,80.0
343,3QIZ,2,120L,-3,85.3
343,3QIZ,2,120L,-2,89.3
343,3QIZ,2,120L,-1,91.9
343,3QIZ,2,120L,0,98.6
344,C5IKLT,2,120L,-29,74.0
344,C5IKLT,2,120L,-28,78.1
344,C5IKLT,2,120L,-27,81.1
344,C5IKLT,2,120L,-26,85.3
344,C5IKLT,2,120L,-25,90.0
344,C5IKLT,2,120L,-24,90.9
344,C5IKLT,2,120L,-23,98.2
344,C5IKLT,2,120L,-22,1.7
344,C5IKLT,2,120L,-21,7.6
344,C5IKLT,2,120L,-20,11.0
344,C5IKLT,2,120L,-19,13.2
344,C5IKLT,2,120L,-18,17.5
344,C5IKLT,2,120L,-17,21.8
344,C5IKLT,2,120L,-16,28.3
344,C5IKLT,2,120L,-15,28.8
344,C5IKLT,2,120L,-14,32.8
344,C5IKLT,2,120L,-13,36.2
344,C5IKLT,2,120L,-12,39.6
344,C5IKLT,2,120L,-11,46.2
344,C5IKLT,2,120L,-10,50.0
344,C5IKLT,2,120L,-9,55.5
344,C5IKLT,2,120L,-8,59.1
344,C5IKLT,2,120L,-7,65.1
344,C5IKLT,2,120L,-6,65.3
344,C5IKLT,2,120L,-5,68.9
344,C5IKLT,2,120L,-4,71.3
344,C5IKLT,2,120L,-3,78.2
344,C5IKLT,2,120L,-2,81.3
344,C5IKLT,2,120L,-1,86.0
344,C5IKLT,2,120L,0,87.3
345,YWVT,2,120L,-29,74.8
345,YWVT,2,120L,-28,79.0
345,YWVT,2,120L,-27,82.1
345,YWVT,2,120L,-26,89.2
345,YWVT,2,120L,-25,94.9
345,YWVT,2,120L,-24,94.4
345,YWVT,2,120L,-23,1.5
345,YWVT,2,120L,-22,0.4
345,YWVT,2,120L,-21,10.1
345,YWVT,2,120L,-20,10.6
345,YWVT,2,120L,-19,17.0
345,YWVT,2,120L,-18,20.1
345,YWVT,2,120L,-17,26.1
345,YWVT,2,120L,-16,32.0
345,YWVT,2,120L,-15,32.3
345,YWVT,2,120L,-14,38.9
345,YWVT,2,120L,-13,43.0
345,YWVT,2,120L,-12,50.4
345,YWVT,2,120L,-11,53.0
345,YWVT,2,120L,-10,54.9
345,YWVT,2,120L,-9,60.3
345,YWVT,2,120L,-8,67.7
345,YWVT,2,120L,-7,70.8
345,YWVT,2,120L,-6,72.6
345,YWVT,2,120L,-5,78.0
345,YWVT,2,120L,-4,82.3
345,YWVT,2,120L,-3,86.2
345,YWVT,2,120L,-2,88.8
345,YWVT,2,120L,-1,94.7
345,YWVT,2,120L,0,2.1
346,FDHV,2,240L,-29,89.1
346,FDHV,2,240L,-28,98.3
346,FDHV,2,240L,-27,1.1
346,FDHV,2,240L,-26,8.8
346,FDHV,2,240L,-25,12.3
346,FDHV,2,240L,-24,18.9
346,FDHV,2,240L,-23,25.4
346,FDHV,2,240L,-22,30.3
346,FDHV,2,240L,-21,37.2
346,FDHV,2,240L,-20,44.9
346,FDHV,2,240L,-19,48.4
346,FDHV,2,240L,-18,55.7
346,FDHV,2,240L,-17,62.8
346,FDHV,2,240L,-16,66.6
346,FDHV,2,240L,-15,75.6
346,FDHV,2,240L,-14,80.1
346,FDHV,2,240L,-13,85.8
346,FDHV,2,240L,-12,89.1
346,FDHV,2,240L,-11,97.6
346,FDHV,2,240L,-10,4.8
346,FDHV,2,240L,-9,13.0
346,FDHV,2,240L,-8,17.3
346,FDHV,2,240L,-7,24.2
346,FDHV,2,240L,-6,26.8
346,FDHV,2,240L,-5,34.4
346,FDHV,2,240L,-4,42.5
346,FDHV,2,240L,-3,45.5
346,FDHV,2,240L,-2,54.3
346,FDHV,2,240L,-1,60.0
346,FDHV,2,240L,0,65.4
347,SFGE,2,120L,-29,24.0
347,SFGE,2,120L,-28,31.2
347,SFGE,2,120L,-27,32.5
347,SFGE,2,120L,-26,35.1
347,SFGE,2,120L,-25,37.1
347,SFGE,2,120L,-24,40.8
347,SFGE,2,120L,-23,44.0
347,SFGE,2,120L,-22,47.4
347,SFGE,2,120L,-21,51.0
347,SFGE,2,120L,-20,51.8
347,SFGE,2,120L,-19,53.8
347,SFGE,2,120L,-18,59.2
347,SFGE,2,120L,-17,59.5
347,SFGE,2,120L,-16,64.7
347,SFGE,2,120L,-15,67.4
347,SFGE,2,120L,-14,72.0
347,SFGE,2,120L,-13,77.3
347,SFGE,2,120L,-12,74.5
347,SFGE,2,120L,-11,83.8
347,SFGE,2,120L,-10,83.1
347,SFGE,2,120L,-9,87.0
347,SFGE,2,120L,-8,87.5
347,SFGE,2,120L,-7,94.1
347,SFGE,2,120L,-6,95.7
347,SFGE,2,120L,-5,98.6
347,SFGE,2,120L,-4,0.0
347,SFGE,2,120L,-3,5.0
347,SFGE,2,120L,-2,9.2
347,SFGE,2,120L,-1,10.6
347,SFGE,2,120L,0,15.8
348,KPX2,2,120L,-29,39.5
348,KPX2,2,120L,-28,40.4
348,KPX2,2,120L,-27,43.6
348,KPX2,2,120L,-26,46.9
348,KPX2,2,120L,-25,50.1
348,KPX2,2,120L,-24,49.3
348,KPX2,2,120L,-23,56.2
348,KPX2,2,120L,-22,57.7
348,KPX2,2,120L,-21,65.4
348,KPX2,2,120L,-20,68.6
348,KPX2,2,120L,-19,70.7
348,KPX2,2,120L,-18,72.3
348,KPX2,2,120L,-17,74.4
348,KPX2,2,120L,-16,78.2
348,KPX2,2,120L,-15,85.3
348,KPX2,2,120L,-14,84.6
348,KPX2,2,120L,-13,85.4
348,KPX2,2,120L,-12,93.7
348,KPX2,2,120L,-11,97.6
348,KPX2,2,120L,-10,100.0
348,KPX2,2,120L,-9,3.4
348,KPX2,2,120L,-8,6.9
348,KPX2,2,120L,-7,8.4
348,KPX2,2,120L,-6,8.5
348,KPX2,2,120L,-5,14.8
348,KPX2,2,120L,-4,19.0
348,KPX2,2,120L,-3,21.1
348,KPX2,2,120L,-2,24.3
348,KPX2,2,120L,-1,26.3
348,KPX2,2,120L,0,29.5
349,73OH,2,120L,-29,10.2
349,73OH,2,120L,-28,11.1
349,73OH,2,120L,-27,15.2
349,73OH,2,120L,-26,17.1
349,73OH,2,120L,-25,23.2
349,73OH,2,120L,-24,28.6
349,73OH,2,120L,-23,27.4
349,73OH,2,120L,-22,34.1
349,73OH,2,120L,-21,37.9
349,73OH,2,120L,-20,41.6
349,73OH,2,120L,-19,47.0
349,73OH,2,120L,-18,51.3
349,73OH,2,120L,-17,51.6
349,73OH,2,120L,-16,56.6
349,73OH,2,120L,-15,59.5
349,73OH,2,120L,-14,62.1
349,73OH,2,120L,-13,67.2
349,73OH,2,120L,-12,71.5
349,73OH,2,120L,-11,74.5
349,73OH,2,120L,-10,76.6
349,73OH,2,120L,-9,80.9
349,73OH,2,120L,-8,84.6
349,73OH,2,120L,-7,87.8
349,73OH,2,120L,-6,93.2
349,73OH,2,120L,-5,97.1
349,73OH,2,120L,-4,1.6
349,73OH,2,120L,-3,2.6
349,73OH,2,120L,-2,6.7
349,73OH,2,120L,-1,13.6
349,73OH,2,120L,0,14.8
350,PFO5,2,120L,-29,26.7
350,PFO5,2,120L,-28,30.1
350,PFO5,2,120L,-27,33.4
350,PFO5,2,120L,-26,35.2
350,PFO5,2,120L,-25,37.2
350,PFO5,2,120L,-24,44.8
350,PFO5,2,120L,-23,46.6
350,PFO5,2,120L,-22,48.0
350,PFO5,2,120L,-21,54.2
350,PFO5,2,120L,-20,54.6
350,PFO5,2,120L,-19,60.9
350,PFO5,2,120L,-18,64.4
350,PFO5,2,120L,-17,64.2
350,PFO5,2,120L,-16,69.8
350,PFO5,2,120L,-15,73.5
350,PFO5,2,120L,-14,79.6
350,PFO5,2,120L,-13,77.9
350,PFO5,2,120L,-12,84.6
350,PFO5,2,120L,-11,85.8
350,PFO5,2,120L,-10,87.3
350,PFO5,2,120L,-9,92.4
350,PFO5,2,120L,-8,96.0
350,PFO5,2,120L,-7,97.8
350,PFO5,2,120L,-6,3.2
350,PFO5,2,120L,-5,7.5
350,PFO5,2,120L,-4,9.8
350,PFO5,2,120L,-3,12.0
350,PFO5,2,120L,-2,16.0
350,PFO5,2,120L,-1,19.6
350,PFO5,2,120L,0,23.3
351,NLVP,2,120L,-29,34.6
351,NLVP,2,120L,-28,35.8
351,NLVP,2,120L,-27,40.7
351,NLVP,2,120L,-26,45.5
351,NLVP,2,120L,-25,50.6
351,NLVP,2,120L,-24,54.6
351,NLVP,2,120L,-23,59.0
351,NLVP,2,120L,-22,60.2
351,NLVP,2,120L,-21,64.8
351,NLVP,2,120L,-20,65.2
351,NLVP,2,120L,-19,71.7
351,NLVP,2,120L,-18,73.1
351,NLVP,2,120L,-17,78.3
351,NLVP,2,120L,-16,86.6
351,NLVP,2,120L,-15,86.2
351,NLVP,2,120L,-14,88.2
351,NLVP,2,120L,-13,93.7
351,NLVP,2,120L,-12,96.0
351,NLVP,2,120L,-11,0.0
351,NLVP,2,120L,-10,7.3
351,NLVP,2,120L,-9,9.5
351,NLVP,2,120L,-8,12.1
351,NLVP,2,120L,-7,14.6
351,NLVP,2,120L,-6,18.4
351,NLVP,2,120L,-5,24.9
351,NLVP,2,120L,-4,26.7
351,NLVP,2,120L,-3,25.3
351,NLVP,2,120L,-2,37.3
351,NLVP,2,120L,-1,37.6
351,NLVP,2,120L,0,41.5
352,6GCFNF,2,120L,-29,87.8
352,6GCFNF,2,120L,-28,90.9
352,6GCFNF,2,120L,-27,94.5
352,6GCFNF,2,120L,-26,1.6
352,6GCFNF,2,120L,-25,8.2
352,6GCFNF,2,120L,-24,9.9
352,6GCFNF,2,120L,-23,14.6
352,6GCFNF,2,120L,-22,22.4
352,6GCFNF,2,120L,-21,24.7
352,6GCFNF,2,120L,-20,29.6
352,6GCFNF,2,120L,-19,34.5
352,6GCFNF,2,120L,-18,39.8
352,6GCFNF,2,120L,-17,42.4
352,6GCFNF,2,120L,-16,48.8
352,6GCFNF,2,120L,-15,54.8
352,6GCFNF,2,120L,-14,59.6
352,6GCFNF,2,120L,-13,65.8
352,6GCFNF,2,120L,-12,71.7
352,6GCFNF,2,120L,-11,76.0
352,6GCFNF,2,120L,-10,80.0
352,6GCFNF,2,120L,-9,83.2
352,6GCFNF,2,120L,-8,87.4
352,6GCFNF,2,120L,-7,93.2
352,6GCFNF,2,120L,-6,98.8
352,6GCFNF,2,120L,-5,4.0
352,6GCFNF,2,120L,-4,8.6
352,6GCFNF,2,120L,-3,12.3
352,6GCFNF,2,120L,-2,18.5
352,6GCFNF,2,120L,-1,24.1
352,6GCFNF,2,120L,0,28.3
353,SREA,2,120L,-29,18.5
353,SREA,2,120L,-28,21.9
353,SREA,2,120L,-27,25.5
353,SREA,2,120L,-26,30.3
353,SREA,2,120L,-25,34.1
353,SREA,2,120L,-24,34.6
353,SREA,2,120L,-23,39.4
353,SREA,2,120L,-22,43.9
353,SREA,2,120L,-21,45.5
353,SREA,2,120L,-20,50.9
353,SREA,2,120L,-19,53.2
353,SREA,2,120L,-18,56.0
353,SREA,2,120L,-17,60.5
353,SREA,2,120L,-16,64.4
353,SREA,2,120L,-15,65.9
353,SREA,2,120L,-14,70.2
353,SREA,2,120L,-13,74.7
353,SREA,2,120L,-12,76.2
353,SREA,2,120L,-11,78.3
353,SREA,2,120L,-10,81.8
353,SREA,2,120L,-9,86.9
353,SREA,2,120L,-8,88.9
353,SREA,2,120L,-7,93.8
353,SREA,2,120L,-6,100.0
353,SREA,2,120L,-5,0.0
353,SREA,2,120L,-4,4.0
353,SREA,2,120L,-3,11.0
353,SREA,2,120L,-2,11.8
353,SREA,2,120L,-1,14.1
353,SREA,2,120L,0,17.8
354,FFEGF2,2,120L,-29,91.2
354,FFEGF2,2,120L,-28,94.4
354,FFEGF2,2,120L,-27,96.9
354,FFEGF2,2,120L,-26,2.7
354,FFEGF2,2,120L,-25,3.9
354,FFEGF2,2,120L,-24,8.9
354,FFEGF2,2,120L,-23,11.7
354,FFEGF2,2,120L,-22,18.2
354,FFEGF2,2,120L,-21,19.4
354,FFEGF2,2,120L,-20,24.2
354,FFEGF2,2,120L,-19,24.8
354,FFEGF2,2,120L,-18,30.9
354,FFEGF2,2,120L,-17,32.4
354,FFEGF2,2,120L,-16,37.1
354,FFEGF2,2,120L,-15,44.5
354,FFEGF2,2,120L,-14,46.1
354,FFEGF2,2,120L,-13,48.1
354,FFEGF2,2,120L,-12,56.6
354,FFEGF2,2,120L,-11,53.9
354,FFEGF2,2,120L,-10,60.6
354,FFEGF2,2,120L,-9,60.0
354,FFEGF2,2,120L,-8,65.5
354,FFEGF2,2,120L,-7,67.4
354,FFEGF2,2,120L,-6,73.3
354,FFEGF2,2,120L,-5,76.5
354,FFEGF2,2,120L,-4,79.5
354,FFEGF2,2,120L,-3,85.1
354,FFEGF2,2,120L,-2,86.1
354,FFEGF2,2,120L,-1,91.0
354,FFEGF2,2,120L,0,95.2
355,GA42ZD,2,240L,-29,15.6
355,GA42ZD,2,240L,-28,21.8
355,GA42ZD,2,240L,-27,27.7
355,GA42ZD,2,240L,-26,33.9
355,GA42ZD,2,240L,-25,36.4
355,GA42ZD,2,240L,-24,41.3
355,GA42ZD,2,240L,-23,45.4
355,GA42ZD,2,240L,-22,52.3
355,GA42ZD,2,240L,-21,56.3
355,GA42ZD,2,240L,-20,61.4
355,GA42ZD,2,240L,-19,66.7
355,GA42ZD,2,240L,-18,72.6
355,GA42ZD,2,240L,-17,76.0
355,GA42ZD,2,240L,-16,80.7
355,GA42ZD,2,240L,-15,87.5
355,GA42ZD,2,240L,-14,87.3
355,GA42ZD,2,240L,-13,96.0
355,GA42ZD,2,240L,-12,0.1
355,GA42ZD,2,240L,-11,8.7
355,GA42ZD,2,240L,-10,11.2
355,GA42ZD,2,240L,-9,16.1
355,GA42ZD,2,240L,-8,21.8
355,GA42ZD,2,240L,-7,26.0
355,GA42ZD,2,240L,-6,31.3
355,GA42ZD,2,240L,-5,37.1
355,GA42ZD,2,240L,-4,41.3
355,GA42ZD,2,240L,-3,46.3
355,GA42ZD,2,240L,-2,50.5
355,GA42ZD,2,240L,-1,55.3
355,GA42ZD,2,240L,0,62.1
356,QFJ3V5,2,120L,-29,48.4
356,QFJ3V5,2,120L,-28,52.6
356,QFJ3V5,2,120L,-27,57.1
356,QFJ3V5,2,120L,-26,60.3
356,QFJ3V5,2,120L,-25,65.0
356,QFJ3V5,2,120L,-24,71.5
356,QFJ3V5,2,120L,-23,72.0
356,QFJ3V5,2,120L,-22,75.1
356,QFJ3V5,2,120L,-21,78.6
356,QFJ3V5,2,120L,-20,87.7
356,QFJ3V5,2,120L,-19,91.9
356,QFJ3V5,2,120L,-18,92.1
356,QFJ3V5,2,120L,-17,96.6
356,QFJ3V5,2,120L,-16,1.4
356,QFJ3V5,2,120L,-15,7.9
356,QFJ3V5,2,120L,-14,8.3
356,QFJ3V5,2,120L,-13,11.5
356,QFJ3V5,2,120L,-12,21.9
356,QFJ3V5,2,120L,-11,23.3
356,QFJ3V5,2,120L,-10,27.7
356,QFJ3V5,2,120L,-9,30.9
356,QFJ3V5,2,120L,-8,36.1
356,QFJ3V5,2,120L,-7,37.3
356,QFJ3V5,2,120L,-6,42.6
356,QFJ3V5,2,120L,-5,48.2
356,QFJ3V5,2,120L,-4,48.8
356,QFJ3V5,2,120L,-3,56.0
356,QFJ3V5,2,120L,-2,60.1
356,QFJ3V5,2,120L,-1,64.3
356,QFJ3V5,2,120L,0,68.2
357,JHNZBA,2,120L,-29,3.4
357,JHNZBA,2,120L,-28,10.7
357,JHNZBA,2,120L,-27,14.5
357,JHNZBA,2,120L,-26,17.3
357,JHNZBA,2,120L,-25,23.8
357,JHNZBA,2,120L,-24,27.7
357,JHNZBA,2,120L,-23,31.9
357,JHNZBA,2,120L,-22,33.7
357,JHNZBA,2,120L,-21,42.4
357,JHNZBA,2,120L,-20,43.9
357,JHNZBA,2,120L,-19,50.3
357,JHNZBA,2,120L,-18,53.4
357,JHNZBA,2,120L,-17,58.4
357,JHNZBA,2,120L,-16,65.2
357,JHNZBA,2,120L,-15,68.6
357,JHNZBA,2,120L,-14,73.9
357,JHNZBA,2,120L,-13,77.2
357,JHNZBA,2,120L,-12,81.7
357,JHNZBA,2,120L,-11,82.8
357,JHNZBA,2,120L,-10,89.4
357,JHNZBA,2,120L,-9,94.0
357,JHNZBA,2,120L,-8,100.0
357,JHNZBA,2,120L,-7,2.4
357,JHNZBA,2,120L,-6,7.9
357,JHNZBA,2,120L,-5,12.3
357,JHNZBA,2,120L,-4,18.1
357,JHNZBA,2,120L,-3,20.6
357,JHNZBA,2,120L,-2,26.4
357,JHNZBA,2,120L,-1,27.0
357,JHNZBA,2,120L,0,31.6
358,VNTZOL,2,1.100L,-29,49.3
358,VNTZOL,2,1.100L,-28,57.9
358,VNTZOL,2,1.100L,-27,65.2
358,VNTZOL,2,1.100L,-26,69.8
358,VNTZOL,2,1.100L,-25,77.0
358,VNTZOL,2,1.100L,-24,84.6
358,VNTZOL,2,1.100L,-23,93.9
358,VNTZOL,2,1.100L,-22,100.0
358,VNTZOL,2,1.100L,-21,6.9
358,VNTZOL,2,1.100L,-20,13.1
358,VNTZOL,2,1.100L,-19,21.6
358,VNTZOL,2,1.100L,-18,26.2
358,VNTZOL,2,1.100L,-17,33.0
358,VNTZOL,2,1.100L,-16,40.3
358,VNTZOL,2,1.100L,-15,46.0
358,VNTZOL,2,1.100L,-14,54.2
358,VNTZOL,2,1.100L,-13,59.7
358,VNTZOL,2,1.100L,-12,69.9
358,VNTZOL,2,1.100L,-11,76.2
358,VNTZOL,2,1.100L,-10,84.5
358,VNTZOL,2,1.100L,-9,86.8
358,VNTZOL,2,1.100L,-8,99.1
358,VNTZOL,2,1.100L,-7,0.9
358,VNTZOL,2,1.100L,-6,8.4
358,VNTZOL,2,1.100L,-5,16.2
358,VNTZOL,2,1.100L,-4,26.1
358,VNTZOL,2,1.100L,-3,31.4
358,VNTZOL,2,1.100L,-2,37.7
358,VNTZOL,2,1.100L,-1,43.8
358,VNTZOL,2,1.100L,0,49.9
359,VJAJJ3,2,1.100L,-29,92.1
359,VJAJJ3,2,1.100L,-28,100.0
359,VJAJJ3,2,1.100L,-27,9.4
359,VJAJJ3,2,1.100L,-26,13.8
359,VJAJJ3,2,1.100L,-25,24.8
359,VJAJJ3,2,1.100L,-24,36.3
359,VJAJJ3,2,1.100L,-23,44.0
359,VJAJJ3,2,1.100L,-22,52.6
359,VJAJJ3,2,1.100L,-21,60.7
359,VJAJJ3,2,1.100L,-20,72.8
359,VJAJJ3,2,1.100L,-19,81.0
359,VJAJJ3,2,1.100L,-18,90.0
359,VJAJJ3,2,1.100L,-17,97.2
359,VJAJJ3,2,1.100L,-16,7.3
359,VJAJJ3,2,1.100L,-15,14.0
359,VJAJJ3,2,1.100L,-14,24.7
359,VJAJJ3,2,1.100L,-13,30.1
359,VJAJJ3,2,1.100L,-12,40.4
359,VJAJJ3,2,1.100L,-11,51.3
359,VJAJJ3,2,1.100L,-10,64.2
359,VJAJJ3,2,1.100L,-9,66.9
359,VJAJJ3,2,1.100L,-8,76.7
359,VJAJJ3,2,1.100L,-7,87.8
359,VJAJJ3,2,1.100L,-6,99.1
359,VJAJJ3,2,1.100L,-5,5.6
359,VJAJJ3,2,1.100L,-4,15.3
359,VJAJJ3,2,1.100L,-3,22.7
359,VJAJJ3,2,1.100L,-2,31.4
359,VJAJJ3,2,1.100L,-1,41.2
359,VJAJJ3,2,1.100L,0,49.0
360,BLANMG,2,120L,-29,29.2
360,BLANMG,2,120L,-28,33.1
360,BLANMG,2,120L,-27,37.9
360,BLANMG,2,120L,-26,40.9
360,BLANMG,2,120L,-25,47.0
360,BLANMG,2,120L,-24,55.4
360,BLANMG,2,120L,-23,58.4
360,BLANMG,2,120L,-22,64.3
360,BLANMG,2,120L,-21,67.7
360,BLANMG,2,120L,-20,74.1
360,BLANMG,2,120L,-19,77.3
360,BLANMG,2,120L,-18,84.6
360,BLANMG,2,120L,-17,90.2
360,BLANMG,2,120L,-16,95.2
360,BLANMG,2,120L,-15,98.5
360,BLANMG,2,120L,-14,4.5
360,BLANMG,2,120L,-13,11.0
360,BLANMG,2,120L,-12,15.0
360,BLANMG,2,120L,-11,20.0
360,BLANMG,2,120L,-10,28.4
360,BLANMG,2,120L,-9,29.3
360,BLANMG,2,120L,-8,37.5
360,BLANMG,2,120L,-7,39.3
360,BLANMG,2,120L,-6,47.1
360,BLANMG,2,120L,-5,52.4
360,BLANMG,2,120L,-4,55.7
360,BLANMG,2,120L,-3,59.7
360,BLANMG,2,120L,-2,63.8
360,BLANMG,2,120L,-1,70.9
360,BLANMG,2,120L,0,77.8
361,GPB5EF,2,240L,-29,34.2
361,GPB5EF,2,240L,-28,37.8
361,GPB5EF,2,240L,-27,45.7
361,GPB5EF,2,240L,-26,50.4
361,GPB5EF,2,240L,-25,58.0
361,GPB5EF,2,240L,-24,63.4
361,GPB5EF,2,240L,-23,68.4
361,GPB5EF,2,240L,-22,75.3
361,GPB5EF,2,240L,-21,80.9
361,GPB5EF,2,240L,-20,86.4
361,GPB5EF,2,240L,-19,96.0
361,GPB5EF,2,240L,-18,0.0
361,GPB5EF,2,240L,-17,3.1
361,GPB5EF,2,240L,-16,11.5
361,GPB5EF,2,240L,-15,19.9
361,GPB5EF,2,240L,-14,23.4
361,GPB5EF,2,240L,-13,32.8
361,GPB5EF,2,240L,-12,35.3
361,GPB5EF,2,240L,-11,43.4
361,GPB5EF,2,240L,-10,50.2
361,GPB5EF,2,240L,-9,55.4
361,GPB5EF,2,240L,-8,58.7
361,GPB5EF,2,240L,-7,65.4
361,GPB5EF,2,240L,-6,74.6
361,GPB5EF,2,240L,-5,77.6
361,GPB5EF,2,240L,-4,86.3
361,GPB5EF,2,240L,-3,90.3
361,GPB5EF,2,240L,-2,97.1
361,GPB5EF,2,240L,-1,0.9
361,GPB5EF,2,240L,0,8.1
362,GEUSVG,2,120L,-29,81.8
362,GEUSVG,2,120L,-28,86.6
362,GEUSVG,2,120L,-27,89.5
362,GEUSVG,2,120L,-26,93.1
362,GEUSVG,2,120L,-25,99.0
362,GEUSVG,2,120L,-24,1.4
362,GEUSVG,2,120L,-23,8.8
362,GEUSVG,2,120L,-22,11.3
362,GEUSVG,2,120L,-21,15.2
362,GEUSVG,2,120L,-20,20.7
362,GEUSVG,2,120L,-19,24.1
362,GEUSVG,2,120L,-18,26.0
362,GEUSVG,2,120L,-17,31.1
362,GEUSVG,2,120L,-16,38.6
362,GEUSVG,2,120L,-15,41.3
362,GEUSVG,2,120L,-14,43.0
362,GEUSVG,2,120L,-13,50.3
362,GEUSVG,2,120L,-12,53.1
362,GEUSVG,2,120L,-11,56.9
362,GEUSVG,2,120L,-10,60.8
362,GEUSVG,2,120L,-9,68.2
362,GEUSVG,2,120L,-8,68.0
362,GEUSVG,2,120L,-7,74.0
362,GEUSVG,2,120L,-6,79.7
362,GEUSVG,2,120L,-5,86.1
362,GEUSVG,2,120L,-4,88.8
362,GEUSVG,2,120L,-3,91.0
362,GEUSVG,2,120L,-2,98.8
362,GEUSVG,2,120L,-1,0.0
362,GEUSVG,2,120L,0,5.4
363,JQ7I,2,120L,-29,15.0
363,JQ7I,2,120L,-28,21.3
363,JQ7I,2,120L,-27,23.4
363,JQ7I,2,120L,-26,29.1
363,JQ7I,2,120L,-25,29.2
363,JQ7I,2,120L,-24,36.4
363,JQ7I,2,120L,-23,39.2
363,JQ7I,2,120L,-22,45.5
363,JQ7I,2,120L,-21,47.6
363,JQ7I,2,120L,-20,53.5
363,JQ7I,2,120L,-19,56.3
363,JQ7I,2,120L,-18,59.2
363,JQ7I,2,120L,-17,64.5
363,JQ7I,2,120L,-16,68.5
363,JQ7I,2,120L,-15,71.9
363,JQ7I,2,120L,-14,71.7
363,JQ7I,2,120L,-13,77.6
363,JQ7I,2,120L,-12,85.0
363,JQ7I,2,120L,-11,85.0
363,JQ7I,2,120L,-10,92.1
363,JQ7I,2,120L,-9,95.8
363,JQ7I,2,120L,-8,97.5
363,JQ7I,2,120L,-7,0.0
363,JQ7I,2,120L,-6,5.6
363,JQ7I,2,120L,-5,13.5
363,JQ7I,2,120L,-4,13.0
363,JQ7I,2,120L,-3,17.0
363,JQ7I,2,120L,-2,20.7
363,JQ7I,2,120L,-1,27.9
363,JQ7I,2,120L,0,29.6
364,AETM2M,2,120L,-29,76.3
364,AETM2M,2,120L,-28,77.2
364,AETM2M,2,120L,-27,79.9
364,AETM2M,2,120L,-26,86.7
364,AETM2M,2,120L,-25,88.1
364,AETM2M,2,120L,-24,88.9
364,AETM2M,2,120L,-23,91.7
364,AETM2M,2,120L,-22,95.9
364,AETM2M,2,120L,-21,0.0
364,AETM2M,2,120L,-20,0.8
364,AETM2M,2,120L,-19,5.4
364,AETM2M,2,120L,-18,8.8
364,AETM2M,2,120L,-17,12.6
364,AETM2M,2,120L,-16,19.0
364,AETM2M,2,120L,-15,19.3
364,AETM2M,2,120L,-14,22.6
364,AETM2M,2,120L,-13,26.7
364,AETM2M,2,120L,-12,28.8
364,AETM2M,2,120L,-11,32.9
364,AETM2M,2,120L,-10,35.9
364,AETM2M,2,120L,-9,38.8
364,AETM2M,2,120L,-8,45.9
364,AETM2M,2,120L,-7,46.3
364,AETM2M,2,120L,-6,46.4
364,AETM2M,2,120L,-5,51.8
364,AETM2M,2,120L,-4,53.2
364,AETM2M,2,120L,-3,58.2
364,AETM2M,2,120L,-2,58.6
364,AETM2M,2,120L,-1,62.2
364,AETM2M,2,120L,0,67.5
365,TKPOGB,2,120L,-29,8.2
365,TKPOGB,2,120L,-28,13.5
365,TKPOGB,2,120L,-27,17.5
365,TKPOGB,2,120L,-26,21.9
365,TKPOGB,2,120L,-25,25.7
365,TKPOGB,2,120L,-24,32.4
365,TKPOGB,2,120L,-23,37.4
365,TKPOGB,2,120L,-22,40.5
365,TKPOGB,2,120L,-21,45.2
365,TKPOGB,2,120L,-20,52.5
365,TKPOGB,2,120L,-19,54.8
365,TKPOGB,2,120L,-18,59.7
365,TKPOGB,2,120L,-17,65.1
365,TKPOGB,2,120L,-16,69.0
365,TKPOGB,2,120L,-15,72.6
365,TKPOGB,2,120L,-14,79.2
365,TKPOGB,2,120L,-13,83.3
365,TKPOGB,2,120L,-12,90.8
365,TKPOGB,2,120L,-11,94.0
365,TKPOGB,2,120L,-10,96.7
365,TKPOGB,2,120L,-9,3.4
365,TKPOGB,2,120L,-8,7.5
365,TKPOGB,2,120L,-7,13.8
365,TKPOGB,2,120L,-6,15.8
365,TKPOGB,2,120L,-5,21.6
365,TKPOGB,2,120L,-4,25.9
365,TKPOGB,2,120L,-3,30.9
365,TKPOGB,2,120L,-2,34.2
365,TKPOGB,2,120L,-1,41.1
365,TKPOGB,2,120L,0,45.6
366,X5LVA3,2,120L,-29,50.1
366,X5LVA3,2,120L,-28,57.0
366,X5LVA3,2,120L,-27,59.8
366,X5LVA3,2,120L,-26,67.8
366,X5LVA3,2,120L,-25,72.9
366,X5LVA3,2,120L,-24,78.3
366,X5LVA3,2,120L,-23,82.1
366,X5LVA3,2,120L,-22,86.0
366,X5LVA3,2,120L,-21,92.0
366,X5LVA3,2,120L,-20,97.6
366,X5LVA3,2,120L,-19,1.3
366,X5LVA3,2,120L,-18,9.3
366,X5LVA3,2,120L,-17,13.3
366,X5LVA3,2,120L,-16,16.3
366,X5LVA3,2,120L,-15,25.6
366,X5LVA3,2,120L,-14,28.1
366,X5LVA3,2,120L,-13,31.4
366,X5LVA3,2,120L,-12,37.0
366,X5LVA3,2,120L,-11,45.6
366,X5LVA3,2,120L,-10,51.3
366,X5LVA3,2,120L,-9,55.2
366,X5LVA3,2,120L,-8,60.8
366,X5LVA3,2,120L,-7,65.8
366,X5LVA3,2,120L,-6,69.9
366,X5LVA3,2,120L,-5,74.8
366,X5LVA3,2,120L,-4,80.2
366,X5LVA3,2,120L,-3,85.7
366,X5LVA3,2,120L,-2,88.6
366,X5LVA3,2,120L,-1,95.9
366,X5LVA3,2,120L,0,2.2
367,KZ5MXH,2,120L,-29,7.3
367,KZ5MXH,2,120L,-28,13.8
367,KZ5MXH,2,120L,-27,17.5
367,KZ5MXH,2,120L,-26,21.8
367,KZ5MXH,2,120L,-25,30.9
367,KZ5MXH,2,120L,-24,33.8
367,KZ5MXH,2,120L,-23,39.9
367,KZ5MXH,2,120L,-22,44.3
367,KZ5MXH,2,120L,-21,52.5
367,KZ5MXH,2,120L,-20,57.2
367,KZ5MXH,2,120L,-19,60.9
367,KZ5MXH,2,120L,-18,64.9
367,KZ5MXH,2,120L,-17,71.5
367,KZ5MXH,2,120L,-16,78.2
367,KZ5MXH,2,120L,-15,83.0
367,KZ5MXH,2,120L,-14,88.2
367,KZ5MXH,2,120L,-13,93.7
367,KZ5MXH,2,120L,-12,99.9
367,KZ5MXH,2,120L,-11,4.1
367,KZ5MXH,2,120L,-10,10.1
367,KZ5MXH,2,120L,-9,13.3
367,KZ5MXH,2,120L,-8,24.0
367,KZ5MXH,2,120L,-7,25.1
367,KZ5MXH,2,120L,-6,31.2
367,KZ5MXH,2,120L,-5,37.1
367,KZ5MXH,2,120L,-4,41.0
367,KZ5MXH,2,120L,-3,47.0
367,KZ5MXH,2,120L,-2,52.3
367,KZ5MXH,2,120L,-1,56.3
367,KZ5MXH,2,120L,0,63.7
368,BUF4AK,2,120L,-29,40.4
368,BUF4AK,2,120L,-28,43.9
368,BUF4AK,2,120L,-27,44.0
368,BUF4AK,2,120L,-26,49.2
368,BUF4AK,2,120L,-25,56.2
368,BUF4AK,2,120L,-24,64.0
368,BUF4AK,2,120L,-23,63.3
368,BUF4AK,2,120L,-22,66.8
368,BUF4AK,2,120L,-21,69.7
368,BUF4AK,2,120L,-20,71.4
368,BUF4AK,2,120L,-19,77.9
368,BUF4AK,2,120L,-18,78.4
368,BUF4AK,2,120L,-17,82.0
368,BUF4AK,2,120L,-16,85.6
368,BUF4AK,2,120L,-15,92.7
368,BUF4AK,2,120L,-14,94.9
368,BUF4AK,2,120L,-13,98.8
368,BUF4AK,2,120L,-12,2.4
368,BUF4AK,2,120L,-11,4.4
368,BUF4AK,2,120L,-10,8.8
368,BUF4AK,2,120L,-9,12.6
368,BUF4AK,2,120L,-8,15.2
368,BUF4AK,2,120L,-7,20.2
368,BUF4AK,2,120L,-6,23.1
368,BUF4AK,2,120L,-5,29.3
368,BUF4AK,2,120L,-4,33.1
368,BUF4AK,2,120L,-3,33.9
368,BUF4AK,2,120L,-2,39.1
368,BUF4AK,2,120L,-1,46.1
368,BUF4AK,2,120L,0,45.5
369,GWASFK,2,120L,-29,75.9
369,GWASFK,2,120L,-28,82.8
369,GWASFK,2,120L,-27,87.0
369,GWASFK,2,120L,-26,91.3
369,GWASFK,2,120L,-25,97.4
369,GWASFK,2,120L,-24,2.8
369,GWASFK,2,120L,-23,7.9
369,GWASFK,2,120L,-22,11.5
369,GWASFK,2,120L,-21,20.7
369,GWASFK,2,120L,-20,25.8
369,GWASFK,2,120L,-19,28.1
369,GWASFK,2,120L,-18,34.6
369,GWASFK,2,120L,-17,40.1
369,GWASFK,2,120L,-16,44.1
369,GWASFK,2,120L,-15,48.4
369,GWASFK,2,120L,-14,55.6
369,GWASFK,2,120L,-13,61.4
369,GWASFK,2,120L,-12,65.2
369,GWASFK,2,120L,-11,73.0
369,GWASFK,2,120L,-10,79.9
369,GWASFK,2,120L,-9,84.8
369,GWASFK,2,120L,-8,88.7
369,GWASFK,2,120L,-7,91.5
369,GWASFK,2,120L,-6,100.0
369,GWASFK,2,120L,-5,5.3
369,GWASFK,2,120L,-4,11.1
369,GWASFK,2,120L,-3,18.7
369,GWASFK,2,120L,-2,20.0
369,GWASFK,2,120L,-1,22.3
369,GWASFK,2,120L,0,30.4
370,VMOKD2,2,1.100L,-29,35.3
370,VMOKD2,2,1.100L,-28,43.9
370,VMOKD2,2,1.100L,-27,54.4
370,VMOKD2,2,1.100L,-26,62.0
370,VMOKD2,2,1.100L,-25,73.6
370,VMOKD2,2,1.100L,-24,81.1
370,VMOKD2,2,1.100L,-23,89.7
370,VMOKD2,2,1.100L,-22,98.4
370,VMOKD2,2,1.100L,-21,8.9
370,VMOKD2,2,1.100L,-20,17.5
370,VMOKD2,2,1.100L,-19,26.7
370,VMOKD2,2,1.100L,-18,35.6
370,VMOKD2,2,1.100L,-17,44.1
370,VMOKD2,2,1.100L,-16,51.6
370,VMOKD2,2,1.100L,-15,61.0
370,VMOKD2,2,1.100L,-14,70.4
370,VMOKD2,2,1.100L,-13,83.0
370,VMOKD2,2,1.100L,-12,86.8
370,VMOKD2,2,1.100L,-11,97.2
370,VMOKD2,2,1.100L,-10,6.9
370,VMOKD2,2,1.100L,-9,15.2
370,VMOKD2,2,1.100L,-8,26.2
370,VMOKD2,2,1.100L,-7,33.0
370,VMOKD2,2,1.100L,-6,42.1
370,VMOKD2,2,1.100L,-5,52.6
370,VMOKD2,2,1.100L,-4,63.0
370,VMOKD2,2,1.100L,-3,71.3
370,VMOKD2,2,1.100L,-2,77.9
370,VMOKD2,2,1.100L,-1,87.0
370,VMOKD2,2,1.100L,0,96.1
371,AKGA,2,120L,-29,20.1
371,AKGA,2,120L,-28,28.1
371,AKGA,2,120L,-27,32.3
371,AKGA,2,120L,-26,37.2
371,AKGA,2,120L,-25,40.6
371,AKGA,2,120L,-24,47.9
371,AKGA,2,120L,-23,50.3
371,AKGA,2,120L,-22,57.6
371,AKGA,2,120L,-21,62.9
371,AKGA,2,120L,-20,69.5
371,AKGA,2,120L,-19,77.2
371,AKGA,2,120L,-18,80.5
371,AKGA,2,120L,-17,87.1
371,AKGA,2,120L,-16,91.2
371,AKGA,2,120L,-15,97.2
371,AKGA,2,120L,-14,3.6
371,AKGA,2,120L,-13,5.0
371,AKGA,2,120L,-12,10.2
371,AKGA,2,120L,-11,17.7
371,AKGA,2,120L,-10,22.0
371,AKGA,2,120L,-9,27.7
371,AKGA,2,120L,-8,32.2
371,AKGA,2,120L,-7,37.0
371,AKGA,2,120L,-6,45.6
371,AKGA,2,120L,-5,46.9
371,AKGA,2,120L,-4,54.8
371,AKGA,2,120L,-3,59.9
371,AKGA,2,120L,-2,62.0
371,AKGA,2,120L,-1,68.5
371,AKGA,2,120L,0,74.0
372,EA3A,2,120L,-29,35.9
372,EA3A,2,120L,-28,38.8
372,EA3A,2,120L,-27,49.5
372,EA3A,2,120L,-26,51.1
372,EA3A,2,120L,-25,56.7
372,EA3A,2,120L,-24,60.2
372,EA3A,2,120L,-23,65.0
372,EA3A,2,120L,-22,73.9
372,EA3A,2,120L,-21,73.1
372,EA3A,2,120L,-20,81.4
372,EA3A,2,120L,-19,84.2
372,EA3A,2,120L,-18,90.4
372,EA3A,2,120L,-17,95.0
372,EA3A,2,120L,-16,0.0
372,EA3A,2,120L,-15,6.0
372,EA3A,2,120L,-14,7.1
372,EA3A,2,120L,-13,15.5
372,EA3A,2,120L,-12,20.9
372,EA3A,2,120L,-11,24.0
372,EA3A,2,120L,-10,33.3
372,EA3A,2,120L,-9,35.1
372,EA3A,2,120L,-8,40.6
372,EA3A,2,120L,-7,45.1
372,EA3A,2,120L,-6,50.9
372,EA3A,2,120L,-5,58.0
372,EA3A,2,120L,-4,64.7
372,EA3A,2,120L,-3,67.1
372,EA3A,2,120L,-2,72.6
372,EA3A,2,120L,-1,78.6
372,EA3A,2,120L,0,81.4
373,ZBQW67,2,120L,-29,68.1
373,ZBQW67,2,120L,-28,71.5
373,ZBQW67,2,120L,-27,76.1
373,ZBQW67,2,120L,-26,77.2
373,ZBQW67,2,120L,-25,84.7
373,ZBQW67,2,120L,-24,86.3
373,ZBQW67,2,120L,-23,90.5
373,ZBQW67,2,120L,-22,97.6
373,ZBQW67,2,120L,-21,0.0
373,ZBQW67,2,120L,-20,6.0
373,ZBQW67,2,120L,-19,10.6
373,ZBQW67,2,120L,-18,15.0
373,ZBQW67,2,120L,-17,17.7
373,ZBQW67,2,120L,-16,24.8
373,ZBQW67,2,120L,-15,27.6
373,ZBQW67,2,120L,-14,32.8
373,ZBQW67,2,120L,-13,34.7
373,ZBQW67,2,120L,-12,40.5
373,ZBQW67,2,120L,-11,46.8
373,ZBQW67,2,120L,-10,51.0
373,ZBQW67,2,120L,-9,52.7
373,ZBQW67,2,120L,-8,57.4
373,ZBQW67,2,120L,-7,61.1
373,ZBQW67,2,120L,-6,65.9
373,ZBQW67,2,120L,-5,69.2
373,ZBQW67,2,120L,-4,75.4
373,ZBQW67,2,120L,-3,80.9
373,ZBQW67,2,120L,-2,83.1
373,ZBQW67,2,120L,-1,88.5
373,ZBQW67,2,120L,0,92.7
374,XKR4,2,120L,-29,24.4
374,XKR4,2,120L,-28,27.2
374,XKR4,2,120L,-27,30.0
374,XKR4,2,120L,-26,35.8
374,XKR4,2,120L,-25,38.1
374,XKR4,2,120L,-24,41.6
374,XKR4,2,120L,-23,46.7
374,XKR4,2,120L,-22,50.1
374,XKR4,2,120L,-21,48.9
374,XKR4,2,120L,-20,55.6
374,XKR4,2,120L,-19,58.2
374,XKR4,2,120L,-18,60.5
374,XKR4,2,120L,-17,64.9
374,XKR4,2,120L,-16,65.1
374,XKR4,2,120L,-15,73.2
374,XKR4,2,120L,-14,75.0
374,XKR4,2,120L,-13,76.2
374,XKR4,2,120L,-12,79.9
374,XKR4,2,120L,-11,81.5
374,XKR4,2,120L,-10,86.8
374,XKR4,2,120L,-9,89.9
374,XKR4,2,120L,-8,91.9
374,XKR4,2,120L,-7,98.3
374,XKR4,2,120L,-6,2.3
374,XKR4,2,120L,-5,3.6
374,XKR4,2,120L,-4,6.5
374,XKR4,2,120L,-3,10.8
374,XKR4,2,120L,-2,13.4
374,XKR4,2,120L,-1,15.1
374,XKR4,2,120L,0,19.0
375,IIJR,2,120L,-29,80.3
375,IIJR,2,120L,-28,85.6
375,IIJR,2,120L,-27,91.5
375,IIJR,2,120L,-26,94.6
375,IIJR,2,120L,-25,3.5
375,IIJR,2,120L,-24,8.2
375,IIJR,2,120L,-23,17.7
375,IIJR,2,120L,-22,18.9
375,IIJR,2,120L,-21,25.7
375,IIJR,2,120L,-20,35.1
375,IIJR,2,120L,-19,36.8
375,IIJR,2,120L,-18,42.0
375,IIJR,2,120L,-17,46.3
375,IIJR,2,120L,-16,55.8
375,IIJR,2,120L,-15,57.4
375,IIJR,2,120L,-14,65.4
375,IIJR,2,120L,-13,69.7
375,IIJR,2,120L,-12,75.8
375,IIJR,2,120L,-11,79.6
375,IIJR,2,120L,-10,89.4
375,IIJR,2,120L,-9,92.7
375,IIJR,2,120L,-8,96.9
375,IIJR,2,120L,-7,6.3
375,IIJR,2,120L,-6,9.3
375,IIJR,2,120L,-5,16.2
375,IIJR,2,120L,-4,22.6
375,IIJR,2,120L,-3,27.7
375,IIJR,2,120L,-2,29.4
375,IIJR,2,120L,-1,39.4
375,IIJR,2,120L,0,43.8
376,TSFP,2,120L,-29,94.9
376,TSFP,2,120L,-28,1.5
376,TSFP,2,120L,-27,3.1
376,TSFP,2,120L,-26,8.6
376,TSFP,2,120L,-25,13.2
376,TSFP,2,120L,-24,18.5
376,TSFP,2,120L,-23,19.6
376,TSFP,2,120L,-22,26.9
376,TSFP,2,120L,-21,30.1
376,TSFP,2,120L,-20,32.0
376,TSFP,2,120L,-19,34.9
376,TSFP,2,120L,-18,38.3
376,TSFP,2,120L,-17,44.8
376,TSFP,2,120L,-16,47.2
376,TSFP,2,120L,-15,54.0
376,TSFP,2,120L,-14,55.1
376,TSFP,2,120L,-13,58.7
376,TSFP,2,120L,-12,64.3
376,TSFP,2,120L,-11,66.9
376,TSFP,2,120L,-10,71.8
376,TSFP,2,120L,-9,77.2
376,TSFP,2,120L,-8,79.8
376,TSFP,2,120L,-7,83.7
376,TSFP,2,120L,-6,87.8
376,TSFP,2,120L,-5,88.9
376,TSFP,2,120L,-4,95.9
376,TSFP,2,120L,-3,99.5
376,TSFP,2,120L,-2,4.5
376,TSFP,2,120L,-1,8.0
376,TSFP,2,120L,0,10.7
377,TXASO3,2,120L,-29,33.4
377,TXASO3,2,120L,-28,37.8
377,TXASO3,2,120L,-27,40.6
377,TXASO3,2,120L,-26,45.3
377,TXASO3,2,120L,-25,47.7
377,TXASO3,2,120L,-24,54.3
377,TXASO3,2,120L,-23,58.4
377,TXASO3,2,120L,-22,60.3
377,TXASO3,2,120L,-21,64.9
377,TXASO3,2,120L,-20,63.9
377,TXASO3,2,120L,-19,67.6
377,TXASO3,2,120L,-18,72.9
377,TXASO3,2,120L,-17,77.0
377,TXASO3,2,120L,-16,80.2
377,TXASO3,2,120L,-15,81.7
377,TXASO3,2,120L,-14,89.5
377,TXASO3,2,120L,-13,94.5
377,TXASO3,2,120L,-12,96.8
377,TXASO3,2,120L,-11,100.0
377,TXASO3,2,120L,-10,2.4
377,TXASO3,2,120L,-9,4.4
377,TXASO3,2,120L,-8,9.4
377,TXASO3,2,120L,-7,16.0
377,TXASO3,2,120L,-6,15.9
377,TXASO3,2,120L,-5,19.4
377,TXASO3,2,120L,-4,25.3
377,TXASO3,2,120L,-3,29.0
377,TXASO3,2,120L,-2,29.5
377,TXASO3,2,120L,-1,34.0
377,TXASO3,2,120L,0,37.2
378,X2NJ,2,120L,-29,1.7
378,X2NJ,2,120L,-28,8.7
378,X2NJ,2,120L,-27,11.3
378,X2NJ,2,120L,-26,18.8
378,X2NJ,2,120L,-25,19.9
378,X2NJ,2,120L,-24,23.4
378,X2NJ,2,120L,-23,28.6
378,X2NJ,2,120L,-22,31.4
378,X2NJ,2,120L,-21,33.3
378,X2NJ,2,120L,-20,39.8
378,X2NJ,2,120L,-19,43.9
378,X2NJ,2,120L,-18,46.1
378,X2NJ,2,120L,-17,52.5
378,X2NJ,2,120L,-16,53.6
378,X2NJ,2,120L,-15,60.3
378,X2NJ,2,120L,-14,65.4
378,X2NJ,2,120L,-13,69.3
378,X2NJ,2,120L,-12,72.7
378,X2NJ,2,120L,-11,77.3
378,X2NJ,2,120L,-10,80.4
378,X2NJ,2,120L,-9,85.7
378,X2NJ,2,120L,-8,90.0
378,X2NJ,2,120L,-7,92.7
378,X2NJ,2,120L,-6,98.5
378,X2NJ,2,120L,-5,2.7
378,X2NJ,2,120L,-4,6.2
378,X2NJ,2,120L,-3,14.2
378,X2NJ,2,120L,-2,14.5
378,X2NJ,2,120L,-1,18.4
378,X2NJ,2,120L,0,22.4
379,YHSC,2,120L,-29,85.3
379,YHSC,2,120L,-28,88.3
379,YHSC,2,120L,-27,93.5
379,YHSC,2,120L,-26,98.6
379,YHSC,2,120L,-25,2.9
379,YHSC,2,120L,-24,6.8
379,YHSC,2,120L,-23,13.8
379,YHSC,2,120L,-22,20.8
379,YHSC,2,120L,-21,24.8
379,YHSC,2,120L,-20,31.9
379,YHSC,2,120L,-19,35.7
379,YHSC,2,120L,-18,40.4
379,YHSC,2,120L,-17,47.4
379,YHSC,2,120L,-16,49.5
379,YHSC,2,120L,-15,54.7
379,YHSC,2,120L,-14,59.6
379,YHSC,2,120L,-13,67.0
379,YHSC,2,120L,-12,69.7
379,YHSC,2,120L,-11,73.8
379,YHSC,2,120L,-10,80.6
379,YHSC,2,120L,-9,83.6
379,YHSC,2,120L,-8,90.6
379,YHSC,2,120L,-7,95.5
379,YHSC,2,120L,-6,99.6
379,YHSC,2,120L,-5,5.7
379,YHSC,2,120L,-4,7.7
379,YHSC,2,120L,-3,15.2
379,YHSC,2,120L,-2,19.3
379,YHSC,2,120L,-1,29.3
379,YHSC,2,120L,0,30.2
380,F7J4,2,120L,-29,70.4
380,F7J4,2,120L,-28,73.4
380,F7J4,2,120L,-27,78.2
380,F7J4,2,120L,-26,85.3
380,F7J4,2,120L,-25,91.3
380,F7J4,2,120L,-24,96.7
380,F7J4,2,120L,-23,1.3
380,F7J4,2,120L,-22,6.9
380,F7J4,2,120L,-21,12.5
380,F7J4,2,120L,-20,18.2
380,F7J4,2,120L,-19,23.8
380,F7J4,2,120L,-18,30.2
380,F7J4,2,120L,-17,34.1
380,F7J4,2,120L,-16,38.3
380,F7J4,2,120L,-15,44.8
380,F7J4,2,120L,-14,51.6
380,F7J4,2,120L,-13,53.2
380,F7J4,2,120L,-12,58.7
380,F7J4,2,120L,-11,68.2
380,F7J4,2,120L,-10,74.6
380,F7J4,2,120L,-9,75.9
380,F7J4,2,120L,-8,83.4
380,F7J4,2,120L,-7,88.1
380,F7J4,2,120L,-6,93.8
380,F7J4,2,120L,-5,100.0
380,F7J4,2,120L,-4,3.2
380,F7J4,2,120L,-3,8.9
380,F7J4,2,120L,-2,15.6
380,F7J4,2,120L,-1,21.3
380,F7J4,2,120L,0,25.3
381,LD6EBW,2,120L,-29,59.6
381,LD6EBW,2,120L,-28,63.9
381,LD6EBW,2,120L,-27,69.3
381,LD6EBW,2,120L,-26,73.1
381,LD6EBW,2,120L,-25,78.8
381,LD6EBW,2,120L,-24,80.5
381,LD6EBW,2,120L,-23,84.2
381,LD6EBW,2,120L,-22,90.1
381,LD6EBW,2,120L,-21,95.0
381,LD6EBW,2,120L,-20,97.4
381,LD6EBW,2,120L,-19,1.5
381,LD6EBW,2,120L,-18,8.2
381,LD6EBW,2,120L,-17,11.1
381,LD6EBW,2,120L,-16,14.4
381,LD6EBW,2,120L,-15,22.4
381,LD6EBW,2,120L,-14,24.3
381,LD6EBW,2,120L,-13,31.4
381,LD6EBW,2,120L,-12,34.0
381,LD6EBW,2,120L,-11,38.7
381,LD6EBW,2,120L,-10,42.3
381,LD6EBW,2,120L,-9,43.0
381,LD6EBW,2,120L,-8,49.6
381,LD6EBW,2,120L,-7,55.5
381,LD6EBW,2,120L,-6,60.5
381,LD6EBW,2,120L,-5,61.6
381,LD6EBW,2,120L,-4,68.6
381,LD6EBW,2,120L,-3,71.3
381,LD6EBW,2,120L,-2,77.7
381,LD6EBW,2,120L,-1,81.6
381,LD6EBW,2,120L,0,87.1
382,FU5H,2,120L,-29,35.7
382,FU5H,2,120L,-28,39.4
382,FU5H,2,120L,-27,49.7
382,FU5H,2,120L,-26,49.1
382,FU5H,2,120L,-25,55.6
382,FU5H,2,120L,-24,63.3
382,FU5H,2,120L,-23,68.6
382,FU5H,2,120L,-22,73.7
382,FU5H,2,120L,-21,79.5
382,FU5H,2,120L,-20,80.8
382,FU5H,2,120L,-19,91.8
382,FU5H,2,120L,-18,94.6
382,FU5H,2,120L,-17,2.3
382,FU5H,2,120L,-16,2.9
382,FU5H,2,120L,-15,11.8
382,FU5H,2,120L,-14,16.1
382,FU5H,2,120L,-13,23.3
382,FU5H,2,120L,-12,28.4
382,FU5H,2,120L,-11,34.0
382,FU5H,2,120L,-10,37.4
382,FU5H,2,120L,-9,44.4
382,FU5H,2,120L,-8,49.7
382,FU5H,2,120L,-7,56.2
382,FU5H,2,120L,-6,62.5
382,FU5H,2,120L,-5,66.7
382,FU5H,2,120L,-4,70.1
382,FU5H,2,120L,-3,77.7
382,FU5H,2,120L,-2,86.9
382,FU5H,2,120L,-1,91.0
382,FU5H,2,120L,0,89.5
383,GODE,2,120L,-29,3.8
383,GODE,2,120L,-28,7.8
383,GODE,2,120L,-27,13.0
383,GODE,2,120L,-26,19.0
383,GODE,2,120L,-25,25.8
383,GODE,2,120L,-24,28.9
383,GODE,2,120L,-23,38.1
383,GODE,2,120L,-22,41.8
383,GODE,2,120L,-21,46.2
383,GODE,2,120L,-20,54.9
383,GODE,2,120L,-19,56.5
383,GODE,2,120L,-18,63.6
383,GODE,2,120L,-17,69.3
383,GODE,2,120L,-16,79.0
383,GODE,2,120L,-15,80.4
383,GODE,2,120L,-14,83.8
383,GODE,2,120L,-13,91.8
383,GODE,2,120L,-12,99.0
383,GODE,2,120L,-11,5.1
383,GODE,2,120L,-10,13.0
383,GODE,2,120L,-9,17.4
383,GODE,2,120L,-8,21.2
383,GODE,2,120L,-7,25.2
383,GODE,2,120L,-6,34.6
383,GODE,2,120L,-5,37.2
383,GODE,2,120L,-4,42.5
383,GODE,2,120L,-3,48.5
383,GODE,2,120L,-2,52.8
383,GODE,2,120L,-1,59.7
383,GODE,2,120L,0,65.7
384,F64N,2,120L,-29,18.3
384,F64N,2,120L,-28,21.3
384,F64N,2,120L,-27,27.6
384,F64N,2,120L,-26,30.9
384,F64N,2,120L,-25,33.5
384,F64N,2,120L,-24,37.2
384,F64N,2,120L,-23,42.0
384,F64N,2,120L,-22,47.1
384,F64N,2,120L,-21,47.4
384,F64N,2,120L,-20,52.2
384,F64N,2,120L,-19,57.1
384,F64N,2,120L,-18,58.0
384,F64N,2,120L,-17,62.7
384,F64N,2,120L,-16,66.2
384,F64N,2,120L,-15,67.8
384,F64N,2,120L,-14,73.6
384,F64N,2,120L,-13,77.0
384,F64N,2,120L,-12,81.3
384,F64N,2,120L,-11,82.2
384,F64N,2,120L,-10,87.6
384,F64N,2,120L,-9,93.2
384,F64N,2,120L,-8,97.7
384,F64N,2,120L,-7,100.0
384,F64N,2,120L,-6,0.0
384,F64N,2,120L,-5,5.9
384,F64N,2,120L,-4,8.1
384,F64N,2,120L,-3,12.8
384,F64N,2,120L,-2,14.7
384,F64N,2,120L,-1,16.9
384,F64N,2,120L,0,22.5
385,RRX4RQ,2,120L,-29,14.4
385,RRX4RQ,2,120L,-28,18.2
385,RRX4RQ,2,120L,-27,21.6
385,RRX4RQ,2,120L,-26,25.5
385,RRX4RQ,2,120L,-25,29.3
385,RRX4RQ,2,120L,-24,31.7
385,RRX4RQ,2,120L,-23,35.9
385,RRX4RQ,2,120L,-22,42.0
385,RRX4RQ,2,120L,-21,43.2
385,RRX4RQ,2,120L,-20,46.7
385,RRX4RQ,2,120L,-19,50.4
385,RRX4RQ,2,120L,-18,53.5
385,RRX4RQ,2,120L,-17,56.8
385,RRX4RQ,2,120L,-16,61.4
385,RRX4RQ,2,120L,-15,63.9
385,RRX4RQ,2,120L,-14,68.1
385,RRX4RQ,2,120L,-13,70.7
385,RRX4RQ,2,120L,-12,75.7
385,RRX4RQ,2,120L,-11,80.1
385,RRX4RQ,2,120L,-10,82.5
385,RRX4RQ,2,120L,-9,83.4
385,RRX4RQ,2,120L,-8,90.9
385,RRX4RQ,2,120L,-7,93.8
385,RRX4RQ,2,120L,-6,95.8
385,RRX4RQ,2,120L,-5,2.1
385,RRX4RQ,2,120L,-4,2.4
385,RRX4RQ,2,120L,-3,9.7
385,RRX4RQ,2,120L,-2,11.7
385,RRX4RQ,2,120L,-1,12.0
385,RRX4RQ,2,120L,0,19.3
386,54YS,2,120L,-29,53.5
386,54YS,2,120L,-28,59.1
386,54YS,2,120L,-27,63.2
386,54YS,2,120L,-26,65.7
386,54YS,2,120L,-25,75.1
386,54YS,2,120L,-24,77.4
386,54YS,2,120L,-23,81.3
386,54YS,2,120L,-22,85.4
386,54YS,2,120L,-21,92.9
386,54YS,2,120L,-20,94.4
386,54YS,2,120L,-19,1.2
386,54YS,2,120L,-18,4.7
386,54YS,2,120L,-17,9.4
386,54YS,2,120L,-16,13.2
386,54YS,2,120L,-15,18.6
386,54YS,2,120L,-14,24.1
386,54YS,2,120L,-13,29.1
386,54YS,2,120L,-12,32.2
386,54YS,2,120L,-11,37.9
386,54YS,2,120L,-10,44.0
386,54YS,2,120L,-9,44.8
386,54YS,2,120L,-8,51.9
386,54YS,2,120L,-7,55.1
386,54YS,2,120L,-6,59.6
386,54YS,2,120L,-5,66.2
386,54YS,2,120L,-4,69.6
386,54YS,2,120L,-3,73.3
386,54YS,2,120L,-2,81.7
386,54YS,2,120L,-1,85.7
386,54YS,2,120L,0,86.1
387,227VKI,2,120L,-29,36.1
387,227VKI,2,120L,-28,38.5
387,227VKI,2,120L,-27,44.8
387,227VKI,2,120L,-26,47.1
387,227VKI,2,120L,-25,50.3
387,227VKI,2,120L,-24,51.9
387,227VKI,2,120L,-23,57.9
387,227VKI,2,120L,-22,58.9
387,227VKI,2,120L,-21,66.4
387,227VKI,2,120L,-20,68.7
387,227VKI,2,120L,-19,70.5
387,227VKI,2,120L,-18,76.6
387,227VKI,2,120L,-17,82.4
387,227VKI,2,120L,-16,82.3
387,227VKI,2,120L,-15,87.1
387,227VKI,2,120L,-14,89.3
387,227VKI,2,120L,-13,93.7
387,227VKI,2,120L,-12,95.0
387,227VKI,2,120L,-11,0.9
387,227VKI,2,120L,-10,4.6
387,227VKI,2,120L,-9,10.9
387,227VKI,2,120L,-8,9.1
387,227VKI,2,120L,-7,15.1
387,227VKI,2,120L,-6,21.1
387,227VKI,2,120L,-5,22.4
387,227VKI,2,120L,-4,26.2
387,227VKI,2,120L,-3,28.8
387,227VKI,2,120L,-2,32.3
387,227VKI,2,120L,-1,34.6
387,227VKI,2,120L,0,40.1
388,F376,2,120L,-29,31.7
388,F376,2,120L,-28,35.9
388,F376,2,120L,-27,39.7
388,F376,2,120L,-26,44.0
388,F376,2,120L,-25,47.0
388,F376,2,120L,-24,49.9
388,F376,2,120L,-23,55.4
388,F376,2,120L,-22,60.6
388,F376,2,120L,-21,62.9
388,F376,2,120L,-20,65.5
388,F376,2,120L,-19,70.0
388,F376,2,120L,-18,70.8
388,F376,2,120L,-17,77.4
388,F376,2,120L,-16,80.7
388,F376,2,120L,-15,83.7
388,F376,2,120L,-14,87.7
388,F376,2,120L,-13,91.9
388,F376,2,120L,-12,97.8
388,F376,2,120L,-11,100.0
388,F376,2,120L,-10,2.3
388,F376,2,120L,-9,6.7
388,F376,2,120L,-8,10.4
388,F376,2,120L,-7,16.1
388,F376,2,120L,-6,18.8
388,F376,2,120L,-5,22.5
388,F376,2,120L,-4,26.9
388,F376,2,120L,-3,28.9
388,F376,2,120L,-2,35.6
388,F376,2,120L,-1,37.3
388,F376,2,120L,0,39.7
389,3X5QFQ,2,120L,-29,77.0
389,3X5QFQ,2,120L,-28,78.4
389,3X5QFQ,2,120L,-27,84.4
389,3X5QFQ,2,120L,-26,86.0
389,3X5QFQ,2,120L,-25,89.7
389,3X5QFQ,2,120L,-24,95.7
389,3X5QFQ,2,120L,-23,97.4
389,3X5QFQ,2,120L,-22,3.8
389,3X5QFQ,2,120L,-21,7.1
389,3X5QFQ,2,120L,-20,9.2
389,3X5QFQ,2,120L,-19,14.3
389,3X5QFQ,2,120L,-18,17.5
389,3X5QFQ,2,120L,-17,22.8
389,3X5QFQ,2,120L,-16,29.0
389,3X5QFQ,2,120L,-15,29.5
389,3X5QFQ,2,120L,-14,34.8
389,3X5QFQ,2,120L,-13,38.0
389,3X5QFQ,2,120L,-12,41.9
389,3X5QFQ,2,120L,-11,45.6
389,3X5QFQ,2,120L,-10,48.4
389,3X5QFQ,2,120L,-9,54.2
389,3X5QFQ,2,120L,-8,57.2
389,3X5QFQ,2,120L,-7,60.2
389,3X5QFQ,2,120L,-6,67.0
389,3X5QFQ,2,120L,-5,69.5
389,3X5QFQ,2,120L,-4,73.0
389,3X5QFQ,2,120L,-3,79.2
389,3X5QFQ,2,120L,-2,78.4
389,3X5QFQ,2,120L,-1,87.0
389,3X5QFQ,2,120L,0,87.7
390,3SWQ2K,2,120L,-29,98.6
390,3SWQ2K,2,120L,-28,5.5
390,3SWQ2K,2,120L,-27,9.9
390,3SWQ2K,2,120L,-26,10.4
390,3SWQ2K,2,120L,-25,14.8
390,3SWQ2K,2,120L,-24,18.0
390,3SWQ2K,2,120L,-23,24.1
390,3SWQ2K,2,120L,-22,21.9
390,3SWQ2K,2,120L,-21,29.2
390,3SWQ2K,2,120L,-20,31.2
390,3SWQ2K,2,120L,-19,32.3
390,3SWQ2K,2,120L,-18,38.9
390,3SWQ2K,2,120L,-17,45.8
390,3SWQ2K,2,120L,-16,45.6
390,3SWQ2K,2,120L,-15,51.4
390,3SWQ2K,2,120L,-14,55.6
390,3SWQ2K,2,120L,-13,57.4
390,3SWQ2K,2,120L,-12,61.1
390,3SWQ2K,2,120L,-11,62.0
390,3SWQ2K,2,120L,-10,67.1
390,3SWQ2K,2,120L,-9,73.1
390,3SWQ2K,2,120L,-8,75.4
390,3SWQ2K,2,120L,-7,79.4
390,3SWQ2K,2,120L,-6,82.7
390,3SWQ2K,2,120L,-5,89.4
390,3SWQ2K,2,120L,-4,89.0
390,3SWQ2K,2,120L,-3,95.6
390,3SWQ2K,2,120L,-2,97.0
390,3SWQ2K,2,120L,-1,3.0
390,3SWQ2K,2,120L,0,2.2
391,EXYR,2,120L,-29,17.7
391,EXYR,2,120L,-28,22.7
391,EXYR,2,120L,-27,28.6
391,EXYR,2,120L,-26,31.6
391,EXYR,2,120L,-25,37.2
391,EXYR,2,120L,-24,38.6
391,EXYR,2,120L,-23,42.6
391,EXYR,2,120L,-22,48.1
391,EXYR,2,120L,-21,52.3
391,EXYR,2,120L,-20,56.4
391,EXYR,2,120L,-19,59.5
391,EXYR,2,120L,-18,67.0
391,EXYR,2,120L,-17,68.9
391,EXYR,2,120L,-16,75.9
391,EXYR,2,120L,-15,78.0
391,EXYR,2,120L,-14,83.2
391,EXYR,2,120L,-13,87.4
391,EXYR,2,120L,-12,89.6
391,EXYR,2,120L,-11,95.6
391,EXYR,2,120L,-10,100.0
391,EXYR,2,120L,-9,4.0
391,EXYR,2,120L,-8,9.2
391,EXYR,2,120L,-7,13.2
391,EXYR,2,120L,-6,16.9
391,EXYR,2,120L,-5,20.9
391,EXYR,2,120L,-4,25.8
391,EXYR,2,120L,-3,30.3
391,EXYR,2,120L,-2,31.4
391,EXYR,2,120L,-1,38.1
391,EXYR,2,120L,0,41.7
392,ECGQHK,2,240L,-29,72.4
392,ECGQHK,2,240L,-28,76.2
392,ECGQHK,2,240L,-27,84.4
392,ECGQHK,2,240L,-26,85.9
392,ECGQHK,2,240L,-25,90.0
392,ECGQHK,2,240L,-24,99.1
392,ECGQHK,2,240L,-23,2.8
392,ECGQHK,2,240L,-22,8.1
392,ECGQHK,2,240L,-21,11.6
392,ECGQHK,2,240L,-20,15.0
392,ECGQHK,2,240L,-19,20.2
392,ECGQHK,2,240L,-18,26.4
392,ECGQHK,2,240L,-17,29.7
392,ECGQHK,2,240L,-16,36.9
392,ECGQHK,2,240L,-15,40.6
392,ECGQHK,2,240L,-14,46.4
392,ECGQHK,2,240L,-13,51.2
392,ECGQHK,2,240L,-12,56.4
392,ECGQHK,2,240L,-11,61.5
392,ECGQHK,2,240L,-10,65.0
392,ECGQHK,2,240L,-9,70.7
392,ECGQHK,2,240L,-8,75.6
392,ECGQHK,2,240L,-7,76.4
392,ECGQHK,2,240L,-6,85.9
392,ECGQHK,2,240L,-5,90.0
392,ECGQHK,2,240L,-4,95.5
392,ECGQHK,2,240L,-3,97.5
392,ECGQHK,2,240L,-2,3.8
392,ECGQHK,2,240L,-1,7.5
392,ECGQHK,2,240L,0,15.1
393,57CM,2,120L,-29,2.7
393,57CM,2,120L,-28,10.7
393,57CM,2,120L,-27,14.9
393,57CM,2,120L,-26,20.3
393,57CM,2,120L,-25,28.9
393,57CM,2,120L,-24,34.8
393,57CM,2,120L,-23,40.3
393,57CM,2,120L,-22,46.4
393,57CM,2,120L,-21,50.6
393,57CM,2,120L,-20,56.5
393,57CM,2,120L,-19,61.7
393,57CM,2,120L,-18,68.8
393,57CM,2,120L,-17,73.6
393,57CM,2,120L,-16,79.6
393,57CM,2,120L,-15,87.0
393,57CM,2,120L,-14,93.7
393,57CM,2,120L,-13,98.4
393,57CM,2,120L,-12,6.4
393,57CM,2,120L,-11,8.5
393,57CM,2,120L,-10,12.6
393,57CM,2,120L,-9,22.3
393,57CM,2,120L,-8,26.0
393,57CM,2,120L,-7,32.6
393,57CM,2,120L,-6,36.2
393,57CM,2,120L,-5,43.4
393,57CM,2,120L,-4,48.3
393,57CM,2,120L,-3,55.8
393,57CM,2,120L,-2,61.7
393,57CM,2,120L,-1,68.3
393,57CM,2,120L,0,75.9
394,DKB6,2,120L,-29,87.9
394,DKB6,2,120L,-28,91.9
394,DKB6,2,120L,-27,96.3
394,DKB6,2,120L,-26,1.1
394,DKB6,2,120L,-25,6.2
394,DKB6,2,120L,-24,9.5
394,DKB6,2,120L,-23,15.0
394,DKB6,2,120L,-22,21.8
394,DKB6,2,120L,-21,23.7
394,DKB6,2,120L,-20,27.9
394,DKB6,2,120L,-19,34.1
394,DKB6,2,120L,-18,37.2
394,DKB6,2,120L,-17,41.1
394,DKB6,2,120L,-16,47.9
394,DKB6,2,120L,-15,55.3
394,DKB6,2,120L,-14,57.8
394,DKB6,2,120L,-13,62.8
394,DKB6,2,120L,-12,64.1
394,DKB6,2,120L,-11,72.7
394,DKB6,2,120L,-10,76.9
394,DKB6,2,120L,-9,80.5
394,DKB6,2,120L,-8,86.5
394,DKB6,2,120L,-7,91.2
394,DKB6,2,120L,-6,94.1
394,DKB6,2,120L,-5,0.9
394,DKB6,2,120L,-4,6.9
394,DKB6,2,120L,-3,9.5
394,DKB6,2,120L,-2,13.2
394,DKB6,2,120L,-1,19.0
394,DKB6,2,120L,0,25.3
395,GQCD,2,120L,-29,99.5
395,GQCD,2,120L,-28,0.9
395,GQCD,2,120L,-27,5.6
395,GQCD,2,120L,-26,7.6
395,GQCD,2,120L,-25,10.9
395,GQCD,2,120L,-24,17.3
395,GQCD,2,120L,-23,16.2
395,GQCD,2,120L,-22,22.4
395,GQCD,2,120L,-21,27.5
395,GQCD,2,120L,-20,29.2
395,GQCD,2,120L,-19,29.5
395,GQCD,2,120L,-18,32.9
395,GQCD,2,120L,-17,37.0
395,GQCD,2,120L,-16,41.6
395,GQCD,2,120L,-15,45.0
395,GQCD,2,120L,-14,46.0
395,GQCD,2,120L,-13,49.9
395,GQCD,2,120L,-12,53.3
395,GQCD,2,120L,-11,57.5
395,GQCD,2,120L,-10,64.1
395,GQCD,2,120L,-9,63.0
395,GQCD,2,120L,-8,66.2
395,GQCD,2,120L,-7,69.3
395,GQCD,2,120L,-6,75.2
395,GQCD,2,120L,-5,77.5
395,GQCD,2,120L,-4,79.5
395,GQCD,2,120L,-3,83.6
395,GQCD,2,120L,-2,86.2
395,GQCD,2,120L,-1,91.2
395,GQCD,2,120L,0,98.0
396,BWSI,2,120L,-29,38.1
396,BWSI,2,120L,-28,41.0
396,BWSI,2,120L,-27,48.0
396,BWSI,2,120L,-26,51.8
396,BWSI,2,120L,-25,54.0
396,BWSI,2,120L,-24,60.4
396,BWSI,2,120L,-23,62.5
396,BWSI,2,120L,-22,67.5
396,BWSI,2,120L,-21,70.7
396,BWSI,2,120L,-20,73.9
396,BWSI,2,120L,-19,76.6
396,BWSI,2,120L,-18,81.7
396,BWSI,2,120L,-17,87.1
396,BWSI,2,120L,-16,88.9
396,BWSI,2,120L,-15,94.3
396,BWSI,2,120L,-14,95.9
396,BWSI,2,120L,-13,2.6
396,BWSI,2,120L,-12,5.7
396,BWSI,2,120L,-11,7.4
396,BWSI,2,120L,-10,12.7
396,BWSI,2,120L,-9,18.4
396,BWSI,2,120L,-8,19.0
396,BWSI,2,120L,-7,23.1
396,BWSI,2,120L,-6,28.5
396,BWSI,2,120L,-5,35.7
396,BWSI,2,120L,-4,35.4
396,BWSI,2,120L,-3,41.1
396,BWSI,2,120L,-2,44.6
396,BWSI,2,120L,-1,47.2
396,BWSI,2,120L,0,52.2
397,IEIH,2,120L,-29,93.6
397,IEIH,2,120L,-28,96.6
397,IEIH,2,120L,-27,4.0
397,IEIH,2,120L,-26,10.3
397,IEIH,2,120L,-25,14.0
397,IEIH,2,120L,-24,20.6
397,IEIH,2,120L,-23,24.8
397,IEIH,2,120L,-22,28.8
397,IEIH,2,120L,-21,32.9
397,IEIH,2,120L,-20,38.0
397,IEIH,2,120L,-19,41.5
397,IEIH,2,120L,-18,48.3
397,IEIH,2,120L,-17,53.9
397,IEIH,2,120L,-16,61.2
397,IEIH,2,120L,-15,64.4
397,IEIH,2,120L,-14,67.2
397,IEIH,2,120L,-13,71.3
397,IEIH,2,120L,-12,78.1
397,IEIH,2,120L,-11,84.6
397,IEIH,2,120L,-10,88.1
397,IEIH,2,120L,-9,94.2
397,IEIH,2,120L,-8,98.0
397,IEIH,2,120L,-7,4.3
397,IEIH,2,120L,-6,5.8
397,IEIH,2,120L,-5,15.6
397,IEIH,2,120L,-4,16.5
397,IEIH,2,120L,-3,24.3
397,IEIH,2,120L,-2,27.7
397,IEIH,2,120L,-1,32.9
397,IEIH,2,120L,0,37.6
398,VHIH,2,120L,-29,10.7
398,VHIH,2,120L,-28,16.1
398,VHIH,2,120L,-27,19.4
398,VHIH,2,120L,-26,26.4
398,VHIH,2,120L,-25,28.9
398,VHIH,2,120L,-24,35.3
398,VHIH,2,120L,-23,39.3
398,VHIH,2,120L,-22,42.8
398,VHIH,2,120L,-21,48.8
398,VHIH,2,120L,-20,54.2
398,VHIH,2,120L,-19,58.3
398,VHIH,2,120L,-18,63.9
398,VHIH,2,120L,-17,69.5
398,VHIH,2,120L,-16,73.1
398,VHIH,2,120L,-15,73.7
398,VHIH,2,120L,-14,85.5
398,VHIH,2,120L,-13,87.5
398,VHIH,2,120L,-12,91.6
398,VHIH,2,120L,-11,96.1
398,VHIH,2,120L,-10,2.2
398,VHIH,2,120L,-9,6.8
398,VHIH,2,120L,-8,11.5
398,VHIH,2,120L,-7,16.5
398,VHIH,2,120L,-6,23.2
398,VHIH,2,120L,-5,30.4
398,VHIH,2,120L,-4,33.5
398,VHIH,2,120L,-3,38.9
398,VHIH,2,120L,-2,41.6
398,VHIH,2,120L,-1,47.2
398,VHIH,2,120L,0,52.6
399,EMLY,2,120L,-29,71.6
399,EMLY,2,120L,-28,76.8
399,EMLY,2,120L,-27,80.4
399,EMLY,2,120L,-26,82.1
399,EMLY,2,120L,-25,83.4
399,EMLY,2,120L,-24,88.0
399,EMLY,2,120L,-23,89.5
399,EMLY,2,120L,-22,95.0
399,EMLY,2,120L,-21,98.5
399,EMLY,2,120L,-20,1.0
399,EMLY,2,120L,-19,5.0
399,EMLY,2,120L,-18,8.4
399,EMLY,2,120L,-17,11.4
399,EMLY,2,120L,-16,12.5
399,EMLY,2,120L,-15,17.1
399,EMLY,2,120L,-14,21.4
399,EMLY,2,120L,-13,26.4
399,EMLY,2,120L,-12,26.8
399,EMLY,2,120L,-11,31.3
399,EMLY,2,120L,-10,35.0
399,EMLY,2,120L,-9,36.6
399,EMLY,2,120L,-8,41.9
399,EMLY,2,120L,-7,45.2
399,EMLY,2,120L,-6,48.7
399,EMLY,2,120L,-5,50.5
399,EMLY,2,120L,-4,56.6
399,EMLY,2,120L,-3,55.4
399,EMLY,2,120L,-2,62.7
399,EMLY,2,120L,-1,63.9
399,EMLY,2,120L,0,68.0
400,EP3I,2,120L,-29,94.5
400,EP3I,2,120L,-28,96.4
400,EP3I,2,120L,-27,3.4
400,EP3I,2,120L,-26,6.1
400,EP3I,2,120L,-25,14.8
400,EP3I,2,120L,-24,19.5
400,EP3I,2,120L,-23,26.1
400,EP3I,2,120L,-22,36.5
400,EP3I,2,120L,-21,40.3
400,EP3I,2,120L,-20,41.3
400,EP3I,2,120L,-19,49.9
400,EP3I,2,120L,-18,56.0
400,EP3I,2,120L,-17,60.0
400,EP3I,2,120L,-16,66.4
400,EP3I,2,120L,-15,72.2
400,EP3I,2,120L,-14,75.5
400,EP3I,2,120L,-13,81.6
400,EP3I,2,120L,-12,89.1
400,EP3I,2,120L,-11,94.7
400,EP3I,2,120L,-10,0.0
400,EP3I,2,120L,-9,4.7
400,EP3I,2,120L,-8,11.4
400,EP3I,2,120L,-7,18.6
400,EP3I,2,120L,-6,22.8
400,EP3I,2,120L,-5,31.0
400,EP3I,2,120L,-4,33.2
400,EP3I,2,120L,-3,40.3
400,EP3I,2,120L,-2,45.1
400,EP3I,2,120L,-1,52.2
400,EP3I,2,120L,0,55.8
401,CODXPK,2,120L,-29,37.7
401,CODXPK,2,120L,-28,46.4
401,CODXPK,2,120L,-27,47.6
401,CODXPK,2,120L,-26,51.9
401,CODXPK,2,120L,-25,56.7
401,CODXPK,2,120L,-24,59.6
401,CODXPK,2,120L,-23,60.8
401,CODXPK,2,120L,-22,66.4
401,CODXPK,2,120L,-21,71.9
401,CODXPK,2,120L,-20,71.4
401,CODXPK,2,120L,-19,79.5
401,CODXPK,2,120L,-18,80.5
401,CODXPK,2,120L,-17,82.9
401,CODXPK,2,120L,-16,85.8
401,CODXPK,2,120L,-15,90.5
401,CODXPK,2,120L,-14,91.5
401,CODXPK,2,120L,-13,97.4
401,CODXPK,2,120L,-12,1.2
401,CODXPK,2,120L,-11,3.6
401,CODXPK,2,120L,-10,10.0
401,CODXPK,2,120L,-9,12.1
401,CODXPK,2,120L,-8,15.1
401,CODXPK,2,120L,-7,19.2
401,CODXPK,2,120L,-6,23.9
401,CODXPK,2,120L,-5,27.0
401,CODXPK,2,120L,-4,29.5
401,CODXPK,2,120L,-3,34.3
401,CODXPK,2,120L,-2,37.7
401,CODXPK,2,120L,-1,39.7
401,CODXPK,2,120L,0,44.6
402,AUAARV,2,240L,-29,85.9
402,AUAARV,2,240L,-28,94.0
402,AUAARV,2,240L,-27,98.3
402,AUAARV,2,240L,-26,5.1
402,AUAARV,2,240L,-25,12.9
402,AUAARV,2,240L,-24,22.3
402,AUAARV,2,240L,-23,27.0
402,AUAARV,2,240L,-22,33.1
402,AUAARV,2,240L,-21,42.6
402,AUAARV,2,240L,-20,46.6
402,AUAARV,2,240L,-19,57.1
402,AUAARV,2,240L,-18,59.8
402,AUAARV,2,240L,-17,65.8
402,AUAARV,2,240L,-16,73.8
402,AUAARV,2,240L,-15,80.4
402,AUAARV,2,240L,-14,86.3
402,AUAARV,2,240L,-13,98.2
402,AUAARV,2,240L,-12,1.5
402,AUAARV,2,240L,-11,8.5
402,AUAARV,2,240L,-10,13.8
402,AUAARV,2,240L,-9,20.4
402,AUAARV,2,240L,-8,29.5
402,AUAARV,2,240L,-7,32.2
402,AUAARV,2,240L,-6,39.8
402,AUAARV,2,240L,-5,47.9
402,AUAARV,2,240L,-4,57.0
402,AUAARV,2,240L,-3,61.2
402,AUAARV,2,240L,-2,69.1
402,AUAARV,2,240L,-1,75.3
402,AUAARV,2,240L,0,83.9
403,5NWM,2,120L,-29,2.9
403,5NWM,2,120L,-28,5.9
403,5NWM,2,120L,-27,12.0
403,5NWM,2,120L,-26,13.8
403,5NWM,2,120L,-25,19.5
403,5NWM,2,120L,-24,23.7
403,5NWM,2,120L,-23,26.8
403,5NWM,2,120L,-22,30.8
403,5NWM,2,120L,-21,36.3
403,5NWM,2,120L,-20,41.7
403,5NWM,2,120L,-19,44.8
403,5NWM,2,120L,-18,49.9
403,5NWM,2,120L,-17,52.0
403,5NWM,2,120L,-16,58.7
403,5NWM,2,120L,-15,65.2
403,5NWM,2,120L,-14,69.1
403,5NWM,2,120L,-13,72.4
403,5NWM,2,120L,-12,77.3
403,5NWM,2,120L,-11,80.1
403,5NWM,2,120L,-10,88.2
403,5NWM,2,120L,-9,93.3
403,5NWM,2,120L,-8,94.9
403,5NWM,2,120L,-7,100.0
403,5NWM,2,120L,-6,2.4
403,5NWM,2,120L,-5,6.0
403,5NWM,2,120L,-4,11.2
403,5NWM,2,120L,-3,16.4
403,5NWM,2,120L,-2,24.6
403,5NWM,2,120L,-1,25.2
403,5NWM,2,120L,0,28.7
404,H43MHV,2,120L,-29,21.6
404,H43MHV,2,120L,-28,24.2
404,H43MHV,2,120L,-27,27.0
404,H43MHV,2,120L,-26,32.9
404,H43MHV,2,120L,-25,42.0
404,H43MHV,2,120L,-24,45.3
404,H43MHV,2,120L,-23,49.2
404,H43MHV,2,120L,-22,56.7
404,H43MHV,2,120L,-21,61.7
404,H43MHV,2,120L,-20,63.5
404,H43MHV,2,120L,-19,68.3
404,H43MHV,2,120L,-18,72.3
404,H43MHV,2,120L,-17,77.6
404,H43MHV,2,120L,-16,80.6
404,H43MHV,2,120L,-15,85.4
404,H43MHV,2,120L,-14,89.9
404,H43MHV,2,120L,-13,98.9
404,H43MHV,2,120L,-12,0.0
404,H43MHV,2,120L,-11,9.9
404,H43MHV,2,120L,-10,10.7
404,H43MHV,2,120L,-9,19.2
404,H43MHV,2,120L,-8,20.9
404,H43MHV,2,120L,-7,23.9
404,H43MHV,2,120L,-6,33.0
404,H43MHV,2,120L,-5,38.0
404,H43MHV,2,120L,-4,39.3
404,H43MHV,2,120L,-3,45.0
404,H43MHV,2,120L,-2,49.0
404,H43MHV,2,120L,-1,55.0
404,H43MHV,2,120L,0,60.2
405,62BG,2,120L,-29,96.8
405,62BG,2,120L,-28,2.5
405,62BG,2,120L,-27,8.3
405,62BG,2,120L,-26,10.7
405,62BG,2,120L,-25,14.4
405,62BG,2,120L,-24,17.3
405,62BG,2,120L,-23,21.7
405,62BG,2,120L,-22,28.5
405,62BG,2,120L,-21,28.6
405,62BG,2,120L,-20,35.2
405,62BG,2,120L,-19,38.0
405,62BG,2,120L,-18,42.2
405,62BG,2,120L,-17,44.5
405,62BG,2,120L,-16,49.0
405,62BG,2,120L,-15,53.3
405,62BG,2,120L,-14,56.4
405,62BG,2,120L,-13,61.5
405,62BG,2,120L,-12,65.6
405,62BG,2,120L,-11,72.0
405,62BG,2,120L,-10,73.0
405,62BG,2,120L,-9,73.5
405,62BG,2,120L,-8,82.0
405,62BG,2,120L,-7,83.8
405,62BG,2,120L,-6,91.0
405,62BG,2,120L,-5,94.0
405,62BG,2,120L,-4,94.9
405,62BG,2,120L,-3,100.0
405,62BG,2,120L,-2,2.4
405,62BG,2,120L,-1,7.2
405,62BG,2,120L,0,12.0
406,7PMF,2,120L,-29,94.7
406,7PMF,2,120L,-28,100.0
406,7PMF,2,120L,-27,4.4
406,7PMF,2,120L,-26,7.7
406,7PMF,2,120L,-25,13.2
406,7PMF,2,120L,-24,22.7
406,7PMF,2,120L,-23,25.6
406,7PMF,2,120L,-22,31.1
406,7PMF,2,120L,-21,35.3
406,7PMF,2,120L,-20,40.6
406,7PMF,2,120L,-19,45.3
406,7PMF,2,120L,-18,52.4
406,7PMF,2,120L,-17,56.7
406,7PMF,2,120L,-16,62.7
406,7PMF,2,120L,-15,67.7
406,7PMF,2,120L,-14,71.8
406,7PMF,2,120L,-13,75.4
406,7PMF,2,120L,-12,80.4
406,7PMF,2,120L,-11,92.5
406,7PMF,2,120L,-10,95.4
406,7PMF,2,120L,-9,100.0
406,7PMF,2,120L,-8,2.5
406,7PMF,2,120L,-7,8.7
406,7PMF,2,120L,-6,12.7
406,7PMF,2,120L,-5,17.1
406,7PMF,2,120L,-4,23.4
406,7PMF,2,120L,-3,31.4
406,7PMF,2,120L,-2,35.9
406,7PMF,2,120L,-1,38.4
406,7PMF,2,120L,0,44.5
407,4PS6,2,120L,-29,65.7
407,4PS6,2,120L,-28,72.5
407,4PS6,2,120L,-27,78.9
407,4PS6,2,120L,-26,84.7
407,4PS6,2,120L,-25,90.3
407,4PS6,2,120L,-24,94.8
407,4PS6,2,120L,-23,0.8
407,4PS6,2,120L,-22,5.8
407,4PS6,2,120L,-21,11.0
407,4PS6,2,120L,-20,19.0
407,4PS6,2,120L,-19,26.2
407,4PS6,2,120L,-18,28.8
407,4PS6,2,120L,-17,37.1
407,4PS6,2,120L,-16,43.7
407,4PS6,2,120L,-15,45.6
407,4PS6,2,120L,-14,53.8
407,4PS6,2,120L,-13,62.5
407,4PS6,2,120L,-12,66.7
407,4PS6,2,120L,-11,68.9
407,4PS6,2,120L,-10,78.6
407,4PS6,2,120L,-9,82.3
407,4PS6,2,120L,-8,90.3
407,4PS6,2,120L,-7,94.1
407,4PS6,2,120L,-6,0.9
407,4PS6,2,120L,-5,6.0
407,4PS6,2,120L,-4,12.6
407,4PS6,2,120L,-3,17.6
407,4PS6,2,120L,-2,24.0
407,4PS6,2,120L,-1,28.4
407,4PS6,2,120L,0,36.7
408,K6XJ,2,120L,-29,15.1
408,K6XJ,2,120L,-28,17.9
408,K6XJ,2,120L,-27,22.9
408,K6XJ,2,120L,-26,28.3
408,K6XJ,2,120L,-25,32.2
408,K6XJ,2,120L,-24,38.0
408,K6XJ,2,120L,-23,40.3
408,K6XJ,2,120L,-22,46.9
408,K6XJ,2,120L,-21,50.0
408,K6XJ,2,120L,-20,55.1
408,K6XJ,2,120L,-19,59.5
408,K6XJ,2,120L,-18,65.3
408,K6XJ,2,120L,-17,69.0
408,K6XJ,2,120L,-16,71.8
408,K6XJ,2,120L,-15,76.1
408,K6XJ,2,120L,-14,81.5
408,K6XJ,2,120L,-13,85.0
408,K6XJ,2,120L,-12,89.0
408,K6XJ,2,120L,-11,92.0
408,K6XJ,2,120L,-10,97.4
408,K6XJ,2,120L,-9,7.2
408,K6XJ,2,120L,-8,7.8
408,K6XJ,2,120L,-7,16.1
408,K6XJ,2,120L,-6,18.4
408,K6XJ,2,120L,-5,22.3
408,K6XJ,2,120L,-4,24.6
408,K6XJ,2,120L,-3,31.4
408,K6XJ,2,120L,-2,38.8
408,K6XJ,2,120L,-1,42.8
408,K6XJ,2,120L,0,45.4
409,N2M7,2,120L,-29,96.3
409,N2M7,2,120L,-28,0.8
409,N2M7,2,120L,-27,8.4
409,N2M7,2,120L,-26,13.3
409,N2M7,2,120L,-25,15.5
409,N2M7,2,120L,-24,19.2
409,N2M7,2,120L,-23,26.3
409,N2M7,2,120L,-22,26.9
409,N2M7,2,120L,-21,32.9
409,N2M7,2,120L,-20,37.9
409,N2M7,2,120L,-19,40.3
409,N2M7,2,120L,-18,45.0
409,N2M7,2,120L,-17,49.3
409,N2M7,2,120L,-16,56.9
409,N2M7,2,120L,-15,62.0
409,N2M7,2,120L,-14,63.7
409,N2M7,2,120L,-13,67.5
409,N2M7,2,120L,-12,71.4
409,N2M7,2,120L,-11,76.7
409,N2M7,2,120L,-10,80.3
409,N2M7,2,120L,-9,85.3
409,N2M7,2,120L,-8,90.5
409,N2M7,2,120L,-7,93.7
409,N2M7,2,120L,-6,98.4
409,N2M7,2,120L,-5,2.8
409,N2M7,2,120L,-4,7.0
409,N2M7,2,120L,-3,11.2
409,N2M7,2,120L,-2,17.4
409,N2M7,2,120L,-1,18.0
409,N2M7,2,120L,0,27.4
410,EFTB,2,120L,-29,97.2
410,EFTB,2,120L,-28,0.0
410,EFTB,2,120L,-27,3.0
410,EFTB,2,120L,-26,7.0
410,EFTB,2,120L,-25,12.4
410,EFTB,2,120L,-24,18.0
410,EFTB,2,120L,-23,20.2
410,EFTB,2,120L,-22,26.2
410,EFTB,2,120L,-21,25.9
410,EFTB,2,120L,-20,33.0
410,EFTB,2,120L,-19,39.5
410,EFTB,2,120L,-18,41.7
410,EFTB,2,120L,-17,44.9
410,EFTB,2,120L,-16,49.3
410,EFTB,2,120L,-15,49.9
410,EFTB,2,120L,-14,57.1
410,EFTB,2,120L,-13,64.4
410,EFTB,2,120L,-12,66.1
410,EFTB,2,120L,-11,70.4
410,EFTB,2,120L,-10,71.8
410,EFTB,2,120L,-9,77.0
410,EFTB,2,120L,-8,85.4
410,EFTB,2,120L,-7,88.7
410,EFTB,2,120L,-6,90.0
410,EFTB,2,120L,-5,95.2
410,EFTB,2,120L,-4,0.3
410,EFTB,2,120L,-3,2.7
410,EFTB,2,120L,-2,5.7
410,EFTB,2,120L,-1,12.6
410,EFTB,2,120L,0,17.9
411,CF3L,2,120L,-29,17.2
411,CF3L,2,120L,-28,19.3
411,CF3L,2,120L,-27,27.5
411,CF3L,2,120L,-26,32.8
411,CF3L,2,120L,-25,38.8
411,CF3L,2,120L,-24,44.4
411,CF3L,2,120L,-23,49.5
411,CF3L,2,120L,-22,51.7
411,CF3L,2,120L,-21,63.7
411,CF3L,2,120L,-20,68.3
411,CF3L,2,120L,-19,71.3
411,CF3L,2,120L,-18,80.0
411,CF3L,2,120L,-17,84.4
411,CF3L,2,120L,-16,90.2
411,CF3L,2,120L,-15,95.4
411,CF3L,2,120L,-14,3.1
411,CF3L,2,120L,-13,6.9
411,CF3L,2,120L,-12,12.2
411,CF3L,2,120L,-11,21.3
411,CF3L,2,120L,-10,25.1
411,CF3L,2,120L,-9,30.9
411,CF3L,2,120L,-8,37.9
411,CF3L,2,120L,-7,41.7
411,CF3L,2,120L,-6,47.7
411,CF3L,2,120L,-5,54.6
411,CF3L,2,120L,-4,57.6
411,CF3L,2,120L,-3,66.0
411,CF3L,2,120L,-2,70.3
411,CF3L,2,120L,-1,78.5
411,CF3L,2,120L,0,83.8
412,QJNV,2,120L,-29,48.8
412,QJNV,2,120L,-28,51.7
412,QJNV,2,120L,-27,58.0
412,QJNV,2,120L,-26,59.2
412,QJNV,2,120L,-25,65.0
412,QJNV,2,120L,-24,73.6
412,QJNV,2,120L,-23,77.0
412,QJNV,2,120L,-22,80.5
412,QJNV,2,120L,-21,84.3
412,QJNV,2,120L,-20,88.6
412,QJNV,2,120L,-19,95.1
412,QJNV,2,120L,-18,98.9
412,QJNV,2,120L,-17,6.3
412,QJNV,2,120L,-16,8.3
412,QJNV,2,120L,-15,13.2
412,QJNV,2,120L,-14,15.7
412,QJNV,2,120L,-13,21.8
412,QJNV,2,120L,-12,27.2
412,QJNV,2,120L,-11,31.0
412,QJNV,2,120L,-10,35.4
412,QJNV,2,120L,-9,41.2
412,QJNV,2,120L,-8,47.6
412,QJNV,2,120L,-7,50.1
412,QJNV,2,120L,-6,56.2
412,QJNV,2,120L,-5,60.0
412,QJNV,2,120L,-4,65.3
412,QJNV,2,120L,-3,67.3
412,QJNV,2,120L,-2,72.5
412,QJNV,2,120L,-1,77.1
412,QJNV,2,120L,0,82.8
413,5XXV2R,2,120L,-29,51.9
413,5XXV2R,2,120L,-28,58.1
413,5XXV2R,2,120L,-27,61.0
413,5XXV2R,2,120L,-26,68.2
413,5XXV2R,2,120L,-25,73.4
413,5XXV2R,2,120L,-24,78.0
413,5XXV2R,2,120L,-23,82.2
413,5XXV2R,2,120L,-22,88.1
413,5XXV2R,2,120L,-21,90.7
413,5XXV2R,2,120L,-20,97.4
413,5XXV2R,2,120L,-19,2.6
413,5XXV2R,2,120L,-18,5.2
413,5XXV2R,2,120L,-17,13.0
413,5XXV2R,2,120L,-16,15.4
413,5XXV2R,2,120L,-15,21.7
413,5XXV2R,2,120L,-14,27.4
413,5XXV2R,2,120L,-13,31.3
413,5XXV2R,2,120L,-12,37.6
413,5XXV2R,2,120L,-11,42.6
413,5XXV2R,2,120L,-10,46.3
413,5XXV2R,2,120L,-9,53.5
413,5XXV2R,2,120L,-8,56.5
413,5XXV2R,2,120L,-7,66.1
413,5XXV2R,2,120L,-6,67.6
413,5XXV2R,2,120L,-5,71.0
413,5XXV2R,2,120L,-4,76.3
413,5XXV2R,2,120L,-3,84.6
413,5XXV2R,2,120L,-2,87.3
413,5XXV2R,2,120L,-1,90.9
413,5XXV2R,2,120L,0,99.3
414,UQOC,2,120L,-29,92.7
414,UQOC,2,120L,-28,95.2
414,UQOC,2,120L,-27,100.0
414,UQOC,2,120L,-26,0.0
414,UQOC,2,120L,-25,4.0
414,UQOC,2,120L,-24,8.3
414,UQOC,2,120L,-23,15.6
414,UQOC,2,120L,-22,18.3
414,UQOC,2,120L,-21,21.0
414,UQOC,2,120L,-20,21.4
414,UQOC,2,120L,-19,25.0
414,UQOC,2,120L,-18,28.3
414,UQOC,2,120L,-17,31.8
414,UQOC,2,120L,-16,38.7
414,UQOC,2,120L,-15,39.6
414,UQOC,2,120L,-14,43.2
414,UQOC,2,120L,-13,48.0
414,UQOC,2,120L,-12,47.8
414,UQOC,2,120L,-11,53.9
414,UQOC,2,120L,-10,55.6
414,UQOC,2,120L,-9,60.3
414,UQOC,2,120L,-8,63.3
414,UQOC,2,120L,-7,66.7
414,UQOC,2,120L,-6,71.5
414,UQOC,2,120L,-5,75.0
414,UQOC,2,120L,-4,77.8
414,UQOC,2,120L,-3,82.1
414,UQOC,2,120L,-2,83.8
414,UQOC,2,120L,-1,89.6
414,UQOC,2,120L,0,91.7
415,XI3J,2,120L,-29,78.9
415,XI3J,2,120L,-28,83.4
415,XI3J,2,120L,-27,90.1
415,XI3J,2,120L,-26,90.9
415,XI3J,2,120L,-25,92.9
415,XI3J,2,120L,-24,99.6
415,XI3J,2,120L,-23,1.1
415,XI3J,2,120L,-22,5.8
415,XI3J,2,120L,-21,8.1
415,XI3J,2,120L,-20,14.6
415,XI3J,2,120L,-19,15.4
415,XI3J,2,120L,-18,22.0
415,XI3J,2,120L,-17,21.9
415,XI3J,2,120L,-16,26.7
415,XI3J,2,120L,-15,32.8
415,XI3J,2,120L,-14,34.6
415,XI3J,2,120L,-13,41.4
415,XI3J,2,120L,-12,41.2
415,XI3J,2,120L,-11,45.6
415,XI3J,2,120L,-10,51.7
415,XI3J,2,120L,-9,50.2
415,XI3J,2,120L,-8,53.6
415,XI3J,2,120L,-7,58.5
415,XI3J,2,120L,-6,64.5
415,XI3J,2,120L,-5,64.5
415,XI3J,2,120L,-4,71.4
415,XI3J,2,120L,-3,74.9
415,XI3J,2,120L,-2,80.8
415,XI3J,2,120L,-1,83.0
415,XI3J,2,120L,0,85.5
416,BPKS,2,120L,-29,4.9
416,BPKS,2,120L,-28,7.5
416,BPKS,2,120L,-27,12.1
416,BPKS,2,120L,-26,16.6
416,BPKS,2,120L,-25,20.6
416,BPKS,2,120L,-24,20.9
416,BPKS,2,120L,-23,27.4
416,BPKS,2,120L,-22,31.5
416,BPKS,2,120L,-21,36.0
416,BPKS,2,120L,-20,41.3
416,BPKS,2,120L,-19,42.9
416,BPKS,2,120L,-18,44.9
416,BPKS,2,120L,-17,47.3
416,BPKS,2,120L,-16,54.7
416,BPKS,2,120L,-15,56.1
416,BPKS,2,120L,-14,62.4
416,BPKS,2,120L,-13,66.9
416,BPKS,2,120L,-12,66.2
416,BPKS,2,120L,-11,73.1
416,BPKS,2,120L,-10,77.9
416,BPKS,2,120L,-9,81.2
416,BPKS,2,120L,-8,80.2
416,BPKS,2,120L,-7,85.8
416,BPKS,2,120L,-6,88.8
416,BPKS,2,120L,-5,95.3
416,BPKS,2,120L,-4,98.8
416,BPKS,2,120L,-3,0.0
416,BPKS,2,120L,-2,5.1
416,BPKS,2,120L,-1,10.5
416,BPKS,2,120L,0,13.2
417,ZJBL,2,120L,-29,14.9
417,ZJBL,2,120L,-28,19.3
417,ZJBL,2,120L,-27,23.8
417,ZJBL,2,120L,-26,30.8
417,ZJBL,2,120L,-25,36.5
417,ZJBL,2,120L,-24,42.8
417,ZJBL,2,120L,-23,48.4
417,ZJBL,2,120L,-22,53.0
417,ZJBL,2,120L,-21,60.0
417,ZJBL,2,120L,-20,63.3
417,ZJBL,2,120L,-19,67.2
417,ZJBL,2,120L,-18,75.6
417,ZJBL,2,120L,-17,80.6
417,ZJBL,2,120L,-16,86.7
417,ZJBL,2,120L,-15,89.5
417,ZJBL,2,120L,-14,99.6
417,ZJBL,2,120L,-13,3.5
417,ZJBL,2,120L,-12,7.5
417,ZJBL,2,120L,-11,12.0
417,ZJBL,2,120L,-10,20.6
417,ZJBL,2,120L,-9,22.8
417,ZJBL,2,120L,-8,33.4
417,ZJBL,2,120L,-7,34.5
417,ZJBL,2,120L,-6,43.6
417,ZJBL,2,120L,-5,46.2
417,ZJBL,2,120L,-4,54.4
417,ZJBL,2,120L,-3,56.4
417,ZJBL,2,120L,-2,63.0
417,ZJBL,2,120L,-1,69.7
417,ZJBL,2,120L,0,75.0
418,PZWGRR,2,120L,-29,8.6
418,PZWGRR,2,120L,-28,14.8
418,PZWGRR,2,120L,-27,16.2
418,PZWGRR,2,120L,-26,22.5
418,PZWGRR,2,120L,-25,25.6
418,PZWGRR,2,120L,-24,30.6
418,PZWGRR,2,120L,-23,34.8
418,PZWGRR,2,120L,-22,37.9
418,PZWGRR,2,120L,-21,43.0
418,PZWGRR,2,120L,-20,48.0
418,PZWGRR,2,120L,-19,52.0
418,PZWGRR,2,120L,-18,58.9
418,PZWGRR,2,120L,-17,62.4
418,PZWGRR,2,120L,-16,65.7
418,PZWGRR,2,120L,-15,68.4
418,PZWGRR,2,120L,-14,72.7
418,PZWGRR,2,120L,-13,81.3
418,PZWGRR,2,120L,-12,81.1
418,PZWGRR,2,120L,-11,87.2
418,PZWGRR,2,120L,-10,91.9
418,PZWGRR,2,120L,-9,95.3
418,PZWGRR,2,120L,-8,0.0
418,PZWGRR,2,120L,-7,3.3
418,PZWGRR,2,120L,-6,8.0
418,PZWGRR,2,120L,-5,12.1
418,PZWGRR,2,120L,-4,19.5
418,PZWGRR,2,120L,-3,21.9
418,PZWGRR,2,120L,-2,25.5
418,PZWGRR,2,120L,-1,30.8
418,PZWGRR,2,120L,0,36.0
419,BVG5KV,2,1.100L,-29,60.8
419,BVG5KV,2,1.100L,-28,64.7
419,BVG5KV,2,1.100L,-27,75.4
419,BVG5KV,2,1.100L,-26,80.7
419,BVG5KV,2,1.100L,-25,87.8
419,BVG5KV,2,1.100L,-24,93.9
419,BVG5KV,2,1.100L,-23,0.2
419,BVG5KV,2,1.100L,-22,6.6
419,BVG5KV,2,1.100L,-21,15.0
419,BVG5KV,2,1.100L,-20,24.1
419,BVG5KV,2,1.100L,-19,28.9
419,BVG5KV,2,1.100L,-18,35.1
419,BVG5KV,2,1.100L,-17,43.2
419,BVG5KV,2,1.100L,-16,51.0
419,BVG5KV,2,1.100L,-15,58.2
419,BVG5KV,2,1.100L,-14,65.6
419,BVG5KV,2,1.100L,-13,74.4
419,BVG5KV,2,1.100L,-12,81.8
419,BVG5KV,2,1.100L,-11,90.1
419,BVG5KV,2,1.100L,-10,91.7
419,BVG5KV,2,1.100L,-9,0.0
419,BVG5KV,2,1.100L,-8,9.4
419,BVG5KV,2,1.100L,-7,14.7
419,BVG5KV,2,1.100L,-6,23.8
419,BVG5KV,2,1.100L,-5,29.9
419,BVG5KV,2,1.100L,-4,39.0
419,BVG5KV,2,1.100L,-3,45.3
419,BVG5KV,2,1.100L,-2,52.4
419,BVG5KV,2,1.100L,-1,57.3
419,BVG5KV,2,1.100L,0,64.9
420,EEB7,2,120L,-29,45.8
420,EEB7,2,120L,-28,50.4
420,EEB7,2,120L,-27,54.5
420,EEB7,2,120L,-26,62.6
420,EEB7,2,120L,-25,65.4
420,EEB7,2,120L,-24,69.3
420,EEB7,2,120L,-23,79.3
420,EEB7,2,120L,-22,81.6
420,EEB7,2,120L,-21,88.9
420,EEB7,2,120L,-20,95.2
420,EEB7,2,120L,-19,1.2
420,EEB7,2,120L,-18,7.6
420,EEB7,2,120L,-17,12.9
420,EEB7,2,120L,-16,18.6
420,EEB7,2,120L,-15,22.2
420,EEB7,2,120L,-14,29.6
420,EEB7,2,120L,-13,32.6
420,EEB7,2,120L,-12,42.9
420,EEB7,2,120L,-11,44.1
420,EEB7,2,120L,-10,51.4
420,EEB7,2,120L,-9,55.7
420,EEB7,2,120L,-8,62.3
420,EEB7,2,120L,-7,69.1
420,EEB7,2,120L,-6,74.0
420,EEB7,2,120L,-5,82.2
420,EEB7,2,120L,-4,86.5
420,EEB7,2,120L,-3,91.2
420,EEB7,2,120L,-2,97.4
420,EEB7,2,120L,-1,5.1
420,EEB7,2,120L,0,10.4
421,5KKL,2,120L,-29,16.5
421,5KKL,2,120L,-28,21.4
421,5KKL,2,120L,-27,24.5
421,5KKL,2,120L,-26,25.5
421,5KKL,2,120L,-25,31.4
421,5KKL,2,120L,-24,32.2
421,5KKL,2,120L,-23,38.6
421,5KKL,2,120L,-22,40.7
421,5KKL,2,120L,-21,41.4
421,5KKL,2,120L,-20,45.4
421,5KKL,2,120L,-19,48.6
421,5KKL,2,120L,-18,52.9
421,5KKL,2,120L,-17,55.5
421,5KKL,2,120L,-16,57.3
421,5KKL,2,120L,-15,60.1
421,5KKL,2,120L,-14,66.2
421,5KKL,2,120L,-13,69.0
421,5KKL,2,120L,-12,71.9
421,5KKL,2,120L,-11,75.3
421,5KKL,2,120L,-10,77.2
421,5KKL,2,120L,-9,81.6
421,5KKL,2,120L,-8,88.3
421,5KKL,2,120L,-7,89.4
421,5KKL,2,120L,-6,90.4
421,5KKL,2,120L,-5,93.3
421,5KKL,2,120L,-4,93.0
421,5KKL,2,120L,-3,2.0
421,5KKL,2,120L,-2,4.8
421,5KKL,2,120L,-1,6.0
421,5KKL,2,120L,0,7.9
422,AQRN,2,120L,-29,73.5
422,AQRN,2,120L,-28,78.3
422,AQRN,2,120L,-27,81.0
422,AQRN,2,120L,-26,85.9
422,AQRN,2,120L,-25,88.6
422,AQRN,2,120L,-24,92.9
422,AQRN,2,120L,-23,92.1
422,AQRN,2,120L,-22,97.0
422,AQRN,2,120L,-21,1.9
422,AQRN,2,120L,-20,7.6
422,AQRN,2,120L,-19,12.4
422,AQRN,2,120L,-18,13.0
422,AQRN,2,120L,-17,15.9
422,AQRN,2,120L,-16,17.5
422,AQRN,2,120L,-15,25.3
422,AQRN,2,120L,-14,26.8
422,AQRN,2,120L,-13,35.7
422,AQRN,2,120L,-12,33.7
422,AQRN,2,120L,-11,41.6
422,AQRN,2,120L,-10,43.1
422,AQRN,2,120L,-9,44.1
422,AQRN,2,120L,-8,49.6
422,AQRN,2,120L,-7,54.0
422,AQRN,2,120L,-6,56.1
422,AQRN,2,120L,-5,61.3
422,AQRN,2,120L,-4,64.8
422,AQRN,2,120L,-3,68.1
422,AQRN,2,120L,-2,70.8
422,AQRN,2,120L,-1,72.6
422,AQRN,2,120L,0,77.9
423,6NINN2,2,120L,-29,53.5
423,6NINN2,2,120L,-28,60.4
423,6NINN2,2,120L,-27,63.7
423,6NINN2,2,120L,-26,65.7
423,6NINN2,2,120L,-25,71.0
423,6NINN2,2,120L,-24,74.8
423,6NINN2,2,120L,-23,81.9
423,6NINN2,2,120L,-22,83.1
423,6NINN2,2,120L,-21,88.1
423,6NINN2,2,120L,-20,90.2
423,6NINN2,2,120L,-19,91.3
423,6NINN2,2,120L,-18,98.9
423,6NINN2,2,120L,-17,0.7
423,6NINN2,2,120L,-16,5.0
423,6NINN2,2,120L,-15,7.7
423,6NINN2,2,120L,-14,13.2
423,6NINN2,2,120L,-13,18.4
423,6NINN2,2,120L,-12,22.0
423,6NINN2,2,120L,-11,26.8
423,6NINN2,2,120L,-10,30.8
423,6NINN2,2,120L,-9,28.9
423,6NINN2,2,120L,-8,34.0
423,6NINN2,2,120L,-7,36.8
423,6NINN2,2,120L,-6,44.3
423,6NINN2,2,120L,-5,46.1
423,6NINN2,2,120L,-4,50.1
423,6NINN2,2,120L,-3,54.3
423,6NINN2,2,120L,-2,59.0
423,6NINN2,2,120L,-1,60.0
423,6NINN2,2,120L,0,64.1
424,4GKMDN,2,120L,-29,62.6
424,4GKMDN,2,120L,-28,66.3
424,4GKMDN,2,120L,-27,69.1
424,4GKMDN,2,120L,-26,78.7
424,4GKMDN,2,120L,-25,81.0
424,4GKMDN,2,120L,-24,85.3
424,4GKMDN,2,120L,-23,89.3
424,4GKMDN,2,120L,-22,94.6
424,4GKMDN,2,120L,-21,0.2
424,4GKMDN,2,120L,-20,6.1
424,4GKMDN,2,120L,-19,9.6
424,4GKMDN,2,120L,-18,16.5
424,4GKMDN,2,120L,-17,20.8
424,4GKMDN,2,120L,-16,29.3
424,4GKMDN,2,120L,-15,28.3
424,4GKMDN,2,120L,-14,36.0
424,4GKMDN,2,120L,-13,40.9
424,4GKMDN,2,120L,-12,44.0
424,4GKMDN,2,120L,-11,50.5
424,4GKMDN,2,120L,-10,56.4
424,4GKMDN,2,120L,-9,60.3
424,4GKMDN,2,120L,-8,67.1
424,4GKMDN,2,120L,-7,66.6
424,4GKMDN,2,120L,-6,73.5
424,4GKMDN,2,120L,-5,81.8
424,4GKMDN,2,120L,-4,85.9
424,4GKMDN,2,120L,-3,90.2
424,4GKMDN,2,120L,-2,96.1
424,4GKMDN,2,120L,-1,96.2
424,4GKMDN,2,120L,0,5.2
425,GKP3,2,120L,-29,7.3
425,GKP3,2,120L,-28,17.8
425,GKP3,2,120L,-27,19.8
425,GKP3,2,120L,-26,21.8
425,GKP3,2,120L,-25,31.3
425,GKP3,2,120L,-24,35.2
425,GKP3,2,120L,-23,43.7
425,GKP3,2,120L,-22,48.4
425,GKP3,2,120L,-21,52.3
425,GKP3,2,120L,-20,61.0
425,GKP3,2,120L,-19,65.8
425,GKP3,2,120L,-18,68.7
425,GKP3,2,120L,-17,75.4
425,GKP3,2,120L,-16,82.0
425,GKP3,2,120L,-15,86.3
425,GKP3,2,120L,-14,91.9
425,GKP3,2,120L,-13,98.1
425,GKP3,2,120L,-12,2.1
425,GKP3,2,120L,-11,5.9
425,GKP3,2,120L,-10,15.2
425,GKP3,2,120L,-9,17.5
425,GKP3,2,120L,-8,24.6
425,GKP3,2,120L,-7,29.1
425,GKP3,2,120L,-6,34.9
425,GKP3,2,120L,-5,43.6
425,GKP3,2,120L,-4,48.2
425,GKP3,2,120L,-3,53.8
425,GKP3,2,120L,-2,57.8
425,GKP3,2,120L,-1,64.4
425,GKP3,2,120L,0,71.6
426,QGSO,2,120L,-29,86.5
426,QGSO,2,120L,-28,90.0
426,QGSO,2,120L,-27,92.8
426,QGSO,2,120L,-26,0.0
426,QGSO,2,120L,-25,6.0
426,QGSO,2,120L,-24,10.3
426,QGSO,2,120L,-23,15.1
426,QGSO,2,120L,-22,22.1
426,QGSO,2,120L,-21,30.9
426,QGSO,2,120L,-20,31.8
426,QGSO,2,120L,-19,37.8
426,QGSO,2,120L,-18,41.1
426,QGSO,2,120L,-17,50.2
426,QGSO,2,120L,-16,54.9
426,QGSO,2,120L,-15,60.1
426,QGSO,2,120L,-14,66.2
426,QGSO,2,120L,-13,68.8
426,QGSO,2,120L,-12,74.3
426,QGSO,2,120L,-11,82.6
426,QGSO,2,120L,-10,86.2
426,QGSO,2,120L,-9,87.2
426,QGSO,2,120L,-8,96.5
426,QGSO,2,120L,-7,0.2
426,QGSO,2,120L,-6,7.7
426,QGSO,2,120L,-5,12.2
426,QGSO,2,120L,-4,14.3
426,QGSO,2,120L,-3,22.6
426,QGSO,2,120L,-2,27.8
426,QGSO,2,120L,-1,33.3
426,QGSO,2,120L,0,38.9
427,UTY5,2,120L,-29,43.5
427,UTY5,2,120L,-28,47.8
427,UTY5,2,120L,-27,54.4
427,UTY5,2,120L,-26,60.9
427,UTY5,2,120L,-25,63.7
427,UTY5,2,120L,-24,67.5
427,UTY5,2,120L,-23,72.7
427,UTY5,2,120L,-22,77.3
427,UTY5,2,120L,-21,81.9
427,UTY5,2,120L,-20,89.9
427,UTY5,2,120L,-19,90.4
427,UTY5,2,120L,-18,98.2
427,UTY5,2,120L,-17,1.1
427,UTY5,2,120L,-16,3.9
427,UTY5,2,120L,-15,10.7
427,UTY5,2,120L,-14,15.1
427,UTY5,2,120L,-13,21.6
427,UTY5,2,120L,-12,25.8
427,UTY5,2,120L,-11,28.9
427,UTY5,2,120L,-10,37.6
427,UTY5,2,120L,-9,41.8
427,UTY5,2,120L,-8,47.5
427,UTY5,2,120L,-7,50.3
427,UTY5,2,120L,-6,54.8
427,UTY5,2,120L,-5,60.7
427,UTY5,2,120L,-4,63.7
427,UTY5,2,120L,-3,69.6
427,UTY5,2,120L,-2,74.0
427,UTY5,2,120L,-1,76.9
427,UTY5,2,120L,0,84.2
428,4IPOVU,2,120L,-29,86.3
428,4IPOVU,2,120L,-28,90.8
428,4IPOVU,2,120L,-27,90.8
428,4IPOVU,2,120L,-26,94.7
428,4IPOVU,2,120L,-25,97.2
428,4IPOVU,2,120L,-24,0.3
428,4IPOVU,2,120L,-23,3.8
428,4IPOVU,2,120L,-22,7.5
428,4IPOVU,2,120L,-21,11.8
428,4IPOVU,2,120L,-20,14.6
428,4IPOVU,2,120L,-19,15.7
428,4IPOVU,2,120L,-18,22.3
428,4IPOVU,2,120L,-17,25.0
428,4IPOVU,2,120L,-16,25.3
428,4IPOVU,2,120L,-15,31.7
428,4IPOVU,2,120L,-14,33.5
428,4IPOVU,2,120L,-13,35.9
428,4IPOVU,2,120L,-12,39.8
428,4IPOVU,2,120L,-11,42.4
428,4IPOVU,2,120L,-10,46.4
428,4IPOVU,2,120L,-9,49.0
428,4IPOVU,2,120L,-8,51.3
428,4IPOVU,2,120L,-7,51.9
428,4IPOVU,2,120L,-6,58.9
428,4IPOVU,2,120L,-5,60.7
428,4IPOVU,2,120L,-4,65.6
428,4IPOVU,2,120L,-3,68.3
428,4IPOVU,2,120L,-2,70.2
428,4IPOVU,2,120L,-1,75.4
428,4IPOVU,2,120L,0,77.3
429,VVM3,2,120L,-29,15.9
429,VVM3,2,120L,-28,22.9
429,VVM3,2,120L,-27,23.5
429,VVM3,2,120L,-26,28.4
429,VVM3,2,120L,-25,31.2
429,VVM3,2,120L,-24,38.4
429,VVM3,2,120L,-23,40.7
429,VVM3,2,120L,-22,45.1
429,VVM3,2,120L,-21,49.3
429,VVM3,2,120L,-20,54.4
429,VVM3,2,120L,-19,56.6
429,VVM3,2,120L,-18,59.4
429,VVM3,2,120L,-17,67.7
429,VVM3,2,120L,-16,68.0
429,VVM3,2,120L,-15,76.7
429,VVM3,2,120L,-14,82.0
429,VVM3,2,120L,-13,83.7
429,VVM3,2,120L,-12,90.1
429,VVM3,2,120L,-11,92.4
429,VVM3,2,120L,-10,99.0
429,VVM3,2,120L,-9,0.2
429,VVM3,2,120L,-8,1.6
429,VVM3,2,120L,-7,9.2
429,VVM3,2,120L,-6,16.1
429,VVM3,2,120L,-5,18.6
429,VVM3,2,120L,-4,21.3
429,VVM3,2,120L,-3,26.8
429,VVM3,2,120L,-2,32.0
429,VVM3,2,120L,-1,34.6
429,VVM3,2,120L,0,42.9
430,JLEN,2,120L,-29,93.8
430,JLEN,2,120L,-28,95.9
430,JLEN,2,120L,-27,0.7
430,JLEN,2,120L,-26,7.2
430,JLEN,2,120L,-25,10.3
430,JLEN,2,120L,-24,14.9
430,JLEN,2,120L,-23,16.3
430,JLEN,2,120L,-22,24.1
430,JLEN,2,120L,-21,27.9
430,JLEN,2,120L,-20,31.8
430,JLEN,2,120L,-19,36.7
430,JLEN,2,120L,-18,40.0
430,JLEN,2,120L,-17,44.0
430,JLEN,2,120L,-16,48.9
430,JLEN,2,120L,-15,52.9
430,JLEN,2,120L,-14,61.3
430,JLEN,2,120L,-13,63.7
430,JLEN,2,120L,-12,65.3
430,JLEN,2,120L,-11,74.1
430,JLEN,2,120L,-10,74.8
430,JLEN,2,120L,-9,79.8
430,JLEN,2,120L,-8,85.5
430,JLEN,2,120L,-7,85.5
430,JLEN,2,120L,-6,92.5
430,JLEN,2,120L,-5,96.4
430,JLEN,2,120L,-4,1.9
430,JLEN,2,120L,-3,6.5
430,JLEN,2,120L,-2,10.2
430,JLEN,2,120L,-1,14.5
430,JLEN,2,120L,0,20.6
431,DX5X,2,120L,-29,81.2
431,DX5X,2,120L,-28,84.9
431,DX5X,2,120L,-27,90.9
431,DX5X,2,120L,-26,91.9
431,DX5X,2,120L,-25,94.4
431,DX5X,2,120L,-24,95.8
431,DX5X,2,120L,-23,0.1
431,DX5X,2,120L,-22,5.0
431,DX5X,2,120L,-21,9.1
431,DX5X,2,120L,-20,11.9
431,DX5X,2,120L,-19,16.8
431,DX5X,2,120L,-18,18.9
431,DX5X,2,120L,-17,21.9
431,DX5X,2,120L,-16,27.7
431,DX5X,2,120L,-15,32.4
431,DX5X,2,120L,-14,32.2
431,DX5X,2,120L,-13,37.7
431,DX5X,2,120L,-12,38.0
431,DX5X,2,120L,-11,42.2
431,DX5X,2,120L,-10,47.0
431,DX5X,2,120L,-9,53.1
431,DX5X,2,120L,-8,53.7
431,DX5X,2,120L,-7,57.2
431,DX5X,2,120L,-6,62.0
431,DX5X,2,120L,-5,65.5
431,DX5X,2,120L,-4,67.8
431,DX5X,2,120L,-3,75.4
431,DX5X,2,120L,-2,75.6
431,DX5X,2,120L,-1,79.7
431,DX5X,2,120L,0,82.4
432,DXZE,2,120L,-29,6.3
432,DXZE,2,120L,-28,6.6
432,DXZE,2,120L,-27,13.4
432,DXZE,2,120L,-26,16.5
432,DXZE,2,120L,-25,21.1
432,DXZE,2,120L,-24,23.5
432,DXZE,2,120L,-23,27.3
432,DXZE,2,120L,-22,33.0
432,DXZE,2,120L,-21,37.0
432,DXZE,2,120L,-20,41.9
432,DXZE,2,120L,-19,43.8
432,DXZE,2,120L,-18,47.3
432,DXZE,2,120L,-17,47.8
432,DXZE,2,120L,-16,53.0
432,DXZE,2,120L,-15,58.8
432,DXZE,2,120L,-14,61.7
432,DXZE,2,120L,-13,68.6
432,DXZE,2,120L,-12,69.3
432,DXZE,2,120L,-11,74.5
432,DXZE,2,120L,-10,78.6
432,DXZE,2,120L,-9,85.0
432,DXZE,2,120L,-8,86.3
432,DXZE,2,120L,-7,91.9
432,DXZE,2,120L,-6,95.5
432,DXZE,2,120L,-5,100.0
432,DXZE,2,120L,-4,4.4
432,DXZE,2,120L,-3,7.0
432,DXZE,2,120L,-2,8.5
432,DXZE,2,120L,-1,14.7
432,DXZE,2,120L,0,19.0
433,PHLC,2,120L,-29,69.2
433,PHLC,2,120L,-28,75.5
433,PHLC,2,120L,-27,77.3
433,PHLC,2,120L,-26,79.4
433,PHLC,2,120L,-25,83.5
433,PHLC,2,120L,-24,90.6
433,PHLC,2,120L,-23,92.2
433,PHLC,2,120L,-22,96.2
433,PHLC,2,120L,-21,96.5
433,PHLC,2,120L,-20,0.5
433,PHLC,2,120L,-19,4.0
433,PHLC,2,120L,-18,8.8
433,PHLC,2,120L,-17,11.7
433,PHLC,2,120L,-16,14.7
433,PHLC,2,120L,-15,18.4
433,PHLC,2,120L,-14,21.2
433,PHLC,2,120L,-13,25.6
433,PHLC,2,120L,-12,31.0
433,PHLC,2,120L,-11,30.6
433,PHLC,2,120L,-10,36.8
433,PHLC,2,120L,-9,41.8
433,PHLC,2,120L,-8,43.0
433,PHLC,2,120L,-7,45.9
433,PHLC,2,120L,-6,51.6
433,PHLC,2,120L,-5,52.2
433,PHLC,2,120L,-4,57.1
433,PHLC,2,120L,-3,59.0
433,PHLC,2,120L,-2,61.3
433,PHLC,2,120L,-1,67.3
433,PHLC,2,120L,0,69.1
434,QMRW,2,240L,-29,88.7
434,QMRW,2,240L,-28,90.1
434,QMRW,2,240L,-27,95.5
434,QMRW,2,240L,-26,98.5
434,QMRW,2,240L,-25,1.4
434,QMRW,2,240L,-24,3.1
434,QMRW,2,240L,-23,12.4
434,QMRW,2,240L,-22,12.4
434,QMRW,2,240L,-21,20.0
434,QMRW,2,240L,-20,22.8
434,QMRW,2,240L,-19,24.5
434,QMRW,2,240L,-18,30.4
434,QMRW,2,240L,-17,37.2
434,QMRW,2,240L,-16,40.3
434,QMRW,2,240L,-15,41.2
434,QMRW,2,240L,-14,44.9
434,QMRW,2,240L,-13,50.1
434,QMRW,2,240L,-12,53.7
434,QMRW,2,240L,-11,59.8
434,QMRW,2,240L,-10,63.1
434,QMRW,2,240L,-9,63.4
434,QMRW,2,240L,-8,70.7
434,QMRW,2,240L,-7,73.7
434,QMRW,2,240L,-6,78.0
434,QMRW,2,240L,-5,82.4
434,QMRW,2,240L,-4,87.8
434,QMRW,2,240L,-3,91.5
434,QMRW,2,240L,-2,92.9
434,QMRW,2,240L,-1,97.9
434,QMRW,2,240L,0,1.3
435,FU57,2,120L,-29,36.6
435,FU57,2,120L,-28,43.7
435,FU57,2,120L,-27,42.4
435,FU57,2,120L,-26,49.1
435,FU57,2,120L,-25,53.1
435,FU57,2,120L,-24,57.8
435,FU57,2,120L,-23,60.0
435,FU57,2,120L,-22,63.4
435,FU57,2,120L,-21,67.6
435,FU57,2,120L,-20,75.8
435,FU57,2,120L,-19,76.4
435,FU57,2,120L,-18,81.3
435,FU57,2,120L,-17,89.3
435,FU57,2,120L,-16,89.1
435,FU57,2,120L,-15,94.8
435,FU57,2,120L,-14,100.0
435,FU57,2,120L,-13,4.1
435,FU57,2,120L,-12,4.7
435,FU57,2,120L,-11,9.7
435,FU57,2,120L,-10,15.3
435,FU57,2,120L,-9,21.9
435,FU57,2,120L,-8,22.0
435,FU57,2,120L,-7,26.5
435,FU57,2,120L,-6,32.0
435,FU57,2,120L,-5,36.4
435,FU57,2,120L,-4,40.6
435,FU57,2,120L,-3,42.4
435,FU57,2,120L,-2,47.0
435,FU57,2,120L,-1,52.2
435,FU57,2,120L,0,57.9
436,7VIZ,2,120L,-29,1.4
436,7VIZ,2,120L,-28,10.3
436,7VIZ,2,120L,-27,12.3
436,7VIZ,2,120L,-26,18.2
436,7VIZ,2,120L,-25,21.2
436,7VIZ,2,120L,-24,25.9
436,7VIZ,2,120L,-23,28.0
436,7VIZ,2,120L,-22,31.6
436,7VIZ,2,120L,-21,41.3
436,7VIZ,2,120L,-20,44.1
436,7VIZ,2,120L,-19,48.8
436,7VIZ,2,120L,-18,51.2
436,7VIZ,2,120L,-17,56.2
436,7VIZ,2,120L,-16,63.7
436,7VIZ,2,120L,-15,69.3
436,7VIZ,2,120L,-14,70.3
436,7VIZ,2,120L,-13,76.8
436,7VIZ,2,120L,-12,80.7
436,7VIZ,2,120L,-11,84.7
436,7VIZ,2,120L,-10,92.3
436,7VIZ,2,120L,-9,93.3
436,7VIZ,2,120L,-8,100.0
436,7VIZ,2,120L,-7,3.7
436,7VIZ,2,120L,-6,7.7
436,7VIZ,2,120L,-5,14.3
436,7VIZ,2,120L,-4,17.2
436,7VIZ,2,120L,-3,21.2
436,7VIZ,2,120L,-2,28.0
436,7VIZ,2,120L,-1,32.3
436,7VIZ,2,120L,0,36.8
437,D7IW,2,120L,-29,8.8
437,D7IW,2,120L,-28,11.8
437,D7IW,2,120L,-27,17.6
437,D7IW,2,120L,-26,21.7
437,D7IW,2,120L,-25,25.9
437,D7IW,2,120L,-24,31.3
437,D7IW,2,120L,-23,35.3
437,D7IW,2,120L,-22,40.4
437,D7IW,2,120L,-21,43.4
437,D7IW,2,120L,-20,50.6
437,D7IW,2,120L,-19,54.0
437,D7IW,2,120L,-18,58.1
437,D7IW,2,120L,-17,62.5
437,D7IW,2,120L,-16,68.0
437,D7IW,2,120L,-15,72.3
437,D7IW,2,120L,-14,75.1
437,D7IW,2,120L,-13,81.2
437,D7IW,2,120L,-12,84.5
437,D7IW,2,120L,-11,91.6
437,D7IW,2,120L,-10,94.8
437,D7IW,2,120L,-9,96.7
437,D7IW,2,120L,-8,5.6
437,D7IW,2,120L,-7,3.5
437,D7IW,2,120L,-6,12.1
437,D7IW,2,120L,-5,14.5
437,D7IW,2,120L,-4,22.9
437,D7IW,2,120L,-3,24.9
437,D7IW,2,120L,-2,27.8
437,D7IW,2,120L,-1,33.1
437,D7IW,2,120L,0,36.9
438,HV4N,2,120L,-29,13.4
438,HV4N,2,120L,-28,18.8
438,HV4N,2,120L,-27,22.8
438,HV4N,2,120L,-26,24.5
438,HV4N,2,120L,-25,27.4
438,HV4N,2,120L,-24,34.2
438,HV4N,2,120L,-23,38.4
438,HV4N,2,120L,-22,42.5
438,HV4N,2,120L,-21,46.1
438,HV4N,2,120L,-20,51.5
438,HV4N,2,120L,-19,54.4
438,HV4N,2,120L,-18,60.8
438,HV4N,2,120L,-17,65.3
438,HV4N,2,120L,-16,61.8
438,HV4N,2,120L,-15,65.0
438,HV4N,2,120L,-14,72.2
438,HV4N,2,120L,-13,76.8
438,HV4N,2,120L,-12,79.8
438,HV4N,2,120L,-11,84.8
438,HV4N,2,120L,-10,87.1
438,HV4N,2,120L,-9,90.4
438,HV4N,2,120L,-8,94.4
438,HV4N,2,120L,-7,98.8
438,HV4N,2,120L,-6,4.2
438,HV4N,2,120L,-5,6.0
438,HV4N,2,120L,-4,10.2
438,HV4N,2,120L,-3,15.3
438,HV4N,2,120L,-2,18.0
438,HV4N,2,120L,-1,23.8
438,HV4N,2,120L,0,24.6
439,EELK,2,240L,-29,20.0
439,EELK,2,240L,-28,24.3
439,EELK,2,240L,-27,26.6
439,EELK,2,240L,-26,34.0
439,EELK,2,240L,-25,39.1
439,EELK,2,240L,-24,39.4
439,EELK,2,240L,-23,46.7
439,EELK,2,240L,-22,45.1
439,EELK,2,240L,-21,54.4
439,EELK,2,240L,-20,55.7
439,EELK,2,240L,-19,62.6
439,EELK,2,240L,-18,63.8
439,EELK,2,240L,-17,69.3
439,EELK,2,240L,-16,72.3
439,EELK,2,240L,-15,77.4
439,EELK,2,240L,-14,84.6
439,EELK,2,240L,-13,85.9
439,EELK,2,240L,-12,93.3
439,EELK,2,240L,-11,93.7
439,EELK,2,240L,-10,100.0
439,EELK,2,240L,-9,0.2
439,EELK,2,240L,-8,6.3
439,EELK,2,240L,-7,10.1
439,EELK,2,240L,-6,17.4
439,EELK,2,240L,-5,19.5
439,EELK,2,240L,-4,20.3
439,EELK,2,240L,-3,25.6
439,EELK,2,240L,-2,30.2
439,EELK,2,240L,-1,37.2
439,EELK,2,240L,0,41.2
440,X6RI,2,240L,-29,96.5
440,X6RI,2,240L,-28,98.2
440,X6RI,2,240L,-27,5.1
440,X6RI,2,240L,-26,9.4
440,X6RI,2,240L,-25,12.9
440,X6RI,2,240L,-24,18.4
440,X6RI,2,240L,-23,22.4
440,X6RI,2,240L,-22,27.5
440,X6RI,2,240L,-21,29.2
440,X6RI,2,240L,-20,36.6
440,X6RI,2,240L,-19,41.7
440,X6RI,2,240L,-18,45.1
440,X6RI,2,240L,-17,50.0
440,X6RI,2,240L,-16,53.4
440,X6RI,2,240L,-15,59.3
440,X6RI,2,240L,-14,62.6
440,X6RI,2,240L,-13,65.2
440,X6RI,2,240L,-12,72.6
440,X6RI,2,240L,-11,73.4
440,X6RI,2,240L,-10,80.8
440,X6RI,2,240L,-9,84.2
440,X6RI,2,240L,-8,88.6
440,X6RI,2,240L,-7,94.0
440,X6RI,2,240L,-6,97.1
440,X6RI,2,240L,-5,3.4
440,X6RI,2,240L,-4,7.2
440,X6RI,2,240L,-3,10.7
440,X6RI,2,240L,-2,18.1
440,X6RI,2,240L,-1,20.8
440,X6RI,2,240L,0,25.9
441,VQ2Y,2,240L,-29,91.4
441,VQ2Y,2,240L,-28,95.2
441,VQ2Y,2,240L,-27,98.8
441,VQ2Y,2,240L,-26,2.1
441,VQ2Y,2,240L,-25,9.5
441,VQ2Y,2,240L,-24,15.8
441,VQ2Y,2,240L,-23,19.6
441,VQ2Y,2,240L,-22,18.9
441,VQ2Y,2,240L,-21,30.3
441,VQ2Y,2,240L,-20,35.3
441,VQ2Y,2,240L,-19,38.4
441,VQ2Y,2,240L,-18,45.3
441,VQ2Y,2,240L,-17,49.7
441,VQ2Y,2,240L,-16,52.7
441,VQ2Y,2,240L,-15,60.6
441,VQ2Y,2,240L,-14,61.8
441,VQ2Y,2,240L,-13,68.5
441,VQ2Y,2,240L,-12,73.3
441,VQ2Y,2,240L,-11,77.3
441,VQ2Y,2,240L,-10,83.9
441,VQ2Y,2,240L,-9,90.4
441,VQ2Y,2,240L,-8,95.2
441,VQ2Y,2,240L,-7,99.4
441,VQ2Y,2,240L,-6,0.7
441,VQ2Y,2,240L,-5,6.2
441,VQ2Y,2,240L,-4,13.4
441,VQ2Y,2,240L,-3,18.1
441,VQ2Y,2,240L,-2,22.3
441,VQ2Y,2,240L,-1,30.9
441,VQ2Y,2,240L,0,33.2
442,Q3R2,2,120L,-29,14.1
442,Q3R2,2,120L,-28,23.6
442,Q3R2,2,120L,-27,24.0
442,Q3R2,2,120L,-26,30.3
442,Q3R2,2,120L,-25,35.5
442,Q3R2,2,120L,-24,45.0
442,Q3R2,2,120L,-23,49.6
442,Q3R2,2,120L,-22,53.3
442,Q3R2,2,120L,-21,58.5
442,Q3R2,2,120L,-20,67.6
442,Q3R2,2,120L,-19,71.8
442,Q3R2,2,120L,-18,79.1
442,Q3R2,2,120L,-17,82.6
442,Q3R2,2,120L,-16,89.2
442,Q3R2,2,120L,-15,94.6
442,Q3R2,2,120L,-14,98.9
442,Q3R2,2,120L,-13,5.4
442,Q3R2,2,120L,-12,9.5
442,Q3R2,2,120L,-11,17.8
442,Q3R2,2,120L,-10,23.9
442,Q3R2,2,120L,-9,30.0
442,Q3R2,2,120L,-8,35.2
442,Q3R2,2,120L,-7,39.7
442,Q3R2,2,120L,-6,48.0
442,Q3R2,2,120L,-5,52.7
442,Q3R2,2,120L,-4,59.2
442,Q3R2,2,120L,-3,65.0
442,Q3R2,2,120L,-2,68.4
442,Q3R2,2,120L,-1,74.9
442,Q3R2,2,120L,0,81.2
443,GLL3,2,120L,-29,97.6
443,GLL3,2,120L,-28,0.6
443,GLL3,2,120L,-27,5.7
443,GLL3,2,120L,-26,8.7
443,GLL3,2,120L,-25,10.3
443,GLL3,2,120L,-24,16.0
443,GLL3,2,120L,-23,18.9
443,GLL3,2,120L,-22,24.2
443,GLL3,2,120L,-21,28.7
443,GLL3,2,120L,-20,29.7
443,GLL3,2,120L,-19,31.2
443,GLL3,2,120L,-18,36.6
443,GLL3,2,120L,-17,38.9
443,GLL3,2,120L,-16,41.8
443,GLL3,2,120L,-15,44.2
443,GLL3,2,120L,-14,48.1
443,GLL3,2,120L,-13,51.8
443,GLL3,2,120L,-12,56.6
443,GLL3,2,120L,-11,59.5
443,GLL3,2,120L,-10,64.7
443,GLL3,2,120L,-9,66.3
443,GLL3,2,120L,-8,69.2
443,GLL3,2,120L,-7,71.4
443,GLL3,2,120L,-6,73.6
443,GLL3,2,120L,-5,77.6
443,GLL3,2,120L,-4,80.7
443,GLL3,2,120L,-3,81.3
443,GLL3,2,120L,-2,86.9
443,GLL3,2,120L,-1,94.1
443,GLL3,2,120L,0,95.6
444,DQ7X,2,120L,-29,53.8
444,DQ7X,2,120L,-28,61.8
444,DQ7X,2,120L,-27,68.1
444,DQ7X,2,120L,-26,70.7
444,DQ7X,2,120L,-25,73.0
444,DQ7X,2,120L,-24,79.7
444,DQ7X,2,120L,-23,87.0
444,DQ7X,2,120L,-22,90.2
444,DQ7X,2,120L,-21,92.4
444,DQ7X,2,120L,-20,100.0
444,DQ7X,2,120L,-19,2.2
444,DQ7X,2,120L,-18,8.4
444,DQ7X,2,120L,-17,12.0
444,DQ7X,2,120L,-16,16.7
444,DQ7X,2,120L,-15,22.3
444,DQ7X,2,120L,-14,28.7
444,DQ7X,2,120L,-13,34.4
444,DQ7X,2,120L,-12,36.6
444,DQ7X,2,120L,-11,40.4
444,DQ7X,2,120L,-10,47.4
444,DQ7X,2,120L,-9,52.1
444,DQ7X,2,120L,-8,56.5
444,DQ7X,2,120L,-7,61.3
444,DQ7X,2,120L,-6,65.4
444,DQ7X,2,120L,-5,70.5
444,DQ7X,2,120L,-4,74.8
444,DQ7X,2,120L,-3,81.4
444,DQ7X,2,120L,-2,87.9
444,DQ7X,2,120L,-1,89.5
444,DQ7X,2,120L,0,94.0
445,KZ5DQA,2,120L,-29,31.2
445,KZ5DQA,2,120L,-28,38.0
445,KZ5DQA,2,120L,-27,42.2
445,KZ5DQA,2,120L,-26,45.7
445,KZ5DQA,2,120L,-25,52.4
445,KZ5DQA,2,120L,-24,55.8
445,KZ5DQA,2,120L,-23,59.0
445,KZ5DQA,2,120L,-22,65.7
445,KZ5DQA,2,120L,-21,70.3
445,KZ5DQA,2,120L,-20,76.1
445,KZ5DQA,2,120L,-19,80.6
445,KZ5DQA,2,120L,-18,83.9
445,KZ5DQA,2,120L,-17,88.1
445,KZ5DQA,2,120L,-16,93.5
445,KZ5DQA,2,120L,-15,98.8
445,KZ5DQA,2,120L,-14,3.7
445,KZ5DQA,2,120L,-13,8.1
445,KZ5DQA,2,120L,-12,12.2
445,KZ5DQA,2,120L,-11,18.6
445,KZ5DQA,2,120L,-10,20.8
445,KZ5DQA,2,120L,-9,30.2
445,KZ5DQA,2,120L,-8,32.4
445,KZ5DQA,2,120L,-7,34.3
445,KZ5DQA,2,120L,-6,41.0
445,KZ5DQA,2,120L,-5,46.6
445,KZ5DQA,2,120L,-4,49.6
445,KZ5DQA,2,120L,-3,52.6
445,KZ5DQA,2,120L,-2,58.0
445,KZ5DQA,2,120L,-1,65.1
445,KZ5DQA,2,120L,0,66.4
446,E5JX,2,120L,-29,1.9
446,E5JX,2,120L,-28,4.5
446,E5JX,2,120L,-27,8.1
446,E5JX,2,120L,-26,9.9
446,E5JX,2,120L,-25,16.2
446,E5JX,2,120L,-24,17.5
446,E5JX,2,120L,-23,21.2
446,E5JX,2,120L,-22,25.9
446,E5JX,2,120L,-21,28.3
446,E5JX,2,120L,-20,30.9
446,E5JX,2,120L,-19,32.3
446,E5JX,2,120L,-18,39.1
446,E5JX,2,120L,-17,42.0
446,E5JX,2,120L,-16,44.4
446,E5JX,2,120L,-15,46.9
446,E5JX,2,120L,-14,51.8
446,E5JX,2,120L,-13,55.8
446,E5JX,2,120L,-12,58.5
446,E5JX,2,120L,-11,64.1
446,E5JX,2,120L,-10,66.0
446,E5JX,2,120L,-9,68.1
446,E5JX,2,120L,-8,72.7
446,E5JX,2,120L,-7,75.0
446,E5JX,2,120L,-6,78.3
446,E5JX,2,120L,-5,83.4
446,E5JX,2,120L,-4,83.4
446,E5JX,2,120L,-3,88.1
446,E5JX,2,120L,-2,93.2
446,E5JX,2,120L,-1,95.2
446,E5JX,2,120L,0,97.4
447,FZFR2E,2,120L,-29,61.4
447,FZFR2E,2,120L,-28,72.8
447,FZFR2E,2,120L,-27,74.9
447,FZFR2E,2,120L,-26,78.4
447,FZFR2E,2,120L,-25,84.6
447,FZFR2E,2,120L,-24,87.4
447,FZFR2E,2,120L,-23,93.1
447,FZFR2E,2,120L,-22,97.0
447,FZFR2E,2,120L,-21,1.1
447,FZFR2E,2,120L,-20,4.9
447,FZFR2E,2,120L,-19,10.4
447,FZFR2E,2,120L,-18,19.2
447,FZFR2E,2,120L,-17,20.9
447,FZFR2E,2,120L,-16,28.0
447,FZFR2E,2,120L,-15,33.5
447,FZFR2E,2,120L,-14,36.8
447,FZFR2E,2,120L,-13,41.2
447,FZFR2E,2,120L,-12,46.6
447,FZFR2E,2,120L,-11,50.6
447,FZFR2E,2,120L,-10,57.8
447,FZFR2E,2,120L,-9,63.6
447,FZFR2E,2,120L,-8,67.8
447,FZFR2E,2,120L,-7,67.2
447,FZFR2E,2,120L,-6,74.6
447,FZFR2E,2,120L,-5,80.0
447,FZFR2E,2,120L,-4,85.5
447,FZFR2E,2,120L,-3,87.0
447,FZFR2E,2,120L,-2,91.8
447,FZFR2E,2,120L,-1,100.0
447,FZFR2E,2,120L,0,3.2
448,DFFQ,2,120L,-29,59.5
448,DFFQ,2,120L,-28,62.5
448,DFFQ,2,120L,-27,69.0
448,DFFQ,2,120L,-26,72.0
448,DFFQ,2,120L,-25,75.8
448,DFFQ,2,120L,-24,85.4
448,DFFQ,2,120L,-23,88.7
448,DFFQ,2,120L,-22,92.5
448,DFFQ,2,120L,-21,97.1
448,DFFQ,2,120L,-20,4.9
448,DFFQ,2,120L,-19,8.5
448,DFFQ,2,120L,-18,14.2
448,DFFQ,2,120L,-17,16.4
448,DFFQ,2,120L,-16,22.2
448,DFFQ,2,120L,-15,27.6
448,DFFQ,2,120L,-14,31.1
448,DFFQ,2,120L,-13,36.6
448,DFFQ,2,120L,-12,40.7
448,DFFQ,2,120L,-11,47.1
448,DFFQ,2,120L,-10,49.4
448,DFFQ,2,120L,-9,57.1
448,DFFQ,2,120L,-8,61.5
448,DFFQ,2,120L,-7,65.6
448,DFFQ,2,120L,-6,71.5
448,DFFQ,2,120L,-5,75.1
448,DFFQ,2,120L,-4,79.5
448,DFFQ,2,120L,-3,86.2
448,DFFQ,2,120L,-2,91.2
448,DFFQ,2,120L,-1,94.4
448,DFFQ,2,120L,0,0.0
449,XSDX,2,120L,-29,16.7
449,XSDX,2,120L,-28,25.2
449,XSDX,2,120L,-27,28.7
449,XSDX,2,120L,-26,33.6
449,XSDX,2,120L,-25,37.6
449,XSDX,2,120L,-24,45.4
449,XSDX,2,120L,-23,48.8
449,XSDX,2,120L,-22,54.1
449,XSDX,2,120L,-21,61.6
449,XSDX,2,120L,-20,66.4
449,XSDX,2,120L,-19,67.4
449,XSDX,2,120L,-18,76.3
449,XSDX,2,120L,-17,82.0
449,XSDX,2,120L,-16,86.7
449,XSDX,2,120L,-15,92.8
449,XSDX,2,120L,-14,95.2
449,XSDX,2,120L,-13,0.0
449,XSDX,2,120L,-12,7.2
449,XSDX,2,120L,-11,14.4
449,XSDX,2,120L,-10,14.6
449,XSDX,2,120L,-9,23.5
449,XSDX,2,120L,-8,27.2
449,XSDX,2,120L,-7,35.1
449,XSDX,2,120L,-6,43.8
449,XSDX,2,120L,-5,45.9
449,XSDX,2,120L,-4,51.4
449,XSDX,2,120L,-3,58.2
449,XSDX,2,120L,-2,62.3
449,XSDX,2,120L,-1,67.3
449,XSDX,2,120L,0,74.4
450,DDMJ,2,120L,-29,41.5
450,DDMJ,2,120L,-28,47.1
450,DDMJ,2,120L,-27,54.9
450,DDMJ,2,120L,-26,59.0
450,DDMJ,2,120L,-25,67.2
450,DDMJ,2,120L,-24,69.7
450,DDMJ,2,120L,-23,79.3
450,DDMJ,2,120L,-22,83.8
450,DDMJ,2,120L,-21,87.5
450,DDMJ,2,120L,-20,95.7
450,DDMJ,2,120L,-19,0.0
450,DDMJ,2,120L,-18,6.8
450,DDMJ,2,120L,-17,11.9
450,DDMJ,2,120L,-16,18.3
450,DDMJ,2,120L,-15,25.8
450,DDMJ,2,120L,-14,31.1
450,DDMJ,2,120L,-13,34.5
450,DDMJ,2,120L,-12,40.5
450,DDMJ,2,120L,-11,48.5
450,DDMJ,2,120L,-10,54.5
450,DDMJ,2,120L,-9,58.8
450,DDMJ,2,120L,-8,68.1
450,DDMJ,2,120L,-7,72.9
450,DDMJ,2,120L,-6,76.6
450,DDMJ,2,120L,-5,82.4
450,DDMJ,2,120L,-4,89.0
450,DDMJ,2,120L,-3,94.8
450,DDMJ,2,120L,-2,3.1
450,DDMJ,2,120L,-1,8.6
450,DDMJ,2,120L,0,13.1
451,KOT4,2,120L,-29,73.6
451,KOT4,2,120L,-28,75.6
451,KOT4,2,120L,-27,79.4
451,KOT4,2,120L,-26,82.8
451,KOT4,2,120L,-25,85.9
451,KOT4,2,120L,-24,87.2
451,KOT4,2,120L,-23,90.5
451,KOT4,2,120L,-22,94.3
451,KOT4,2,120L,-21,96.9
451,KOT4,2,120L,-20,0.0
451,KOT4,2,120L,-19,5.3
451,KOT4,2,120L,-18,8.0
451,KOT4,2,120L,-17,8.7
451,KOT4,2,120L,-16,13.5
451,KOT4,2,120L,-15,16.8
451,KOT4,2,120L,-14,20.6
451,KOT4,2,120L,-13,21.8
451,KOT4,2,120L,-12,24.6
451,KOT4,2,120L,-11,30.6
451,KOT4,2,120L,-10,30.8
451,KOT4,2,120L,-9,35.9
451,KOT4,2,120L,-8,39.0
451,KOT4,2,120L,-7,42.5
451,KOT4,2,120L,-6,46.2
451,KOT4,2,120L,-5,51.4
451,KOT4,2,120L,-4,49.8
451,KOT4,2,120L,-3,56.7
451,KOT4,2,120L,-2,54.8
451,KOT4,2,120L,-1,63.9
451,KOT4,2,120L,0,61.9
452,MG73,2,120L,-29,32.5
452,MG73,2,120L,-28,35.8
452,MG73,2,120L,-27,37.2
452,MG73,2,120L,-26,41.0
452,MG73,2,120L,-25,44.0
452,MG73,2,120L,-24,50.1
452,MG73,2,120L,-23,51.9
452,MG73,2,120L,-22,55.0
452,MG73,2,120L,-21,60.7
452,MG73,2,120L,-20,62.2
452,MG73,2,120L,-19,66.8
452,MG73,2,120L,-18,71.1
452,MG73,2,120L,-17,73.6
452,MG73,2,120L,-16,77.5
452,MG73,2,120L,-15,84.2
452,MG73,2,120L,-14,85.3
452,MG73,2,120L,-13,88.7
452,MG73,2,120L,-12,92.7
452,MG73,2,120L,-11,97.3
452,MG73,2,120L,-10,0.0
452,MG73,2,120L,-9,4.6
452,MG73,2,120L,-8,8.0
452,MG73,2,120L,-7,8.6
452,MG73,2,120L,-6,17.7
452,MG73,2,120L,-5,20.8
452,MG73,2,120L,-4,21.1
452,MG73,2,120L,-3,24.3
452,MG73,2,120L,-2,30.0
452,MG73,2,120L,-1,31.2
452,MG73,2,120L,0,39.0
453,GCGR,2,120L,-29,34.2
453,GCGR,2,120L,-28,35.1
453,GCGR,2,120L,-27,40.8
453,GCGR,2,120L,-26,47.4
453,GCGR,2,120L,-25,49.7
453,GCGR,2,120L,-24,55.1
453,GCGR,2,120L,-23,61.0
453,GCGR,2,120L,-22,63.1
453,GCGR,2,120L,-21,66.6
453,GCGR,2,120L,-20,70.9
453,GCGR,2,120L,-19,78.6
453,GCGR,2,120L,-18,82.9
453,GCGR,2,120L,-17,88.5
453,GCGR,2,120L,-16,91.1
453,GCGR,2,120L,-15,93.9
453,GCGR,2,120L,-14,0.0
453,GCGR,2,120L,-13,9.6
453,GCGR,2,120L,-12,10.7
453,GCGR,2,120L,-11,14.7
453,GCGR,2,120L,-10,19.5
453,GCGR,2,120L,-9,21.5
453,GCGR,2,120L,-8,27.1
453,GCGR,2,120L,-7,35.5
453,GCGR,2,120L,-6,38.4
453,GCGR,2,120L,-5,40.9
453,GCGR,2,120L,-4,44.8
453,GCGR,2,120L,-3,50.4
453,GCGR,2,120L,-2,55.3
453,GCGR,2,120L,-1,63.5
453,GCGR,2,120L,0,64.7
454,D4FX,2,120L,-29,28.8
454,D4FX,2,120L,-28,30.4
454,D4FX,2,120L,-27,36.9
454,D4FX,2,120L,-26,42.1
454,D4FX,2,120L,-25,44.4
454,D4FX,2,120L,-24,47.0
454,D4FX,2,120L,-23,51.3
454,D4FX,2,120L,-22,53.6
454,D4FX,2,120L,-21,59.8
454,D4FX,2,120L,-20,64.4
454,D4FX,2,120L,-19,66.6
454,D4FX,2,120L,-18,74.8
454,D4FX,2,120L,-17,77.0
454,D4FX,2,120L,-16,77.1
454,D4FX,2,120L,-15,81.1
454,D4FX,2,120L,-14,86.2
454,D4FX,2,120L,-13,94.0
454,D4FX,2,120L,-12,96.9
454,D4FX,2,120L,-11,100.0
454,D4FX,2,120L,-10,3.5
454,D4FX,2,120L,-9,7.1
454,D4FX,2,120L,-8,9.5
454,D4FX,2,120L,-7,15.9
454,D4FX,2,120L,-6,19.0
454,D4FX,2,120L,-5,22.9
454,D4FX,2,120L,-4,29.6
454,D4FX,2,120L,-3,31.0
454,D4FX,2,120L,-2,37.1
454,D4FX,2,120L,-1,36.7
454,D4FX,2,120L,0,47.0
455,V7GD,2,120L,-29,62.0
455,V7GD,2,120L,-28,66.7
455,V7GD,2,120L,-27,69.0
455,V7GD,2,120L,-26,75.4
455,V7GD,2,120L,-25,79.8
455,V7GD,2,120L,-24,81.8
455,V7GD,2,120L,-23,86.2
455,V7GD,2,120L,-22,91.7
455,V7GD,2,120L,-21,95.8
455,V7GD,2,120L,-20,2.5
455,V7GD,2,120L,-19,5.8
455,V7GD,2,120L,-18,9.1
455,V7GD,2,120L,-17,14.5
455,V7GD,2,120L,-16,14.9
455,V7GD,2,120L,-15,21.4
455,V7GD,2,120L,-14,27.1
455,V7GD,2,120L,-13,32.7
455,V7GD,2,120L,-12,35.7
455,V7GD,2,120L,-11,42.0
455,V7GD,2,120L,-10,45.5
455,V7GD,2,120L,-9,47.8
455,V7GD,2,120L,-8,52.8
455,V7GD,2,120L,-7,58.0
455,V7GD,2,120L,-6,61.0
455,V7GD,2,120L,-5,68.4
455,V7GD,2,120L,-4,68.8
455,V7GD,2,120L,-3,75.3
455,V7GD,2,120L,-2,80.3
455,V7GD,2,120L,-1,83.1
455,V7GD,2,120L,0,87.2
456,LTYP,2,120L,-29,71.8
456,LTYP,2,120L,-28,74.0
456,LTYP,2,120L,-27,80.4
456,LTYP,2,120L,-26,82.3
456,LTYP,2,120L,-25,86.3
456,LTYP,2,120L,-24,88.9
456,LTYP,2,120L,-23,94.1
456,LTYP,2,120L,-22,95.6
456,LTYP,2,120L,-21,95.9
456,LTYP,2,120L,-20,100.0
456,LTYP,2,120L,-19,2.2
456,LTYP,2,120L,-18,5.4
456,LTYP,2,120L,-17,7.0
456,LTYP,2,120L,-16,11.8
456,LTYP,2,120L,-15,16.1
456,LTYP,2,120L,-14,18.2
456,LTYP,2,120L,-13,19.7
456,LTYP,2,120L,-12,22.1
456,LTYP,2,120L,-11,30.6
456,LTYP,2,120L,-10,31.0
456,LTYP,2,120L,-9,32.3
456,LTYP,2,120L,-8,37.3
456,LTYP,2,120L,-7,42.9
456,LTYP,2,120L,-6,43.6
456,LTYP,2,120L,-5,41.6
456,LTYP,2,120L,-4,52.8
456,LTYP,2,120L,-3,49.1
456,LTYP,2,120L,-2,54.6
456,LTYP,2,120L,-1,56.2
456,LTYP,2,120L,0,59.9
457,EJU3,2,120L,-29,6.0
457,EJU3,2,120L,-28,12.8
457,EJU3,2,120L,-27,18.5
457,EJU3,2,120L,-26,19.4
457,EJU3,2,120L,-25,22.4
457,EJU3,2,120L,-24,28.1
457,EJU3,2,120L,-23,31.6
457,EJU3,2,120L,-22,35.0
457,EJU3,2,120L,-21,37.9
457,EJU3,2,120L,-20,44.3
457,EJU3,2,120L,-19,48.3
457,EJU3,2,120L,-18,49.6
457,EJU3,2,120L,-17,53.6
457,EJU3,2,120L,-16,59.0
457,EJU3,2,120L,-15,61.2
457,EJU3,2,120L,-14,66.8
457,EJU3,2,120L,-13,72.5
457,EJU3,2,120L,-12,74.0
457,EJU3,2,120L,-11,76.1
457,EJU3,2,120L,-10,82.4
457,EJU3,2,120L,-9,85.3
457,EJU3,2,120L,-8,89.2
457,EJU3,2,120L,-7,94.0
457,EJU3,2,120L,-6,98.1
457,EJU3,2,120L,-5,0.9
457,EJU3,2,120L,-4,4.6
457,EJU3,2,120L,-3,11.6
457,EJU3,2,120L,-2,14.2
457,EJU3,2,120L,-1,17.4
457,EJU3,2,120L,0,20.2
458,VT3W,2,120L,-29,73.5
458,VT3W,2,120L,-28,76.0
458,VT3W,2,120L,-27,80.1
458,VT3W,2,120L,-26,82.6
458,VT3W,2,120L,-25,89.2
458,VT3W,2,120L,-24,92.2
458,VT3W,2,120L,-23,95.0
458,VT3W,2,120L,-22,98.3
458,VT3W,2,120L,-21,0.9
458,VT3W,2,120L,-20,2.3
458,VT3W,2,120L,-19,7.0
458,VT3W,2,120L,-18,11.5
458,VT3W,2,120L,-17,14.9
458,VT3W,2,120L,-16,20.2
458,VT3W,2,120L,-15,24.6
458,VT3W,2,120L,-14,26.8
458,VT3W,2,120L,-13,32.6
458,VT3W,2,120L,-12,32.9
458,VT3W,2,120L,-11,37.5
458,VT3W,2,120L,-10,41.2
458,VT3W,2,120L,-9,46.5
458,VT3W,2,120L,-8,48.6
458,VT3W,2,120L,-7,52.2
458,VT3W,2,120L,-6,53.1
458,VT3W,2,120L,-5,57.8
458,VT3W,2,120L,-4,64.3
458,VT3W,2,120L,-3,63.2
458,VT3W,2,120L,-2,71.9
458,VT3W,2,120L,-1,74.2
458,VT3W,2,120L,0,75.9
459,T7XK,2,120L,-29,41.8
459,T7XK,2,120L,-28,44.3
459,T7XK,2,120L,-27,45.2
459,T7XK,2,120L,-26,48.8
459,T7XK,2,120L,-25,50.8
459,T7XK,2,120L,-24,55.2
459,T7XK,2,120L,-23,57.2
459,T7XK,2,120L,-22,61.3
459,T7XK,2,120L,-21,67.4
459,T7XK,2,120L,-20,67.7
459,T7XK,2,120L,-19,69.5
459,T7XK,2,120L,-18,72.2
459,T7XK,2,120L,-17,77.7
459,T7XK,2,120L,-16,79.5
459,T7XK,2,120L,-15,84.3
459,T7XK,2,120L,-14,84.7
459,T7XK,2,120L,-13,91.3
459,T7XK,2,120L,-12,91.9
459,T7XK,2,120L,-11,96.8
459,T7XK,2,120L,-10,99.4
459,T7XK,2,120L,-9,5.7
459,T7XK,2,120L,-8,6.6
459,T7XK,2,120L,-7,12.5
459,T7XK,2,120L,-6,13.6
459,T7XK,2,120L,-5,18.1
459,T7XK,2,120L,-4,18.9
459,T7XK,2,120L,-3,22.9
459,T7XK,2,120L,-2,27.4
459,T7XK,2,120L,-1,30.1
459,T7XK,2,120L,0,32.8
460,NAV7,2,120L,-29,95.9
460,NAV7,2,120L,-28,100.0
460,NAV7,2,120L,-27,4.6
460,NAV7,2,120L,-26,10.1
460,NAV7,2,120L,-25,15.6
460,NAV7,2,120L,-24,23.8
460,NAV7,2,120L,-23,26.9
460,NAV7,2,120L,-22,35.2
460,NAV7,2,120L,-21,40.5
460,NAV7,2,120L,-20,44.5
460,NAV7,2,120L,-19,53.4
460,NAV7,2,120L,-18,54.5
460,NAV7,2,120L,-17,64.9
460,NAV7,2,120L,-16,68.5
460,NAV7,2,120L,-15,70.6
460,NAV7,2,120L,-14,81.8
460,NAV7,2,120L,-13,86.6
460,NAV7,2,120L,-12,90.2
460,NAV7,2,120L,-11,95.0
460,NAV7,2,120L,-10,0.0
460,NAV7,2,120L,-9,11.5
460,NAV7,2,120L,-8,12.1
460,NAV7,2,120L,-7,17.3
460,NAV7,2,120L,-6,25.3
460,NAV7,2,120L,-5,28.1
460,NAV7,2,120L,-4,34.8
460,NAV7,2,120L,-3,43.4
460,NAV7,2,120L,-2,48.3
460,NAV7,2,120L,-1,52.7
460,NAV7,2,120L,0,59.0
461,LSZK,2,120L,-29,14.6
461,LSZK,2,120L,-28,17.9
461,LSZK,2,120L,-27,22.5
461,LSZK,2,120L,-26,26.8
461,LSZK,2,120L,-25,30.9
461,LSZK,2,120L,-24,37.9
461,LSZK,2,120L,-23,41.8
461,LSZK,2,120L,-22,43.6
461,LSZK,2,120L,-21,47.5
461,LSZK,2,120L,-20,53.4
461,LSZK,2,120L,-19,61.2
461,LSZK,2,120L,-18,60.7
461,LSZK,2,120L,-17,66.3
461,LSZK,2,120L,-16,71.0
461,LSZK,2,120L,-15,75.0
461,LSZK,2,120L,-14,78.8
461,LSZK,2,120L,-13,85.6
461,LSZK,2,120L,-12,88.9
461,LSZK,2,120L,-11,93.8
461,LSZK,2,120L,-10,97.7
461,LSZK,2,120L,-9,2.5
461,LSZK,2,120L,-8,7.8
461,LSZK,2,120L,-7,11.8
461,LSZK,2,120L,-6,17.6
461,LSZK,2,120L,-5,20.2
461,LSZK,2,120L,-4,21.7
461,LSZK,2,120L,-3,28.3
461,LSZK,2,120L,-2,32.4
461,LSZK,2,120L,-1,38.6
461,LSZK,2,120L,0,38.5
462,ZCAOHD,2,120L,-29,43.3
462,ZCAOHD,2,120L,-28,45.3
462,ZCAOHD,2,120L,-27,49.5
462,ZCAOHD,2,120L,-26,49.7
462,ZCAOHD,2,120L,-25,56.2
462,ZCAOHD,2,120L,-24,58.4
462,ZCAOHD,2,120L,-23,61.4
462,ZCAOHD,2,120L,-22,67.3
462,ZCAOHD,2,120L,-21,66.9
462,ZCAOHD,2,120L,-20,71.1
462,ZCAOHD,2,120L,-19,73.9
462,ZCAOHD,2,120L,-18,77.1
462,ZCAOHD,2,120L,-17,83.3
462,ZCAOHD,2,120L,-16,83.2
462,ZCAOHD,2,120L,-15,85.3
462,ZCAOHD,2,120L,-14,92.1
462,ZCAOHD,2,120L,-13,92.0
462,ZCAOHD,2,120L,-12,93.1
462,ZCAOHD,2,120L,-11,97.6
462,ZCAOHD,2,120L,-10,0.0
462,ZCAOHD,2,120L,-9,2.2
462,ZCAOHD,2,120L,-8,7.5
462,ZCAOHD,2,120L,-7,11.0
462,ZCAOHD,2,120L,-6,16.0
462,ZCAOHD,2,120L,-5,18.3
462,ZCAOHD,2,120L,-4,21.4
462,ZCAOHD,2,120L,-3,22.3
462,ZCAOHD,2,120L,-2,28.1
462,ZCAOHD,2,120L,-1,32.0
462,ZCAOHD,2,120L,0,33.6
463,3ROR,2,120L,-29,45.1
463,3ROR,2,120L,-28,52.5
463,3ROR,2,120L,-27,57.5
463,3ROR,2,120L,-26,59.2
463,3ROR,2,120L,-25,61.7
463,3ROR,2,120L,-24,66.2
463,3ROR,2,120L,-23,69.7
463,3ROR,2,120L,-22,73.7
463,3ROR,2,120L,-21,79.1
463,3ROR,2,120L,-20,82.5
463,3ROR,2,120L,-19,87.5
463,3ROR,2,120L,-18,90.4
463,3ROR,2,120L,-17,92.5
463,3ROR,2,120L,-16,96.9
463,3ROR,2,120L,-15,0.7
463,3ROR,2,120L,-14,5.2
463,3ROR,2,120L,-13,12.0
463,3ROR,2,120L,-12,16.2
463,3ROR,2,120L,-11,18.4
463,3ROR,2,120L,-10,21.2
463,3ROR,2,120L,-9,22.9
463,3ROR,2,120L,-8,29.2
463,3ROR,2,120L,-7,31.5
463,3ROR,2,120L,-6,39.1
463,3ROR,2,120L,-5,38.1
463,3ROR,2,120L,-4,45.0
463,3ROR,2,120L,-3,47.0
463,3ROR,2,120L,-2,52.2
463,3ROR,2,120L,-1,57.1
463,3ROR,2,120L,0,61.5
464,GGJR,2,120L,-29,89.4
464,GGJR,2,120L,-28,94.2
464,GGJR,2,120L,-27,98.7
464,GGJR,2,120L,-26,1.1
464,GGJR,2,120L,-25,3.2
464,GGJR,2,120L,-24,7.0
464,GGJR,2,120L,-23,12.3
464,GGJR,2,120L,-22,12.6
464,GGJR,2,120L,-21,16.2
464,GGJR,2,120L,-20,21.9
464,GGJR,2,120L,-19,23.7
464,GGJR,2,120L,-18,25.6
464,GGJR,2,120L,-17,33.2
464,GGJR,2,120L,-16,32.9
464,GGJR,2,120L,-15,37.7
464,GGJR,2,120L,-14,40.5
464,GGJR,2,120L,-13,44.4
464,GGJR,2,120L,-12,46.9
464,GGJR,2,120L,-11,52.7
464,GGJR,2,120L,-10,55.2
464,GGJR,2,120L,-9,59.9
464,GGJR,2,120L,-8,60.9
464,GGJR,2,120L,-7,68.4
464,GGJR,2,120L,-6,65.7
464,GGJR,2,120L,-5,69.6
464,GGJR,2,120L,-4,78.0
464,GGJR,2,120L,-3,79.5
464,GGJR,2,120L,-2,82.7
464,GGJR,2,120L,-1,86.2
464,GGJR,2,120L,0,89.9
465,DHVY,2,120L,-29,49.5
465,DHVY,2,120L,-28,57.5
465,DHVY,2,120L,-27,62.6
465,DHVY,2,120L,-26,69.1
465,DHVY,2,120L,-25,74.9
465,DHVY,2,120L,-24,78.0
465,DHVY,2,120L,-23,81.0
465,DHVY,2,120L,-22,90.8
465,DHVY,2,120L,-21,91.9
465,DHVY,2,120L,-20,99.3
465,DHVY,2,120L,-19,3.7
465,DHVY,2,120L,-18,8.8
465,DHVY,2,120L,-17,15.9
465,DHVY,2,120L,-16,20.4
465,DHVY,2,120L,-15,26.1
465,DHVY,2,120L,-14,29.4
465,DHVY,2,120L,-13,35.7
465,DHVY,2,120L,-12,40.1
465,DHVY,2,120L,-11,46.3
465,DHVY,2,120L,-10,51.7
465,DHVY,2,120L,-9,60.0
465,DHVY,2,120L,-8,62.1
465,DHVY,2,120L,-7,64.6
465,DHVY,2,120L,-6,75.2
465,DHVY,2,120L,-5,79.1
465,DHVY,2,120L,-4,83.6
465,DHVY,2,120L,-3,88.4
465,DHVY,2,120L,-2,93.0
465,DHVY,2,120L,-1,100.0
465,DHVY,2,120L,0,5.1
466,Z3Q6ZS,2,120L,-29,96.2
466,Z3Q6ZS,2,120L,-28,99.1
466,Z3Q6ZS,2,120L,-27,1.9
466,Z3Q6ZS,2,120L,-26,6.1
466,Z3Q6ZS,2,120L,-25,10.7
466,Z3Q6ZS,2,120L,-24,18.7
466,Z3Q6ZS,2,120L,-23,20.7
466,Z3Q6ZS,2,120L,-22,22.7
466,Z3Q6ZS,2,120L,-21,30.2
466,Z3Q6ZS,2,120L,-20,34.2
466,Z3Q6ZS,2,120L,-19,37.8
466,Z3Q6ZS,2,120L,-18,41.3
466,Z3Q6ZS,2,120L,-17,45.6
466,Z3Q6ZS,2,120L,-16,53.3
466,Z3Q6ZS,2,120L,-15,56.4
466,Z3Q6ZS,2,120L,-14,61.1
466,Z3Q6ZS,2,120L,-13,65.2
466,Z3Q6ZS,2,120L,-12,69.7
466,Z3Q6ZS,2,120L,-11,72.9
466,Z3Q6ZS,2,120L,-10,77.7
466,Z3Q6ZS,2,120L,-9,84.2
466,Z3Q6ZS,2,120L,-8,88.9
466,Z3Q6ZS,2,120L,-7,89.4
466,Z3Q6ZS,2,120L,-6,95.3
466,Z3Q6ZS,2,120L,-5,1.3
466,Z3Q6ZS,2,120L,-4,7.2
466,Z3Q6ZS,2,120L,-3,11.5
466,Z3Q6ZS,2,120L,-2,12.0
466,Z3Q6ZS,2,120L,-1,19.5
466,Z3Q6ZS,2,120L,0,22.1
467,L7HU,2,120L,-29,70.3
467,L7HU,2,120L,-28,70.5
467,L7HU,2,120L,-27,76.6
467,L7HU,2,120L,-26,80.6
467,L7HU,2,120L,-25,82.4
467,L7HU,2,120L,-24,85.4
467,L7HU,2,120L,-23,86.8
467,L7HU,2,120L,-22,93.5
467,L7HU,2,120L,-21,96.1
467,L7HU,2,120L,-20,97.8
467,L7HU,2,120L,-19,2.0
467,L7HU,2,120L,-18,6.1
467,L7HU,2,120L,-17,8.4
467,L7HU,2,120L,-16,12.5
467,L7HU,2,120L,-15,13.3
467,L7HU,2,120L,-14,21.2
467,L7HU,2,120L,-13,22.6
467,L7HU,2,120L,-12,24.3
467,L7HU,2,120L,-11,25.6
467,L7HU,2,120L,-10,34.1
467,L7HU,2,120L,-9,36.8
467,L7HU,2,120L,-8,39.6
467,L7HU,2,120L,-7,43.9
467,L7HU,2,120L,-6,47.2
467,L7HU,2,120L,-5,49.6
467,L7HU,2,120L,-4,52.3
467,L7HU,2,120L,-3,55.4
467,L7HU,2,120L,-2,59.9
467,L7HU,2,120L,-1,64.8
467,L7HU,2,120L,0,65.8
468,I5QG,2,120L,-29,62.1
468,I5QG,2,120L,-28,68.7
468,I5QG,2,120L,-27,71.2
468,I5QG,2,120L,-26,74.9
468,I5QG,2,120L,-25,74.8
468,I5QG,2,120L,-24,83.0
468,I5QG,2,120L,-23,83.2
468,I5QG,2,120L,-22,86.6
468,I5QG,2,120L,-21,87.4
468,I5QG,2,120L,-20,94.7
468,I5QG,2,120L,-19,96.2
468,I5QG,2,120L,-18,2.1
468,I5QG,2,120L,-17,3.4
468,I5QG,2,120L,-16,11.5
468,I5QG,2,120L,-15,13.3
468,I5QG,2,120L,-14,19.5
468,I5QG,2,120L,-13,18.2
468,I5QG,2,120L,-12,25.7
468,I5QG,2,120L,-11,24.3
468,I5QG,2,120L,-10,30.9
468,I5QG,2,120L,-9,33.3
468,I5QG,2,120L,-8,37.2
468,I5QG,2,120L,-7,40.8
468,I5QG,2,120L,-6,43.8
468,I5QG,2,120L,-5,46.9
468,I5QG,2,120L,-4,51.8
468,I5QG,2,120L,-3,56.3
468,I5QG,2,120L,-2,61.5
468,I5QG,2,120L,-1,63.8
468,I5QG,2,120L,0,68.7
469,FUQBCW,2,120L,-29,49.6
469,FUQBCW,2,120L,-28,55.8
469,FUQBCW,2,120L,-27,59.7
469,FUQBCW,2,120L,-26,62.4
469,FUQBCW,2,120L,-25,69.6
469,FUQBCW,2,120L,-24,71.8
469,FUQBCW,2,120L,-23,75.9
469,FUQBCW,2,120L,-22,82.3
469,FUQBCW,2,120L,-21,86.1
469,FUQBCW,2,120L,-20,89.7
469,FUQBCW,2,120L,-19,94.2
469,FUQBCW,2,120L,-18,97.9
469,FUQBCW,2,120L,-17,3.4
469,FUQBCW,2,120L,-16,10.1
469,FUQBCW,2,120L,-15,13.3
469,FUQBCW,2,120L,-14,18.8
469,FUQBCW,2,120L,-13,22.6
469,FUQBCW,2,120L,-12,25.4
469,FUQBCW,2,120L,-11,28.3
469,FUQBCW,2,120L,-10,33.9
469,FUQBCW,2,120L,-9,38.7
469,FUQBCW,2,120L,-8,43.1
469,FUQBCW,2,120L,-7,50.2
469,FUQBCW,2,120L,-6,54.6
469,FUQBCW,2,120L,-5,60.9
469,FUQBCW,2,120L,-4,61.0
469,FUQBCW,2,120L,-3,69.0
469,FUQBCW,2,120L,-2,73.4
469,FUQBCW,2,120L,-1,75.2
469,FUQBCW,2,120L,0,80.7
470,D3OBAA,2,240L,-29,77.0
470,D3OBAA,2,240L,-28,81.3
470,D3OBAA,2,240L,-27,83.8
470,D3OBAA,2,240L,-26,92.5
470,D3OBAA,2,240L,-25,96.4
470,D3OBAA,2,240L,-24,0.9
470,D3OBAA,2,240L,-23,8.2
470,D3OBAA,2,240L,-22,10.5
470,D3OBAA,2,240L,-21,18.9
470,D3OBAA,2,240L,-20,23.5
470,D3OBAA,2,240L,-19,27.2
470,D3OBAA,2,240L,-18,32.8
470,D3OBAA,2,240L,-17,36.2
470,D3OBAA,2,240L,-16,44.1
470,D3OBAA,2,240L,-15,48.4
470,D3OBAA,2,240L,-14,53.5
470,D3OBAA,2,240L,-13,59.0
470,D3OBAA,2,240L,-12,62.3
470,D3OBAA,2,240L,-11,66.0
470,D3OBAA,2,240L,-10,74.8
470,D3OBAA,2,240L,-9,79.5
470,D3OBAA,2,240L,-8,82.7
470,D3OBAA,2,240L,-7,89.2
470,D3OBAA,2,240L,-6,95.5
470,D3OBAA,2,240L,-5,100.0
470,D3OBAA,2,240L,-4,2.9
470,D3OBAA,2,240L,-3,6.6
470,D3OBAA,2,240L,-2,11.9
470,D3OBAA,2,240L,-1,18.5
470,D3OBAA,2,240L,0,26.2
471,GPBCWR,2,120L,-29,46.6
471,GPBCWR,2,120L,-28,50.5
471,GPBCWR,2,120L,-27,54.6
471,GPBCWR,2,120L,-26,59.4
471,GPBCWR,2,120L,-25,61.5
471,GPBCWR,2,120L,-24,69.0
471,GPBCWR,2,120L,-23,71.2
471,GPBCWR,2,120L,-22,79.1
471,GPBCWR,2,120L,-21,77.6
471,GPBCWR,2,120L,-20,85.7
471,GPBCWR,2,120L,-19,89.4
471,GPBCWR,2,120L,-18,90.7
471,GPBCWR,2,120L,-17,94.7
471,GPBCWR,2,120L,-16,97.9
471,GPBCWR,2,120L,-15,1.9
471,GPBCWR,2,120L,-14,7.2
471,GPBCWR,2,120L,-13,11.2
471,GPBCWR,2,120L,-12,12.8
471,GPBCWR,2,120L,-11,22.6
471,GPBCWR,2,120L,-10,22.8
471,GPBCWR,2,120L,-9,27.2
471,GPBCWR,2,120L,-8,30.2
471,GPBCWR,2,120L,-7,34.7
471,GPBCWR,2,120L,-6,38.6
471,GPBCWR,2,120L,-5,43.1
471,GPBCWR,2,120L,-4,47.0
471,GPBCWR,2,120L,-3,52.3
471,GPBCWR,2,120L,-2,55.4
471,GPBCWR,2,120L,-1,60.1
471,GPBCWR,2,120L,0,63.0
472,3V624D,2,120L,-29,100.0
472,3V624D,2,120L,-28,4.0
472,3V624D,2,120L,-27,7.9
472,3V624D,2,120L,-26,12.4
472,3V624D,2,120L,-25,17.2
472,3V624D,2,120L,-24,22.0
472,3V624D,2,120L,-23,26.5
472,3V624D,2,120L,-22,30.4
472,3V624D,2,120L,-21,37.0
472,3V624D,2,120L,-20,41.7
472,3V624D,2,120L,-19,47.8
472,3V624D,2,120L,-18,48.8
472,3V624D,2,120L,-17,55.4
472,3V624D,2,120L,-16,56.1
472,3V624D,2,120L,-15,64.9
472,3V624D,2,120L,-14,66.0
472,3V624D,2,120L,-13,71.4
472,3V624D,2,120L,-12,78.0
472,3V624D,2,120L,-11,81.2
472,3V624D,2,120L,-10,85.6
472,3V624D,2,120L,-9,90.6
472,3V624D,2,120L,-8,97.1
472,3V624D,2,120L,-7,0.0
472,3V624D,2,120L,-6,5.2
472,3V624D,2,120L,-5,9.3
472,3V624D,2,120L,-4,15.7
472,3V624D,2,120L,-3,20.4
472,3V624D,2,120L,-2,21.0
472,3V624D,2,120L,-1,29.9
472,3V624D,2,120L,0,32.1
473,UYY7,2,120L,-29,27.8
473,UYY7,2,120L,-28,33.3
473,UYY7,2,120L,-27,40.1
473,UYY7,2,120L,-26,40.0
473,UYY7,2,120L,-25,42.6
473,UYY7,2,120L,-24,46.4
473,UYY7,2,120L,-23,48.1
473,UYY7,2,120L,-22,56.0
473,UYY7,2,120L,-21,57.8
473,UYY7,2,120L,-20,59.2
473,UYY7,2,120L,-19,62.8
473,UYY7,2,120L,-18,67.9
473,UYY7,2,120L,-17,72.7
473,UYY7,2,120L,-16,73.1
473,UYY7,2,120L,-15,80.0
473,UYY7,2,120L,-14,81.7
473,UYY7,2,120L,-13,84.0
473,UYY7,2,120L,-12,88.2
473,UYY7,2,120L,-11,95.0
473,UYY7,2,120L,-10,93.8
473,UYY7,2,120L,-9,98.3
473,UYY7,2,120L,-8,4.4
473,UYY7,2,120L,-7,6.8
473,UYY7,2,120L,-6,8.8
473,UYY7,2,120L,-5,14.9
473,UYY7,2,120L,-4,18.5
473,UYY7,2,120L,-3,21.0
473,UYY7,2,120L,-2,23.1
473,UYY7,2,120L,-1,26.8
473,UYY7,2,120L,0,31.4
474,XSW3,2,120L,-29,43.6
474,XSW3,2,120L,-28,45.8
474,XSW3,2,120L,-27,51.9
474,XSW3,2,120L,-26,58.3
474,XSW3,2,120L,-25,64.6
474,XSW3,2,120L,-24,69.2
474,XSW3,2,120L,-23,69.5
474,XSW3,2,120L,-22,76.8
474,XSW3,2,120L,-21,83.2
474,XSW3,2,120L,-20,86.8
474,XSW3,2,120L,-19,95.4
474,XSW3,2,120L,-18,100.0
474,XSW3,2,120L,-17,1.9
474,XSW3,2,120L,-16,8.0
474,XSW3,2,120L,-15,12.3
474,XSW3,2,120L,-14,18.3
474,XSW3,2,120L,-13,23.4
474,XSW3,2,120L,-12,30.4
474,XSW3,2,120L,-11,32.8
474,XSW3,2,120L,-10,35.4
474,XSW3,2,120L,-9,42.1
474,XSW3,2,120L,-8,48.1
474,XSW3,2,120L,-7,53.8
474,XSW3,2,120L,-6,60.3
474,XSW3,2,120L,-5,63.5
474,XSW3,2,120L,-4,68.5
474,XSW3,2,120L,-3,74.1
474,XSW3,2,120L,-2,79.0
474,XSW3,2,120L,-1,85.0
474,XSW3,2,120L,0,90.1
475,KPWA,2,120L,-29,40.0
475,KPWA,2,120L,-28,46.7
475,KPWA,2,120L,-27,52.2
475,KPWA,2,120L,-26,60.0
475,KPWA,2,120L,-25,64.3
475,KPWA,2,120L,-24,71.9
475,KPWA,2,120L,-23,74.4
475,KPWA,2,120L,-22,81.8
475,KPWA,2,120L,-21,86.8
475,KPWA,2,120L,-20,91.6
475,KPWA,2,120L,-19,99.1
475,KPWA,2,120L,-18,7.6
475,KPWA,2,120L,-17,9.5
475,KPWA,2,120L,-16,16.4
475,KPWA,2,120L,-15,20.4
475,KPWA,2,120L,-14,25.9
475,KPWA,2,120L,-13,32.7
475,KPWA,2,120L,-12,39.0
475,KPWA,2,120L,-11,44.8
475,KPWA,2,120L,-10,50.9
475,KPWA,2,120L,-9,54.5
475,KPWA,2,120L,-8,61.8
475,KPWA,2,120L,-7,69.3
475,KPWA,2,120L,-6,72.3
475,KPWA,2,120L,-5,79.6
475,KPWA,2,120L,-4,86.3
475,KPWA,2,120L,-3,90.5
475,KPWA,2,120L,-2,98.0
475,KPWA,2,120L,-1,0.9
475,KPWA,2,120L,0,10.3
476,FA6J,2,120L,-29,79.8
476,FA6J,2,120L,-28,81.8
476,FA6J,2,120L,-27,85.6
476,FA6J,2,120L,-26,92.8
476,FA6J,2,120L,-25,97.7
476,FA6J,2,120L,-24,98.1
476,FA6J,2,120L,-23,3.2
476,FA6J,2,120L,-22,9.1
476,FA6J,2,120L,-21,11.6
476,FA6J,2,120L,-20,16.8
476,FA6J,2,120L,-19,21.3
476,FA6J,2,120L,-18,23.5
476,FA6J,2,120L,-17,29.2
476,FA6J,2,120L,-16,32.7
476,FA6J,2,120L,-15,35.1
476,FA6J,2,120L,-14,39.7
476,FA6J,2,120L,-13,44.4
476,FA6J,2,120L,-12,51.0
476,FA6J,2,120L,-11,55.2
476,FA6J,2,120L,-10,59.1
476,FA6J,2,120L,-9,62.8
476,FA6J,2,120L,-8,67.0
476,FA6J,2,120L,-7,71.0
476,FA6J,2,120L,-6,75.4
476,FA6J,2,120L,-5,79.7
476,FA6J,2,120L,-4,81.1
476,FA6J,2,120L,-3,86.2
476,FA6J,2,120L,-2,90.1
476,FA6J,2,120L,-1,97.5
476,FA6J,2,120L,0,2.5
477,GLGN,2,120L,-29,4.6
477,GLGN,2,120L,-28,5.7
477,GLGN,2,120L,-27,10.5
477,GLGN,2,120L,-26,13.1
477,GLGN,2,120L,-25,17.9
477,GLGN,2,120L,-24,19.4
477,GLGN,2,120L,-23,20.4
477,GLGN,2,120L,-22,25.7
477,GLGN,2,120L,-21,30.0
477,GLGN,2,120L,-20,32.2
477,GLGN,2,120L,-19,36.9
477,GLGN,2,120L,-18,39.2
477,GLGN,2,120L,-17,41.8
477,GLGN,2,120L,-16,44.4
477,GLGN,2,120L,-15,48.8
477,GLGN,2,120L,-14,53.1
477,GLGN,2,120L,-13,53.2
477,GLGN,2,120L,-12,58.4
477,GLGN,2,120L,-11,59.9
477,GLGN,2,120L,-10,65.4
477,GLGN,2,120L,-9,71.5
477,GLGN,2,120L,-8,71.2
477,GLGN,2,120L,-7,77.5
477,GLGN,2,120L,-6,84.0
477,GLGN,2,120L,-5,85.3
477,GLGN,2,120L,-4,86.7
477,GLGN,2,120L,-3,91.2
477,GLGN,2,120L,-2,91.2
477,GLGN,2,120L,-1,94.3
477,GLGN,2,120L,0,0.0
478,QQAP,2,120L,-29,0.0
478,QQAP,2,120L,-28,5.8
478,QQAP,2,120L,-27,10.8
478,QQAP,2,120L,-26,15.3
478,QQAP,2,120L,-25,20.4
478,QQAP,2,120L,-24,24.2
478,QQAP,2,120L,-23,30.9
478,QQAP,2,120L,-22,35.7
478,QQAP,2,120L,-21,39.8
478,QQAP,2,120L,-20,46.4
478,QQAP,2,120L,-19,51.9
478,QQAP,2,120L,-18,56.4
478,QQAP,2,120L,-17,58.8
478,QQAP,2,120L,-16,65.5
478,QQAP,2,120L,-15,68.9
478,QQAP,2,120L,-14,75.4
478,QQAP,2,120L,-13,78.9
478,QQAP,2,120L,-12,87.2
478,QQAP,2,120L,-11,91.4
478,QQAP,2,120L,-10,96.9
478,QQAP,2,120L,-9,1.8
478,QQAP,2,120L,-8,4.8
478,QQAP,2,120L,-7,9.5
478,QQAP,2,120L,-6,17.7
478,QQAP,2,120L,-5,19.9
478,QQAP,2,120L,-4,23.0
478,QQAP,2,120L,-3,31.6
478,QQAP,2,120L,-2,35.3
478,QQAP,2,120L,-1,42.3
478,QQAP,2,120L,0,45.4
479,G7FJ,2,120L,-29,54.5
479,G7FJ,2,120L,-28,63.8
479,G7FJ,2,120L,-27,64.9
479,G7FJ,2,120L,-26,72.0
479,G7FJ,2,120L,-25,77.2
479,G7FJ,2,120L,-24,80.9
479,G7FJ,2,120L,-23,91.1
479,G7FJ,2,120L,-22,94.6
479,G7FJ,2,120L,-21,2.5
479,G7FJ,2,120L,-20,7.4
479,G7FJ,2,120L,-19,13.4
479,G7FJ,2,120L,-18,17.4
479,G7FJ,2,120L,-17,22.6
479,G7FJ,2,120L,-16,29.6
479,G7FJ,2,120L,-15,36.5
479,G7FJ,2,120L,-14,40.7
479,G7FJ,2,120L,-13,45.4
479,G7FJ,2,120L,-12,50.3
479,G7FJ,2,120L,-11,58.0
479,G7FJ,2,120L,-10,62.6
479,G7FJ,2,120L,-9,69.0
479,G7FJ,2,120L,-8,74.4
479,G7FJ,2,120L,-7,79.7
479,G7FJ,2,120L,-6,86.5
479,G7FJ,2,120L,-5,92.5
479,G7FJ,2,120L,-4,100.0
479,G7FJ,2,120L,-3,4.2
479,G7FJ,2,120L,-2,11.1
479,G7FJ,2,120L,-1,13.1
479,G7FJ,2,120L,0,17.6
480,N67S,2,120L,-29,8.1
480,N67S,2,120L,-28,12.2
480,N67S,2,120L,-27,10.0
480,N67S,2,120L,-26,19.1
480,N67S,2,120L,-25,21.1
480,N67S,2,120L,-24,21.6
480,N67S,2,120L,-23,28.4
480,N67S,2,120L,-22,30.9
480,N67S,2,120L,-21,34.6
480,N67S,2,120L,-20,38.9
480,N67S,2,120L,-19,41.5
480,N67S,2,120L,-18,42.0
480,N67S,2,120L,-17,47.4
480,N67S,2,120L,-16,48.5
480,N67S,2,120L,-15,55.3
480,N67S,2,120L,-14,59.8
480,N67S,2,120L,-13,59.2
480,N67S,2,120L,-12,63.5
480,N67S,2,120L,-11,66.5
480,N67S,2,120L,-10,70.5
480,N67S,2,120L,-9,75.2
480,N67S,2,120L,-8,77.3
480,N67S,2,120L,-7,82.3
480,N67S,2,120L,-6,86.3
480,N67S,2,120L,-5,89.8
480,N67S,2,120L,-4,89.8
480,N67S,2,120L,-3,96.9
480,N67S,2,120L,-2,100.0
480,N67S,2,120L,-1,4.0
480,N67S,2,120L,0,4.8
481,G5QV,2,120L,-29,71.9
481,G5QV,2,120L,-28,76.4
481,G5QV,2,120L,-27,82.8
481,G5QV,2,120L,-26,88.7
481,G5QV,2,120L,-25,94.1
481,G5QV,2,120L,-24,96.2
481,G5QV,2,120L,-23,1.6
481,G5QV,2,120L,-22,6.2
481,G5QV,2,120L,-21,10.1
481,G5QV,2,120L,-20,16.9
481,G5QV,2,120L,-19,21.0
481,G5QV,2,120L,-18,25.4
481,G5QV,2,120L,-17,30.4
481,G5QV,2,120L,-16,35.5
481,G5QV,2,120L,-15,40.2
481,G5QV,2,120L,-14,42.8
481,G5QV,2,120L,-13,50.1
481,G5QV,2,120L,-12,53.8
481,G5QV,2,120L,-11,57.5
481,G5QV,2,120L,-10,63.2
481,G5QV,2,120L,-9,68.1
481,G5QV,2,120L,-8,73.9
481,G5QV,2,120L,-7,75.4
481,G5QV,2,120L,-6,83.7
481,G5QV,2,120L,-5,86.5
481,G5QV,2,120L,-4,90.4
481,G5QV,2,120L,-3,95.1
481,G5QV,2,120L,-2,0.0
481,G5QV,2,120L,-1,2.7
481,G5QV,2,120L,0,11.0
482,G3LE,2,120L,-29,72.7
482,G3LE,2,120L,-28,79.3
482,G3LE,2,120L,-27,82.2
482,G3LE,2,120L,-26,87.6
482,G3LE,2,120L,-25,90.2
482,G3LE,2,120L,-24,93.6
482,G3LE,2,120L,-23,98.2
482,G3LE,2,120L,-22,0.0
482,G3LE,2,120L,-21,4.9
482,G3LE,2,120L,-20,12.1
482,G3LE,2,120L,-19,16.6
482,G3LE,2,120L,-18,21.0
482,G3LE,2,120L,-17,23.6
482,G3LE,2,120L,-16,23.6
482,G3LE,2,120L,-15,30.1
482,G3LE,2,120L,-14,37.1
482,G3LE,2,120L,-13,41.6
482,G3LE,2,120L,-12,45.3
482,G3LE,2,120L,-11,46.9
482,G3LE,2,120L,-10,49.4
482,G3LE,2,120L,-9,55.4
482,G3LE,2,120L,-8,59.5
482,G3LE,2,120L,-7,65.9
482,G3LE,2,120L,-6,68.0
482,G3LE,2,120L,-5,71.7
482,G3LE,2,120L,-4,75.9
482,G3LE,2,120L,-3,80.4
482,G3LE,2,120L,-2,84.8
482,G3LE,2,120L,-1,86.8
482,G3LE,2,120L,0,90.4
483,G2YI,2,120L,-29,45.4
483,G2YI,2,120L,-28,54.7
483,G2YI,2,120L,-27,53.8
483,G2YI,2,120L,-26,60.1
483,G2YI,2,120L,-25,66.8
483,G2YI,2,120L,-24,69.8
483,G2YI,2,120L,-23,72.2
483,G2YI,2,120L,-22,79.2
483,G2YI,2,120L,-21,83.0
483,G2YI,2,120L,-20,87.0
483,G2YI,2,120L,-19,90.8
483,G2YI,2,120L,-18,96.0
483,G2YI,2,120L,-17,0.0
483,G2YI,2,120L,-16,8.5
483,G2YI,2,120L,-15,8.9
483,G2YI,2,120L,-14,13.1
483,G2YI,2,120L,-13,17.2
483,G2YI,2,120L,-12,25.1
483,G2YI,2,120L,-11,24.3
483,G2YI,2,120L,-10,31.7
483,G2YI,2,120L,-9,35.2
483,G2YI,2,120L,-8,37.8
483,G2YI,2,120L,-7,43.1
483,G2YI,2,120L,-6,49.2
483,G2YI,2,120L,-5,51.8
483,G2YI,2,120L,-4,57.9
483,G2YI,2,120L,-3,64.4
483,G2YI,2,120L,-2,66.5
483,G2YI,2,120L,-1,68.4
483,G2YI,2,120L,0,73.7
484,G2MC,2,120L,-29,65.3
484,G2MC,2,120L,-28,69.0
484,G2MC,2,120L,-27,74.5
484,G2MC,2,120L,-26,75.4
484,G2MC,2,120L,-25,77.1
484,G2MC,2,120L,-24,84.0
484,G2MC,2,120L,-23,87.6
484,G2MC,2,120L,-22,89.5
484,G2MC,2,120L,-21,92.2
484,G2MC,2,120L,-20,97.0
484,G2MC,2,120L,-19,99.2
484,G2MC,2,120L,-18,0.0
484,G2MC,2,120L,-17,7.2
484,G2MC,2,120L,-16,11.2
484,G2MC,2,120L,-15,15.5
484,G2MC,2,120L,-14,15.6
484,G2MC,2,120L,-13,20.5
484,G2MC,2,120L,-12,24.0
484,G2MC,2,120L,-11,27.2
484,G2MC,2,120L,-10,30.7
484,G2MC,2,120L,-9,34.0
484,G2MC,2,120L,-8,37.7
484,G2MC,2,120L,-7,42.0
484,G2MC,2,120L,-6,46.1
484,G2MC,2,120L,-5,46.6
484,G2MC,2,120L,-4,51.0
484,G2MC,2,120L,-3,54.0
484,G2MC,2,120L,-2,57.3
484,G2MC,2,120L,-1,59.1
484,G2MC,2,120L,0,65.0
485,6W7P,2,120L,-29,79.1
485,6W7P,2,120L,-28,84.8
485,6W7P,2,120L,-27,91.0
485,6W7P,2,120L,-26,98.0
485,6W7P,2,120L,-25,0.8
485,6W7P,2,120L,-24,5.2
485,6W7P,2,120L,-23,12.4
485,6W7P,2,120L,-22,20.9
485,6W7P,2,120L,-21,21.9
485,6W7P,2,120L,-20,30.1
485,6W7P,2,120L,-19,36.5
485,6W7P,2,120L,-18,36.7
485,6W7P,2,120L,-17,46.4
485,6W7P,2,120L,-16,52.2
485,6W7P,2,120L,-15,56.5
485,6W7P,2,120L,-14,61.5
485,6W7P,2,120L,-13,67.1
485,6W7P,2,120L,-12,73.0
485,6W7P,2,120L,-11,78.6
485,6W7P,2,120L,-10,83.9
485,6W7P,2,120L,-9,89.6
485,6W7P,2,120L,-8,97.5
485,6W7P,2,120L,-7,0.0
485,6W7P,2,120L,-6,4.1
485,6W7P,2,120L,-5,14.1
485,6W7P,2,120L,-4,17.5
485,6W7P,2,120L,-3,22.8
485,6W7P,2,120L,-2,28.8
485,6W7P,2,120L,-1,34.8
485,6W7P,2,120L,0,39.2
486,FYQD,2,120L,-29,56.2
486,FYQD,2,120L,-28,56.8
486,FYQD,2,120L,-27,65.4
486,FYQD,2,120L,-26,66.9
486,FYQD,2,120L,-25,71.6
486,FYQD,2,120L,-24,74.8
486,FYQD,2,120L,-23,78.4
486,FYQD,2,120L,-22,81.1
486,FYQD,2,120L,-21,85.2
486,FYQD,2,120L,-20,86.7
486,FYQD,2,120L,-19,89.8
486,FYQD,2,120L,-18,94.9
486,FYQD,2,120L,-17,97.6
486,FYQD,2,120L,-16,4.2
486,FYQD,2,120L,-15,6.1
486,FYQD,2,120L,-14,8.0
486,FYQD,2,120L,-13,12.2
486,FYQD,2,120L,-12,16.3
486,FYQD,2,120L,-11,19.4
486,FYQD,2,120L,-10,23.5
486,FYQD,2,120L,-9,26.6
486,FYQD,2,120L,-8,28.0
486,FYQD,2,120L,-7,30.3
486,FYQD,2,120L,-6,36.5
486,FYQD,2,120L,-5,41.4
486,FYQD,2,120L,-4,43.5
486,FYQD,2,120L,-3,49.4
486,FYQD,2,120L,-2,50.9
486,FYQD,2,120L,-1,56.5
486,FYQD,2,120L,0,59.7
487,5X5M,2,120L,-29,7.3
487,5X5M,2,120L,-28,15.0
487,5X5M,2,120L,-27,22.8
487,5X5M,2,120L,-26,27.3
487,5X5M,2,120L,-25,33.6
487,5X5M,2,120L,-24,36.6
487,5X5M,2,120L,-23,47.5
487,5X5M,2,120L,-22,49.4
487,5X5M,2,120L,-21,53.5
487,5X5M,2,120L,-20,61.9
487,5X5M,2,120L,-19,64.7
487,5X5M,2,120L,-18,72.7
487,5X5M,2,120L,-17,84.1
487,5X5M,2,120L,-16,85.6
487,5X5M,2,120L,-15,89.9
487,5X5M,2,120L,-14,98.0
487,5X5M,2,120L,-13,2.6
487,5X5M,2,120L,-12,11.2
487,5X5M,2,120L,-11,14.5
487,5X5M,2,120L,-10,22.1
487,5X5M,2,120L,-9,25.9
487,5X5M,2,120L,-8,37.5
487,5X5M,2,120L,-7,40.3
487,5X5M,2,120L,-6,45.2
487,5X5M,2,120L,-5,50.9
487,5X5M,2,120L,-4,56.5
487,5X5M,2,120L,-3,62.1
487,5X5M,2,120L,-2,68.0
487,5X5M,2,120L,-1,77.6
487,5X5M,2,120L,0,80.2
488,65WS,2,120L,-29,7.9
488,65WS,2,120L,-28,9.5
488,65WS,2,120L,-27,13.1
488,65WS,2,120L,-26,18.4
488,65WS,2,120L,-25,18.8
488,65WS,2,120L,-24,24.3
488,65WS,2,120L,-23,25.7
488,65WS,2,120L,-22,30.9
488,65WS,2,120L,-21,32.8
488,65WS,2,120L,-20,36.4
488,65WS,2,120L,-19,41.4
488,65WS,2,120L,-18,44.6
488,65WS,2,120L,-17,46.6
488,65WS,2,120L,-16,49.5
488,65WS,2,120L,-15,56.0
488,65WS,2,120L,-14,57.8
488,65WS,2,120L,-13,59.7
488,65WS,2,120L,-12,62.7
488,65WS,2,120L,-11,68.6
488,65WS,2,120L,-10,70.6
488,65WS,2,120L,-9,73.5
488,65WS,2,120L,-8,77.3
488,65WS,2,120L,-7,81.0
488,65WS,2,120L,-6,83.7
488,65WS,2,120L,-5,89.0
488,65WS,2,120L,-4,92.4
488,65WS,2,120L,-3,94.7
488,65WS,2,120L,-2,99.3
488,65WS,2,120L,-1,0.7
488,65WS,2,120L,0,5.0
489,5ZYU,2,120L,-29,53.2
489,5ZYU,2,120L,-28,56.4
489,5ZYU,2,120L,-27,59.3
489,5ZYU,2,120L,-26,64.7
489,5ZYU,2,120L,-25,64.3
489,5ZYU,2,120L,-24,68.2
489,5ZYU,2,120L,-23,71.5
489,5ZYU,2,120L,-22,74.6
489,5ZYU,2,120L,-21,75.5
489,5ZYU,2,120L,-20,83.9
489,5ZYU,2,120L,-19,83.7
489,5ZYU,2,120L,-18,88.8
489,5ZYU,2,120L,-17,89.8
489,5ZYU,2,120L,-16,96.2
489,5ZYU,2,120L,-15,97.5
489,5ZYU,2,120L,-14,0.3
489,5ZYU,2,120L,-13,5.7
489,5ZYU,2,120L,-12,7.7
489,5ZYU,2,120L,-11,11.2
489,5ZYU,2,120L,-10,15.7
489,5ZYU,2,120L,-9,20.0
489,5ZYU,2,120L,-8,20.9
489,5ZYU,2,120L,-7,24.0
489,5ZYU,2,120L,-6,28.9
489,5ZYU,2,120L,-5,33.0
489,5ZYU,2,120L,-4,37.8
489,5ZYU,2,120L,-3,37.3
489,5ZYU,2,120L,-2,41.8
489,5ZYU,2,120L,-1,47.4
489,5ZYU,2,120L,0,52.0
490,FXZW,2,120L,-29,10.3
490,FXZW,2,120L,-28,14.3
490,FXZW,2,120L,-27,19.5
490,FXZW,2,120L,-26,26.4
490,FXZW,2,120L,-25,33.8
490,FXZW,2,120L,-24,34.9
490,FXZW,2,120L,-23,44.5
490,FXZW,2,120L,-22,46.9
490,FXZW,2,120L,-21,53.7
490,FXZW,2,120L,-20,60.9
490,FXZW,2,120L,-19,64.5
490,FXZW,2,120L,-18,69.0
490,FXZW,2,120L,-17,75.9
490,FXZW,2,120L,-16,80.0
490,FXZW,2,120L,-15,86.5
490,FXZW,2,120L,-14,90.8
490,FXZW,2,120L,-13,97.8
490,FXZW,2,120L,-12,0.0
490,FXZW,2,120L,-11,5.8
490,FXZW,2,120L,-10,10.7
490,FXZW,2,120L,-9,18.1
490,FXZW,2,120L,-8,21.3
490,FXZW,2,120L,-7,28.0
490,FXZW,2,120L,-6,32.8
490,FXZW,2,120L,-5,42.1
490,FXZW,2,120L,-4,43.8
490,FXZW,2,120L,-3,48.8
490,FXZW,2,120L,-2,56.5
490,FXZW,2,120L,-1,64.1
490,FXZW,2,120L,0,66.8
491,FWEG,2,120L,-29,21.6
491,FWEG,2,120L,-28,26.6
491,FWEG,2,120L,-27,31.6
491,FWEG,2,120L,-26,35.7
491,FWEG,2,120L,-25,42.9
491,FWEG,2,120L,-24,45.8
491,FWEG,2,120L,-23,52.5
491,FWEG,2,120L,-22,61.2
491,FWEG,2,120L,-21,66.7
491,FWEG,2,120L,-20,71.0
491,FWEG,2,120L,-19,73.1
491,FWEG,2,120L,-18,79.8
491,FWEG,2,120L,-17,86.2
491,FWEG,2,120L,-16,92.6
491,FWEG,2,120L,-15,96.6
491,FWEG,2,120L,-14,3.8
491,FWEG,2,120L,-13,12.4
491,FWEG,2,120L,-12,16.0
491,FWEG,2,120L,-11,21.4
491,FWEG,2,120L,-10,25.2
491,FWEG,2,120L,-9,29.9
491,FWEG,2,120L,-8,36.1
491,FWEG,2,120L,-7,41.1
491,FWEG,2,120L,-6,49.3
491,FWEG,2,120L,-5,55.4
491,FWEG,2,120L,-4,59.0
491,FWEG,2,120L,-3,66.3
491,FWEG,2,120L,-2,73.9
491,FWEG,2,120L,-1,80.3
491,FWEG,2,120L,0,84.2
492,FYNH,2,120L,-29,90.7
492,FYNH,2,120L,-28,89.8
492,FYNH,2,120L,-27,99.2
492,FYNH,2,120L,-26,0.4
492,FYNH,2,120L,-25,4.6
492,FYNH,2,120L,-24,9.0
492,FYNH,2,120L,-23,14.2
492,FYNH,2,120L,-22,16.3
492,FYNH,2,120L,-21,21.7
492,FYNH,2,120L,-20,27.1
492,FYNH,2,120L,-19,30.8
492,FYNH,2,120L,-18,35.2
492,FYNH,2,120L,-17,38.4
492,FYNH,2,120L,-16,44.1
492,FYNH,2,120L,-15,48.8
492,FYNH,2,120L,-14,52.9
492,FYNH,2,120L,-13,56.2
492,FYNH,2,120L,-12,61.2
492,FYNH,2,120L,-11,65.3
492,FYNH,2,120L,-10,72.2
492,FYNH,2,120L,-9,74.2
492,FYNH,2,120L,-8,76.4
492,FYNH,2,120L,-7,79.3
492,FYNH,2,120L,-6,84.5
492,FYNH,2,120L,-5,88.6
492,FYNH,2,120L,-4,94.0
492,FYNH,2,120L,-3,96.4
492,FYNH,2,120L,-2,3.4
492,FYNH,2,120L,-1,3.7
492,FYNH,2,120L,0,7.6
493,CCPU,2,120L,-29,91.8
493,CCPU,2,120L,-28,94.6
493,CCPU,2,120L,-27,98.9
493,CCPU,2,120L,-26,2.1
493,CCPU,2,120L,-25,6.7
493,CCPU,2,120L,-24,9.2
493,CCPU,2,120L,-23,12.7
493,CCPU,2,120L,-22,16.9
493,CCPU,2,120L,-21,21.9
493,CCPU,2,120L,-20,26.0
493,CCPU,2,120L,-19,27.4
493,CCPU,2,120L,-18,30.9
493,CCPU,2,120L,-17,33.7
493,CCPU,2,120L,-16,38.1
493,CCPU,2,120L,-15,41.4
493,CCPU,2,120L,-14,46.2
493,CCPU,2,120L,-13,44.8
493,CCPU,2,120L,-12,50.7
493,CCPU,2,120L,-11,55.0
493,CCPU,2,120L,-10,57.8
493,CCPU,2,120L,-9,59.9
493,CCPU,2,120L,-8,62.8
493,CCPU,2,120L,-7,69.3
493,CCPU,2,120L,-6,70.4
493,CCPU,2,120L,-5,72.3
493,CCPU,2,120L,-4,79.6
493,CCPU,2,120L,-3,82.5
493,CCPU,2,120L,-2,85.0
493,CCPU,2,120L,-1,87.2
493,CCPU,2,120L,0,91.8
494,FRNB,2,120L,-29,14.4
494,FRNB,2,120L,-28,20.3
494,FRNB,2,120L,-27,25.7
494,FRNB,2,120L,-26,29.5
494,FRNB,2,120L,-25,35.7
494,FRNB,2,120L,-24,40.9
494,FRNB,2,120L,-23,44.1
494,FRNB,2,120L,-22,49.0
494,FRNB,2,120L,-21,53.1
494,FRNB,2,120L,-20,57.2
494,FRNB,2,120L,-19,59.7
494,FRNB,2,120L,-18,64.6
494,FRNB,2,120L,-17,68.6
494,FRNB,2,120L,-16,74.9
494,FRNB,2,120L,-15,80.0
494,FRNB,2,120L,-14,82.0
494,FRNB,2,120L,-13,88.7
494,FRNB,2,120L,-12,91.8
494,FRNB,2,120L,-11,96.0
494,FRNB,2,120L,-10,1.2
494,FRNB,2,120L,-9,4.9
494,FRNB,2,120L,-8,12.0
494,FRNB,2,120L,-7,15.3
494,FRNB,2,120L,-6,21.3
494,FRNB,2,120L,-5,23.9
494,FRNB,2,120L,-4,28.4
494,FRNB,2,120L,-3,36.3
494,FRNB,2,120L,-2,35.6
494,FRNB,2,120L,-1,44.4
494,FRNB,2,120L,0,49.5
495,FT7Y,2,120L,-29,49.8
495,FT7Y,2,120L,-28,57.9
495,FT7Y,2,120L,-27,60.7
495,FT7Y,2,120L,-26,65.5
495,FT7Y,2,120L,-25,71.4
495,FT7Y,2,120L,-24,76.5
495,FT7Y,2,120L,-23,81.3
495,FT7Y,2,120L,-22,89.8
495,FT7Y,2,120L,-21,92.4
495,FT7Y,2,120L,-20,98.9
495,FT7Y,2,120L,-19,2.2
495,FT7Y,2,120L,-18,9.8
495,FT7Y,2,120L,-17,13.4
495,FT7Y,2,120L,-16,18.8
495,FT7Y,2,120L,-15,25.8
495,FT7Y,2,120L,-14,33.0
495,FT7Y,2,120L,-13,37.4
495,FT7Y,2,120L,-12,42.9
495,FT7Y,2,120L,-11,47.4
495,FT7Y,2,120L,-10,52.5
495,FT7Y,2,120L,-9,59.6
495,FT7Y,2,120L,-8,62.9
495,FT7Y,2,120L,-7,70.4
495,FT7Y,2,120L,-6,76.4
495,FT7Y,2,120L,-5,78.7
495,FT7Y,2,120L,-4,84.3
495,FT7Y,2,120L,-3,90.0
495,FT7Y,2,120L,-2,94.0
495,FT7Y,2,120L,-1,0.9
495,FT7Y,2,120L,0,9.0
496,AW4G,2,120L,-29,23.1
496,AW4G,2,120L,-28,32.8
496,AW4G,2,120L,-27,34.5
496,AW4G,2,120L,-26,41.2
496,AW4G,2,120L,-25,45.9
496,AW4G,2,120L,-24,52.1
496,AW4G,2,120L,-23,61.0
496,AW4G,2,120L,-22,65.6
496,AW4G,2,120L,-21,72.3
496,AW4G,2,120L,-20,74.6
496,AW4G,2,120L,-19,83.5
496,AW4G,2,120L,-18,86.9
496,AW4G,2,120L,-17,92.2
496,AW4G,2,120L,-16,0.4
496,AW4G,2,120L,-15,6.3
496,AW4G,2,120L,-14,11.9
496,AW4G,2,120L,-13,18.8
496,AW4G,2,120L,-12,24.9
496,AW4G,2,120L,-11,31.6
496,AW4G,2,120L,-10,33.5
496,AW4G,2,120L,-9,43.4
496,AW4G,2,120L,-8,49.9
496,AW4G,2,120L,-7,52.4
496,AW4G,2,120L,-6,56.3
496,AW4G,2,120L,-5,62.6
496,AW4G,2,120L,-4,69.8
496,AW4G,2,120L,-3,79.4
496,AW4G,2,120L,-2,82.3
496,AW4G,2,120L,-1,87.2
496,AW4G,2,120L,0,93.0
497,NZQI,2,120L,-29,38.7
497,NZQI,2,120L,-28,40.6
497,NZQI,2,120L,-27,47.2
497,NZQI,2,120L,-26,48.4
497,NZQI,2,120L,-25,52.0
497,NZQI,2,120L,-24,53.7
497,NZQI,2,120L,-23,55.8
497,NZQI,2,120L,-22,59.4
497,NZQI,2,120L,-21,62.0
497,NZQI,2,120L,-20,68.8
497,NZQI,2,120L,-19,70.1
497,NZQI,2,120L,-18,75.5
497,NZQI,2,120L,-17,77.6
497,NZQI,2,120L,-16,80.3
497,NZQI,2,120L,-15,82.3
497,NZQI,2,120L,-14,87.8
497,NZQI,2,120L,-13,90.4
497,NZQI,2,120L,-12,95.4
497,NZQI,2,120L,-11,96.3
497,NZQI,2,120L,-10,1.6
497,NZQI,2,120L,-9,6.5
497,NZQI,2,120L,-8,7.8
497,NZQI,2,120L,-7,11.9
497,NZQI,2,120L,-6,14.9
497,NZQI,2,120L,-5,20.2
497,NZQI,2,120L,-4,21.2
497,NZQI,2,120L,-3,25.1
497,NZQI,2,120L,-2,27.3
497,NZQI,2,120L,-1,29.5
497,NZQI,2,120L,0,32.2
498,CKFH5G,2,120L,-29,51.9
498,CKFH5G,2,120L,-28,55.6
498,CKFH5G,2,120L,-27,60.4
498,CKFH5G,2,120L,-26,62.4
498,CKFH5G,2,120L,-25,66.1
498,CKFH5G,2,120L,-24,71.9
498,CKFH5G,2,120L,-23,75.0
498,CKFH5G,2,120L,-22,77.7
498,CKFH5G,2,120L,-21,86.6
498,CKFH5G,2,120L,-20,86.6
498,CKFH5G,2,120L,-19,90.4
498,CKFH5G,2,120L,-18,95.7
498,CKFH5G,2,120L,-17,2.0
498,CKFH5G,2,120L,-16,1.0
498,CKFH5G,2,120L,-15,10.1
498,CKFH5G,2,120L,-14,11.1
498,CKFH5G,2,120L,-13,17.0
498,CKFH5G,2,120L,-12,19.7
498,CKFH5G,2,120L,-11,27.8
498,CKFH5G,2,120L,-10,29.1
498,CKFH5G,2,120L,-9,32.0
498,CKFH5G,2,120L,-8,36.7
498,CKFH5G,2,120L,-7,41.4
498,CKFH5G,2,120L,-6,45.6
498,CKFH5G,2,120L,-5,50.1
498,CKFH5G,2,120L,-4,53.6
498,CKFH5G,2,120L,-3,55.6
498,CKFH5G,2,120L,-2,61.3
498,CKFH5G,2,120L,-1,66.8
498,CKFH5G,2,120L,0,69.0
499,TEIH26,2,120L,-29,21.4
499,TEIH26,2,120L,-28,25.0
499,TEIH26,2,120L,-27,31.0
499,TEIH26,2,120L,-26,30.5
499,TEIH26,2,120L,-25,36.0
499,TEIH26,2,120L,-24,42.8
499,TEIH26,2,120L,-23,47.6
499,TEIH26,2,120L,-22,52.2
499,TEIH26,2,120L,-21,52.8
499,TEIH26,2,120L,-20,57.3
499,TEIH26,2,120L,-19,61.8
499,TEIH26,2,120L,-18,66.4
499,TEIH26,2,120L,-17,68.9
499,TEIH26,2,120L,-16,73.7
499,TEIH26,2,120L,-15,76.9
499,TEIH26,2,120L,-14,80.9
499,TEIH26,2,120L,-13,82.7
499,TEIH26,2,120L,-12,87.5
499,TEIH26,2,120L,-11,91.1
499,TEIH26,2,120L,-10,94.0
499,TEIH26,2,120L,-9,97.3
499,TEIH26,2,120L,-8,3.0
499,TEIH26,2,120L,-7,7.2
499,TEIH26,2,120L,-6,11.6
499,TEIH26,2,120L,-5,16.2
499,TEIH26,2,120L,-4,19.6
499,TEIH26,2,120L,-3,22.9
499,TEIH26,2,120L,-2,25.8
499,TEIH26,2,120L,-1,32.4
499,TEIH26,2,120L,0,34.8
500,FPAB,2,120L,-29,57.8
500,FPAB,2,120L,-28,62.0
500,FPAB,2,120L,-27,65.8
500,FPAB,2,120L,-26,70.1
500,FPAB,2,120L,-25,75.4
500,FPAB,2,120L,-24,79.0
500,FPAB,2,120L,-23,84.6
500,FPAB,2,120L,-22,88.0
500,FPAB,2,120L,-21,93.0
500,FPAB,2,120L,-20,94.8
500,FPAB,2,120L,-19,98.7
500,FPAB,2,120L,-18,1.0
500,FPAB,2,120L,-17,6.9
500,FPAB,2,120L,-16,8.6
500,FPAB,2,120L,-15,11.3
500,FPAB,2,120L,-14,19.7
500,FPAB,2,120L,-13,19.4
500,FPAB,2,120L,-12,25.8
500,FPAB,2,120L,-11,27.8
500,FPAB,2,120L,-10,34.7
500,FPAB,2,120L,-9,38.8
500,FPAB,2,120L,-8,41.6
500,FPAB,2,120L,-7,46.6
500,FPAB,2,120L,-6,48.6
500,FPAB,2,120L,-5,55.8
500,FPAB,2,120L,-4,57.5
500,FPAB,2,120L,-3,58.9
500,FPAB,2,120L,-2,64.3
500,FPAB,2,120L,-1,67.9
500,FPAB,2,120L,0,71.6
501,AFPX,2,120L,-29,69.1
501,AFPX,2,120L,-28,72.3
501,AFPX,2,120L,-27,76.5
501,AFPX,2,120L,-26,85.6
501,AFPX,2,120L,-25,90.9
501,AFPX,2,120L,-24,96.6
501,AFPX,2,120L,-23,0.0
501,AFPX,2,120L,-22,8.4
501,AFPX,2,120L,-21,15.3
501,AFPX,2,120L,-20,20.5
501,AFPX,2,120L,-19,27.9
501,AFPX,2,120L,-18,35.3
501,AFPX,2,120L,-17,39.8
501,AFPX,2,120L,-16,46.5
501,AFPX,2,120L,-15,52.5
501,AFPX,2,120L,-14,55.2
501,AFPX,2,120L,-13,63.2
501,AFPX,2,120L,-12,69.9
501,AFPX,2,120L,-11,73.7
501,AFPX,2,120L,-10,79.0
501,AFPX,2,120L,-9,86.9
501,AFPX,2,120L,-8,89.7
501,AFPX,2,120L,-7,96.2
501,AFPX,2,120L,-6,2.7
501,AFPX,2,120L,-5,10.3
501,AFPX,2,120L,-4,15.8
501,AFPX,2,120L,-3,22.9
501,AFPX,2,120L,-2,25.9
501,AFPX,2,120L,-1,31.7
501,AFPX,2,120L,0,39.8
502,FOII,2,120L,-29,46.2
502,FOII,2,120L,-28,53.3
502,FOII,2,120L,-27,59.0
502,FOII,2,120L,-26,59.0
502,FOII,2,120L,-25,65.9
502,FOII,2,120L,-24,68.1
502,FOII,2,120L,-23,69.3
502,FOII,2,120L,-22,74.5
502,FOII,2,120L,-21,78.2
502,FOII,2,120L,-20,83.0
502,FOII,2,120L,-19,87.9
502,FOII,2,120L,-18,93.9
502,FOII,2,120L,-17,92.8
502,FOII,2,120L,-16,98.0
502,FOII,2,120L,-15,1.3
502,FOII,2,120L,-14,4.5
502,FOII,2,120L,-13,10.4
502,FOII,2,120L,-12,14.1
502,FOII,2,120L,-11,15.2
502,FOII,2,120L,-10,21.8
502,FOII,2,120L,-9,23.8
502,FOII,2,120L,-8,29.4
502,FOII,2,120L,-7,35.1
502,FOII,2,120L,-6,37.7
502,FOII,2,120L,-5,41.1
502,FOII,2,120L,-4,43.9
502,FOII,2,120L,-3,48.6
502,FOII,2,120L,-2,53.2
502,FOII,2,120L,-1,56.9
502,FOII,2,120L,0,59.9
503,3JPC,2,120L,-29,71.3
503,3JPC,2,120L,-28,76.7
503,3JPC,2,120L,-27,83.4
503,3JPC,2,120L,-26,88.1
503,3JPC,2,120L,-25,91.5
503,3JPC,2,120L,-24,98.2
503,3JPC,2,120L,-23,1.3
503,3JPC,2,120L,-22,4.7
503,3JPC,2,120L,-21,7.8
503,3JPC,2,120L,-20,16.3
503,3JPC,2,120L,-19,19.8
503,3JPC,2,120L,-18,25.9
503,3JPC,2,120L,-17,31.0
503,3JPC,2,120L,-16,30.4
503,3JPC,2,120L,-15,34.9
503,3JPC,2,120L,-14,37.1
503,3JPC,2,120L,-13,47.3
503,3JPC,2,120L,-12,51.5
503,3JPC,2,120L,-11,55.2
503,3JPC,2,120L,-10,57.7
503,3JPC,2,120L,-9,64.0
503,3JPC,2,120L,-8,68.9
503,3JPC,2,120L,-7,74.4
503,3JPC,2,120L,-6,78.1
503,3JPC,2,120L,-5,83.3
503,3JPC,2,120L,-4,86.6
503,3JPC,2,120L,-3,93.1
503,3JPC,2,120L,-2,96.9
503,3JPC,2,120L,-1,0.0
503,3JPC,2,120L,0,7.1
504,JMFE,2,120L,-29,10.3
504,JMFE,2,120L,-28,15.5
504,JMFE,2,120L,-27,13.8
504,JMFE,2,120L,-26,21.3
504,JMFE,2,120L,-25,22.0
504,JMFE,2,120L,-24,27.6
504,JMFE,2,120L,-23,29.3
504,JMFE,2,120L,-22,30.5
504,JMFE,2,120L,-21,34.8
504,JMFE,2,120L,-20,40.3
504,JMFE,2,120L,-19,41.7
504,JMFE,2,120L,-18,44.2
504,JMFE,2,120L,-17,47.5
504,JMFE,2,120L,-16,52.6
504,JMFE,2,120L,-15,57.4
504,JMFE,2,120L,-14,54.8
504,JMFE,2,120L,-13,65.4
504,JMFE,2,120L,-12,64.8
504,JMFE,2,120L,-11,68.5
504,JMFE,2,120L,-10,70.2
504,JMFE,2,120L,-9,74.1
504,JMFE,2,120L,-8,77.6
504,JMFE,2,120L,-7,78.9
504,JMFE,2,120L,-6,82.5
504,JMFE,2,120L,-5,88.7
504,JMFE,2,120L,-4,87.8
504,JMFE,2,120L,-3,94.0
504,JMFE,2,120L,-2,96.0
504,JMFE,2,120L,-1,98.3
504,JMFE,2,120L,0,6.0
505,INLF2G,2,240L,-29,40.5
505,INLF2G,2,240L,-28,47.9
505,INLF2G,2,240L,-27,53.1
505,INLF2G,2,240L,-26,60.3
505,INLF2G,2,240L,-25,66.5
505,INLF2G,2,240L,-24,72.7
505,INLF2G,2,240L,-23,78.2
505,INLF2G,2,240L,-22,83.3
505,INLF2G,2,240L,-21,91.4
505,INLF2G,2,240L,-20,96.3
505,INLF2G,2,240L,-19,1.7
505,INLF2G,2,240L,-18,10.7
505,INLF2G,2,240L,-17,14.3
505,INLF2G,2,240L,-16,22.2
505,INLF2G,2,240L,-15,28.4
505,INLF2G,2,240L,-14,34.5
505,INLF2G,2,240L,-13,39.7
505,INLF2G,2,240L,-12,44.7
505,INLF2G,2,240L,-11,50.6
505,INLF2G,2,240L,-10,56.4
505,INLF2G,2,240L,-9,59.5
505,INLF2G,2,240L,-8,69.9
505,INLF2G,2,240L,-7,75.2
505,INLF2G,2,240L,-6,82.1
505,INLF2G,2,240L,-5,86.7
505,INLF2G,2,240L,-4,93.9
505,INLF2G,2,240L,-3,96.8
505,INLF2G,2,240L,-2,3.2
505,INLF2G,2,240L,-1,7.3
505,INLF2G,2,240L,0,16.8
506,H2TG,2,120L,-29,85.6
506,H2TG,2,120L,-28,88.7
506,H2TG,2,120L,-27,91.4
506,H2TG,2,120L,-26,100.0
506,H2TG,2,120L,-25,2.0
506,H2TG,2,120L,-24,4.6
506,H2TG,2,120L,-23,9.5
506,H2TG,2,120L,-22,14.5
506,H2TG,2,120L,-21,18.7
506,H2TG,2,120L,-20,25.2
506,H2TG,2,120L,-19,27.3
506,H2TG,2,120L,-18,34.5
506,H2TG,2,120L,-17,35.3
506,H2TG,2,120L,-16,40.8
506,H2TG,2,120L,-15,45.9
506,H2TG,2,120L,-14,50.4
506,H2TG,2,120L,-13,54.9
506,H2TG,2,120L,-12,56.7
506,H2TG,2,120L,-11,61.4
506,H2TG,2,120L,-10,61.9
506,H2TG,2,120L,-9,69.6
506,H2TG,2,120L,-8,75.7
506,H2TG,2,120L,-7,79.7
506,H2TG,2,120L,-6,82.4
506,H2TG,2,120L,-5,89.4
506,H2TG,2,120L,-4,90.5
506,H2TG,2,120L,-3,94.2
506,H2TG,2,120L,-2,98.8
506,H2TG,2,120L,-1,2.1
506,H2TG,2,120L,0,8.9
507,6ZAW,2,120L,-29,45.2
507,6ZAW,2,120L,-28,46.7
507,6ZAW,2,120L,-27,50.3
507,6ZAW,2,120L,-26,50.2
507,6ZAW,2,120L,-25,57.1
507,6ZAW,2,120L,-24,59.7
507,6ZAW,2,120L,-23,61.0
507,6ZAW,2,120L,-22,65.5
507,6ZAW,2,120L,-21,68.3
507,6ZAW,2,120L,-20,74.4
507,6ZAW,2,120L,-19,73.3
507,6ZAW,2,120L,-18,78.4
507,6ZAW,2,120L,-17,79.3
507,6ZAW,2,120L,-16,83.2
507,6ZAW,2,120L,-15,87.5
507,6ZAW,2,120L,-14,89.8
507,6ZAW,2,120L,-13,93.2
507,6ZAW,2,120L,-12,96.8
507,6ZAW,2,120L,-11,98.6
507,6ZAW,2,120L,-10,3.7
507,6ZAW,2,120L,-9,5.0
507,6ZAW,2,120L,-8,8.4
507,6ZAW,2,120L,-7,12.1
507,6ZAW,2,120L,-6,15.0
507,6ZAW,2,120L,-5,18.7
507,6ZAW,2,120L,-4,21.2
507,6ZAW,2,120L,-3,24.5
507,6ZAW,2,120L,-2,26.4
507,6ZAW,2,120L,-1,28.3
507,6ZAW,2,120L,0,30.9
508,4QKUNQ,2,240L,-29,44.0
508,4QKUNQ,2,240L,-28,54.1
508,4QKUNQ,2,240L,-27,56.1
508,4QKUNQ,2,240L,-26,64.1
508,4QKUNQ,2,240L,-25,64.0
508,4QKUNQ,2,240L,-24,71.9
508,4QKUNQ,2,240L,-23,79.5
508,4QKUNQ,2,240L,-22,83.3
508,4QKUNQ,2,240L,-21,86.7
508,4QKUNQ,2,240L,-20,89.3
508,4QKUNQ,2,240L,-19,95.2
508,4QKUNQ,2,240L,-18,4.3
508,4QKUNQ,2,240L,-17,6.7
508,4QKUNQ,2,240L,-16,12.1
508,4QKUNQ,2,240L,-15,17.6
508,4QKUNQ,2,240L,-14,20.2
508,4QKUNQ,2,240L,-13,27.8
508,4QKUNQ,2,240L,-12,31.5
508,4QKUNQ,2,240L,-11,37.6
508,4QKUNQ,2,240L,-10,41.3
508,4QKUNQ,2,240L,-9,44.7
508,4QKUNQ,2,240L,-8,51.5
508,4QKUNQ,2,240L,-7,58.0
508,4QKUNQ,2,240L,-6,62.7
508,4QKUNQ,2,240L,-5,67.1
508,4QKUNQ,2,240L,-4,73.4
508,4QKUNQ,2,240L,-3,76.7
508,4QKUNQ,2,240L,-2,82.1
508,4QKUNQ,2,240L,-1,86.3
508,4QKUNQ,2,240L,0,93.4
509,IAUD,2,120L,-29,52.1
509,IAUD,2,120L,-28,55.3
509,IAUD,2,120L,-27,63.8
509,IAUD,2,120L,-26,65.6
509,IAUD,2,120L,-25,71.4
509,IAUD,2,120L,-24,79.4
509,IAUD,2,120L,-23,81.7
509,IAUD,2,120L,-22,87.5
509,IAUD,2,120L,-21,88.8
509,IAUD,2,120L,-20,95.8
509,IAUD,2,120L,-19,98.9
509,IAUD,2,120L,-18,4.0
509,IAUD,2,120L,-17,11.0
509,IAUD,2,120L,-16,12.2
509,IAUD,2,120L,-15,17.2
509,IAUD,2,120L,-14,20.4
509,IAUD,2,120L,-13,27.7
509,IAUD,2,120L,-12,30.1
509,IAUD,2,120L,-11,37.1
509,IAUD,2,120L,-10,37.6
509,IAUD,2,120L,-9,45.5
509,IAUD,2,120L,-8,48.3
509,IAUD,2,120L,-7,55.0
509,IAUD,2,120L,-6,58.5
509,IAUD,2,120L,-5,62.3
509,IAUD,2,120L,-4,67.1
509,IAUD,2,120L,-3,71.0
509,IAUD,2,120L,-2,78.1
509,IAUD,2,120L,-1,79.8
509,IAUD,2,120L,0,85.6
510,R4WTEU,2,120L,-29,80.7
510,R4WTEU,2,120L,-28,84.7
510,R4WTEU,2,120L,-27,89.9
510,R4WTEU,2,120L,-26,90.7
510,R4WTEU,2,120L,-25,96.4
510,R4WTEU,2,120L,-24,2.0
510,R4WTEU,2,120L,-23,5.8
510,R4WTEU,2,120L,-22,8.8
510,R4WTEU,2,120L,-21,16.9
510,R4WTEU,2,120L,-20,20.3
510,R4WTEU,2,120L,-19,24.5
510,R4WTEU,2,120L,-18,27.6
510,R4WTEU,2,120L,-17,33.1
510,R4WTEU,2,120L,-16,38.1
510,R4WTEU,2,120L,-15,41.3
510,R4WTEU,2,120L,-14,46.7
510,R4WTEU,2,120L,-13,49.2
510,R4WTEU,2,120L,-12,54.9
510,R4WTEU,2,120L,-11,60.8
510,R4WTEU,2,120L,-10,65.3
510,R4WTEU,2,120L,-9,69.8
510,R4WTEU,2,120L,-8,72.6
510,R4WTEU,2,120L,-7,76.6
510,R4WTEU,2,120L,-6,80.2
510,R4WTEU,2,120L,-5,82.5
510,R4WTEU,2,120L,-4,87.6
510,R4WTEU,2,120L,-3,93.7
510,R4WTEU,2,120L,-2,98.1
510,R4WTEU,2,120L,-1,4.8
510,R4WTEU,2,120L,0,9.0
511,NMLTD3,2,120L,-29,59.7
511,NMLTD3,2,120L,-28,63.0
511,NMLTD3,2,120L,-27,70.0
511,NMLTD3,2,120L,-26,75.4
511,NMLTD3,2,120L,-25,81.3
511,NMLTD3,2,120L,-24,83.9
511,NMLTD3,2,120L,-23,91.4
511,NMLTD3,2,120L,-22,92.3
511,NMLTD3,2,120L,-21,2.2
511,NMLTD3,2,120L,-20,5.5
511,NMLTD3,2,120L,-19,10.7
511,NMLTD3,2,120L,-18,12.9
511,NMLTD3,2,120L,-17,20.6
511,NMLTD3,2,120L,-16,28.4
511,NMLTD3,2,120L,-15,31.0
511,NMLTD3,2,120L,-14,37.9
511,NMLTD3,2,120L,-13,42.1
511,NMLTD3,2,120L,-12,48.9
511,NMLTD3,2,120L,-11,52.8
511,NMLTD3,2,120L,-10,56.4
511,NMLTD3,2,120L,-9,63.1
511,NMLTD3,2,120L,-8,70.6
511,NMLTD3,2,120L,-7,74.2
511,NMLTD3,2,120L,-6,78.5
511,NMLTD3,2,120L,-5,87.3
511,NMLTD3,2,120L,-4,90.8
511,NMLTD3,2,120L,-3,95.6
511,NMLTD3,2,120L,-2,100.0
511,NMLTD3,2,120L,-1,5.9
511,NMLTD3,2,120L,0,11.1
512,G5FQOZ,2,120L,-29,90.7
512,G5FQOZ,2,120L,-28,93.6
512,G5FQOZ,2,120L,-27,97.4
512,G5FQOZ,2,120L,-26,0.0
512,G5FQOZ,2,120L,-25,1.6
512,G5FQOZ,2,120L,-24,9.6
512,G5FQOZ,2,120L,-23,11.7
512,G5FQOZ,2,120L,-22,10.8
512,G5FQOZ,2,120L,-21,16.9
512,G5FQOZ,2,120L,-20,22.4
512,G5FQOZ,2,120L,-19,24.0
512,G5FQOZ,2,120L,-18,29.6
512,G5FQOZ,2,120L,-17,32.7
512,G5FQOZ,2,120L,-16,32.4
512,G5FQOZ,2,120L,-15,37.6
512,G5FQOZ,2,120L,-14,40.5
512,G5FQOZ,2,120L,-13,42.4
512,G5FQOZ,2,120L,-12,45.7
512,G5FQOZ,2,120L,-11,50.0
512,G5FQOZ,2,120L,-10,53.6
512,G5FQOZ,2,120L,-9,58.3
512,G5FQOZ,2,120L,-8,62.8
512,G5FQOZ,2,120L,-7,65.3
512,G5FQOZ,2,120L,-6,69.0
512,G5FQOZ,2,120L,-5,70.9
512,G5FQOZ,2,120L,-4,75.5
512,G5FQOZ,2,120L,-3,77.7
512,G5FQOZ,2,120L,-2,80.6
512,G5FQOZ,2,120L,-1,87.5
512,G5FQOZ,2,120L,0,84.5
513,5WP3P7,2,120L,-29,95.7
513,5WP3P7,2,120L,-28,2.6
513,5WP3P7,2,120L,-27,6.1
513,5WP3P7,2,120L,-26,8.9
513,5WP3P7,2,120L,-25,13.9
513,5WP3P7,2,120L,-24,18.6
513,5WP3P7,2,120L,-23,25.9
513,5WP3P7,2,120L,-22,30.8
513,5WP3P7,2,120L,-21,36.0
513,5WP3P7,2,120L,-20,35.6
513,5WP3P7,2,120L,-19,40.5
513,5WP3P7,2,120L,-18,44.9
513,5WP3P7,2,120L,-17,53.4
513,5WP3P7,2,120L,-16,56.6
513,5WP3P7,2,120L,-15,60.6
513,5WP3P7,2,120L,-14,65.4
513,5WP3P7,2,120L,-13,69.4
513,5WP3P7,2,120L,-12,72.3
513,5WP3P7,2,120L,-11,79.3
513,5WP3P7,2,120L,-10,82.7
513,5WP3P7,2,120L,-9,85.7
513,5WP3P7,2,120L,-8,92.9
513,5WP3P7,2,120L,-7,95.9
513,5WP3P7,2,120L,-6,1.3
513,5WP3P7,2,120L,-5,5.3
513,5WP3P7,2,120L,-4,11.3
513,5WP3P7,2,120L,-3,14.8
513,5WP3P7,2,120L,-2,17.7
513,5WP3P7,2,120L,-1,24.0
513,5WP3P7,2,120L,0,28.5
514,TSPC,2,120L,-29,77.1
514,TSPC,2,120L,-28,84.8
514,TSPC,2,120L,-27,86.9
514,TSPC,2,120L,-26,95.1
514,TSPC,2,120L,-25,0.5
514,TSPC,2,120L,-24,8.8
514,TSPC,2,120L,-23,12.2
514,TSPC,2,120L,-22,19.0
514,TSPC,2,120L,-21,21.2
514,TSPC,2,120L,-20,29.0
514,TSPC,2,120L,-19,34.0
514,TSPC,2,120L,-18,44.7
514,TSPC,2,120L,-17,45.7
514,TSPC,2,120L,-16,52.6
514,TSPC,2,120L,-15,58.4
514,TSPC,2,120L,-14,61.5
514,TSPC,2,120L,-13,68.8
514,TSPC,2,120L,-12,75.9
514,TSPC,2,120L,-11,81.2
514,TSPC,2,120L,-10,83.3
514,TSPC,2,120L,-9,91.7
514,TSPC,2,120L,-8,99.8
514,TSPC,2,120L,-7,4.8
514,TSPC,2,120L,-6,11.5
514,TSPC,2,120L,-5,13.9
514,TSPC,2,120L,-4,23.0
514,TSPC,2,120L,-3,26.8
514,TSPC,2,120L,-2,34.9
514,TSPC,2,120L,-1,38.3
514,TSPC,2,120L,0,40.9
515,7KPVEF,2,1.100L,-29,46.0
515,7KPVEF,2,1.100L,-28,55.9
515,7KPVEF,2,1.100L,-27,64.1
515,7KPVEF,2,1.100L,-26,78.6
515,7KPVEF,2,1.100L,-25,85.2
515,7KPVEF,2,1.100L,-24,98.2
515,7KPVEF,2,1.100L,-23,5.0
515,7KPVEF,2,1.100L,-22,14.1
515,7KPVEF,2,1.100L,-21,27.3
515,7KPVEF,2,1.100L,-20,35.1
515,7KPVEF,2,1.100L,-19,44.9
515,7KPVEF,2,1.100L,-18,52.9
515,7KPVEF,2,1.100L,-17,64.0
515,7KPVEF,2,1.100L,-16,75.2
515,7KPVEF,2,1.100L,-15,82.4
515,7KPVEF,2,1.100L,-14,93.4
515,7KPVEF,2,1.100L,-13,3.4
515,7KPVEF,2,1.100L,-12,14.0
515,7KPVEF,2,1.100L,-11,26.0
515,7KPVEF,2,1.100L,-10,33.1
515,7KPVEF,2,1.100L,-9,42.4
515,7KPVEF,2,1.100L,-8,57.4
515,7KPVEF,2,1.100L,-7,62.5
515,7KPVEF,2,1.100L,-6,72.7
515,7KPVEF,2,1.100L,-5,82.3
515,7KPVEF,2,1.100L,-4,92.2
515,7KPVEF,2,1.100L,-3,2.6
515,7KPVEF,2,1.100L,-2,13.7
515,7KPVEF,2,1.100L,-1,22.8
515,7KPVEF,2,1.100L,0,33.6
516,2XBH6X,2,1.100L,-29,69.8
516,2XBH6X,2,1.100L,-28,80.1
516,2XBH6X,2,1.100L,-27,86.0
516,2XBH6X,2,1.100L,-26,100.0
516,2XBH6X,2,1.100L,-25,5.4
516,2XBH6X,2,1.100L,-24,14.8
516,2XBH6X,2,1.100L,-23,22.8
516,2XBH6X,2,1.100L,-22,32.1
516,2XBH6X,2,1.100L,-21,44.5
516,2XBH6X,2,1.100L,-20,55.7
516,2XBH6X,2,1.100L,-19,60.7
516,2XBH6X,2,1.100L,-18,71.3
516,2XBH6X,2,1.100L,-17,80.3
516,2XBH6X,2,1.100L,-16,90.7
516,2XBH6X,2,1.100L,-15,100.0
516,2XBH6X,2,1.100L,-14,10.0
516,2XBH6X,2,1.100L,-13,16.6
516,2XBH6X,2,1.100L,-12,27.0
516,2XBH6X,2,1.100L,-11,36.4
516,2XBH6X,2,1.100L,-10,44.6
516,2XBH6X,2,1.100L,-9,52.2
516,2XBH6X,2,1.100L,-8,61.9
516,2XBH6X,2,1.100L,-7,74.1
516,2XBH6X,2,1.100L,-6,83.5
516,2XBH6X,2,1.100L,-5,90.5
516,2XBH6X,2,1.100L,-4,0.5
516,2XBH6X,2,1.100L,-3,11.1
516,2XBH6X,2,1.100L,-2,16.0
516,2XBH6X,2,1.100L,-1,27.1
516,2XBH6X,2,1.100L,0,40.0
517,KAN4FM,2,1.100L,-29,77.0
517,KAN4FM,2,1.100L,-28,87.0
517,KAN4FM,2,1.100L,-27,96.5
517,KAN4FM,2,1.100L,-26,0.0
517,KAN4FM,2,1.100L,-25,11.4
517,KAN4FM,2,1.100L,-24,18.7
517,KAN4FM,2,1.100L,-23,24.9
517,KAN4FM,2,1.100L,-22,35.6
517,KAN4FM,2,1.100L,-21,43.4
517,KAN4FM,2,1.100L,-20,51.7
517,KAN4FM,2,1.100L,-19,59.3
517,KAN4FM,2,1.100L,-18,66.4
517,KAN4FM,2,1.100L,-17,73.9
517,KAN4FM,2,1.100L,-16,83.2
517,KAN4FM,2,1.100L,-15,93.6
517,KAN4FM,2,1.100L,-14,0.8
517,KAN4FM,2,1.100L,-13,8.4
517,KAN4FM,2,1.100L,-12,15.1
517,KAN4FM,2,1.100L,-11,24.2
517,KAN4FM,2,1.100L,-10,34.0
517,KAN4FM,2,1.100L,-9,41.7
517,KAN4FM,2,1.100L,-8,48.4
517,KAN4FM,2,1.100L,-7,53.3
517,KAN4FM,2,1.100L,-6,64.3
517,KAN4FM,2,1.100L,-5,72.7
517,KAN4FM,2,1.100L,-4,80.2
517,KAN4FM,2,1.100L,-3,89.0
517,KAN4FM,2,1.100L,-2,99.0
517,KAN4FM,2,1.100L,-1,5.8
517,KAN4FM,2,1.100L,0,15.5
518,SUQIZF,2,1.100L,-29,4.4
518,SUQIZF,2,1.100L,-28,13.1
518,SUQIZF,2,1.100L,-27,18.5
518,SUQIZF,2,1.100L,-26,28.4
518,SUQIZF,2,1.100L,-25,33.5
518,SUQIZF,2,1.100L,-24,40.8
518,SUQIZF,2,1.100L,-23,45.1
518,SUQIZF,2,1.100L,-22,50.6
518,SUQIZF,2,1.100L,-21,57.0
518,SUQIZF,2,1.100L,-20,65.3
518,SUQIZF,2,1.100L,-19,74.1
518,SUQIZF,2,1.100L,-18,78.4
518,SUQIZF,2,1.100L,-17,83.6
518,SUQIZF,2,1.100L,-16,90.3
518,SUQIZF,2,1.100L,-15,96.9
518,SUQIZF,2,1.100L,-14,6.4
518,SUQIZF,2,1.100L,-13,11.6
518,SUQIZF,2,1.100L,-12,16.6
518,SUQIZF,2,1.100L,-11,22.7
518,SUQIZF,2,1.100L,-10,29.4
518,SUQIZF,2,1.100L,-9,36.1
518,SUQIZF,2,1.100L,-8,41.2
518,SUQIZF,2,1.100L,-7,46.9
518,SUQIZF,2,1.100L,-6,56.1
518,SUQIZF,2,1.100L,-5,61.0
518,SUQIZF,2,1.100L,-4,68.8
518,SUQIZF,2,1.100L,-3,76.3
518,SUQIZF,2,1.100L,-2,81.0
518,SUQIZF,2,1.100L,-1,87.1
518,SUQIZF,2,1.100L,0,97.8
519,OTBUCR,2,1.100L,-29,45.1
519,OTBUCR,2,1.100L,-28,53.9
519,OTBUCR,2,1.100L,-27,64.2
519,OTBUCR,2,1.100L,-26,67.5
519,OTBUCR,2,1.100L,-25,75.8
519,OTBUCR,2,1.100L,-24,86.2
519,OTBUCR,2,1.100L,-23,91.7
519,OTBUCR,2,1.100L,-22,99.5
519,OTBUCR,2,1.100L,-21,8.8
519,OTBUCR,2,1.100L,-20,13.7
519,OTBUCR,2,1.100L,-19,20.1
519,OTBUCR,2,1.100L,-18,27.8
519,OTBUCR,2,1.100L,-17,38.3
519,OTBUCR,2,1.100L,-16,45.4
519,OTBUCR,2,1.100L,-15,51.5
519,OTBUCR,2,1.100L,-14,58.4
519,OTBUCR,2,1.100L,-13,67.3
519,OTBUCR,2,1.100L,-12,76.9
519,OTBUCR,2,1.100L,-11,81.6
519,OTBUCR,2,1.100L,-10,89.4
519,OTBUCR,2,1.100L,-9,96.2
519,OTBUCR,2,1.100L,-8,5.0
519,OTBUCR,2,1.100L,-7,13.6
519,OTBUCR,2,1.100L,-6,23.8
519,OTBUCR,2,1.100L,-5,28.5
519,OTBUCR,2,1.100L,-4,35.7
519,OTBUCR,2,1.100L,-3,44.6
519,OTBUCR,2,1.100L,-2,51.9
519,OTBUCR,2,1.100L,-1,57.6
519,OTBUCR,2,1.100L,0,69.5
520,J5ZR2S,2,1.100L,-29,89.1
520,J5ZR2S,2,1.100L,-28,95.3
520,J5ZR2S,2,1.100L,-27,3.6
520,J5ZR2S,2,1.100L,-26,6.9
520,J5ZR2S,2,1.100L,-25,15.5
520,J5ZR2S,2,1.100L,-24,21.1
520,J5ZR2S,2,1.100L,-23,28.8
520,J5ZR2S,2,1.100L,-22,33.5
520,J5ZR2S,2,1.100L,-21,39.8
520,J5ZR2S,2,1.100L,-20,47.9
520,J5ZR2S,2,1.100L,-19,53.9
520,J5ZR2S,2,1.100L,-18,58.6
520,J5ZR2S,2,1.100L,-17,68.4
520,J5ZR2S,2,1.100L,-16,74.0
520,J5ZR2S,2,1.100L,-15,79.3
520,J5ZR2S,2,1.100L,-14,85.2
520,J5ZR2S,2,1.100L,-13,92.9
520,J5ZR2S,2,1.100L,-12,99.9
520,J5ZR2S,2,1.100L,-11,3.0
520,J5ZR2S,2,1.100L,-10,12.5
520,J5ZR2S,2,1.100L,-9,19.4
520,J5ZR2S,2,1.100L,-8,21.4
520,J5ZR2S,2,1.100L,-7,31.7
520,J5ZR2S,2,1.100L,-6,39.0
520,J5ZR2S,2,1.100L,-5,45.3
520,J5ZR2S,2,1.100L,-4,52.2
520,J5ZR2S,2,1.100L,-3,57.0
520,J5ZR2S,2,1.100L,-2,62.4
520,J5ZR2S,2,1.100L,-1,67.8
520,J5ZR2S,2,1.100L,0,78.6
521,E7LF5S,2,1.100L,-29,46.9
521,E7LF5S,2,1.100L,-28,51.7
521,E7LF5S,2,1.100L,-27,61.8
521,E7LF5S,2,1.100L,-26,66.0
521,E7LF5S,2,1.100L,-25,74.7
521,E7LF5S,2,1.100L,-24,83.9
521,E7LF5S,2,1.100L,-23,92.4
521,E7LF5S,2,1.100L,-22,100.0
521,E7LF5S,2,1.100L,-21,6.5
521,E7LF5S,2,1.100L,-20,13.3
521,E7LF5S,2,1.100L,-19,20.9
521,E7LF5S,2,1.100L,-18,29.0
521,E7LF5S,2,1.100L,-17,41.1
521,E7LF5S,2,1.100L,-16,46.6
521,E7LF5S,2,1.100L,-15,54.9
521,E7LF5S,2,1.100L,-14,60.6
521,E7LF5S,2,1.100L,-13,68.6
521,E7LF5S,2,1.100L,-12,77.4
521,E7LF5S,2,1.100L,-11,83.3
521,E7LF5S,2,1.100L,-10,91.4
521,E7LF5S,2,1.100L,-9,98.5
521,E7LF5S,2,1.100L,-8,6.6
521,E7LF5S,2,1.100L,-7,15.0
521,E7LF5S,2,1.100L,-6,21.4
521,E7LF5S,2,1.100L,-5,30.8
521,E7LF5S,2,1.100L,-4,38.5
521,E7LF5S,2,1.100L,-3,45.6
521,E7LF5S,2,1.100L,-2,52.3
521,E7LF5S,2,1.100L,-1,61.4
521,E7LF5S,2,1.100L,0,68.2
522,R2STNH,2,120L,-29,39.7
522,R2STNH,2,120L,-28,48.3
522,R2STNH,2,120L,-27,48.3
522,R2STNH,2,120L,-26,52.4
522,R2STNH,2,120L,-25,54.1
522,R2STNH,2,120L,-24,60.3
522,R2STNH,2,120L,-23,61.8
522,R2STNH,2,120L,-22,64.8
522,R2STNH,2,120L,-21,67.9
522,R2STNH,2,120L,-20,71.7
522,R2STNH,2,120L,-19,76.2
522,R2STNH,2,120L,-18,79.2
522,R2STNH,2,120L,-17,82.3
522,R2STNH,2,120L,-16,84.6
522,R2STNH,2,120L,-15,88.0
522,R2STNH,2,120L,-14,91.8
522,R2STNH,2,120L,-13,96.6
522,R2STNH,2,120L,-12,100.0
522,R2STNH,2,120L,-11,3.9
522,R2STNH,2,120L,-10,6.1
522,R2STNH,2,120L,-9,10.0
522,R2STNH,2,120L,-8,12.6
522,R2STNH,2,120L,-7,13.6
522,R2STNH,2,120L,-6,19.3
522,R2STNH,2,120L,-5,22.5
522,R2STNH,2,120L,-4,24.9
522,R2STNH,2,120L,-3,29.0
522,R2STNH,2,120L,-2,33.4
522,R2STNH,2,120L,-1,34.9
522,R2STNH,2,120L,0,38.9
523,ZOTG,2,120L,-29,17.7
523,ZOTG,2,120L,-28,25.4
523,ZOTG,2,120L,-27,29.6
523,ZOTG,2,120L,-26,35.8
523,ZOTG,2,120L,-25,42.2
523,ZOTG,2,120L,-24,46.7
523,ZOTG,2,120L,-23,54.6
523,ZOTG,2,120L,-22,61.4
523,ZOTG,2,120L,-21,66.3
523,ZOTG,2,120L,-20,72.2
523,ZOTG,2,120L,-19,74.2
523,ZOTG,2,120L,-18,81.5
523,ZOTG,2,120L,-17,88.2
523,ZOTG,2,120L,-16,94.4
523,ZOTG,2,120L,-15,100.0
523,ZOTG,2,120L,-14,5.9
523,ZOTG,2,120L,-13,11.3
523,ZOTG,2,120L,-12,19.5
523,ZOTG,2,120L,-11,21.3
523,ZOTG,2,120L,-10,26.4
523,ZOTG,2,120L,-9,32.7
523,ZOTG,2,120L,-8,36.7
523,ZOTG,2,120L,-7,43.8
523,ZOTG,2,120L,-6,46.7
523,ZOTG,2,120L,-5,54.1
523,ZOTG,2,120L,-4,60.4
523,ZOTG,2,120L,-3,67.6
523,ZOTG,2,120L,-2,73.4
523,ZOTG,2,120L,-1,75.9
523,ZOTG,2,120L,0,86.1
524,6OLS,2,120L,-29,81.7
524,6OLS,2,120L,-28,88.5
524,6OLS,2,120L,-27,96.3
524,6OLS,2,120L,-26,0.3
524,6OLS,2,120L,-25,5.5
524,6OLS,2,120L,-24,11.0
524,6OLS,2,120L,-23,13.8
524,6OLS,2,120L,-22,21.1
524,6OLS,2,120L,-21,28.7
524,6OLS,2,120L,-20,33.5
524,6OLS,2,120L,-19,37.0
524,6OLS,2,120L,-18,44.8
524,6OLS,2,120L,-17,45.9
524,6OLS,2,120L,-16,51.7
524,6OLS,2,120L,-15,61.2
524,6OLS,2,120L,-14,64.6
524,6OLS,2,120L,-13,68.6
524,6OLS,2,120L,-12,74.3
524,6OLS,2,120L,-11,78.4
524,6OLS,2,120L,-10,85.4
524,6OLS,2,120L,-9,90.5
524,6OLS,2,120L,-8,95.6
524,6OLS,2,120L,-7,0.0
524,6OLS,2,120L,-6,6.6
524,6OLS,2,120L,-5,10.7
524,6OLS,2,120L,-4,15.3
524,6OLS,2,120L,-3,24.0
524,6OLS,2,120L,-2,30.6
524,6OLS,2,120L,-1,35.6
524,6OLS,2,120L,0,39.0
525,RYBY,2,120L,-29,69.5
525,RYBY,2,120L,-28,74.0
525,RYBY,2,120L,-27,76.6
525,RYBY,2,120L,-26,83.0
525,RYBY,2,120L,-25,81.8
525,RYBY,2,120L,-24,88.2
525,RYBY,2,120L,-23,93.7
525,RYBY,2,120L,-22,95.0
525,RYBY,2,120L,-21,0.0
525,RYBY,2,120L,-20,4.8
525,RYBY,2,120L,-19,10.0
525,RYBY,2,120L,-18,9.5
525,RYBY,2,120L,-17,13.2
525,RYBY,2,120L,-16,17.7
525,RYBY,2,120L,-15,20.6
525,RYBY,2,120L,-14,24.5
525,RYBY,2,120L,-13,29.1
525,RYBY,2,120L,-12,36.2
525,RYBY,2,120L,-11,37.7
525,RYBY,2,120L,-10,42.0
525,RYBY,2,120L,-9,44.3
525,RYBY,2,120L,-8,50.5
525,RYBY,2,120L,-7,56.2
525,RYBY,2,120L,-6,55.8
525,RYBY,2,120L,-5,63.6
525,RYBY,2,120L,-4,65.3
525,RYBY,2,120L,-3,68.6
525,RYBY,2,120L,-2,73.0
525,RYBY,2,120L,-1,76.8
525,RYBY,2,120L,0,82.8
526,QUMGAG,2,1.100L,-29,37.3
526,QUMGAG,2,1.100L,-28,48.3
526,QUMGAG,2,1.100L,-27,54.6
526,QUMGAG,2,1.100L,-26,65.3
526,QUMGAG,2,1.100L,-25,78.5
526,QUMGAG,2,1.100L,-24,79.5
526,QUMGAG,2,1.100L,-23,92.7
526,QUMGAG,2,1.100L,-22,1.8
526,QUMGAG,2,1.100L,-21,10.2
526,QUMGAG,2,1.100L,-20,19.3
526,QUMGAG,2,1.100L,-19,28.8
526,QUMGAG,2,1.100L,-18,37.3
526,QUMGAG,2,1.100L,-17,47.1
526,QUMGAG,2,1.100L,-16,55.1
526,QUMGAG,2,1.100L,-15,68.0
526,QUMGAG,2,1.100L,-14,73.6
526,QUMGAG,2,1.100L,-13,83.9
526,QUMGAG,2,1.100L,-12,91.1
526,QUMGAG,2,1.100L,-11,2.6
526,QUMGAG,2,1.100L,-10,11.4
526,QUMGAG,2,1.100L,-9,20.0
526,QUMGAG,2,1.100L,-8,26.9
526,QUMGAG,2,1.100L,-7,36.4
526,QUMGAG,2,1.100L,-6,49.1
526,QUMGAG,2,1.100L,-5,54.5
526,QUMGAG,2,1.100L,-4,65.7
526,QUMGAG,2,1.100L,-3,72.4
526,QUMGAG,2,1.100L,-2,84.4
526,QUMGAG,2,1.100L,-1,90.9
526,QUMGAG,2,1.100L,0,0.0
527,LGKG,2,120L,-29,71.3
527,LGKG,2,120L,-28,77.7
527,LGKG,2,120L,-27,82.2
527,LGKG,2,120L,-26,85.4
527,LGKG,2,120L,-25,92.0
527,LGKG,2,120L,-24,95.4
527,LGKG,2,120L,-23,3.0
527,LGKG,2,120L,-22,8.3
527,LGKG,2,120L,-21,12.0
527,LGKG,2,120L,-20,17.5
527,LGKG,2,120L,-19,24.7
527,LGKG,2,120L,-18,26.8
527,LGKG,2,120L,-17,30.6
527,LGKG,2,120L,-16,37.9
527,LGKG,2,120L,-15,40.3
527,LGKG,2,120L,-14,46.7
527,LGKG,2,120L,-13,51.1
527,LGKG,2,120L,-12,56.0
527,LGKG,2,120L,-11,61.7
527,LGKG,2,120L,-10,68.4
527,LGKG,2,120L,-9,73.7
527,LGKG,2,120L,-8,78.4
527,LGKG,2,120L,-7,82.5
527,LGKG,2,120L,-6,86.6
527,LGKG,2,120L,-5,88.5
527,LGKG,2,120L,-4,97.6
527,LGKG,2,120L,-3,0.0
527,LGKG,2,120L,-2,4.1
527,LGKG,2,120L,-1,11.8
527,LGKG,2,120L,0,17.4
528,PINFYG,2,120L,-29,12.3
528,PINFYG,2,120L,-28,18.6
528,PINFYG,2,120L,-27,22.9
528,PINFYG,2,120L,-26,30.8
528,PINFYG,2,120L,-25,36.4
528,PINFYG,2,120L,-24,40.3
528,PINFYG,2,120L,-23,43.7
528,PINFYG,2,120L,-22,49.5
528,PINFYG,2,120L,-21,53.5
528,PINFYG,2,120L,-20,61.0
528,PINFYG,2,120L,-19,64.9
528,PINFYG,2,120L,-18,71.4
528,PINFYG,2,120L,-17,77.7
528,PINFYG,2,120L,-16,79.7
528,PINFYG,2,120L,-15,86.2
528,PINFYG,2,120L,-14,92.7
528,PINFYG,2,120L,-13,98.8
528,PINFYG,2,120L,-12,3.5
528,PINFYG,2,120L,-11,9.2
528,PINFYG,2,120L,-10,14.0
528,PINFYG,2,120L,-9,18.3
528,PINFYG,2,120L,-8,25.0
528,PINFYG,2,120L,-7,30.9
528,PINFYG,2,120L,-6,36.2
528,PINFYG,2,120L,-5,42.2
528,PINFYG,2,120L,-4,48.0
528,PINFYG,2,120L,-3,53.8
528,PINFYG,2,120L,-2,57.3
528,PINFYG,2,120L,-1,61.2
528,PINFYG,2,120L,0,70.9
529,OWQY,3,120L,-29,51.5
529,OWQY,3,120L,-28,58.9
529,OWQY,3,120L,-27,65.5
529,OWQY,3,120L,-26,72.0
529,OWQY,3,120L,-25,75.3
529,OWQY,3,120L,-24,82.0
529,OWQY,3,120L,-23,84.0
529,OWQY,3,120L,-22,91.3
529,OWQY,3,120L,-21,96.3
529,OWQY,3,120L,-20,2.8
529,OWQY,3,120L,-19,10.2
529,OWQY,3,120L,-18,13.7
529,OWQY,3,120L,-17,17.4
529,OWQY,3,120L,-16,22.4
529,OWQY,3,120L,-15,32.2
529,OWQY,3,120L,-14,36.0
529,OWQY,3,120L,-13,41.4
529,OWQY,3,120L,-12,45.7
529,OWQY,3,120L,-11,52.1
529,OWQY,3,120L,-10,55.7
529,OWQY,3,120L,-9,63.2
529,OWQY,3,120L,-8,66.4
529,OWQY,3,120L,-7,73.1
529,OWQY,3,120L,-6,78.1
529,OWQY,3,120L,-5,79.7
529,OWQY,3,120L,-4,89.5
529,OWQY,3,120L,-3,94.2
529,OWQY,3,120L,-2,0.7
529,OWQY,3,120L,-1,6.5
529,OWQY,3,120L,0,14.7
530,OYQE,3,120L,-29,73.8
530,OYQE,3,120L,-28,78.2
530,OYQE,3,120L,-27,81.5
530,OYQE,3,120L,-26,85.1
530,OYQE,3,120L,-25,89.6
530,OYQE,3,120L,-24,88.7
530,OYQE,3,120L,-23,99.4
530,OYQE,3,120L,-22,2.5
530,OYQE,3,120L,-21,4.3
530,OYQE,3,120L,-20,5.7
530,OYQE,3,120L,-19,13.5
530,OYQE,3,120L,-18,14.5
530,OYQE,3,120L,-17,20.2
530,OYQE,3,120L,-16,21.3
530,OYQE,3,120L,-15,30.4
530,OYQE,3,120L,-14,28.8
530,OYQE,3,120L,-13,34.9
530,OYQE,3,120L,-12,35.5
530,OYQE,3,120L,-11,42.5
530,OYQE,3,120L,-10,45.8
530,OYQE,3,120L,-9,52.0
530,OYQE,3,120L,-8,53.5
530,OYQE,3,120L,-7,59.7
530,OYQE,3,120L,-6,60.3
530,OYQE,3,120L,-5,65.3
530,OYQE,3,120L,-4,69.2
530,OYQE,3,120L,-3,74.2
530,OYQE,3,120L,-2,77.8
530,OYQE,3,120L,-1,82.2
530,OYQE,3,120L,0,85.4
531,OYZ4,3,120L,-29,95.7
531,OYZ4,3,120L,-28,3.0
531,OYZ4,3,120L,-27,10.2
531,OYZ4,3,120L,-26,10.6
531,OYZ4,3,120L,-25,19.2
531,OYZ4,3,120L,-24,24.8
531,OYZ4,3,120L,-23,31.3
531,OYZ4,3,120L,-22,35.6
531,OYZ4,3,120L,-21,40.0
531,OYZ4,3,120L,-20,45.8
531,OYZ4,3,120L,-19,49.4
531,OYZ4,3,120L,-18,55.3
531,OYZ4,3,120L,-17,59.2
531,OYZ4,3,120L,-16,68.8
531,OYZ4,3,120L,-15,72.6
531,OYZ4,3,120L,-14,75.8
531,OYZ4,3,120L,-13,83.0
531,OYZ4,3,120L,-12,89.6
531,OYZ4,3,120L,-11,94.7
531,OYZ4,3,120L,-10,97.2
531,OYZ4,3,120L,-9,0.0
531,OYZ4,3,120L,-8,9.9
531,OYZ4,3,120L,-7,13.3
531,OYZ4,3,120L,-6,20.9
531,OYZ4,3,120L,-5,26.7
531,OYZ4,3,120L,-4,32.3
531,OYZ4,3,120L,-3,38.6
531,OYZ4,3,120L,-2,43.2
531,OYZ4,3,120L,-1,49.3
531,OYZ4,3,120L,0,54.1
532,6B5I,3,120L,-29,64.0
532,6B5I,3,120L,-28,72.9
532,6B5I,3,120L,-27,72.5
532,6B5I,3,120L,-26,77.5
532,6B5I,3,120L,-25,78.1
532,6B5I,3,120L,-24,83.6
532,6B5I,3,120L,-23,81.7
532,6B5I,3,120L,-22,88.0
532,6B5I,3,120L,-21,91.7
532,6B5I,3,120L,-20,95.8
532,6B5I,3,120L,-19,100.0
532,6B5I,3,120L,-18,0.0
532,6B5I,3,120L,-17,5.9
532,6B5I,3,120L,-16,9.9
532,6B5I,3,120L,-15,14.9
532,6B5I,3,120L,-14,15.7
532,6B5I,3,120L,-13,17.1
532,6B5I,3,120L,-12,19.2
532,6B5I,3,120L,-11,27.1
532,6B5I,3,120L,-10,28.7
532,6B5I,3,120L,-9,30.8
532,6B5I,3,120L,-8,31.6
532,6B5I,3,120L,-7,35.9
532,6B5I,3,120L,-6,41.5
532,6B5I,3,120L,-5,44.3
532,6B5I,3,120L,-4,44.1
532,6B5I,3,120L,-3,51.2
532,6B5I,3,120L,-2,51.2
532,6B5I,3,120L,-1,58.8
532,6B5I,3,120L,0,60.3
533,Y6KM,3,120L,-29,29.8
533,Y6KM,3,120L,-28,33.4
533,Y6KM,3,120L,-27,39.5
533,Y6KM,3,120L,-26,42.3
533,Y6KM,3,120L,-25,47.1
533,Y6KM,3,120L,-24,51.1
533,Y6KM,3,120L,-23,56.5
533,Y6KM,3,120L,-22,63.3
533,Y6KM,3,120L,-21,64.7
533,Y6KM,3,120L,-20,71.1
533,Y6KM,3,120L,-19,73.4
533,Y6KM,3,120L,-18,76.3
533,Y6KM,3,120L,-17,84.3
533,Y6KM,3,120L,-16,89.2
533,Y6KM,3,120L,-15,93.1
533,Y6KM,3,120L,-14,95.7
533,Y6KM,3,120L,-13,3.1
533,Y6KM,3,120L,-12,7.6
533,Y6KM,3,120L,-11,10.6
533,Y6KM,3,120L,-10,14.5
533,Y6KM,3,120L,-9,20.8
533,Y6KM,3,120L,-8,26.8
533,Y6KM,3,120L,-7,31.1
533,Y6KM,3,120L,-6,33.8
533,Y6KM,3,120L,-5,40.0
533,Y6KM,3,120L,-4,45.7
533,Y6KM,3,120L,-3,47.3
533,Y6KM,3,120L,-2,53.8
533,Y6KM,3,120L,-1,60.4
533,Y6KM,3,120L,0,61.1
534,PAED,3,120L,-29,37.5
534,PAED,3,120L,-28,40.5
534,PAED,3,120L,-27,45.9
534,PAED,3,120L,-26,47.3
534,PAED,3,120L,-25,47.3
534,PAED,3,120L,-24,53.9
534,PAED,3,120L,-23,58.0
534,PAED,3,120L,-22,61.7
534,PAED,3,120L,-21,62.5
534,PAED,3,120L,-20,66.6
534,PAED,3,120L,-19,71.8
534,PAED,3,120L,-18,73.4
534,PAED,3,120L,-17,74.5
534,PAED,3,120L,-16,81.9
534,PAED,3,120L,-15,83.0
534,PAED,3,120L,-14,88.2
534,PAED,3,120L,-13,87.7
534,PAED,3,120L,-12,92.8
534,PAED,3,120L,-11,97.0
534,PAED,3,120L,-10,99.4
534,PAED,3,120L,-9,1.0
534,PAED,3,120L,-8,2.4
534,PAED,3,120L,-7,11.5
534,PAED,3,120L,-6,12.9
534,PAED,3,120L,-5,17.5
534,PAED,3,120L,-4,20.4
534,PAED,3,120L,-3,23.2
534,PAED,3,120L,-2,25.0
534,PAED,3,120L,-1,29.5
534,PAED,3,120L,0,34.1
535,PAFF,3,120L,-29,3.7
535,PAFF,3,120L,-28,3.5
535,PAFF,3,120L,-27,8.2
535,PAFF,3,120L,-26,17.0
535,PAFF,3,120L,-25,19.2
535,PAFF,3,120L,-24,28.4
535,PAFF,3,120L,-23,32.2
535,PAFF,3,120L,-22,37.5
535,PAFF,3,120L,-21,41.4
535,PAFF,3,120L,-20,43.6
535,PAFF,3,120L,-19,47.4
535,PAFF,3,120L,-18,57.0
535,PAFF,3,120L,-17,57.4
535,PAFF,3,120L,-16,66.9
535,PAFF,3,120L,-15,70.5
535,PAFF,3,120L,-14,74.2
535,PAFF,3,120L,-13,79.9
535,PAFF,3,120L,-12,84.9
535,PAFF,3,120L,-11,88.8
535,PAFF,3,120L,-10,96.1
535,PAFF,3,120L,-9,100.0
535,PAFF,3,120L,-8,4.0
535,PAFF,3,120L,-7,7.8
535,PAFF,3,120L,-6,15.5
535,PAFF,3,120L,-5,15.5
535,PAFF,3,120L,-4,24.1
535,PAFF,3,120L,-3,29.4
535,PAFF,3,120L,-2,32.0
535,PAFF,3,120L,-1,39.6
535,PAFF,3,120L,0,43.0
536,PABD,3,120L,-29,92.0
536,PABD,3,120L,-28,100.0
536,PABD,3,120L,-27,2.1
536,PABD,3,120L,-26,11.2
536,PABD,3,120L,-25,16.5
536,PABD,3,120L,-24,21.3
536,PABD,3,120L,-23,28.4
536,PABD,3,120L,-22,33.4
536,PABD,3,120L,-21,40.8
536,PABD,3,120L,-20,45.8
536,PABD,3,120L,-19,51.3
536,PABD,3,120L,-18,56.8
536,PABD,3,120L,-17,61.4
536,PABD,3,120L,-16,67.3
536,PABD,3,120L,-15,73.8
536,PABD,3,120L,-14,78.9
536,PABD,3,120L,-13,86.5
536,PABD,3,120L,-12,90.7
536,PABD,3,120L,-11,96.8
536,PABD,3,120L,-10,0.0
536,PABD,3,120L,-9,9.1
536,PABD,3,120L,-8,12.5
536,PABD,3,120L,-7,17.5
536,PABD,3,120L,-6,27.3
536,PABD,3,120L,-5,31.5
536,PABD,3,120L,-4,37.7
536,PABD,3,120L,-3,42.6
536,PABD,3,120L,-2,47.5
536,PABD,3,120L,-1,52.9
536,PABD,3,120L,0,60.2
537,6VNM,3,120L,-29,11.4
537,6VNM,3,120L,-28,18.3
537,6VNM,3,120L,-27,18.5
537,6VNM,3,120L,-26,20.3
537,6VNM,3,120L,-25,23.5
537,6VNM,3,120L,-24,27.2
537,6VNM,3,120L,-23,32.7
537,6VNM,3,120L,-22,36.6
537,6VNM,3,120L,-21,41.6
537,6VNM,3,120L,-20,44.2
537,6VNM,3,120L,-19,49.2
537,6VNM,3,120L,-18,51.6
537,6VNM,3,120L,-17,55.2
537,6VNM,3,120L,-16,57.9
537,6VNM,3,120L,-15,64.6
537,6VNM,3,120L,-14,63.8
537,6VNM,3,120L,-13,70.2
537,6VNM,3,120L,-12,73.1
537,6VNM,3,120L,-11,78.2
537,6VNM,3,120L,-10,80.6
537,6VNM,3,120L,-9,84.3
537,6VNM,3,120L,-8,87.5
537,6VNM,3,120L,-7,93.6
537,6VNM,3,120L,-6,95.2
537,6VNM,3,120L,-5,100.0
537,6VNM,3,120L,-4,2.9
537,6VNM,3,120L,-3,6.1
537,6VNM,3,120L,-2,9.5
537,6VNM,3,120L,-1,14.2
537,6VNM,3,120L,0,16.1
538,73FS,3,120L,-29,86.8
538,73FS,3,120L,-28,90.3
538,73FS,3,120L,-27,93.8
538,73FS,3,120L,-26,96.8
538,73FS,3,120L,-25,2.4
538,73FS,3,120L,-24,4.1
538,73FS,3,120L,-23,10.9
538,73FS,3,120L,-22,10.5
538,73FS,3,120L,-21,15.3
538,73FS,3,120L,-20,16.2
538,73FS,3,120L,-19,22.8
538,73FS,3,120L,-18,23.1
538,73FS,3,120L,-17,28.3
538,73FS,3,120L,-16,30.6
538,73FS,3,120L,-15,35.1
538,73FS,3,120L,-14,37.5
538,73FS,3,120L,-13,40.1
538,73FS,3,120L,-12,44.3
538,73FS,3,120L,-11,50.5
538,73FS,3,120L,-10,52.3
538,73FS,3,120L,-9,53.1
538,73FS,3,120L,-8,60.1
538,73FS,3,120L,-7,60.6
538,73FS,3,120L,-6,66.5
538,73FS,3,120L,-5,69.6
538,73FS,3,120L,-4,73.2
538,73FS,3,120L,-3,78.5
538,73FS,3,120L,-2,77.9
538,73FS,3,120L,-1,83.5
538,73FS,3,120L,0,87.9
539,FQWK,3,120L,-29,30.9
539,FQWK,3,120L,-28,37.4
539,FQWK,3,120L,-27,44.1
539,FQWK,3,120L,-26,47.3
539,FQWK,3,120L,-25,56.1
539,FQWK,3,120L,-24,58.9
539,FQWK,3,120L,-23,68.8
539,FQWK,3,120L,-22,73.4
539,FQWK,3,120L,-21,81.3
539,FQWK,3,120L,-20,85.2
539,FQWK,3,120L,-19,89.5
539,FQWK,3,120L,-18,94.6
539,FQWK,3,120L,-17,1.9
539,FQWK,3,120L,-16,7.3
539,FQWK,3,120L,-15,14.9
539,FQWK,3,120L,-14,17.5
539,FQWK,3,120L,-13,27.8
539,FQWK,3,120L,-12,32.4
539,FQWK,3,120L,-11,36.0
539,FQWK,3,120L,-10,44.8
539,FQWK,3,120L,-9,46.7
539,FQWK,3,120L,-8,54.0
539,FQWK,3,120L,-7,57.5
539,FQWK,3,120L,-6,68.0
539,FQWK,3,120L,-5,68.6
539,FQWK,3,120L,-4,74.7
539,FQWK,3,120L,-3,81.7
539,FQWK,3,120L,-2,90.4
539,FQWK,3,120L,-1,95.6
539,FQWK,3,120L,0,0.2
540,PBTE,3,120L,-29,45.4
540,PBTE,3,120L,-28,50.9
540,PBTE,3,120L,-27,51.8
540,PBTE,3,120L,-26,54.8
540,PBTE,3,120L,-25,60.4
540,PBTE,3,120L,-24,64.5
540,PBTE,3,120L,-23,67.3
540,PBTE,3,120L,-22,72.4
540,PBTE,3,120L,-21,74.3
540,PBTE,3,120L,-20,78.5
540,PBTE,3,120L,-19,82.6
540,PBTE,3,120L,-18,86.2
540,PBTE,3,120L,-17,92.0
540,PBTE,3,120L,-16,93.8
540,PBTE,3,120L,-15,96.5
540,PBTE,3,120L,-14,1.5
540,PBTE,3,120L,-13,6.0
540,PBTE,3,120L,-12,9.4
540,PBTE,3,120L,-11,13.0
540,PBTE,3,120L,-10,13.4
540,PBTE,3,120L,-9,15.7
540,PBTE,3,120L,-8,25.0
540,PBTE,3,120L,-7,27.5
540,PBTE,3,120L,-6,30.6
540,PBTE,3,120L,-5,35.4
540,PBTE,3,120L,-4,41.0
540,PBTE,3,120L,-3,43.9
540,PBTE,3,120L,-2,47.0
540,PBTE,3,120L,-1,47.9
540,PBTE,3,120L,0,51.9
541,DNFC,3,120L,-29,49.8
541,DNFC,3,120L,-28,54.5
541,DNFC,3,120L,-27,58.7
541,DNFC,3,120L,-26,62.0
541,DNFC,3,120L,-25,64.8
541,DNFC,3,120L,-24,68.2
541,DNFC,3,120L,-23,71.8
541,DNFC,3,120L,-22,76.9
541,DNFC,3,120L,-21,79.7
541,DNFC,3,120L,-20,87.8
541,DNFC,3,120L,-19,87.3
541,DNFC,3,120L,-18,93.0
541,DNFC,3,120L,-17,94.4
541,DNFC,3,120L,-16,1.8
541,DNFC,3,120L,-15,5.4
541,DNFC,3,120L,-14,8.9
541,DNFC,3,120L,-13,12.1
541,DNFC,3,120L,-12,17.5
541,DNFC,3,120L,-11,20.7
541,DNFC,3,120L,-10,25.4
541,DNFC,3,120L,-9,32.6
541,DNFC,3,120L,-8,33.9
541,DNFC,3,120L,-7,38.5
541,DNFC,3,120L,-6,41.1
541,DNFC,3,120L,-5,44.6
541,DNFC,3,120L,-4,49.8
541,DNFC,3,120L,-3,57.6
541,DNFC,3,120L,-2,57.5
541,DNFC,3,120L,-1,62.5
541,DNFC,3,120L,0,64.8
542,632O,3,120L,-29,60.7
542,632O,3,120L,-28,62.9
542,632O,3,120L,-27,69.3
542,632O,3,120L,-26,71.2
542,632O,3,120L,-25,73.0
542,632O,3,120L,-24,79.8
542,632O,3,120L,-23,86.9
542,632O,3,120L,-22,91.5
542,632O,3,120L,-21,96.0
542,632O,3,120L,-20,0.1
542,632O,3,120L,-19,7.1
542,632O,3,120L,-18,9.8
542,632O,3,120L,-17,15.9
542,632O,3,120L,-16,20.6
542,632O,3,120L,-15,24.6
542,632O,3,120L,-14,28.7
542,632O,3,120L,-13,34.2
542,632O,3,120L,-12,42.5
542,632O,3,120L,-11,46.2
542,632O,3,120L,-10,51.0
542,632O,3,120L,-9,53.1
542,632O,3,120L,-8,57.0
542,632O,3,120L,-7,65.6
542,632O,3,120L,-6,70.2
542,632O,3,120L,-5,73.9
542,632O,3,120L,-4,78.0
542,632O,3,120L,-3,81.2
542,632O,3,120L,-2,89.6
542,632O,3,120L,-1,94.9
542,632O,3,120L,0,97.0
543,6EFC,3,120L,-29,52.4
543,6EFC,3,120L,-28,53.2
543,6EFC,3,120L,-27,60.5
543,6EFC,3,120L,-26,61.3
543,6EFC,3,120L,-25,64.5
543,6EFC,3,120L,-24,68.8
543,6EFC,3,120L,-23,71.8
543,6EFC,3,120L,-22,77.7
543,6EFC,3,120L,-21,81.0
543,6EFC,3,120L,-20,84.9
543,6EFC,3,120L,-19,87.2
543,6EFC,3,120L,-18,89.9
543,6EFC,3,120L,-17,94.2
543,6EFC,3,120L,-16,97.2
543,6EFC,3,120L,-15,3.7
543,6EFC,3,120L,-14,6.6
543,6EFC,3,120L,-13,8.6
543,6EFC,3,120L,-12,11.0
543,6EFC,3,120L,-11,18.3
543,6EFC,3,120L,-10,19.8
543,6EFC,3,120L,-9,23.1
543,6EFC,3,120L,-8,29.2
543,6EFC,3,120L,-7,29.8
543,6EFC,3,120L,-6,33.7
543,6EFC,3,120L,-5,37.5
543,6EFC,3,120L,-4,39.5
543,6EFC,3,120L,-3,45.6
543,6EFC,3,120L,-2,47.6
543,6EFC,3,120L,-1,51.5
543,6EFC,3,120L,0,54.9
544,GFIUQ4,3,120L,-29,98.5
544,GFIUQ4,3,120L,-28,3.2
544,GFIUQ4,3,120L,-27,8.9
544,GFIUQ4,3,120L,-26,17.7
544,GFIUQ4,3,120L,-25,19.2
544,GFIUQ4,3,120L,-24,25.7
544,GFIUQ4,3,120L,-23,31.2
544,GFIUQ4,3,120L,-22,35.4
544,GFIUQ4,3,120L,-21,41.2
544,GFIUQ4,3,120L,-20,46.2
544,GFIUQ4,3,120L,-19,51.8
544,GFIUQ4,3,120L,-18,56.0
544,GFIUQ4,3,120L,-17,61.5
544,GFIUQ4,3,120L,-16,67.6
544,GFIUQ4,3,120L,-15,69.9
544,GFIUQ4,3,120L,-14,80.5
544,GFIUQ4,3,120L,-13,86.8
544,GFIUQ4,3,120L,-12,89.2
544,GFIUQ4,3,120L,-11,95.2
544,GFIUQ4,3,120L,-10,100.0
544,GFIUQ4,3,120L,-9,2.9
544,GFIUQ4,3,120L,-8,11.7
544,GFIUQ4,3,120L,-7,15.0
544,GFIUQ4,3,120L,-6,24.4
544,GFIUQ4,3,120L,-5,26.0
544,GFIUQ4,3,120L,-4,33.0
544,GFIUQ4,3,120L,-3,36.7
544,GFIUQ4,3,120L,-2,45.6
544,GFIUQ4,3,120L,-1,46.9
544,GFIUQ4,3,120L,0,54.7
545,GSIDPB,3,240L,-29,53.4
545,GSIDPB,3,240L,-28,60.1
545,GSIDPB,3,240L,-27,65.7
545,GSIDPB,3,240L,-26,69.7
545,GSIDPB,3,240L,-25,82.1
545,GSIDPB,3,240L,-24,86.7
545,GSIDPB,3,240L,-23,96.2
545,GSIDPB,3,240L,-22,1.9
545,GSIDPB,3,240L,-21,10.1
545,GSIDPB,3,240L,-20,16.4
545,GSIDPB,3,240L,-19,18.5
545,GSIDPB,3,240L,-18,30.0
545,GSIDPB,3,240L,-17,35.5
545,GSIDPB,3,240L,-16,44.7
545,GSIDPB,3,240L,-15,50.8
545,GSIDPB,3,240L,-14,57.8
545,GSIDPB,3,240L,-13,63.4
545,GSIDPB,3,240L,-12,69.4
545,GSIDPB,3,240L,-11,77.0
545,GSIDPB,3,240L,-10,81.9
545,GSIDPB,3,240L,-9,90.7
545,GSIDPB,3,240L,-8,96.3
545,GSIDPB,3,240L,-7,3.3
545,GSIDPB,3,240L,-6,12.5
545,GSIDPB,3,240L,-5,20.1
545,GSIDPB,3,240L,-4,26.2
545,GSIDPB,3,240L,-3,32.4
545,GSIDPB,3,240L,-2,38.7
545,GSIDPB,3,240L,-1,46.6
545,GSIDPB,3,240L,0,52.8
546,EF55AH,3,1.100L,-29,35.8
546,EF55AH,3,1.100L,-28,40.9
546,EF55AH,3,1.100L,-27,49.3
546,EF55AH,3,1.100L,-26,57.1
546,EF55AH,3,1.100L,-25,63.3
546,EF55AH,3,1.100L,-24,71.0
546,EF55AH,3,1.100L,-23,73.7
546,EF55AH,3,1.100L,-22,83.1
546,EF55AH,3,1.100L,-21,92.5
546,EF55AH,3,1.100L,-20,98.6
546,EF55AH,3,1.100L,-19,7.6
546,EF55AH,3,1.100L,-18,14.4
546,EF55AH,3,1.100L,-17,19.3
546,EF55AH,3,1.100L,-16,25.5
546,EF55AH,3,1.100L,-15,31.4
546,EF55AH,3,1.100L,-14,39.2
546,EF55AH,3,1.100L,-13,46.3
546,EF55AH,3,1.100L,-12,53.0
546,EF55AH,3,1.100L,-11,59.5
546,EF55AH,3,1.100L,-10,68.5
546,EF55AH,3,1.100L,-9,77.5
546,EF55AH,3,1.100L,-8,83.3
546,EF55AH,3,1.100L,-7,88.5
546,EF55AH,3,1.100L,-6,97.5
546,EF55AH,3,1.100L,-5,3.5
546,EF55AH,3,1.100L,-4,9.9
546,EF55AH,3,1.100L,-3,16.8
546,EF55AH,3,1.100L,-2,23.7
546,EF55AH,3,1.100L,-1,32.0
546,EF55AH,3,1.100L,0,38.2
547,F4OF6F,3,240L,-29,14.9
547,F4OF6F,3,240L,-28,21.5
547,F4OF6F,3,240L,-27,26.7
547,F4OF6F,3,240L,-26,30.6
547,F4OF6F,3,240L,-25,34.4
547,F4OF6F,3,240L,-24,42.9
547,F4OF6F,3,240L,-23,47.6
547,F4OF6F,3,240L,-22,48.1
547,F4OF6F,3,240L,-21,58.1
547,F4OF6F,3,240L,-20,60.7
547,F4OF6F,3,240L,-19,66.3
547,F4OF6F,3,240L,-18,72.8
547,F4OF6F,3,240L,-17,78.5
547,F4OF6F,3,240L,-16,82.5
547,F4OF6F,3,240L,-15,86.4
547,F4OF6F,3,240L,-14,89.0
547,F4OF6F,3,240L,-13,93.0
547,F4OF6F,3,240L,-12,2.3
547,F4OF6F,3,240L,-11,8.0
547,F4OF6F,3,240L,-10,9.8
547,F4OF6F,3,240L,-9,15.6
547,F4OF6F,3,240L,-8,20.2
547,F4OF6F,3,240L,-7,25.1
547,F4OF6F,3,240L,-6,32.6
547,F4OF6F,3,240L,-5,36.3
547,F4OF6F,3,240L,-4,40.7
547,F4OF6F,3,240L,-3,50.0
547,F4OF6F,3,240L,-2,48.9
547,F4OF6F,3,240L,-1,56.8
547,F4OF6F,3,240L,0,59.4
548,FHKIOX,3,240L,-29,44.1
548,FHKIOX,3,240L,-28,48.4
548,FHKIOX,3,240L,-27,54.1
548,FHKIOX,3,240L,-26,60.1
548,FHKIOX,3,240L,-25,64.8
548,FHKIOX,3,240L,-24,73.3
548,FHKIOX,3,240L,-23,78.7
548,FHKIOX,3,240L,-22,84.8
548,FHKIOX,3,240L,-21,90.0
548,FHKIOX,3,240L,-20,95.7
548,FHKIOX,3,240L,-19,3.6
548,FHKIOX,3,240L,-18,9.3
548,FHKIOX,3,240L,-17,15.8
548,FHKIOX,3,240L,-16,20.1
548,FHKIOX,3,240L,-15,27.5
548,FHKIOX,3,240L,-14,30.8
548,FHKIOX,3,240L,-13,37.0
548,FHKIOX,3,240L,-12,45.0
548,FHKIOX,3,240L,-11,50.3
548,FHKIOX,3,240L,-10,54.5
548,FHKIOX,3,240L,-9,59.3
548,FHKIOX,3,240L,-8,66.5
548,FHKIOX,3,240L,-7,71.7
548,FHKIOX,3,240L,-6,81.2
548,FHKIOX,3,240L,-5,85.6
548,FHKIOX,3,240L,-4,89.2
548,FHKIOX,3,240L,-3,94.7
548,FHKIOX,3,240L,-2,1.0
548,FHKIOX,3,240L,-1,7.3
548,FHKIOX,3,240L,0,13.7
549,ALEZ,3,240L,-29,79.5
549,ALEZ,3,240L,-28,90.2
549,ALEZ,3,240L,-27,91.2
549,ALEZ,3,240L,-26,96.4
549,ALEZ,3,240L,-25,6.9
549,ALEZ,3,240L,-24,12.2
549,ALEZ,3,240L,-23,15.8
549,ALEZ,3,240L,-22,22.6
549,ALEZ,3,240L,-21,28.5
549,ALEZ,3,240L,-20,33.9
549,ALEZ,3,240L,-19,37.6
549,ALEZ,3,240L,-18,41.7
549,ALEZ,3,240L,-17,50.0
549,ALEZ,3,240L,-16,59.9
549,ALEZ,3,240L,-15,65.8
549,ALEZ,3,240L,-14,68.5
549,ALEZ,3,240L,-13,73.3
549,ALEZ,3,240L,-12,81.0
549,ALEZ,3,240L,-11,87.2
549,ALEZ,3,240L,-10,93.3
549,ALEZ,3,240L,-9,94.4
549,ALEZ,3,240L,-8,8.8
549,ALEZ,3,240L,-7,11.6
549,ALEZ,3,240L,-6,15.5
549,ALEZ,3,240L,-5,20.6
549,ALEZ,3,240L,-4,29.0
549,ALEZ,3,240L,-3,34.2
549,ALEZ,3,240L,-2,39.4
549,ALEZ,3,240L,-1,45.8
549,ALEZ,3,240L,0,50.8
550,OREE,3,120L,-29,88.3
550,OREE,3,120L,-28,94.0
550,OREE,3,120L,-27,100.0
550,OREE,3,120L,-26,2.7
550,OREE,3,120L,-25,9.7
550,OREE,3,120L,-24,16.7
550,OREE,3,120L,-23,21.3
550,OREE,3,120L,-22,27.6
550,OREE,3,120L,-21,35.9
550,OREE,3,120L,-20,39.5
550,OREE,3,120L,-19,42.7
550,OREE,3,120L,-18,50.6
550,OREE,3,120L,-17,57.1
550,OREE,3,120L,-16,62.8
550,OREE,3,120L,-15,69.4
550,OREE,3,120L,-14,75.0
550,OREE,3,120L,-13,79.8
550,OREE,3,120L,-12,84.0
550,OREE,3,120L,-11,90.9
550,OREE,3,120L,-10,96.4
550,OREE,3,120L,-9,2.7
550,OREE,3,120L,-8,9.9
550,OREE,3,120L,-7,15.2
550,OREE,3,120L,-6,21.6
550,OREE,3,120L,-5,25.6
550,OREE,3,120L,-4,34.2
550,OREE,3,120L,-3,38.7
550,OREE,3,120L,-2,43.6
550,OREE,3,120L,-1,50.1
550,OREE,3,120L,0,54.0
551,CKBYOO,3,120L,-29,80.2
551,CKBYOO,3,120L,-28,85.5
551,CKBYOO,3,120L,-27,87.7
551,CKBYOO,3,120L,-26,90.5
551,CKBYOO,3,120L,-25,92.7
551,CKBYOO,3,120L,-24,94.2
551,CKBYOO,3,120L,-23,2.5
551,CKBYOO,3,120L,-22,3.2
551,CKBYOO,3,120L,-21,6.1
551,CKBYOO,3,120L,-20,8.9
551,CKBYOO,3,120L,-19,15.0
551,CKBYOO,3,120L,-18,17.7
551,CKBYOO,3,120L,-17,18.1
551,CKBYOO,3,120L,-16,24.5
551,CKBYOO,3,120L,-15,25.7
551,CKBYOO,3,120L,-14,28.3
551,CKBYOO,3,120L,-13,31.9
551,CKBYOO,3,120L,-12,34.4
551,CKBYOO,3,120L,-11,36.8
551,CKBYOO,3,120L,-10,43.1
551,CKBYOO,3,120L,-9,44.8
551,CKBYOO,3,120L,-8,49.3
551,CKBYOO,3,120L,-7,52.0
551,CKBYOO,3,120L,-6,55.6
551,CKBYOO,3,120L,-5,54.9
551,CKBYOO,3,120L,-4,59.9
551,CKBYOO,3,120L,-3,65.2
551,CKBYOO,3,120L,-2,65.7
551,CKBYOO,3,120L,-1,71.4
551,CKBYOO,3,120L,0,71.9
552,W4NG,3,120L,-29,97.9
552,W4NG,3,120L,-28,0.0
552,W4NG,3,120L,-27,9.3
552,W4NG,3,120L,-26,16.4
552,W4NG,3,120L,-25,23.4
552,W4NG,3,120L,-24,25.6
552,W4NG,3,120L,-23,28.5
552,W4NG,3,120L,-22,36.8
552,W4NG,3,120L,-21,44.2
552,W4NG,3,120L,-20,47.1
552,W4NG,3,120L,-19,54.6
552,W4NG,3,120L,-18,57.4
552,W4NG,3,120L,-17,64.8
552,W4NG,3,120L,-16,66.2
552,W4NG,3,120L,-15,74.1
552,W4NG,3,120L,-14,81.2
552,W4NG,3,120L,-13,86.3
552,W4NG,3,120L,-12,90.5
552,W4NG,3,120L,-11,97.3
552,W4NG,3,120L,-10,4.2
552,W4NG,3,120L,-9,9.2
552,W4NG,3,120L,-8,15.1
552,W4NG,3,120L,-7,21.7
552,W4NG,3,120L,-6,25.7
552,W4NG,3,120L,-5,33.9
552,W4NG,3,120L,-4,36.0
552,W4NG,3,120L,-3,46.0
552,W4NG,3,120L,-2,50.4
552,W4NG,3,120L,-1,53.8
552,W4NG,3,120L,0,59.6
553,R7EWOS,3,240L,-29,86.6
553,R7EWOS,3,240L,-28,92.9
553,R7EWOS,3,240L,-27,94.9
553,R7EWOS,3,240L,-26,3.1
553,R7EWOS,3,240L,-25,4.9
553,R7EWOS,3,240L,-24,13.4
553,R7EWOS,3,240L,-23,21.5
553,R7EWOS,3,240L,-22,22.8
553,R7EWOS,3,240L,-21,28.1
553,R7EWOS,3,240L,-20,36.4
553,R7EWOS,3,240L,-19,43.7
553,R7EWOS,3,240L,-18,47.8
553,R7EWOS,3,240L,-17,50.0
553,R7EWOS,3,240L,-16,55.9
553,R7EWOS,3,240L,-15,64.2
553,R7EWOS,3,240L,-14,67.9
553,R7EWOS,3,240L,-13,75.5
553,R7EWOS,3,240L,-12,81.1
553,R7EWOS,3,240L,-11,85.7
553,R7EWOS,3,240L,-10,94.8
553,R7EWOS,3,240L,-9,98.5
553,R7EWOS,3,240L,-8,5.0
553,R7EWOS,3,240L,-7,10.2
553,R7EWOS,3,240L,-6,14.2
553,R7EWOS,3,240L,-5,19.7
553,R7EWOS,3,240L,-4,25.2
553,R7EWOS,3,240L,-3,32.2
553,R7EWOS,3,240L,-2,35.8
553,R7EWOS,3,240L,-1,45.0
553,R7EWOS,3,240L,0,46.9
554,GWMTJB,3,240L,-29,39.1
554,GWMTJB,3,240L,-28,47.3
554,GWMTJB,3,240L,-27,47.6
554,GWMTJB,3,240L,-26,52.0
554,GWMTJB,3,240L,-25,55.6
554,GWMTJB,3,240L,-24,60.9
554,GWMTJB,3,240L,-23,64.9
554,GWMTJB,3,240L,-22,67.6
554,GWMTJB,3,240L,-21,72.9
554,GWMTJB,3,240L,-20,78.6
554,GWMTJB,3,240L,-19,83.5
554,GWMTJB,3,240L,-18,86.2
554,GWMTJB,3,240L,-17,90.4
554,GWMTJB,3,240L,-16,94.0
554,GWMTJB,3,240L,-15,98.0
554,GWMTJB,3,240L,-14,1.6
554,GWMTJB,3,240L,-13,4.9
554,GWMTJB,3,240L,-12,10.4
554,GWMTJB,3,240L,-11,17.0
554,GWMTJB,3,240L,-10,19.2
554,GWMTJB,3,240L,-9,23.6
554,GWMTJB,3,240L,-8,27.7
554,GWMTJB,3,240L,-7,34.4
554,GWMTJB,3,240L,-6,35.3
554,GWMTJB,3,240L,-5,41.3
554,GWMTJB,3,240L,-4,45.0
554,GWMTJB,3,240L,-3,49.5
554,GWMTJB,3,240L,-2,53.9
554,GWMTJB,3,240L,-1,57.9
554,GWMTJB,3,240L,0,63.2
555,JEZC,3,120L,-29,43.0
555,JEZC,3,120L,-28,45.7
555,JEZC,3,120L,-27,48.4
555,JEZC,3,120L,-26,57.2
555,JEZC,3,120L,-25,62.1
555,JEZC,3,120L,-24,66.8
555,JEZC,3,120L,-23,71.6
555,JEZC,3,120L,-22,74.1
555,JEZC,3,120L,-21,79.6
555,JEZC,3,120L,-20,90.2
555,JEZC,3,120L,-19,92.2
555,JEZC,3,120L,-18,99.7
555,JEZC,3,120L,-17,1.1
555,JEZC,3,120L,-16,7.2
555,JEZC,3,120L,-15,15.1
555,JEZC,3,120L,-14,19.2
555,JEZC,3,120L,-13,25.4
555,JEZC,3,120L,-12,29.8
555,JEZC,3,120L,-11,34.8
555,JEZC,3,120L,-10,39.4
555,JEZC,3,120L,-9,43.9
555,JEZC,3,120L,-8,53.0
555,JEZC,3,120L,-7,58.5
555,JEZC,3,120L,-6,59.9
555,JEZC,3,120L,-5,65.0
555,JEZC,3,120L,-4,71.4
555,JEZC,3,120L,-3,77.7
555,JEZC,3,120L,-2,82.2
555,JEZC,3,120L,-1,88.5
555,JEZC,3,120L,0,92.9
556,UUJUCY,3,1.100L,-29,80.0
556,UUJUCY,3,1.100L,-28,89.3
556,UUJUCY,3,1.100L,-27,95.0
556,UUJUCY,3,1.100L,-26,99.6
556,UUJUCY,3,1.100L,-25,2.0
556,UUJUCY,3,1.100L,-24,11.0
556,UUJUCY,3,1.100L,-23,16.2
556,UUJUCY,3,1.100L,-22,23.1
556,UUJUCY,3,1.100L,-21,27.5
556,UUJUCY,3,1.100L,-20,36.3
556,UUJUCY,3,1.100L,-19,42.7
556,UUJUCY,3,1.100L,-18,49.0
556,UUJUCY,3,1.100L,-17,52.7
556,UUJUCY,3,1.100L,-16,57.7
556,UUJUCY,3,1.100L,-15,65.9
556,UUJUCY,3,1.100L,-14,74.0
556,UUJUCY,3,1.100L,-13,77.5
556,UUJUCY,3,1.100L,-12,84.2
556,UUJUCY,3,1.100L,-11,89.2
556,UUJUCY,3,1.100L,-10,94.8
556,UUJUCY,3,1.100L,-9,2.6
556,UUJUCY,3,1.100L,-8,7.5
556,UUJUCY,3,1.100L,-7,14.3
556,UUJUCY,3,1.100L,-6,20.5
556,UUJUCY,3,1.100L,-5,26.3
556,UUJUCY,3,1.100L,-4,32.7
556,UUJUCY,3,1.100L,-3,36.6
556,UUJUCY,3,1.100L,-2,42.5
556,UUJUCY,3,1.100L,-1,49.9
556,UUJUCY,3,1.100L,0,56.0
557,YHGA,3,1.100L,-29,40.6
557,YHGA,3,1.100L,-28,51.3
557,YHGA,3,1.100L,-27,61.4
557,YHGA,3,1.100L,-26,71.4
557,YHGA,3,1.100L,-25,77.0
557,YHGA,3,1.100L,-24,86.9
557,YHGA,3,1.100L,-23,97.9
557,YHGA,3,1.100L,-22,8.1
557,YHGA,3,1.100L,-21,17.3
557,YHGA,3,1.100L,-20,26.5
557,YHGA,3,1.100L,-19,36.6
557,YHGA,3,1.100L,-18,47.5
557,YHGA,3,1.100L,-17,54.4
557,YHGA,3,1.100L,-16,69.6
557,YHGA,3,1.100L,-15,75.8
557,YHGA,3,1.100L,-14,87.0
557,YHGA,3,1.100L,-13,94.3
557,YHGA,3,1.100L,-12,5.7
557,YHGA,3,1.100L,-11,14.7
557,YHGA,3,1.100L,-10,25.5
557,YHGA,3,1.100L,-9,33.6
557,YHGA,3,1.100L,-8,45.9
557,YHGA,3,1.100L,-7,51.0
557,YHGA,3,1.100L,-6,64.3
557,YHGA,3,1.100L,-5,72.8
557,YHGA,3,1.100L,-4,80.7
557,YHGA,3,1.100L,-3,94.9
557,YHGA,3,1.100L,-2,4.4
557,YHGA,3,1.100L,-1,8.2
557,YHGA,3,1.100L,0,21.3
558,D4XT,3,240L,-29,30.0
558,D4XT,3,240L,-28,36.4
558,D4XT,3,240L,-27,41.6
558,D4XT,3,240L,-26,51.3
558,D4XT,3,240L,-25,56.0
558,D4XT,3,240L,-24,60.8
558,D4XT,3,240L,-23,67.3
558,D4XT,3,240L,-22,76.7
558,D4XT,3,240L,-21,80.4
558,D4XT,3,240L,-20,87.7
558,D4XT,3,240L,-19,94.7
558,D4XT,3,240L,-18,2.3
558,D4XT,3,240L,-17,8.2
558,D4XT,3,240L,-16,13.3
558,D4XT,3,240L,-15,23.7
558,D4XT,3,240L,-14,28.1
558,D4XT,3,240L,-13,38.5
558,D4XT,3,240L,-12,42.6
558,D4XT,3,240L,-11,50.8
558,D4XT,3,240L,-10,56.6
558,D4XT,3,240L,-9,64.4
558,D4XT,3,240L,-8,70.0
558,D4XT,3,240L,-7,76.2
558,D4XT,3,240L,-6,84.2
558,D4XT,3,240L,-5,93.1
558,D4XT,3,240L,-4,95.7
558,D4XT,3,240L,-3,4.0
558,D4XT,3,240L,-2,9.5
558,D4XT,3,240L,-1,17.0
558,D4XT,3,240L,0,23.1
559,2GHMIL,3,240L,-29,50.1
559,2GHMIL,3,240L,-28,58.5
559,2GHMIL,3,240L,-27,62.4
559,2GHMIL,3,240L,-26,71.6
559,2GHMIL,3,240L,-25,77.1
559,2GHMIL,3,240L,-24,83.1
559,2GHMIL,3,240L,-23,91.4
559,2GHMIL,3,240L,-22,97.6
559,2GHMIL,3,240L,-21,3.9
559,2GHMIL,3,240L,-20,11.4
559,2GHMIL,3,240L,-19,16.8
559,2GHMIL,3,240L,-18,20.6
559,2GHMIL,3,240L,-17,29.1
559,2GHMIL,3,240L,-16,33.6
559,2GHMIL,3,240L,-15,43.9
559,2GHMIL,3,240L,-14,50.8
559,2GHMIL,3,240L,-13,57.5
559,2GHMIL,3,240L,-12,63.4
559,2GHMIL,3,240L,-11,70.8
559,2GHMIL,3,240L,-10,73.6
559,2GHMIL,3,240L,-9,82.4
559,2GHMIL,3,240L,-8,87.0
559,2GHMIL,3,240L,-7,95.2
559,2GHMIL,3,240L,-6,4.8
559,2GHMIL,3,240L,-5,10.6
559,2GHMIL,3,240L,-4,16.6
559,2GHMIL,3,240L,-3,21.9
559,2GHMIL,3,240L,-2,27.3
559,2GHMIL,3,240L,-1,35.7
559,2GHMIL,3,240L,0,43.7
560,XMDUYK,3,120L,-29,53.8
560,XMDUYK,3,120L,-28,56.7
560,XMDUYK,3,120L,-27,66.6
560,XMDUYK,3,120L,-26,70.2
560,XMDUYK,3,120L,-25,75.3
560,XMDUYK,3,120L,-24,84.2
560,XMDUYK,3,120L,-23,89.7
560,XMDUYK,3,120L,-22,95.1
560,XMDUYK,3,120L,-21,3.9
560,XMDUYK,3,120L,-20,7.5
560,XMDUYK,3,120L,-19,11.4
560,XMDUYK,3,120L,-18,19.0
560,XMDUYK,3,120L,-17,23.7
560,XMDUYK,3,120L,-16,31.9
560,XMDUYK,3,120L,-15,36.3
560,XMDUYK,3,120L,-14,42.3
560,XMDUYK,3,120L,-13,45.5
560,XMDUYK,3,120L,-12,53.6
560,XMDUYK,3,120L,-11,59.3
560,XMDUYK,3,120L,-10,63.7
560,XMDUYK,3,120L,-9,70.8
560,XMDUYK,3,120L,-8,77.7
560,XMDUYK,3,120L,-7,82.9
560,XMDUYK,3,120L,-6,86.6
560,XMDUYK,3,120L,-5,94.2
560,XMDUYK,3,120L,-4,0.0
560,XMDUYK,3,120L,-3,6.7
560,XMDUYK,3,120L,-2,12.4
560,XMDUYK,3,120L,-1,17.5
560,XMDUYK,3,120L,0,23.3
561,CPLKJX,3,120L,-29,17.3
561,CPLKJX,3,120L,-28,20.4
561,CPLKJX,3,120L,-27,26.3
561,CPLKJX,3,120L,-26,30.0
561,CPLKJX,3,120L,-25,34.7
561,CPLKJX,3,120L,-24,38.6
561,CPLKJX,3,120L,-23,43.1
561,CPLKJX,3,120L,-22,43.1
561,CPLKJX,3,120L,-21,50.0
561,CPLKJX,3,120L,-20,55.0
561,CPLKJX,3,120L,-19,59.4
561,CPLKJX,3,120L,-18,60.3
561,CPLKJX,3,120L,-17,66.6
561,CPLKJX,3,120L,-16,69.8
561,CPLKJX,3,120L,-15,76.6
561,CPLKJX,3,120L,-14,75.9
561,CPLKJX,3,120L,-13,81.0
561,CPLKJX,3,120L,-12,83.6
561,CPLKJX,3,120L,-11,90.7
561,CPLKJX,3,120L,-10,98.0
561,CPLKJX,3,120L,-9,98.7
561,CPLKJX,3,120L,-8,3.0
561,CPLKJX,3,120L,-7,7.8
561,CPLKJX,3,120L,-6,11.0
561,CPLKJX,3,120L,-5,15.8
561,CPLKJX,3,120L,-4,20.0
561,CPLKJX,3,120L,-3,22.3
561,CPLKJX,3,120L,-2,27.6
561,CPLKJX,3,120L,-1,33.0
561,CPLKJX,3,120L,0,37.4
562,Z65N,3,120L,-29,95.5
562,Z65N,3,120L,-28,2.0
562,Z65N,3,120L,-27,5.9
562,Z65N,3,120L,-26,11.7
562,Z65N,3,120L,-25,18.4
562,Z65N,3,120L,-24,22.5
562,Z65N,3,120L,-23,31.0
562,Z65N,3,120L,-22,37.8
562,Z65N,3,120L,-21,41.1
562,Z65N,3,120L,-20,48.7
562,Z65N,3,120L,-19,53.0
562,Z65N,3,120L,-18,58.3
562,Z65N,3,120L,-17,68.8
562,Z65N,3,120L,-16,70.1
562,Z65N,3,120L,-15,75.6
562,Z65N,3,120L,-14,83.8
562,Z65N,3,120L,-13,89.7
562,Z65N,3,120L,-12,96.2
562,Z65N,3,120L,-11,4.1
562,Z65N,3,120L,-10,5.9
562,Z65N,3,120L,-9,12.1
562,Z65N,3,120L,-8,21.2
562,Z65N,3,120L,-7,26.1
562,Z65N,3,120L,-6,31.8
562,Z65N,3,120L,-5,35.6
562,Z65N,3,120L,-4,44.1
562,Z65N,3,120L,-3,49.5
562,Z65N,3,120L,-2,54.5
562,Z65N,3,120L,-1,59.2
562,Z65N,3,120L,0,66.2
563,4UFQ,3,120L,-29,44.1
563,4UFQ,3,120L,-28,50.5
563,4UFQ,3,120L,-27,56.6
563,4UFQ,3,120L,-26,62.9
563,4UFQ,3,120L,-25,69.4
563,4UFQ,3,120L,-24,76.7
563,4UFQ,3,120L,-23,81.9
563,4UFQ,3,120L,-22,87.2
563,4UFQ,3,120L,-21,93.4
563,4UFQ,3,120L,-20,99.8
563,4UFQ,3,120L,-19,2.3
563,4UFQ,3,120L,-18,12.3
563,4UFQ,3,120L,-17,15.4
563,4UFQ,3,120L,-16,21.9
563,4UFQ,3,120L,-15,28.9
563,4UFQ,3,120L,-14,34.2
563,4UFQ,3,120L,-13,41.0
563,4UFQ,3,120L,-12,46.4
563,4UFQ,3,120L,-11,51.6
563,4UFQ,3,120L,-10,60.2
563,4UFQ,3,120L,-9,64.9
563,4UFQ,3,120L,-8,70.2
563,4UFQ,3,120L,-7,76.7
563,4UFQ,3,120L,-6,80.5
563,4UFQ,3,120L,-5,90.7
563,4UFQ,3,120L,-4,91.8
563,4UFQ,3,120L,-3,99.5
563,4UFQ,3,120L,-2,4.8
563,4UFQ,3,120L,-1,10.6
563,4UFQ,3,120L,0,16.3
564,J7WC7W,3,240L,-29,73.4
564,J7WC7W,3,240L,-28,80.9
564,J7WC7W,3,240L,-27,84.6
564,J7WC7W,3,240L,-26,87.3
564,J7WC7W,3,240L,-25,92.8
564,J7WC7W,3,240L,-24,96.0
564,J7WC7W,3,240L,-23,0.0
564,J7WC7W,3,240L,-22,3.0
564,J7WC7W,3,240L,-21,9.8
564,J7WC7W,3,240L,-20,13.9
564,J7WC7W,3,240L,-19,17.6
564,J7WC7W,3,240L,-18,20.8
564,J7WC7W,3,240L,-17,25.3
564,J7WC7W,3,240L,-16,29.3
564,J7WC7W,3,240L,-15,31.4
564,J7WC7W,3,240L,-14,38.3
564,J7WC7W,3,240L,-13,43.2
564,J7WC7W,3,240L,-12,46.7
564,J7WC7W,3,240L,-11,53.5
564,J7WC7W,3,240L,-10,53.5
564,J7WC7W,3,240L,-9,58.2
564,J7WC7W,3,240L,-8,63.6
564,J7WC7W,3,240L,-7,68.0
564,J7WC7W,3,240L,-6,69.0
564,J7WC7W,3,240L,-5,76.9
564,J7WC7W,3,240L,-4,80.6
564,J7WC7W,3,240L,-3,81.2
564,J7WC7W,3,240L,-2,88.4
564,J7WC7W,3,240L,-1,91.6
564,J7WC7W,3,240L,0,96.3
565,AFXGZC,3,1.100L,-29,71.4
565,AFXGZC,3,1.100L,-28,80.8
565,AFXGZC,3,1.100L,-27,85.9
565,AFXGZC,3,1.100L,-26,89.6
565,AFXGZC,3,1.100L,-25,0.6
565,AFXGZC,3,1.100L,-24,7.2
565,AFXGZC,3,1.100L,-23,13.2
565,AFXGZC,3,1.100L,-22,22.8
565,AFXGZC,3,1.100L,-21,30.9
565,AFXGZC,3,1.100L,-20,35.9
565,AFXGZC,3,1.100L,-19,41.8
565,AFXGZC,3,1.100L,-18,48.6
565,AFXGZC,3,1.100L,-17,58.0
565,AFXGZC,3,1.100L,-16,66.1
565,AFXGZC,3,1.100L,-15,72.9
565,AFXGZC,3,1.100L,-14,80.0
565,AFXGZC,3,1.100L,-13,89.3
565,AFXGZC,3,1.100L,-12,96.5
565,AFXGZC,3,1.100L,-11,3.4
565,AFXGZC,3,1.100L,-10,11.7
565,AFXGZC,3,1.100L,-9,16.8
565,AFXGZC,3,1.100L,-8,23.5
565,AFXGZC,3,1.100L,-7,31.7
565,AFXGZC,3,1.100L,-6,39.0
565,AFXGZC,3,1.100L,-5,44.2
565,AFXGZC,3,1.100L,-4,53.8
565,AFXGZC,3,1.100L,-3,63.6
565,AFXGZC,3,1.100L,-2,70.5
565,AFXGZC,3,1.100L,-1,77.4
565,AFXGZC,3,1.100L,0,84.2
566,5YJ5US,3,120L,-29,3.8
566,5YJ5US,3,120L,-28,11.8
566,5YJ5US,3,120L,-27,15.0
566,5YJ5US,3,120L,-26,18.7
566,5YJ5US,3,120L,-25,25.4
566,5YJ5US,3,120L,-24,28.7
566,5YJ5US,3,120L,-23,32.9
566,5YJ5US,3,120L,-22,37.7
566,5YJ5US,3,120L,-21,44.3
566,5YJ5US,3,120L,-20,49.0
566,5YJ5US,3,120L,-19,55.7
566,5YJ5US,3,120L,-18,57.8
566,5YJ5US,3,120L,-17,62.6
566,5YJ5US,3,120L,-16,70.1
566,5YJ5US,3,120L,-15,74.2
566,5YJ5US,3,120L,-14,77.8
566,5YJ5US,3,120L,-13,80.0
566,5YJ5US,3,120L,-12,86.0
566,5YJ5US,3,120L,-11,90.4
566,5YJ5US,3,120L,-10,96.9
566,5YJ5US,3,120L,-9,0.9
566,5YJ5US,3,120L,-8,8.9
566,5YJ5US,3,120L,-7,8.9
566,5YJ5US,3,120L,-6,14.4
566,5YJ5US,3,120L,-5,21.3
566,5YJ5US,3,120L,-4,26.5
566,5YJ5US,3,120L,-3,26.7
566,5YJ5US,3,120L,-2,32.8
566,5YJ5US,3,120L,-1,39.8
566,5YJ5US,3,120L,0,47.0
567,7Z5OJV,3,120L,-29,73.3
567,7Z5OJV,3,120L,-28,79.6
567,7Z5OJV,3,120L,-27,84.6
567,7Z5OJV,3,120L,-26,92.7
567,7Z5OJV,3,120L,-25,100.0
567,7Z5OJV,3,120L,-24,5.5
567,7Z5OJV,3,120L,-23,9.5
567,7Z5OJV,3,120L,-22,14.2
567,7Z5OJV,3,120L,-21,21.4
567,7Z5OJV,3,120L,-20,29.4
567,7Z5OJV,3,120L,-19,32.7
567,7Z5OJV,3,120L,-18,36.5
567,7Z5OJV,3,120L,-17,44.6
567,7Z5OJV,3,120L,-16,50.7
567,7Z5OJV,3,120L,-15,54.3
567,7Z5OJV,3,120L,-14,63.3
567,7Z5OJV,3,120L,-13,69.6
567,7Z5OJV,3,120L,-12,77.6
567,7Z5OJV,3,120L,-11,78.7
567,7Z5OJV,3,120L,-10,87.8
567,7Z5OJV,3,120L,-9,94.1
567,7Z5OJV,3,120L,-8,99.3
567,7Z5OJV,3,120L,-7,3.0
567,7Z5OJV,3,120L,-6,8.8
567,7Z5OJV,3,120L,-5,16.5
567,7Z5OJV,3,120L,-4,22.4
567,7Z5OJV,3,120L,-3,27.4
567,7Z5OJV,3,120L,-2,36.1
567,7Z5OJV,3,120L,-1,39.5
567,7Z5OJV,3,120L,0,43.2
568,3BSO,3,120L,-29,37.5
568,3BSO,3,120L,-28,42.5
568,3BSO,3,120L,-27,49.2
568,3BSO,3,120L,-26,50.2
568,3BSO,3,120L,-25,56.2
568,3BSO,3,120L,-24,64.1
568,3BSO,3,120L,-23,63.8
568,3BSO,3,120L,-22,71.7
568,3BSO,3,120L,-21,78.6
568,3BSO,3,120L,-20,83.5
568,3BSO,3,120L,-19,87.6
568,3BSO,3,120L,-18,92.6
568,3BSO,3,120L,-17,95.0
568,3BSO,3,120L,-16,3.6
568,3BSO,3,120L,-15,4.7
568,3BSO,3,120L,-14,9.8
568,3BSO,3,120L,-13,17.0
568,3BSO,3,120L,-12,20.7
568,3BSO,3,120L,-11,26.7
568,3BSO,3,120L,-10,32.0
568,3BSO,3,120L,-9,39.0
568,3BSO,3,120L,-8,41.9
568,3BSO,3,120L,-7,45.3
568,3BSO,3,120L,-6,52.2
568,3BSO,3,120L,-5,54.9
568,3BSO,3,120L,-4,62.5
568,3BSO,3,120L,-3,66.2
568,3BSO,3,120L,-2,71.7
568,3BSO,3,120L,-1,73.4
568,3BSO,3,120L,0,77.6
569,JOYK,3,240L,-29,17.2
569,JOYK,3,240L,-28,17.2
569,JOYK,3,240L,-27,24.4
569,JOYK,3,240L,-26,26.7
569,JOYK,3,240L,-25,31.7
569,JOYK,3,240L,-24,36.3
569,JOYK,3,240L,-23,43.2
569,JOYK,3,240L,-22,46.0
569,JOYK,3,240L,-21,50.0
569,JOYK,3,240L,-20,55.8
569,JOYK,3,240L,-19,57.2
569,JOYK,3,240L,-18,64.1
569,JOYK,3,240L,-17,68.3
569,JOYK,3,240L,-16,72.6
569,JOYK,3,240L,-15,75.4
569,JOYK,3,240L,-14,79.3
569,JOYK,3,240L,-13,83.0
569,JOYK,3,240L,-12,87.5
569,JOYK,3,240L,-11,91.7
569,JOYK,3,240L,-10,98.0
569,JOYK,3,240L,-9,1.4
569,JOYK,3,240L,-8,6.8
569,JOYK,3,240L,-7,11.2
569,JOYK,3,240L,-6,13.3
569,JOYK,3,240L,-5,17.6
569,JOYK,3,240L,-4,23.2
569,JOYK,3,240L,-3,26.8
569,JOYK,3,240L,-2,31.0
569,JOYK,3,240L,-1,39.2
569,JOYK,3,240L,0,38.7
570,SRWL,3,120L,-29,46.5
570,SRWL,3,120L,-28,50.2
570,SRWL,3,120L,-27,53.3
570,SRWL,3,120L,-26,56.2
570,SRWL,3,120L,-25,61.1
570,SRWL,3,120L,-24,60.3
570,SRWL,3,120L,-23,65.0
570,SRWL,3,120L,-22,67.2
570,SRWL,3,120L,-21,69.3
570,SRWL,3,120L,-20,74.1
570,SRWL,3,120L,-19,81.2
570,SRWL,3,120L,-18,81.4
570,SRWL,3,120L,-17,88.0
570,SRWL,3,120L,-16,91.4
570,SRWL,3,120L,-15,96.1
570,SRWL,3,120L,-14,97.7
570,SRWL,3,120L,-13,100.0
570,SRWL,3,120L,-12,1.9
570,SRWL,3,120L,-11,5.1
570,SRWL,3,120L,-10,8.5
570,SRWL,3,120L,-9,11.3
570,SRWL,3,120L,-8,14.9
570,SRWL,3,120L,-7,19.1
570,SRWL,3,120L,-6,20.5
570,SRWL,3,120L,-5,22.5
570,SRWL,3,120L,-4,28.4
570,SRWL,3,120L,-3,30.1
570,SRWL,3,120L,-2,33.5
570,SRWL,3,120L,-1,37.5
570,SRWL,3,120L,0,40.4
571,GP43,3,240L,-29,98.3
571,GP43,3,240L,-28,4.5
571,GP43,3,240L,-27,7.4
571,GP43,3,240L,-26,11.3
571,GP43,3,240L,-25,15.9
571,GP43,3,240L,-24,18.0
571,GP43,3,240L,-23,24.8
571,GP43,3,240L,-22,29.8
571,GP43,3,240L,-21,34.3
571,GP43,3,240L,-20,35.1
571,GP43,3,240L,-19,39.2
571,GP43,3,240L,-18,44.9
571,GP43,3,240L,-17,52.1
571,GP43,3,240L,-16,54.6
571,GP43,3,240L,-15,57.4
571,GP43,3,240L,-14,60.7
571,GP43,3,240L,-13,66.2
571,GP43,3,240L,-12,70.4
571,GP43,3,240L,-11,77.2
571,GP43,3,240L,-10,81.6
571,GP43,3,240L,-9,82.8
571,GP43,3,240L,-8,89.8
571,GP43,3,240L,-7,93.9
571,GP43,3,240L,-6,95.5
571,GP43,3,240L,-5,1.4
571,GP43,3,240L,-4,6.3
571,GP43,3,240L,-3,10.4
571,GP43,3,240L,-2,11.8
571,GP43,3,240L,-1,18.9
571,GP43,3,240L,0,24.0
572,Q7BX,3,120L,-29,96.1
572,Q7BX,3,120L,-28,1.8
572,Q7BX,3,120L,-27,7.8
572,Q7BX,3,120L,-26,12.8
572,Q7BX,3,120L,-25,18.8
572,Q7BX,3,120L,-24,21.4
572,Q7BX,3,120L,-23,29.0
572,Q7BX,3,120L,-22,32.5
572,Q7BX,3,120L,-21,38.7
572,Q7BX,3,120L,-20,46.7
572,Q7BX,3,120L,-19,47.3
572,Q7BX,3,120L,-18,54.2
572,Q7BX,3,120L,-17,57.9
572,Q7BX,3,120L,-16,65.3
572,Q7BX,3,120L,-15,71.9
572,Q7BX,3,120L,-14,75.8
572,Q7BX,3,120L,-13,80.6
572,Q7BX,3,120L,-12,88.1
572,Q7BX,3,120L,-11,91.8
572,Q7BX,3,120L,-10,97.8
572,Q7BX,3,120L,-9,2.9
572,Q7BX,3,120L,-8,2.7
572,Q7BX,3,120L,-7,12.2
572,Q7BX,3,120L,-6,15.9
572,Q7BX,3,120L,-5,21.5
572,Q7BX,3,120L,-4,30.2
572,Q7BX,3,120L,-3,32.7
572,Q7BX,3,120L,-2,41.4
572,Q7BX,3,120L,-1,41.6
572,Q7BX,3,120L,0,47.4
573,LLYONC,3,240L,-29,65.5
573,LLYONC,3,240L,-28,72.2
573,LLYONC,3,240L,-27,77.2
573,LLYONC,3,240L,-26,82.9
573,LLYONC,3,240L,-25,88.3
573,LLYONC,3,240L,-24,94.7
573,LLYONC,3,240L,-23,1.1
573,LLYONC,3,240L,-22,8.3
573,LLYONC,3,240L,-21,11.2
573,LLYONC,3,240L,-20,16.6
573,LLYONC,3,240L,-19,22.1
573,LLYONC,3,240L,-18,30.8
573,LLYONC,3,240L,-17,35.3
573,LLYONC,3,240L,-16,37.1
573,LLYONC,3,240L,-15,42.8
573,LLYONC,3,240L,-14,50.1
573,LLYONC,3,240L,-13,57.4
573,LLYONC,3,240L,-12,62.7
573,LLYONC,3,240L,-11,69.2
573,LLYONC,3,240L,-10,73.8
573,LLYONC,3,240L,-9,81.9
573,LLYONC,3,240L,-8,86.6
573,LLYONC,3,240L,-7,91.3
573,LLYONC,3,240L,-6,98.6
573,LLYONC,3,240L,-5,0.1
573,LLYONC,3,240L,-4,8.1
573,LLYONC,3,240L,-3,14.1
573,LLYONC,3,240L,-2,20.5
573,LLYONC,3,240L,-1,22.7
573,LLYONC,3,240L,0,30.6
574,4JT6V5,3,240L,-29,27.5
574,4JT6V5,3,240L,-28,31.8
574,4JT6V5,3,240L,-27,35.5
574,4JT6V5,3,240L,-26,41.6
574,4JT6V5,3,240L,-25,45.2
574,4JT6V5,3,240L,-24,50.7
574,4JT6V5,3,240L,-23,56.6
574,4JT6V5,3,240L,-22,60.3
574,4JT6V5,3,240L,-21,65.8
574,4JT6V5,3,240L,-20,71.7
574,4JT6V5,3,240L,-19,76.2
574,4JT6V5,3,240L,-18,81.9
574,4JT6V5,3,240L,-17,88.5
574,4JT6V5,3,240L,-16,91.0
574,4JT6V5,3,240L,-15,94.2
574,4JT6V5,3,240L,-14,100.0
574,4JT6V5,3,240L,-13,5.5
574,4JT6V5,3,240L,-12,10.6
574,4JT6V5,3,240L,-11,16.9
574,4JT6V5,3,240L,-10,17.1
574,4JT6V5,3,240L,-9,26.8
574,4JT6V5,3,240L,-8,32.3
574,4JT6V5,3,240L,-7,35.3
574,4JT6V5,3,240L,-6,40.3
574,4JT6V5,3,240L,-5,43.9
574,4JT6V5,3,240L,-4,49.3
574,4JT6V5,3,240L,-3,55.2
574,4JT6V5,3,240L,-2,60.1
574,4JT6V5,3,240L,-1,65.1
574,4JT6V5,3,240L,0,69.9
575,ICJFIE,3,240L,-29,96.0
575,ICJFIE,3,240L,-28,98.2
575,ICJFIE,3,240L,-27,6.0
575,ICJFIE,3,240L,-26,12.6
575,ICJFIE,3,240L,-25,14.8
575,ICJFIE,3,240L,-24,22.1
575,ICJFIE,3,240L,-23,23.4
575,ICJFIE,3,240L,-22,29.8
575,ICJFIE,3,240L,-21,33.9
575,ICJFIE,3,240L,-20,41.9
575,ICJFIE,3,240L,-19,47.3
575,ICJFIE,3,240L,-18,49.7
575,ICJFIE,3,240L,-17,56.6
575,ICJFIE,3,240L,-16,62.4
575,ICJFIE,3,240L,-15,64.8
575,ICJFIE,3,240L,-14,70.1
575,ICJFIE,3,240L,-13,76.0
575,ICJFIE,3,240L,-12,78.6
575,ICJFIE,3,240L,-11,85.1
575,ICJFIE,3,240L,-10,93.1
575,ICJFIE,3,240L,-9,94.2
575,ICJFIE,3,240L,-8,100.0
575,ICJFIE,3,240L,-7,5.7
575,ICJFIE,3,240L,-6,9.7
575,ICJFIE,3,240L,-5,15.3
575,ICJFIE,3,240L,-4,22.6
575,ICJFIE,3,240L,-3,25.8
575,ICJFIE,3,240L,-2,31.0
575,ICJFIE,3,240L,-1,37.4
575,ICJFIE,3,240L,0,39.6
576,AE5BTG,3,240L,-29,64.1
576,AE5BTG,3,240L,-28,69.9
576,AE5BTG,3,240L,-27,72.1
576,AE5BTG,3,240L,-26,78.5
576,AE5BTG,3,240L,-25,81.0
576,AE5BTG,3,240L,-24,87.4
576,AE5BTG,3,240L,-23,91.1
576,AE5BTG,3,240L,-22,95.4
576,AE5BTG,3,240L,-21,1.0
576,AE5BTG,3,240L,-20,2.7
576,AE5BTG,3,240L,-19,9.1
576,AE5BTG,3,240L,-18,16.7
576,AE5BTG,3,240L,-17,20.7
576,AE5BTG,3,240L,-16,23.3
576,AE5BTG,3,240L,-15,30.4
576,AE5BTG,3,240L,-14,33.0
576,AE5BTG,3,240L,-13,40.1
576,AE5BTG,3,240L,-12,43.5
576,AE5BTG,3,240L,-11,47.9
576,AE5BTG,3,240L,-10,52.9
576,AE5BTG,3,240L,-9,61.6
576,AE5BTG,3,240L,-8,61.3
576,AE5BTG,3,240L,-7,67.5
576,AE5BTG,3,240L,-6,73.0
576,AE5BTG,3,240L,-5,75.1
576,AE5BTG,3,240L,-4,78.8
576,AE5BTG,3,240L,-3,85.0
576,AE5BTG,3,240L,-2,91.8
576,AE5BTG,3,240L,-1,94.8
576,AE5BTG,3,240L,0,0.0
577,HZCYJJ,3,240L,-29,34.7
577,HZCYJJ,3,240L,-28,41.4
577,HZCYJJ,3,240L,-27,45.0
577,HZCYJJ,3,240L,-26,53.4
577,HZCYJJ,3,240L,-25,58.9
577,HZCYJJ,3,240L,-24,65.4
577,HZCYJJ,3,240L,-23,68.1
577,HZCYJJ,3,240L,-22,75.2
577,HZCYJJ,3,240L,-21,79.3
577,HZCYJJ,3,240L,-20,86.5
577,HZCYJJ,3,240L,-19,94.7
577,HZCYJJ,3,240L,-18,97.7
577,HZCYJJ,3,240L,-17,1.8
577,HZCYJJ,3,240L,-16,8.4
577,HZCYJJ,3,240L,-15,12.7
577,HZCYJJ,3,240L,-14,18.8
577,HZCYJJ,3,240L,-13,27.4
577,HZCYJJ,3,240L,-12,29.9
577,HZCYJJ,3,240L,-11,38.2
577,HZCYJJ,3,240L,-10,43.5
577,HZCYJJ,3,240L,-9,48.3
577,HZCYJJ,3,240L,-8,55.1
577,HZCYJJ,3,240L,-7,59.0
577,HZCYJJ,3,240L,-6,67.3
577,HZCYJJ,3,240L,-5,70.7
577,HZCYJJ,3,240L,-4,76.8
577,HZCYJJ,3,240L,-3,82.3
577,HZCYJJ,3,240L,-2,89.7
577,HZCYJJ,3,240L,-1,95.2
577,HZCYJJ,3,240L,0,0.0
578,M2F7,3,120L,-29,96.4
578,M2F7,3,120L,-28,0.9
578,M2F7,3,120L,-27,4.7
578,M2F7,3,120L,-26,10.2
578,M2F7,3,120L,-25,14.7
578,M2F7,3,120L,-24,16.6
578,M2F7,3,120L,-23,20.8
578,M2F7,3,120L,-22,26.1
578,M2F7,3,120L,-21,28.0
578,M2F7,3,120L,-20,33.8
578,M2F7,3,120L,-19,40.7
578,M2F7,3,120L,-18,40.6
578,M2F7,3,120L,-17,46.5
578,M2F7,3,120L,-16,50.3
578,M2F7,3,120L,-15,58.4
578,M2F7,3,120L,-14,58.7
578,M2F7,3,120L,-13,63.0
578,M2F7,3,120L,-12,66.4
578,M2F7,3,120L,-11,72.1
578,M2F7,3,120L,-10,76.7
578,M2F7,3,120L,-9,79.1
578,M2F7,3,120L,-8,86.1
578,M2F7,3,120L,-7,89.2
578,M2F7,3,120L,-6,94.2
578,M2F7,3,120L,-5,96.6
578,M2F7,3,120L,-4,1.7
578,M2F7,3,120L,-3,5.2
578,M2F7,3,120L,-2,11.8
578,M2F7,3,120L,-1,14.0
578,M2F7,3,120L,0,18.0
579,M3VLEF,3,240L,-29,2.6
579,M3VLEF,3,240L,-28,8.2
579,M3VLEF,3,240L,-27,13.5
579,M3VLEF,3,240L,-26,15.7
579,M3VLEF,3,240L,-25,21.4
579,M3VLEF,3,240L,-24,26.0
579,M3VLEF,3,240L,-23,30.7
579,M3VLEF,3,240L,-22,32.1
579,M3VLEF,3,240L,-21,37.7
579,M3VLEF,3,240L,-20,41.5
579,M3VLEF,3,240L,-19,48.1
579,M3VLEF,3,240L,-18,51.2
579,M3VLEF,3,240L,-17,56.3
579,M3VLEF,3,240L,-16,59.7
579,M3VLEF,3,240L,-15,65.3
579,M3VLEF,3,240L,-14,68.7
579,M3VLEF,3,240L,-13,76.0
579,M3VLEF,3,240L,-12,80.1
579,M3VLEF,3,240L,-11,84.0
579,M3VLEF,3,240L,-10,87.8
579,M3VLEF,3,240L,-9,89.7
579,M3VLEF,3,240L,-8,96.5
579,M3VLEF,3,240L,-7,0.6
579,M3VLEF,3,240L,-6,6.5
579,M3VLEF,3,240L,-5,11.6
579,M3VLEF,3,240L,-4,15.6
579,M3VLEF,3,240L,-3,21.5
579,M3VLEF,3,240L,-2,23.2
579,M3VLEF,3,240L,-1,27.6
579,M3VLEF,3,240L,0,34.6
580,ZQZCLD,3,240L,-29,80.3
580,ZQZCLD,3,240L,-28,85.1
580,ZQZCLD,3,240L,-27,90.6
580,ZQZCLD,3,240L,-26,96.5
580,ZQZCLD,3,240L,-25,6.2
580,ZQZCLD,3,240L,-24,11.2
580,ZQZCLD,3,240L,-23,17.6
580,ZQZCLD,3,240L,-22,25.2
580,ZQZCLD,3,240L,-21,32.2
580,ZQZCLD,3,240L,-20,38.4
580,ZQZCLD,3,240L,-19,45.6
580,ZQZCLD,3,240L,-18,51.6
580,ZQZCLD,3,240L,-17,58.4
580,ZQZCLD,3,240L,-16,63.2
580,ZQZCLD,3,240L,-15,73.6
580,ZQZCLD,3,240L,-14,75.7
580,ZQZCLD,3,240L,-13,84.7
580,ZQZCLD,3,240L,-12,88.9
580,ZQZCLD,3,240L,-11,97.5
580,ZQZCLD,3,240L,-10,3.4
580,ZQZCLD,3,240L,-9,11.2
580,ZQZCLD,3,240L,-8,18.1
580,ZQZCLD,3,240L,-7,22.9
580,ZQZCLD,3,240L,-6,30.9
580,ZQZCLD,3,240L,-5,39.7
580,ZQZCLD,3,240L,-4,42.3
580,ZQZCLD,3,240L,-3,49.7
580,ZQZCLD,3,240L,-2,58.9
580,ZQZCLD,3,240L,-1,64.4
580,ZQZCLD,3,240L,0,71.2
581,EWSTO2,3,240L,-29,24.0
581,EWSTO2,3,240L,-28,29.8
581,EWSTO2,3,240L,-27,34.9
581,EWSTO2,3,240L,-26,40.7
581,EWSTO2,3,240L,-25,48.6
581,EWSTO2,3,240L,-24,49.3
581,EWSTO2,3,240L,-23,55.4
581,EWSTO2,3,240L,-22,60.5
581,EWSTO2,3,240L,-21,70.0
581,EWSTO2,3,240L,-20,72.3
581,EWSTO2,3,240L,-19,78.1
581,EWSTO2,3,240L,-18,81.5
581,EWSTO2,3,240L,-17,88.9
581,EWSTO2,3,240L,-16,95.9
581,EWSTO2,3,240L,-15,100.0
581,EWSTO2,3,240L,-14,5.1
581,EWSTO2,3,240L,-13,8.3
581,EWSTO2,3,240L,-12,15.5
581,EWSTO2,3,240L,-11,21.5
581,EWSTO2,3,240L,-10,25.1
581,EWSTO2,3,240L,-9,32.9
581,EWSTO2,3,240L,-8,38.6
581,EWSTO2,3,240L,-7,41.8
581,EWSTO2,3,240L,-6,49.1
581,EWSTO2,3,240L,-5,53.1
581,EWSTO2,3,240L,-4,60.4
581,EWSTO2,3,240L,-3,67.0
581,EWSTO2,3,240L,-2,67.7
581,EWSTO2,3,240L,-1,75.8
581,EWSTO2,3,240L,0,82.0
582,STNZIZ,3,240L,-29,93.7
582,STNZIZ,3,240L,-28,0.0
582,STNZIZ,3,240L,-27,5.3
582,STNZIZ,3,240L,-26,11.2
582,STNZIZ,3,240L,-25,18.4
582,STNZIZ,3,240L,-24,19.9
582,STNZIZ,3,240L,-23,26.9
582,STNZIZ,3,240L,-22,35.0
582,STNZIZ,3,240L,-21,40.5
582,STNZIZ,3,240L,-20,43.7
582,STNZIZ,3,240L,-19,51.8
582,STNZIZ,3,240L,-18,58.6
582,STNZIZ,3,240L,-17,62.1
582,STNZIZ,3,240L,-16,66.3
582,STNZIZ,3,240L,-15,74.8
582,STNZIZ,3,240L,-14,81.7
582,STNZIZ,3,240L,-13,83.4
582,STNZIZ,3,240L,-12,90.4
582,STNZIZ,3,240L,-11,97.7
582,STNZIZ,3,240L,-10,1.8
582,STNZIZ,3,240L,-9,4.7
582,STNZIZ,3,240L,-8,13.6
582,STNZIZ,3,240L,-7,17.1
582,STNZIZ,3,240L,-6,22.3
582,STNZIZ,3,240L,-5,27.2
582,STNZIZ,3,240L,-4,37.2
582,STNZIZ,3,240L,-3,39.8
582,STNZIZ,3,240L,-2,47.2
582,STNZIZ,3,240L,-1,53.2
582,STNZIZ,3,240L,0,58.2
583,ZW62PU,3,240L,-29,96.4
583,ZW62PU,3,240L,-28,1.6
583,ZW62PU,3,240L,-27,5.9
583,ZW62PU,3,240L,-26,11.4
583,ZW62PU,3,240L,-25,18.2
583,ZW62PU,3,240L,-24,23.8
583,ZW62PU,3,240L,-23,30.2
583,ZW62PU,3,240L,-22,36.9
583,ZW62PU,3,240L,-21,41.3
583,ZW62PU,3,240L,-20,45.2
583,ZW62PU,3,240L,-19,48.8
583,ZW62PU,3,240L,-18,56.6
583,ZW62PU,3,240L,-17,61.3
583,ZW62PU,3,240L,-16,67.9
583,ZW62PU,3,240L,-15,75.0
583,ZW62PU,3,240L,-14,80.3
583,ZW62PU,3,240L,-13,88.6
583,ZW62PU,3,240L,-12,92.2
583,ZW62PU,3,240L,-11,100.0
583,ZW62PU,3,240L,-10,3.8
583,ZW62PU,3,240L,-9,10.0
583,ZW62PU,3,240L,-8,13.4
583,ZW62PU,3,240L,-7,18.0
583,ZW62PU,3,240L,-6,24.6
583,ZW62PU,3,240L,-5,30.8
583,ZW62PU,3,240L,-4,35.5
583,ZW62PU,3,240L,-3,40.6
583,ZW62PU,3,240L,-2,48.4
583,ZW62PU,3,240L,-1,51.9
583,ZW62PU,3,240L,0,56.7
584,V4LT5O,3,120L,-29,5.5
584,V4LT5O,3,120L,-28,9.9
584,V4LT5O,3,120L,-27,14.3
584,V4LT5O,3,120L,-26,17.5
584,V4LT5O,3,120L,-25,18.8
584,V4LT5O,3,120L,-24,21.1
584,V4LT5O,3,120L,-23,25.4
584,V4LT5O,3,120L,-22,30.4
584,V4LT5O,3,120L,-21,34.0
584,V4LT5O,3,120L,-20,36.4
584,V4LT5O,3,120L,-19,40.9
584,V4LT5O,3,120L,-18,44.9
584,V4LT5O,3,120L,-17,44.8
584,V4LT5O,3,120L,-16,50.9
584,V4LT5O,3,120L,-15,51.5
584,V4LT5O,3,120L,-14,56.6
584,V4LT5O,3,120L,-13,59.4
584,V4LT5O,3,120L,-12,58.6
584,V4LT5O,3,120L,-11,63.3
584,V4LT5O,3,120L,-10,66.1
584,V4LT5O,3,120L,-9,68.5
584,V4LT5O,3,120L,-8,75.7
584,V4LT5O,3,120L,-7,80.7
584,V4LT5O,3,120L,-6,80.4
584,V4LT5O,3,120L,-5,85.2
584,V4LT5O,3,120L,-4,89.4
584,V4LT5O,3,120L,-3,90.7
584,V4LT5O,3,120L,-2,93.5
584,V4LT5O,3,120L,-1,96.4
584,V4LT5O,3,120L,0,0.8
585,TUOP4X,3,120L,-29,56.4
585,TUOP4X,3,120L,-28,59.6
585,TUOP4X,3,120L,-27,62.2
585,TUOP4X,3,120L,-26,63.2
585,TUOP4X,3,120L,-25,70.3
585,TUOP4X,3,120L,-24,70.3
585,TUOP4X,3,120L,-23,76.5
585,TUOP4X,3,120L,-22,80.1
585,TUOP4X,3,120L,-21,80.5
585,TUOP4X,3,120L,-20,84.7
585,TUOP4X,3,120L,-19,92.1
585,TUOP4X,3,120L,-18,92.1
585,TUOP4X,3,120L,-17,93.7
585,TUOP4X,3,120L,-16,100.0
585,TUOP4X,3,120L,-15,1.0
585,TUOP4X,3,120L,-14,2.6
585,TUOP4X,3,120L,-13,9.6
585,TUOP4X,3,120L,-12,10.8
585,TUOP4X,3,120L,-11,15.9
585,TUOP4X,3,120L,-10,17.6
585,TUOP4X,3,120L,-9,23.2
585,TUOP4X,3,120L,-8,25.7
585,TUOP4X,3,120L,-7,24.9
585,TUOP4X,3,120L,-6,32.6
585,TUOP4X,3,120L,-5,35.0
585,TUOP4X,3,120L,-4,40.8
585,TUOP4X,3,120L,-3,42.6
585,TUOP4X,3,120L,-2,46.5
585,TUOP4X,3,120L,-1,47.6
585,TUOP4X,3,120L,0,50.8
586,X2LIGZ,3,240L,-29,50.1
586,X2LIGZ,3,240L,-28,52.6
586,X2LIGZ,3,240L,-27,55.8
586,X2LIGZ,3,240L,-26,61.1
586,X2LIGZ,3,240L,-25,68.6
586,X2LIGZ,3,240L,-24,71.6
586,X2LIGZ,3,240L,-23,76.3
586,X2LIGZ,3,240L,-22,83.0
586,X2LIGZ,3,240L,-21,84.8
586,X2LIGZ,3,240L,-20,87.5
586,X2LIGZ,3,240L,-19,94.4
586,X2LIGZ,3,240L,-18,0.8
586,X2LIGZ,3,240L,-17,4.8
586,X2LIGZ,3,240L,-16,7.6
586,X2LIGZ,3,240L,-15,16.2
586,X2LIGZ,3,240L,-14,19.7
586,X2LIGZ,3,240L,-13,24.8
586,X2LIGZ,3,240L,-12,29.6
586,X2LIGZ,3,240L,-11,31.7
586,X2LIGZ,3,240L,-10,38.9
586,X2LIGZ,3,240L,-9,44.6
586,X2LIGZ,3,240L,-8,49.7
586,X2LIGZ,3,240L,-7,53.8
586,X2LIGZ,3,240L,-6,58.2
586,X2LIGZ,3,240L,-5,59.6
586,X2LIGZ,3,240L,-4,67.0
586,X2LIGZ,3,240L,-3,70.3
586,X2LIGZ,3,240L,-2,78.4
586,X2LIGZ,3,240L,-1,82.9
586,X2LIGZ,3,240L,0,84.6
587,MQP7,3,120L,-29,76.9
587,MQP7,3,120L,-28,83.2
587,MQP7,3,120L,-27,84.5
587,MQP7,3,120L,-26,89.0
587,MQP7,3,120L,-25,97.6
587,MQP7,3,120L,-24,0.0
587,MQP7,3,120L,-23,8.3
587,MQP7,3,120L,-22,14.2
587,MQP7,3,120L,-21,20.5
587,MQP7,3,120L,-20,22.9
587,MQP7,3,120L,-19,29.4
587,MQP7,3,120L,-18,35.4
587,MQP7,3,120L,-17,37.9
587,MQP7,3,120L,-16,46.3
587,MQP7,3,120L,-15,50.6
587,MQP7,3,120L,-14,54.5
587,MQP7,3,120L,-13,60.9
587,MQP7,3,120L,-12,65.7
587,MQP7,3,120L,-11,72.3
587,MQP7,3,120L,-10,75.9
587,MQP7,3,120L,-9,82.0
587,MQP7,3,120L,-8,86.0
587,MQP7,3,120L,-7,90.8
587,MQP7,3,120L,-6,97.7
587,MQP7,3,120L,-5,1.4
587,MQP7,3,120L,-4,9.2
587,MQP7,3,120L,-3,14.1
587,MQP7,3,120L,-2,17.3
587,MQP7,3,120L,-1,24.1
587,MQP7,3,120L,0,27.8
588,OLSL,3,120L,-29,81.8
588,OLSL,3,120L,-28,87.1
588,OLSL,3,120L,-27,91.0
588,OLSL,3,120L,-26,96.6
588,OLSL,3,120L,-25,98.2
588,OLSL,3,120L,-24,3.6
588,OLSL,3,120L,-23,11.1
588,OLSL,3,120L,-22,10.2
588,OLSL,3,120L,-21,16.8
588,OLSL,3,120L,-20,20.3
588,OLSL,3,120L,-19,26.1
588,OLSL,3,120L,-18,30.2
588,OLSL,3,120L,-17,36.2
588,OLSL,3,120L,-16,40.1
588,OLSL,3,120L,-15,42.3
588,OLSL,3,120L,-14,47.8
588,OLSL,3,120L,-13,53.1
588,OLSL,3,120L,-12,58.7
588,OLSL,3,120L,-11,65.7
588,OLSL,3,120L,-10,67.5
588,OLSL,3,120L,-9,69.4
588,OLSL,3,120L,-8,75.2
588,OLSL,3,120L,-7,80.1
588,OLSL,3,120L,-6,83.5
588,OLSL,3,120L,-5,89.4
588,OLSL,3,120L,-4,89.8
588,OLSL,3,120L,-3,98.5
588,OLSL,3,120L,-2,1.4
588,OLSL,3,120L,-1,6.4
588,OLSL,3,120L,0,13.2
589,TNGM,3,120L,-29,71.6
589,TNGM,3,120L,-28,76.8
589,TNGM,3,120L,-27,80.2
589,TNGM,3,120L,-26,81.9
589,TNGM,3,120L,-25,90.7
589,TNGM,3,120L,-24,92.8
589,TNGM,3,120L,-23,96.7
589,TNGM,3,120L,-22,1.4
589,TNGM,3,120L,-21,5.6
589,TNGM,3,120L,-20,8.8
589,TNGM,3,120L,-19,15.2
589,TNGM,3,120L,-18,18.4
589,TNGM,3,120L,-17,24.7
589,TNGM,3,120L,-16,28.8
589,TNGM,3,120L,-15,34.9
589,TNGM,3,120L,-14,36.5
589,TNGM,3,120L,-13,40.0
589,TNGM,3,120L,-12,43.3
589,TNGM,3,120L,-11,53.2
589,TNGM,3,120L,-10,55.3
589,TNGM,3,120L,-9,57.6
589,TNGM,3,120L,-8,65.6
589,TNGM,3,120L,-7,69.4
589,TNGM,3,120L,-6,69.7
589,TNGM,3,120L,-5,75.0
589,TNGM,3,120L,-4,80.3
589,TNGM,3,120L,-3,83.3
589,TNGM,3,120L,-2,89.1
589,TNGM,3,120L,-1,94.7
589,TNGM,3,120L,0,95.9
590,XG6O,3,120L,-29,69.4
590,XG6O,3,120L,-28,71.8
590,XG6O,3,120L,-27,73.9
590,XG6O,3,120L,-26,79.2
590,XG6O,3,120L,-25,79.2
590,XG6O,3,120L,-24,84.4
590,XG6O,3,120L,-23,87.1
590,XG6O,3,120L,-22,91.8
590,XG6O,3,120L,-21,92.3
590,XG6O,3,120L,-20,95.5
590,XG6O,3,120L,-19,97.4
590,XG6O,3,120L,-18,2.9
590,XG6O,3,120L,-17,4.7
590,XG6O,3,120L,-16,7.1
590,XG6O,3,120L,-15,10.3
590,XG6O,3,120L,-14,15.2
590,XG6O,3,120L,-13,15.8
590,XG6O,3,120L,-12,19.0
590,XG6O,3,120L,-11,24.9
590,XG6O,3,120L,-10,26.4
590,XG6O,3,120L,-9,31.1
590,XG6O,3,120L,-8,32.1
590,XG6O,3,120L,-7,35.7
590,XG6O,3,120L,-6,39.0
590,XG6O,3,120L,-5,43.9
590,XG6O,3,120L,-4,46.8
590,XG6O,3,120L,-3,49.6
590,XG6O,3,120L,-2,50.0
590,XG6O,3,120L,-1,52.5
590,XG6O,3,120L,0,58.1
591,ZKJCGY,3,120L,-29,56.9
591,ZKJCGY,3,120L,-28,59.6
591,ZKJCGY,3,120L,-27,65.1
591,ZKJCGY,3,120L,-26,69.5
591,ZKJCGY,3,120L,-25,73.0
591,ZKJCGY,3,120L,-24,77.5
591,ZKJCGY,3,120L,-23,81.8
591,ZKJCGY,3,120L,-22,84.9
591,ZKJCGY,3,120L,-21,89.4
591,ZKJCGY,3,120L,-20,93.8
591,ZKJCGY,3,120L,-19,96.9
591,ZKJCGY,3,120L,-18,3.9
591,ZKJCGY,3,120L,-17,8.0
591,ZKJCGY,3,120L,-16,13.6
591,ZKJCGY,3,120L,-15,18.8
591,ZKJCGY,3,120L,-14,23.3
591,ZKJCGY,3,120L,-13,27.8
591,ZKJCGY,3,120L,-12,29.0
591,ZKJCGY,3,120L,-11,32.4
591,ZKJCGY,3,120L,-10,40.3
591,ZKJCGY,3,120L,-9,45.4
591,ZKJCGY,3,120L,-8,50.1
591,ZKJCGY,3,120L,-7,52.9
591,ZKJCGY,3,120L,-6,53.6
591,ZKJCGY,3,120L,-5,61.5
591,ZKJCGY,3,120L,-4,66.2
591,ZKJCGY,3,120L,-3,71.7
591,ZKJCGY,3,120L,-2,76.3
591,ZKJCGY,3,120L,-1,80.0
591,ZKJCGY,3,120L,0,82.1
592,ZC27JX,3,240L,-29,30.8
592,ZC27JX,3,240L,-28,40.3
592,ZC27JX,3,240L,-27,41.7
592,ZC27JX,3,240L,-26,51.2
592,ZC27JX,3,240L,-25,57.0
592,ZC27JX,3,240L,-24,62.4
592,ZC27JX,3,240L,-23,67.4
592,ZC27JX,3,240L,-22,71.8
592,ZC27JX,3,240L,-21,80.3
592,ZC27JX,3,240L,-20,86.4
592,ZC27JX,3,240L,-19,95.0
592,ZC27JX,3,240L,-18,98.3
592,ZC27JX,3,240L,-17,6.3
592,ZC27JX,3,240L,-16,9.8
592,ZC27JX,3,240L,-15,18.6
592,ZC27JX,3,240L,-14,20.7
592,ZC27JX,3,240L,-13,33.3
592,ZC27JX,3,240L,-12,36.1
592,ZC27JX,3,240L,-11,38.3
592,ZC27JX,3,240L,-10,47.5
592,ZC27JX,3,240L,-9,53.4
592,ZC27JX,3,240L,-8,59.9
592,ZC27JX,3,240L,-7,66.5
592,ZC27JX,3,240L,-6,72.2
592,ZC27JX,3,240L,-5,78.1
592,ZC27JX,3,240L,-4,83.7
592,ZC27JX,3,240L,-3,92.8
592,ZC27JX,3,240L,-2,99.5
592,ZC27JX,3,240L,-1,3.5
592,ZC27JX,3,240L,0,10.0
593,U656,3,120L,-29,58.3
593,U656,3,120L,-28,64.1
593,U656,3,120L,-27,68.9
593,U656,3,120L,-26,75.4
593,U656,3,120L,-25,80.7
593,U656,3,120L,-24,84.2
593,U656,3,120L,-23,93.1
593,U656,3,120L,-22,96.5
593,U656,3,120L,-21,4.8
593,U656,3,120L,-20,8.5
593,U656,3,120L,-19,16.3
593,U656,3,120L,-18,20.6
593,U656,3,120L,-17,24.7
593,U656,3,120L,-16,28.8
593,U656,3,120L,-15,34.3
593,U656,3,120L,-14,41.7
593,U656,3,120L,-13,46.6
593,U656,3,120L,-12,51.0
593,U656,3,120L,-11,58.7
593,U656,3,120L,-10,63.0
593,U656,3,120L,-9,69.7
593,U656,3,120L,-8,72.5
593,U656,3,120L,-7,80.9
593,U656,3,120L,-6,85.7
593,U656,3,120L,-5,92.3
593,U656,3,120L,-4,97.4
593,U656,3,120L,-3,1.3
593,U656,3,120L,-2,6.7
593,U656,3,120L,-1,15.2
593,U656,3,120L,0,17.6
594,E65XU2,3,240L,-29,77.8
594,E65XU2,3,240L,-28,84.8
594,E65XU2,3,240L,-27,93.2
594,E65XU2,3,240L,-26,99.7
594,E65XU2,3,240L,-25,5.3
594,E65XU2,3,240L,-24,12.4
594,E65XU2,3,240L,-23,17.3
594,E65XU2,3,240L,-22,21.5
594,E65XU2,3,240L,-21,29.6
594,E65XU2,3,240L,-20,35.0
594,E65XU2,3,240L,-19,39.9
594,E65XU2,3,240L,-18,47.5
594,E65XU2,3,240L,-17,52.9
594,E65XU2,3,240L,-16,57.9
594,E65XU2,3,240L,-15,64.5
594,E65XU2,3,240L,-14,72.9
594,E65XU2,3,240L,-13,78.9
594,E65XU2,3,240L,-12,83.1
594,E65XU2,3,240L,-11,88.9
594,E65XU2,3,240L,-10,92.7
594,E65XU2,3,240L,-9,3.5
594,E65XU2,3,240L,-8,8.4
594,E65XU2,3,240L,-7,14.0
594,E65XU2,3,240L,-6,15.5
594,E65XU2,3,240L,-5,25.0
594,E65XU2,3,240L,-4,30.8
594,E65XU2,3,240L,-3,38.0
594,E65XU2,3,240L,-2,42.3
594,E65XU2,3,240L,-1,48.6
594,E65XU2,3,240L,0,55.9
595,MCUN5O,3,120L,-29,10.6
595,MCUN5O,3,120L,-28,17.5
595,MCUN5O,3,120L,-27,25.1
595,MCUN5O,3,120L,-26,30.1
595,MCUN5O,3,120L,-25,36.3
595,MCUN5O,3,120L,-24,40.6
595,MCUN5O,3,120L,-23,48.6
595,MCUN5O,3,120L,-22,49.5
595,MCUN5O,3,120L,-21,61.0
595,MCUN5O,3,120L,-20,67.0
595,MCUN5O,3,120L,-19,70.3
595,MCUN5O,3,120L,-18,76.6
595,MCUN5O,3,120L,-17,81.1
595,MCUN5O,3,120L,-16,86.7
595,MCUN5O,3,120L,-15,91.9
595,MCUN5O,3,120L,-14,98.6
595,MCUN5O,3,120L,-13,5.3
595,MCUN5O,3,120L,-12,10.9
595,MCUN5O,3,120L,-11,19.0
595,MCUN5O,3,120L,-10,22.0
595,MCUN5O,3,120L,-9,25.5
595,MCUN5O,3,120L,-8,36.0
595,MCUN5O,3,120L,-7,37.5
595,MCUN5O,3,120L,-6,44.3
595,MCUN5O,3,120L,-5,51.3
595,MCUN5O,3,120L,-4,57.4
595,MCUN5O,3,120L,-3,60.4
595,MCUN5O,3,120L,-2,67.3
595,MCUN5O,3,120L,-1,72.0
595,MCUN5O,3,120L,0,80.9
596,NKXK3O,3,1.100L,-29,87.3
596,NKXK3O,3,1.100L,-28,94.6
596,NKXK3O,3,1.100L,-27,0.0
596,NKXK3O,3,1.100L,-26,5.0
596,NKXK3O,3,1.100L,-25,13.8
596,NKXK3O,3,1.100L,-24,21.9
596,NKXK3O,3,1.100L,-23,32.4
596,NKXK3O,3,1.100L,-22,37.3
596,NKXK3O,3,1.100L,-21,43.4
596,NKXK3O,3,1.100L,-20,52.5
596,NKXK3O,3,1.100L,-19,57.7
596,NKXK3O,3,1.100L,-18,67.8
596,NKXK3O,3,1.100L,-17,73.0
596,NKXK3O,3,1.100L,-16,80.6
596,NKXK3O,3,1.100L,-15,89.8
596,NKXK3O,3,1.100L,-14,99.2
596,NKXK3O,3,1.100L,-13,7.3
596,NKXK3O,3,1.100L,-12,9.8
596,NKXK3O,3,1.100L,-11,17.9
596,NKXK3O,3,1.100L,-10,26.9
596,NKXK3O,3,1.100L,-9,35.3
596,NKXK3O,3,1.100L,-8,37.7
596,NKXK3O,3,1.100L,-7,48.4
596,NKXK3O,3,1.100L,-6,55.0
596,NKXK3O,3,1.100L,-5,60.2
596,NKXK3O,3,1.100L,-4,68.5
596,NKXK3O,3,1.100L,-3,77.0
596,NKXK3O,3,1.100L,-2,85.3
596,NKXK3O,3,1.100L,-1,94.1
596,NKXK3O,3,1.100L,0,0.5
597,DSGBQY,3,120L,-29,55.5
597,DSGBQY,3,120L,-28,58.0
597,DSGBQY,3,120L,-27,62.4
597,DSGBQY,3,120L,-26,67.3
597,DSGBQY,3,120L,-25,71.4
597,DSGBQY,3,120L,-24,73.3
597,DSGBQY,3,120L,-23,75.7
597,DSGBQY,3,120L,-22,81.2
597,DSGBQY,3,120L,-21,85.0
597,DSGBQY,3,120L,-20,89.8
597,DSGBQY,3,120L,-19,90.5
597,DSGBQY,3,120L,-18,94.1
597,DSGBQY,3,120L,-17,99.9
597,DSGBQY,3,120L,-16,1.7
597,DSGBQY,3,120L,-15,5.3
597,DSGBQY,3,120L,-14,11.4
597,DSGBQY,3,120L,-13,11.1
597,DSGBQY,3,120L,-12,19.8
597,DSGBQY,3,120L,-11,19.4
597,DSGBQY,3,120L,-10,25.3
597,DSGBQY,3,120L,-9,27.4
597,DSGBQY,3,120L,-8,31.6
597,DSGBQY,3,120L,-7,34.4
597,DSGBQY,3,120L,-6,39.7
597,DSGBQY,3,120L,-5,41.5
597,DSGBQY,3,120L,-4,44.7
597,DSGBQY,3,120L,-3,51.9
597,DSGBQY,3,120L,-2,52.8
597,DSGBQY,3,120L,-1,55.4
597,DSGBQY,3,120L,0,57.8
598,LOCZQ2,3,240L,-29,58.8
598,LOCZQ2,3,240L,-28,62.8
598,LOCZQ2,3,240L,-27,69.0
598,LOCZQ2,3,240L,-26,75.6
598,LOCZQ2,3,240L,-25,85.2
598,LOCZQ2,3,240L,-24,85.2
598,LOCZQ2,3,240L,-23,95.4
598,LOCZQ2,3,240L,-22,1.2
598,LOCZQ2,3,240L,-21,7.9
598,LOCZQ2,3,240L,-20,15.0
598,LOCZQ2,3,240L,-19,20.9
598,LOCZQ2,3,240L,-18,28.1
598,LOCZQ2,3,240L,-17,34.4
598,LOCZQ2,3,240L,-16,39.0
598,LOCZQ2,3,240L,-15,48.1
598,LOCZQ2,3,240L,-14,55.2
598,LOCZQ2,3,240L,-13,59.9
598,LOCZQ2,3,240L,-12,70.0
598,LOCZQ2,3,240L,-11,75.8
598,LOCZQ2,3,240L,-10,81.6
598,LOCZQ2,3,240L,-9,88.2
598,LOCZQ2,3,240L,-8,93.5
598,LOCZQ2,3,240L,-7,1.8
598,LOCZQ2,3,240L,-6,9.0
598,LOCZQ2,3,240L,-5,14.4
598,LOCZQ2,3,240L,-4,18.9
598,LOCZQ2,3,240L,-3,26.3
598,LOCZQ2,3,240L,-2,33.7
598,LOCZQ2,3,240L,-1,40.7
598,LOCZQ2,3,240L,0,45.9
599,LOCZQ2,3,240L,-29,41.5
599,LOCZQ2,3,240L,-28,42.0
599,LOCZQ2,3,240L,-27,46.7
599,LOCZQ2,3,240L,-26,50.6
599,LOCZQ2,3,240L,-25,55.6
599,LOCZQ2,3,240L,-24,63.4
599,LOCZQ2,3,240L,-23,67.9
599,LOCZQ2,3,240L,-22,70.4
599,LOCZQ2,3,240L,-21,75.7
599,LOCZQ2,3,240L,-20,79.4
599,LOCZQ2,3,240L,-19,82.1
599,LOCZQ2,3,240L,-18,91.7
599,LOCZQ2,3,240L,-17,94.9
599,LOCZQ2,3,240L,-16,97.9
599,LOCZQ2,3,240L,-15,0.6
599,LOCZQ2,3,240L,-14,6.0
599,LOCZQ2,3,240L,-13,9.8
599,LOCZQ2,3,240L,-12,15.4
599,LOCZQ2,3,240L,-11,20.2
599,LOCZQ2,3,240L,-10,23.7
599,LOCZQ2,3,240L,-9,26.5
599,LOCZQ2,3,240L,-8,36.4
599,LOCZQ2,3,240L,-7,38.0
599,LOCZQ2,3,240L,-6,42.8
599,LOCZQ2,3,240L,-5,46.0
599,LOCZQ2,3,240L,-4,48.7
599,LOCZQ2,3,240L,-3,55.4
599,LOCZQ2,3,240L,-2,59.6
599,LOCZQ2,3,240L,-1,65.6
599,LOCZQ2,3,240L,0,70.4
600,3WEG,3,120L,-29,19.0
600,3WEG,3,120L,-28,22.3
600,3WEG,3,120L,-27,28.8
600,3WEG,3,120L,-26,33.3
600,3WEG,3,120L,-25,35.2
600,3WEG,3,120L,-24,43.2
600,3WEG,3,120L,-23,47.6
600,3WEG,3,120L,-22,54.7
600,3WEG,3,120L,-21,58.6
600,3WEG,3,120L,-20,66.1
600,3WEG,3,120L,-19,72.1
600,3WEG,3,120L,-18,77.9
600,3WEG,3,120L,-17,84.0
600,3WEG,3,120L,-16,84.5
600,3WEG,3,120L,-15,90.6
600,3WEG,3,120L,-14,100.0
600,3WEG,3,120L,-13,4.8
600,3WEG,3,120L,-12,9.1
600,3WEG,3,120L,-11,14.2
600,3WEG,3,120L,-10,19.5
600,3WEG,3,120L,-9,22.1
600,3WEG,3,120L,-8,29.3
600,3WEG,3,120L,-7,35.8
600,3WEG,3,120L,-6,40.3
600,3WEG,3,120L,-5,45.9
600,3WEG,3,120L,-4,56.1
600,3WEG,3,120L,-3,57.3
600,3WEG,3,120L,-2,63.5
600,3WEG,3,120L,-1,68.9
600,3WEG,3,120L,0,74.9
601,CZBI,3,120L,-29,92.6
601,CZBI,3,120L,-28,94.5
601,CZBI,3,120L,-27,95.1
601,CZBI,3,120L,-26,0.0
601,CZBI,3,120L,-25,3.0
601,CZBI,3,120L,-24,6.0
601,CZBI,3,120L,-23,10.2
601,CZBI,3,120L,-22,13.5
601,CZBI,3,120L,-21,16.4
601,CZBI,3,120L,-20,19.3
601,CZBI,3,120L,-19,22.0
601,CZBI,3,120L,-18,21.8
601,CZBI,3,120L,-17,29.3
601,CZBI,3,120L,-16,31.9
601,CZBI,3,120L,-15,32.8
601,CZBI,3,120L,-14,37.9
601,CZBI,3,120L,-13,41.5
601,CZBI,3,120L,-12,45.4
601,CZBI,3,120L,-11,47.5
601,CZBI,3,120L,-10,50.4
601,CZBI,3,120L,-9,54.4
601,CZBI,3,120L,-8,55.6
601,CZBI,3,120L,-7,59.8
601,CZBI,3,120L,-6,61.4
601,CZBI,3,120L,-5,67.1
601,CZBI,3,120L,-4,66.1
601,CZBI,3,120L,-3,72.9
601,CZBI,3,120L,-2,74.8
601,CZBI,3,120L,-1,79.3
601,CZBI,3,120L,0,79.8
602,2JRZ,3,120L,-29,5.3
602,2JRZ,3,120L,-28,8.6
602,2JRZ,3,120L,-27,12.5
602,2JRZ,3,120L,-26,13.7
602,2JRZ,3,120L,-25,19.6
602,2JRZ,3,120L,-24,19.3
602,2JRZ,3,120L,-23,24.4
602,2JRZ,3,120L,-22,26.4
602,2JRZ,3,120L,-21,33.4
602,2JRZ,3,120L,-20,36.1
602,2JRZ,3,120L,-19,39.6
602,2JRZ,3,120L,-18,44.5
602,2JRZ,3,120L,-17,45.2
602,2JRZ,3,120L,-16,49.9
602,2JRZ,3,120L,-15,52.5
602,2JRZ,3,120L,-14,55.6
602,2JRZ,3,120L,-13,61.1
602,2JRZ,3,120L,-12,65.6
602,2JRZ,3,120L,-11,65.2
602,2JRZ,3,120L,-10,70.5
602,2JRZ,3,120L,-9,73.1
602,2JRZ,3,120L,-8,76.5
602,2JRZ,3,120L,-7,79.8
602,2JRZ,3,120L,-6,82.3
602,2JRZ,3,120L,-5,80.8
602,2JRZ,3,120L,-4,91.8
602,2JRZ,3,120L,-3,91.8
602,2JRZ,3,120L,-2,95.9
602,2JRZ,3,120L,-1,99.3
602,2JRZ,3,120L,0,1.8
603,CEAV,3,120L,-29,9.9
603,CEAV,3,120L,-28,13.5
603,CEAV,3,120L,-27,19.4
603,CEAV,3,120L,-26,23.8
603,CEAV,3,120L,-25,29.8
603,CEAV,3,120L,-24,31.1
603,CEAV,3,120L,-23,36.5
603,CEAV,3,120L,-22,43.4
603,CEAV,3,120L,-21,46.0
603,CEAV,3,120L,-20,50.2
603,CEAV,3,120L,-19,55.3
603,CEAV,3,120L,-18,60.6
603,CEAV,3,120L,-17,65.3
603,CEAV,3,120L,-16,69.7
603,CEAV,3,120L,-15,73.1
603,CEAV,3,120L,-14,80.4
603,CEAV,3,120L,-13,85.9
603,CEAV,3,120L,-12,85.7
603,CEAV,3,120L,-11,90.8
603,CEAV,3,120L,-10,99.3
603,CEAV,3,120L,-9,4.8
603,CEAV,3,120L,-8,3.8
603,CEAV,3,120L,-7,12.9
603,CEAV,3,120L,-6,18.7
603,CEAV,3,120L,-5,19.6
603,CEAV,3,120L,-4,27.9
603,CEAV,3,120L,-3,29.9
603,CEAV,3,120L,-2,35.2
603,CEAV,3,120L,-1,38.3
603,CEAV,3,120L,0,45.5
604,R3HR,3,120L,-29,25.2
604,R3HR,3,120L,-28,26.7
604,R3HR,3,120L,-27,35.0
604,R3HR,3,120L,-26,36.1
604,R3HR,3,120L,-25,38.6
604,R3HR,3,120L,-24,40.0
604,R3HR,3,120L,-23,42.8
604,R3HR,3,120L,-22,46.7
604,R3HR,3,120L,-21,51.1
604,R3HR,3,120L,-20,58.3
604,R3HR,3,120L,-19,60.6
604,R3HR,3,120L,-18,62.7
604,R3HR,3,120L,-17,67.1
604,R3HR,3,120L,-16,70.6
604,R3HR,3,120L,-15,75.9
604,R3HR,3,120L,-14,77.0
604,R3HR,3,120L,-13,82.6
604,R3HR,3,120L,-12,86.2
604,R3HR,3,120L,-11,88.1
604,R3HR,3,120L,-10,95.5
604,R3HR,3,120L,-9,96.4
604,R3HR,3,120L,-8,0.0
604,R3HR,3,120L,-7,5.5
604,R3HR,3,120L,-6,7.9
604,R3HR,3,120L,-5,12.2
604,R3HR,3,120L,-4,13.5
604,R3HR,3,120L,-3,20.2
604,R3HR,3,120L,-2,25.9
604,R3HR,3,120L,-1,24.4
604,R3HR,3,120L,0,30.5
605,EC56ZN,3,120L,-29,43.8
605,EC56ZN,3,120L,-28,46.7
605,EC56ZN,3,120L,-27,50.3
605,EC56ZN,3,120L,-26,53.1
605,EC56ZN,3,120L,-25,58.5
605,EC56ZN,3,120L,-24,66.1
605,EC56ZN,3,120L,-23,68.0
605,EC56ZN,3,120L,-22,73.1
605,EC56ZN,3,120L,-21,80.1
605,EC56ZN,3,120L,-20,85.4
605,EC56ZN,3,120L,-19,90.8
605,EC56ZN,3,120L,-18,94.6
605,EC56ZN,3,120L,-17,1.7
605,EC56ZN,3,120L,-16,4.0
605,EC56ZN,3,120L,-15,11.3
605,EC56ZN,3,120L,-14,15.7
605,EC56ZN,3,120L,-13,21.4
605,EC56ZN,3,120L,-12,27.3
605,EC56ZN,3,120L,-11,29.9
605,EC56ZN,3,120L,-10,34.6
605,EC56ZN,3,120L,-9,38.1
605,EC56ZN,3,120L,-8,42.6
605,EC56ZN,3,120L,-7,50.4
605,EC56ZN,3,120L,-6,55.6
605,EC56ZN,3,120L,-5,59.2
605,EC56ZN,3,120L,-4,64.5
605,EC56ZN,3,120L,-3,73.2
605,EC56ZN,3,120L,-2,77.2
605,EC56ZN,3,120L,-1,79.1
605,EC56ZN,3,120L,0,85.3
606,5GTH,3,120L,-29,0.0
606,5GTH,3,120L,-28,4.2
606,5GTH,3,120L,-27,10.2
606,5GTH,3,120L,-26,14.2
606,5GTH,3,120L,-25,15.2
606,5GTH,3,120L,-24,20.8
606,5GTH,3,120L,-23,24.0
606,5GTH,3,120L,-22,26.4
606,5GTH,3,120L,-21,31.3
606,5GTH,3,120L,-20,33.7
606,5GTH,3,120L,-19,41.2
606,5GTH,3,120L,-18,45.7
606,5GTH,3,120L,-17,46.6
606,5GTH,3,120L,-16,50.1
606,5GTH,3,120L,-15,56.5
606,5GTH,3,120L,-14,60.7
606,5GTH,3,120L,-13,61.0
606,5GTH,3,120L,-12,66.4
606,5GTH,3,120L,-11,70.4
606,5GTH,3,120L,-10,73.2
606,5GTH,3,120L,-9,78.8
606,5GTH,3,120L,-8,81.0
606,5GTH,3,120L,-7,85.1
606,5GTH,3,120L,-6,89.6
606,5GTH,3,120L,-5,91.4
606,5GTH,3,120L,-4,94.4
606,5GTH,3,120L,-3,2.8
606,5GTH,3,120L,-2,4.2
606,5GTH,3,120L,-1,12.3
606,5GTH,3,120L,0,16.0
607,XQZ5,3,120L,-29,54.9
607,XQZ5,3,120L,-28,58.0
607,XQZ5,3,120L,-27,61.0
607,XQZ5,3,120L,-26,63.4
607,XQZ5,3,120L,-25,73.6
607,XQZ5,3,120L,-24,77.9
607,XQZ5,3,120L,-23,83.8
607,XQZ5,3,120L,-22,88.1
607,XQZ5,3,120L,-21,92.0
607,XQZ5,3,120L,-20,98.4
607,XQZ5,3,120L,-19,5.4
607,XQZ5,3,120L,-18,9.1
607,XQZ5,3,120L,-17,14.4
607,XQZ5,3,120L,-16,17.9
607,XQZ5,3,120L,-15,25.7
607,XQZ5,3,120L,-14,29.2
607,XQZ5,3,120L,-13,37.5
607,XQZ5,3,120L,-12,40.3
607,XQZ5,3,120L,-11,46.3
607,XQZ5,3,120L,-10,55.3
607,XQZ5,3,120L,-9,56.9
607,XQZ5,3,120L,-8,62.0
607,XQZ5,3,120L,-7,68.8
607,XQZ5,3,120L,-6,70.5
607,XQZ5,3,120L,-5,80.4
607,XQZ5,3,120L,-4,85.3
607,XQZ5,3,120L,-3,89.9
607,XQZ5,3,120L,-2,89.3
607,XQZ5,3,120L,-1,99.3
607,XQZ5,3,120L,0,3.1
608,YL4U,3,120L,-29,67.9
608,YL4U,3,120L,-28,71.5
608,YL4U,3,120L,-27,81.6
608,YL4U,3,120L,-26,84.9
608,YL4U,3,120L,-25,94.0
608,YL4U,3,120L,-24,97.7
608,YL4U,3,120L,-23,4.0
608,YL4U,3,120L,-22,8.6
608,YL4U,3,120L,-21,17.4
608,YL4U,3,120L,-20,22.2
608,YL4U,3,120L,-19,29.4
608,YL4U,3,120L,-18,33.5
608,YL4U,3,120L,-17,39.1
608,YL4U,3,120L,-16,46.1
608,YL4U,3,120L,-15,53.3
608,YL4U,3,120L,-14,58.7
608,YL4U,3,120L,-13,63.4
608,YL4U,3,120L,-12,66.4
608,YL4U,3,120L,-11,76.3
608,YL4U,3,120L,-10,79.0
608,YL4U,3,120L,-9,87.2
608,YL4U,3,120L,-8,92.9
608,YL4U,3,120L,-7,97.0
608,YL4U,3,120L,-6,5.6
608,YL4U,3,120L,-5,14.3
608,YL4U,3,120L,-4,16.6
608,YL4U,3,120L,-3,24.2
608,YL4U,3,120L,-2,32.6
608,YL4U,3,120L,-1,36.3
608,YL4U,3,120L,0,40.0
609,QRBP,3,120L,-29,3.1
609,QRBP,3,120L,-28,9.9
609,QRBP,3,120L,-27,14.8
609,QRBP,3,120L,-26,14.2
609,QRBP,3,120L,-25,22.3
609,QRBP,3,120L,-24,28.8
609,QRBP,3,120L,-23,32.7
609,QRBP,3,120L,-22,33.9
609,QRBP,3,120L,-21,43.7
609,QRBP,3,120L,-20,50.1
609,QRBP,3,120L,-19,54.6
609,QRBP,3,120L,-18,59.2
609,QRBP,3,120L,-17,66.0
609,QRBP,3,120L,-16,71.8
609,QRBP,3,120L,-15,75.9
609,QRBP,3,120L,-14,83.9
609,QRBP,3,120L,-13,87.2
609,QRBP,3,120L,-12,91.1
609,QRBP,3,120L,-11,96.1
609,QRBP,3,120L,-10,2.7
609,QRBP,3,120L,-9,10.0
609,QRBP,3,120L,-8,12.4
609,QRBP,3,120L,-7,19.8
609,QRBP,3,120L,-6,24.4
609,QRBP,3,120L,-5,32.5
609,QRBP,3,120L,-4,35.4
609,QRBP,3,120L,-3,39.1
609,QRBP,3,120L,-2,46.5
609,QRBP,3,120L,-1,51.9
609,QRBP,3,120L,0,55.4
610,SQT33G,3,120L,-29,10.5
610,SQT33G,3,120L,-28,13.3
610,SQT33G,3,120L,-27,21.1
610,SQT33G,3,120L,-26,25.0
610,SQT33G,3,120L,-25,28.9
610,SQT33G,3,120L,-24,35.8
610,SQT33G,3,120L,-23,43.5
610,SQT33G,3,120L,-22,48.5
610,SQT33G,3,120L,-21,53.3
610,SQT33G,3,120L,-20,57.5
610,SQT33G,3,120L,-19,63.2
610,SQT33G,3,120L,-18,67.7
610,SQT33G,3,120L,-17,71.0
610,SQT33G,3,120L,-16,76.5
610,SQT33G,3,120L,-15,82.2
610,SQT33G,3,120L,-14,90.4
610,SQT33G,3,120L,-13,95.1
610,SQT33G,3,120L,-12,97.1
610,SQT33G,3,120L,-11,3.9
610,SQT33G,3,120L,-10,8.5
610,SQT33G,3,120L,-9,14.0
610,SQT33G,3,120L,-8,18.6
610,SQT33G,3,120L,-7,26.7
610,SQT33G,3,120L,-6,29.8
610,SQT33G,3,120L,-5,35.4
610,SQT33G,3,120L,-4,40.6
610,SQT33G,3,120L,-3,43.9
610,SQT33G,3,120L,-2,50.8
610,SQT33G,3,120L,-1,57.4
610,SQT33G,3,120L,0,63.2
611,RPN47O,3,240L,-29,69.0
611,RPN47O,3,240L,-28,75.9
611,RPN47O,3,240L,-27,82.1
611,RPN47O,3,240L,-26,85.5
611,RPN47O,3,240L,-25,90.6
611,RPN47O,3,240L,-24,92.1
611,RPN47O,3,240L,-23,97.9
611,RPN47O,3,240L,-22,0.0
611,RPN47O,3,240L,-21,7.7
611,RPN47O,3,240L,-20,9.2
611,RPN47O,3,240L,-19,19.0
611,RPN47O,3,240L,-18,23.9
611,RPN47O,3,240L,-17,26.4
611,RPN47O,3,240L,-16,28.5
611,RPN47O,3,240L,-15,35.9
611,RPN47O,3,240L,-14,42.7
611,RPN47O,3,240L,-13,45.2
611,RPN47O,3,240L,-12,50.8
611,RPN47O,3,240L,-11,52.9
611,RPN47O,3,240L,-10,56.9
611,RPN47O,3,240L,-9,62.7
611,RPN47O,3,240L,-8,64.5
611,RPN47O,3,240L,-7,75.4
611,RPN47O,3,240L,-6,76.7
611,RPN47O,3,240L,-5,82.4
611,RPN47O,3,240L,-4,85.0
611,RPN47O,3,240L,-3,88.0
611,RPN47O,3,240L,-2,97.0
611,RPN47O,3,240L,-1,97.7
611,RPN47O,3,240L,0,4.5
612,ZKSMUP,3,120L,-29,92.6
612,ZKSMUP,3,120L,-28,99.4
612,ZKSMUP,3,120L,-27,4.0
612,ZKSMUP,3,120L,-26,12.6
612,ZKSMUP,3,120L,-25,18.1
612,ZKSMUP,3,120L,-24,23.1
612,ZKSMUP,3,120L,-23,28.1
612,ZKSMUP,3,120L,-22,38.0
612,ZKSMUP,3,120L,-21,38.7
612,ZKSMUP,3,120L,-20,44.3
612,ZKSMUP,3,120L,-19,52.3
612,ZKSMUP,3,120L,-18,57.9
612,ZKSMUP,3,120L,-17,65.8
612,ZKSMUP,3,120L,-16,71.0
612,ZKSMUP,3,120L,-15,76.0
612,ZKSMUP,3,120L,-14,82.6
612,ZKSMUP,3,120L,-13,88.4
612,ZKSMUP,3,120L,-12,96.7
612,ZKSMUP,3,120L,-11,99.8
612,ZKSMUP,3,120L,-10,4.3
612,ZKSMUP,3,120L,-9,11.5
612,ZKSMUP,3,120L,-8,13.1
612,ZKSMUP,3,120L,-7,22.9
612,ZKSMUP,3,120L,-6,30.4
612,ZKSMUP,3,120L,-5,35.5
612,ZKSMUP,3,120L,-4,41.0
612,ZKSMUP,3,120L,-3,47.4
612,ZKSMUP,3,120L,-2,53.9
612,ZKSMUP,3,120L,-1,60.3
612,ZKSMUP,3,120L,0,64.7
613,P7IQ,3,120L,-29,94.7
613,P7IQ,3,120L,-28,5.3
613,P7IQ,3,120L,-27,10.3
613,P7IQ,3,120L,-26,15.4
613,P7IQ,3,120L,-25,19.8
613,P7IQ,3,120L,-24,28.0
613,P7IQ,3,120L,-23,31.9
613,P7IQ,3,120L,-22,37.9
613,P7IQ,3,120L,-21,43.5
613,P7IQ,3,120L,-20,50.0
613,P7IQ,3,120L,-19,53.3
613,P7IQ,3,120L,-18,61.5
613,P7IQ,3,120L,-17,65.3
613,P7IQ,3,120L,-16,71.0
613,P7IQ,3,120L,-15,79.1
613,P7IQ,3,120L,-14,81.9
613,P7IQ,3,120L,-13,90.4
613,P7IQ,3,120L,-12,94.9
613,P7IQ,3,120L,-11,0.0
613,P7IQ,3,120L,-10,8.2
613,P7IQ,3,120L,-9,12.3
613,P7IQ,3,120L,-8,18.1
613,P7IQ,3,120L,-7,24.7
613,P7IQ,3,120L,-6,31.1
613,P7IQ,3,120L,-5,34.9
613,P7IQ,3,120L,-4,41.2
613,P7IQ,3,120L,-3,46.5
613,P7IQ,3,120L,-2,51.1
613,P7IQ,3,120L,-1,54.9
613,P7IQ,3,120L,0,63.3
614,XDM2,3,120L,-29,63.4
614,XDM2,3,120L,-28,71.7
614,XDM2,3,120L,-27,74.7
614,XDM2,3,120L,-26,77.2
614,XDM2,3,120L,-25,86.9
614,XDM2,3,120L,-24,89.1
614,XDM2,3,120L,-23,98.3
614,XDM2,3,120L,-22,2.4
614,XDM2,3,120L,-21,5.5
614,XDM2,3,120L,-20,11.6
614,XDM2,3,120L,-19,19.7
614,XDM2,3,120L,-18,22.6
614,XDM2,3,120L,-17,26.6
614,XDM2,3,120L,-16,35.7
614,XDM2,3,120L,-15,36.6
614,XDM2,3,120L,-14,42.4
614,XDM2,3,120L,-13,45.2
614,XDM2,3,120L,-12,49.2
614,XDM2,3,120L,-11,56.4
614,XDM2,3,120L,-10,62.0
614,XDM2,3,120L,-9,67.6
614,XDM2,3,120L,-8,70.0
614,XDM2,3,120L,-7,78.3
614,XDM2,3,120L,-6,81.1
614,XDM2,3,120L,-5,88.4
614,XDM2,3,120L,-4,94.0
614,XDM2,3,120L,-3,97.1
614,XDM2,3,120L,-2,1.3
614,XDM2,3,120L,-1,10.2
614,XDM2,3,120L,0,14.3
615,TPCE6T,3,120L,-29,100.0
615,TPCE6T,3,120L,-28,2.7
615,TPCE6T,3,120L,-27,8.8
615,TPCE6T,3,120L,-26,10.9
615,TPCE6T,3,120L,-25,14.0
615,TPCE6T,3,120L,-24,17.5
615,TPCE6T,3,120L,-23,23.0
615,TPCE6T,3,120L,-22,28.4
615,TPCE6T,3,120L,-21,33.5
615,TPCE6T,3,120L,-20,35.5
615,TPCE6T,3,120L,-19,41.5
615,TPCE6T,3,120L,-18,43.4
615,TPCE6T,3,120L,-17,46.7
615,TPCE6T,3,120L,-16,50.0
615,TPCE6T,3,120L,-15,55.4
615,TPCE6T,3,120L,-14,58.4
615,TPCE6T,3,120L,-13,67.4
615,TPCE6T,3,120L,-12,69.2
615,TPCE6T,3,120L,-11,72.5
615,TPCE6T,3,120L,-10,79.3
615,TPCE6T,3,120L,-9,78.9
615,TPCE6T,3,120L,-8,84.8
615,TPCE6T,3,120L,-7,92.1
615,TPCE6T,3,120L,-6,93.0
615,TPCE6T,3,120L,-5,100.0
615,TPCE6T,3,120L,-4,2.7
615,TPCE6T,3,120L,-3,7.6
615,TPCE6T,3,120L,-2,11.8
615,TPCE6T,3,120L,-1,13.9
615,TPCE6T,3,120L,0,17.3
616,Q7U2GS,3,120L,-29,19.0
616,Q7U2GS,3,120L,-28,22.9
616,Q7U2GS,3,120L,-27,29.3
616,Q7U2GS,3,120L,-26,31.5
616,Q7U2GS,3,120L,-25,37.9
616,Q7U2GS,3,120L,-24,35.0
616,Q7U2GS,3,120L,-23,40.2
616,Q7U2GS,3,120L,-22,45.3
616,Q7U2GS,3,120L,-21,51.9
616,Q7U2GS,3,120L,-20,53.4
616,Q7U2GS,3,120L,-19,55.1
616,Q7U2GS,3,120L,-18,60.8
616,Q7U2GS,3,120L,-17,63.2
616,Q7U2GS,3,120L,-16,66.7
616,Q7U2GS,3,120L,-15,75.6
616,Q7U2GS,3,120L,-14,75.9
616,Q7U2GS,3,120L,-13,80.5
616,Q7U2GS,3,120L,-12,84.0
616,Q7U2GS,3,120L,-11,87.6
616,Q7U2GS,3,120L,-10,90.5
616,Q7U2GS,3,120L,-9,95.1
616,Q7U2GS,3,120L,-8,99.9
616,Q7U2GS,3,120L,-7,5.4
616,Q7U2GS,3,120L,-6,8.5
616,Q7U2GS,3,120L,-5,9.1
616,Q7U2GS,3,120L,-4,16.2
616,Q7U2GS,3,120L,-3,19.2
616,Q7U2GS,3,120L,-2,21.4
616,Q7U2GS,3,120L,-1,26.4
616,Q7U2GS,3,120L,0,30.9
617,XYLCCQ,3,1.100L,-29,44.3
617,XYLCCQ,3,1.100L,-28,51.3
617,XYLCCQ,3,1.100L,-27,64.6
617,XYLCCQ,3,1.100L,-26,67.8
617,XYLCCQ,3,1.100L,-25,80.5
617,XYLCCQ,3,1.100L,-24,89.2
617,XYLCCQ,3,1.100L,-23,98.7
617,XYLCCQ,3,1.100L,-22,5.7
617,XYLCCQ,3,1.100L,-21,17.5
617,XYLCCQ,3,1.100L,-20,24.6
617,XYLCCQ,3,1.100L,-19,32.0
617,XYLCCQ,3,1.100L,-18,41.1
617,XYLCCQ,3,1.100L,-17,52.0
617,XYLCCQ,3,1.100L,-16,58.4
617,XYLCCQ,3,1.100L,-15,72.5
617,XYLCCQ,3,1.100L,-14,80.4
617,XYLCCQ,3,1.100L,-13,90.6
617,XYLCCQ,3,1.100L,-12,99.4
617,XYLCCQ,3,1.100L,-11,5.3
617,XYLCCQ,3,1.100L,-10,13.6
617,XYLCCQ,3,1.100L,-9,19.9
617,XYLCCQ,3,1.100L,-8,32.3
617,XYLCCQ,3,1.100L,-7,44.6
617,XYLCCQ,3,1.100L,-6,49.7
617,XYLCCQ,3,1.100L,-5,59.6
617,XYLCCQ,3,1.100L,-4,68.1
617,XYLCCQ,3,1.100L,-3,78.5
617,XYLCCQ,3,1.100L,-2,88.9
617,XYLCCQ,3,1.100L,-1,93.7
617,XYLCCQ,3,1.100L,0,3.0
618,RVTUKK,3,1.100L,-29,78.2
618,RVTUKK,3,1.100L,-28,90.5
618,RVTUKK,3,1.100L,-27,95.2
618,RVTUKK,3,1.100L,-26,7.9
618,RVTUKK,3,1.100L,-25,15.8
618,RVTUKK,3,1.100L,-24,26.1
618,RVTUKK,3,1.100L,-23,30.9
618,RVTUKK,3,1.100L,-22,43.5
618,RVTUKK,3,1.100L,-21,54.3
618,RVTUKK,3,1.100L,-20,62.4
618,RVTUKK,3,1.100L,-19,73.7
618,RVTUKK,3,1.100L,-18,83.0
618,RVTUKK,3,1.100L,-17,89.0
618,RVTUKK,3,1.100L,-16,100.0
618,RVTUKK,3,1.100L,-15,7.6
618,RVTUKK,3,1.100L,-14,18.5
618,RVTUKK,3,1.100L,-13,28.8
618,RVTUKK,3,1.100L,-12,35.8
618,RVTUKK,3,1.100L,-11,47.6
618,RVTUKK,3,1.100L,-10,55.0
618,RVTUKK,3,1.100L,-9,64.2
618,RVTUKK,3,1.100L,-8,75.5
618,RVTUKK,3,1.100L,-7,82.5
618,RVTUKK,3,1.100L,-6,91.7
618,RVTUKK,3,1.100L,-5,3.9
618,RVTUKK,3,1.100L,-4,11.9
618,RVTUKK,3,1.100L,-3,18.8
618,RVTUKK,3,1.100L,-2,31.6
618,RVTUKK,3,1.100L,-1,39.1
618,RVTUKK,3,1.100L,0,46.9
619,C6ZHR2,3,1.100L,-29,3.6
619,C6ZHR2,3,1.100L,-28,9.8
619,C6ZHR2,3,1.100L,-27,18.1
619,C6ZHR2,3,1.100L,-26,29.9
619,C6ZHR2,3,1.100L,-25,39.0
619,C6ZHR2,3,1.100L,-24,45.5
619,C6ZHR2,3,1.100L,-23,56.9
619,C6ZHR2,3,1.100L,-22,67.5
619,C6ZHR2,3,1.100L,-21,75.4
619,C6ZHR2,3,1.100L,-20,84.0
619,C6ZHR2,3,1.100L,-19,91.6
619,C6ZHR2,3,1.100L,-18,0.0
619,C6ZHR2,3,1.100L,-17,8.8
619,C6ZHR2,3,1.100L,-16,18.4
619,C6ZHR2,3,1.100L,-15,24.8
619,C6ZHR2,3,1.100L,-14,34.4
619,C6ZHR2,3,1.100L,-13,42.3
619,C6ZHR2,3,1.100L,-12,53.7
619,C6ZHR2,3,1.100L,-11,62.3
619,C6ZHR2,3,1.100L,-10,70.1
619,C6ZHR2,3,1.100L,-9,81.2
619,C6ZHR2,3,1.100L,-8,87.3
619,C6ZHR2,3,1.100L,-7,96.7
619,C6ZHR2,3,1.100L,-6,7.8
619,C6ZHR2,3,1.100L,-5,16.9
619,C6ZHR2,3,1.100L,-4,23.3
619,C6ZHR2,3,1.100L,-3,33.7
619,C6ZHR2,3,1.100L,-2,41.1
619,C6ZHR2,3,1.100L,-1,50.8
619,C6ZHR2,3,1.100L,0,60.2
620,NCOS,3,1.100L,-29,19.6
620,NCOS,3,1.100L,-28,25.3
620,NCOS,3,1.100L,-27,35.3
620,NCOS,3,1.100L,-26,43.3
620,NCOS,3,1.100L,-25,51.2
620,NCOS,3,1.100L,-24,56.9
620,NCOS,3,1.100L,-23,67.1
620,NCOS,3,1.100L,-22,71.5
620,NCOS,3,1.100L,-21,80.6
620,NCOS,3,1.100L,-20,88.5
620,NCOS,3,1.100L,-19,94.8
620,NCOS,3,1.100L,-18,4.0
620,NCOS,3,1.100L,-17,12.5
620,NCOS,3,1.100L,-16,17.2
620,NCOS,3,1.100L,-15,27.1
620,NCOS,3,1.100L,-14,32.8
620,NCOS,3,1.100L,-13,46.3
620,NCOS,3,1.100L,-12,51.3
620,NCOS,3,1.100L,-11,58.9
620,NCOS,3,1.100L,-10,66.8
620,NCOS,3,1.100L,-9,75.1
620,NCOS,3,1.100L,-8,83.4
620,NCOS,3,1.100L,-7,87.4
620,NCOS,3,1.100L,-6,99.5
620,NCOS,3,1.100L,-5,7.1
620,NCOS,3,1.100L,-4,12.9
620,NCOS,3,1.100L,-3,20.6
620,NCOS,3,1.100L,-2,23.8
620,NCOS,3,1.100L,-1,34.4
620,NCOS,3,1.100L,0,44.8
621,E6PUYX,3,1.100L,-29,22.2
621,E6PUYX,3,1.100L,-28,29.8
621,E6PUYX,3,1.100L,-27,41.7
621,E6PUYX,3,1.100L,-26,49.2
621,E6PUYX,3,1.100L,-25,55.9
621,E6PUYX,3,1.100L,-24,68.7
621,E6PUYX,3,1.100L,-23,72.6
621,E6PUYX,3,1.100L,-22,80.9
621,E6PUYX,3,1.100L,-21,91.3
621,E6PUYX,3,1.100L,-20,0.0
621,E6PUYX,3,1.100L,-19,9.1
621,E6PUYX,3,1.100L,-18,19.7
621,E6PUYX,3,1.100L,-17,27.4
621,E6PUYX,3,1.100L,-16,36.2
621,E6PUYX,3,1.100L,-15,45.2
621,E6PUYX,3,1.100L,-14,50.5
621,E6PUYX,3,1.100L,-13,60.6
621,E6PUYX,3,1.100L,-12,71.1
621,E6PUYX,3,1.100L,-11,79.3
621,E6PUYX,3,1.100L,-10,89.1
621,E6PUYX,3,1.100L,-9,100.0
621,E6PUYX,3,1.100L,-8,7.0
621,E6PUYX,3,1.100L,-7,14.0
621,E6PUYX,3,1.100L,-6,23.7
621,E6PUYX,3,1.100L,-5,36.3
621,E6PUYX,3,1.100L,-4,44.9
621,E6PUYX,3,1.100L,-3,52.3
621,E6PUYX,3,1.100L,-2,57.9
621,E6PUYX,3,1.100L,-1,69.6
621,E6PUYX,3,1.100L,0,78.6
622,WOQ7CW,3,1.100L,-29,71.6
622,WOQ7CW,3,1.100L,-28,79.7
622,WOQ7CW,3,1.100L,-27,87.4
622,WOQ7CW,3,1.100L,-26,99.7
622,WOQ7CW,3,1.100L,-25,7.5
622,WOQ7CW,3,1.100L,-24,14.2
622,WOQ7CW,3,1.100L,-23,23.7
622,WOQ7CW,3,1.100L,-22,32.3
622,WOQ7CW,3,1.100L,-21,43.7
622,WOQ7CW,3,1.100L,-20,50.0
622,WOQ7CW,3,1.100L,-19,58.5
622,WOQ7CW,3,1.100L,-18,65.8
622,WOQ7CW,3,1.100L,-17,73.6
622,WOQ7CW,3,1.100L,-16,84.9
622,WOQ7CW,3,1.100L,-15,92.3
622,WOQ7CW,3,1.100L,-14,98.6
622,WOQ7CW,3,1.100L,-13,9.0
622,WOQ7CW,3,1.100L,-12,18.1
622,WOQ7CW,3,1.100L,-11,22.2
622,WOQ7CW,3,1.100L,-10,32.5
622,WOQ7CW,3,1.100L,-9,42.9
622,WOQ7CW,3,1.100L,-8,48.0
622,WOQ7CW,3,1.100L,-7,56.8
622,WOQ7CW,3,1.100L,-6,67.5
622,WOQ7CW,3,1.100L,-5,77.2
622,WOQ7CW,3,1.100L,-4,85.8
622,WOQ7CW,3,1.100L,-3,95.8
622,WOQ7CW,3,1.100L,-2,2.1
622,WOQ7CW,3,1.100L,-1,9.9
622,WOQ7CW,3,1.100L,0,17.0
623,WOQ7CW,3,1.100L,-29,41.8
623,WOQ7CW,3,1.100L,-28,51.8
623,WOQ7CW,3,1.100L,-27,61.0
623,WOQ7CW,3,1.100L,-26,71.4
623,WOQ7CW,3,1.100L,-25,82.4
623,WOQ7CW,3,1.100L,-24,90.6
623,WOQ7CW,3,1.100L,-23,2.4
623,WOQ7CW,3,1.100L,-22,9.2
623,WOQ7CW,3,1.100L,-21,20.2
623,WOQ7CW,3,1.100L,-20,29.5
623,WOQ7CW,3,1.100L,-19,41.3
623,WOQ7CW,3,1.100L,-18,48.6
623,WOQ7CW,3,1.100L,-17,59.5
623,WOQ7CW,3,1.100L,-16,67.2
623,WOQ7CW,3,1.100L,-15,80.8
623,WOQ7CW,3,1.100L,-14,91.7
623,WOQ7CW,3,1.100L,-13,100.0
623,WOQ7CW,3,1.100L,-12,10.9
623,WOQ7CW,3,1.100L,-11,20.9
623,WOQ7CW,3,1.100L,-10,30.7
623,WOQ7CW,3,1.100L,-9,40.5
623,WOQ7CW,3,1.100L,-8,50.5
623,WOQ7CW,3,1.100L,-7,58.4
623,WOQ7CW,3,1.100L,-6,69.1
623,WOQ7CW,3,1.100L,-5,79.4
623,WOQ7CW,3,1.100L,-4,88.7
623,WOQ7CW,3,1.100L,-3,96.8
623,WOQ7CW,3,1.100L,-2,7.3
623,WOQ7CW,3,1.100L,-1,19.4
623,WOQ7CW,3,1.100L,0,30.4
624,OVU6LL,3,1.100L,-29,1.4
624,OVU6LL,3,1.100L,-28,8.5
624,OVU6LL,3,1.100L,-27,18.1
624,OVU6LL,3,1.100L,-26,26.8
624,OVU6LL,3,1.100L,-25,34.0
624,OVU6LL,3,1.100L,-24,40.9
624,OVU6LL,3,1.100L,-23,49.0
624,OVU6LL,3,1.100L,-22,55.0
624,OVU6LL,3,1.100L,-21,64.9
624,OVU6LL,3,1.100L,-20,71.8
624,OVU6LL,3,1.100L,-19,76.1
624,OVU6LL,3,1.100L,-18,85.4
624,OVU6LL,3,1.100L,-17,90.1
624,OVU6LL,3,1.100L,-16,100.0
624,OVU6LL,3,1.100L,-15,7.8
624,OVU6LL,3,1.100L,-14,17.0
624,OVU6LL,3,1.100L,-13,22.3
624,OVU6LL,3,1.100L,-12,27.2
624,OVU6LL,3,1.100L,-11,41.4
624,OVU6LL,3,1.100L,-10,45.2
624,OVU6LL,3,1.100L,-9,51.0
624,OVU6LL,3,1.100L,-8,61.7
624,OVU6LL,3,1.100L,-7,70.5
624,OVU6LL,3,1.100L,-6,74.7
624,OVU6LL,3,1.100L,-5,82.3
624,OVU6LL,3,1.100L,-4,90.3
624,OVU6LL,3,1.100L,-3,95.8
624,OVU6LL,3,1.100L,-2,4.0
624,OVU6LL,3,1.100L,-1,15.2
624,OVU6LL,3,1.100L,0,19.8
625,KXCA,3,120L,-29,7.6
625,KXCA,3,120L,-28,14.3
625,KXCA,3,120L,-27,14.2
625,KXCA,3,120L,-26,22.0
625,KXCA,3,120L,-25,29.7
625,KXCA,3,120L,-24,33.5
625,KXCA,3,120L,-23,35.8
625,KXCA,3,120L,-22,41.3
625,KXCA,3,120L,-21,45.8
625,KXCA,3,120L,-20,48.0
625,KXCA,3,120L,-19,54.1
625,KXCA,3,120L,-18,59.8
625,KXCA,3,120L,-17,59.7
625,KXCA,3,120L,-16,66.9
625,KXCA,3,120L,-15,71.0
625,KXCA,3,120L,-14,75.0
625,KXCA,3,120L,-13,79.3
625,KXCA,3,120L,-12,84.1
625,KXCA,3,120L,-11,88.7
625,KXCA,3,120L,-10,94.3
625,KXCA,3,120L,-9,97.8
625,KXCA,3,120L,-8,1.2
625,KXCA,3,120L,-7,4.7
625,KXCA,3,120L,-6,9.7
625,KXCA,3,120L,-5,15.2
625,KXCA,3,120L,-4,18.2
625,KXCA,3,120L,-3,25.1
625,KXCA,3,120L,-2,28.8
625,KXCA,3,120L,-1,34.3
625,KXCA,3,120L,0,36.0
626,JVLS,3,1.100L,-29,25.2
626,JVLS,3,1.100L,-28,31.9
626,JVLS,3,1.100L,-27,40.5
626,JVLS,3,1.100L,-26,47.6
626,JVLS,3,1.100L,-25,52.0
626,JVLS,3,1.100L,-24,63.1
626,JVLS,3,1.100L,-23,67.6
626,JVLS,3,1.100L,-22,78.0
626,JVLS,3,1.100L,-21,80.7
626,JVLS,3,1.100L,-20,90.4
626,JVLS,3,1.100L,-19,96.8
626,JVLS,3,1.100L,-18,1.3
626,JVLS,3,1.100L,-17,12.5
626,JVLS,3,1.100L,-16,15.8
626,JVLS,3,1.100L,-15,25.5
626,JVLS,3,1.100L,-14,34.8
626,JVLS,3,1.100L,-13,39.5
626,JVLS,3,1.100L,-12,46.2
626,JVLS,3,1.100L,-11,55.9
626,JVLS,3,1.100L,-10,61.6
626,JVLS,3,1.100L,-9,68.5
626,JVLS,3,1.100L,-8,78.3
626,JVLS,3,1.100L,-7,81.8
626,JVLS,3,1.100L,-6,90.1
626,JVLS,3,1.100L,-5,99.3
626,JVLS,3,1.100L,-4,3.3
626,JVLS,3,1.100L,-3,15.0
626,JVLS,3,1.100L,-2,19.3
626,JVLS,3,1.100L,-1,28.1
626,JVLS,3,1.100L,0,35.3
627,5OAGB7,3,1.100L,-29,97.2
627,5OAGB7,3,1.100L,-28,4.0
627,5OAGB7,3,1.100L,-27,11.2
627,5OAGB7,3,1.100L,-26,14.8
627,5OAGB7,3,1.100L,-25,20.6
627,5OAGB7,3,1.100L,-24,30.7
627,5OAGB7,3,1.100L,-23,33.5
627,5OAGB7,3,1.100L,-22,41.2
627,5OAGB7,3,1.100L,-21,46.5
627,5OAGB7,3,1.100L,-20,52.7
627,5OAGB7,3,1.100L,-19,61.2
627,5OAGB7,3,1.100L,-18,65.0
627,5OAGB7,3,1.100L,-17,70.7
627,5OAGB7,3,1.100L,-16,76.9
627,5OAGB7,3,1.100L,-15,82.7
627,5OAGB7,3,1.100L,-14,88.5
627,5OAGB7,3,1.100L,-13,94.9
627,5OAGB7,3,1.100L,-12,4.2
627,5OAGB7,3,1.100L,-11,8.9
627,5OAGB7,3,1.100L,-10,13.4
627,5OAGB7,3,1.100L,-9,21.5
627,5OAGB7,3,1.100L,-8,23.8
627,5OAGB7,3,1.100L,-7,34.3
627,5OAGB7,3,1.100L,-6,40.3
627,5OAGB7,3,1.100L,-5,47.8
627,5OAGB7,3,1.100L,-4,52.1
627,5OAGB7,3,1.100L,-3,57.3
627,5OAGB7,3,1.100L,-2,64.7
627,5OAGB7,3,1.100L,-1,68.0
627,5OAGB7,3,1.100L,0,74.4
628,MKURSO,3,1.100L,-29,70.6
628,MKURSO,3,1.100L,-28,78.9
628,MKURSO,3,1.100L,-27,89.2
628,MKURSO,3,1.100L,-26,98.5
628,MKURSO,3,1.100L,-25,4.9
628,MKURSO,3,1.100L,-24,15.5
628,MKURSO,3,1.100L,-23,25.0
628,MKURSO,3,1.100L,-22,33.3
628,MKURSO,3,1.100L,-21,40.6
628,MKURSO,3,1.100L,-20,48.4
628,MKURSO,3,1.100L,-19,59.7
628,MKURSO,3,1.100L,-18,65.6
628,MKURSO,3,1.100L,-17,75.5
628,MKURSO,3,1.100L,-16,85.6
628,MKURSO,3,1.100L,-15,92.4
628,MKURSO,3,1.100L,-14,98.2
628,MKURSO,3,1.100L,-13,6.3
628,MKURSO,3,1.100L,-12,16.3
628,MKURSO,3,1.100L,-11,26.3
628,MKURSO,3,1.100L,-10,34.4
628,MKURSO,3,1.100L,-9,45.6
628,MKURSO,3,1.100L,-8,51.5
628,MKURSO,3,1.100L,-7,58.9
628,MKURSO,3,1.100L,-6,66.2
628,MKURSO,3,1.100L,-5,78.2
628,MKURSO,3,1.100L,-4,84.9
628,MKURSO,3,1.100L,-3,91.2
628,MKURSO,3,1.100L,-2,2.0
628,MKURSO,3,1.100L,-1,9.0
628,MKURSO,3,1.100L,0,18.4
629,XOXCRA,3,1.100L,-29,83.0
629,XOXCRA,3,1.100L,-28,90.1
629,XOXCRA,3,1.100L,-27,96.3
629,XOXCRA,3,1.100L,-26,2.8
629,XOXCRA,3,1.100L,-25,8.9
629,XOXCRA,3,1.100L,-24,16.2
629,XOXCRA,3,1.100L,-23,22.1
629,XOXCRA,3,1.100L,-22,30.8
629,XOXCRA,3,1.100L,-21,36.7
629,XOXCRA,3,1.100L,-20,44.7
629,XOXCRA,3,1.100L,-19,52.2
629,XOXCRA,3,1.100L,-18,56.9
629,XOXCRA,3,1.100L,-17,63.1
629,XOXCRA,3,1.100L,-16,70.0
629,XOXCRA,3,1.100L,-15,76.1
629,XOXCRA,3,1.100L,-14,82.0
629,XOXCRA,3,1.100L,-13,88.4
629,XOXCRA,3,1.100L,-12,93.4
629,XOXCRA,3,1.100L,-11,2.7
629,XOXCRA,3,1.100L,-10,7.9
629,XOXCRA,3,1.100L,-9,16.6
629,XOXCRA,3,1.100L,-8,22.3
629,XOXCRA,3,1.100L,-7,26.5
629,XOXCRA,3,1.100L,-6,35.8
629,XOXCRA,3,1.100L,-5,36.6
629,XOXCRA,3,1.100L,-4,49.9
629,XOXCRA,3,1.100L,-3,51.5
629,XOXCRA,3,1.100L,-2,60.7
629,XOXCRA,3,1.100L,-1,67.1
629,XOXCRA,3,1.100L,0,74.7
630,2SSUON,3,1.100L,-29,79.8
630,2SSUON,3,1.100L,-28,89.6
630,2SSUON,3,1.100L,-27,96.5
630,2SSUON,3,1.100L,-26,9.3
630,2SSUON,3,1.100L,-25,17.2
630,2SSUON,3,1.100L,-24,29.5
630,2SSUON,3,1.100L,-23,37.8
630,2SSUON,3,1.100L,-22,50.7
630,2SSUON,3,1.100L,-21,57.0
630,2SSUON,3,1.100L,-20,67.7
630,2SSUON,3,1.100L,-19,76.4
630,2SSUON,3,1.100L,-18,83.9
630,2SSUON,3,1.100L,-17,95.7
630,2SSUON,3,1.100L,-16,6.8
630,2SSUON,3,1.100L,-15,16.2
630,2SSUON,3,1.100L,-14,24.5
630,2SSUON,3,1.100L,-13,32.4
630,2SSUON,3,1.100L,-12,45.2
630,2SSUON,3,1.100L,-11,54.5
630,2SSUON,3,1.100L,-10,64.8
630,2SSUON,3,1.100L,-9,72.8
630,2SSUON,3,1.100L,-8,80.3
630,2SSUON,3,1.100L,-7,93.3
630,2SSUON,3,1.100L,-6,2.1
630,2SSUON,3,1.100L,-5,13.9
630,2SSUON,3,1.100L,-4,21.5
630,2SSUON,3,1.100L,-3,31.0
630,2SSUON,3,1.100L,-2,41.3
630,2SSUON,3,1.100L,-1,49.5
630,2SSUON,3,1.100L,0,59.0
631,WDMXDG,3,1.100L,-29,1.2
631,WDMXDG,3,1.100L,-28,9.8
631,WDMXDG,3,1.100L,-27,20.5
631,WDMXDG,3,1.100L,-26,26.7
631,WDMXDG,3,1.100L,-25,33.2
631,WDMXDG,3,1.100L,-24,42.6
631,WDMXDG,3,1.100L,-23,46.5
631,WDMXDG,3,1.100L,-22,59.0
631,WDMXDG,3,1.100L,-21,62.1
631,WDMXDG,3,1.100L,-20,73.4
631,WDMXDG,3,1.100L,-19,80.9
631,WDMXDG,3,1.100L,-18,82.8
631,WDMXDG,3,1.100L,-17,95.2
631,WDMXDG,3,1.100L,-16,0.1
631,WDMXDG,3,1.100L,-15,7.2
631,WDMXDG,3,1.100L,-14,16.3
631,WDMXDG,3,1.100L,-13,21.6
631,WDMXDG,3,1.100L,-12,31.4
631,WDMXDG,3,1.100L,-11,36.7
631,WDMXDG,3,1.100L,-10,45.9
631,WDMXDG,3,1.100L,-9,55.2
631,WDMXDG,3,1.100L,-8,61.3
631,WDMXDG,3,1.100L,-7,67.7
631,WDMXDG,3,1.100L,-6,76.6
631,WDMXDG,3,1.100L,-5,81.2
631,WDMXDG,3,1.100L,-4,89.6
631,WDMXDG,3,1.100L,-3,97.8
631,WDMXDG,3,1.100L,-2,7.1
631,WDMXDG,3,1.100L,-1,14.1
631,WDMXDG,3,1.100L,0,21.8
